-2.868160380110105240e-05
-9.100882438455975545e-05
-2.868160380110105240e-05
-9.100882438455975545e-05
-2.868160380110105240e-05
-9.100882438455975545e-05
-2.868160380110105240e-05
-9.100882438455975545e-05
-2.868160380110105240e-05
-9.100882438455975545e-05
-2.868160380110105240e-05
-9.100882438455975545e-05
-2.868160380110105240e-05
-9.100882438455975545e-05
-2.868160380110105240e-05
-9.100882438455975545e-05
-2.858176981374992588e-05
-9.067713948823076617e-05
-2.732307512689313266e-05
-8.650039374289984523e-05
-2.558302410646028584e-05
-8.074242605971858658e-05
-2.236731336335024686e-05
-7.015401382859304854e-05
-1.963143333279959401e-05
-6.120466267931805510e-05
-1.573361304504147519e-05
-4.856234280240031041e-05
-1.297264968012430114e-05
-3.969702140093934610e-05
-9.564991437233546538e-06
-2.888120956870329962e-05
-7.431409589647961215e-06
-2.219727196658211938e-05
-5.064369681328680739e-06
-1.488595200454453316e-05
-3.721397066368988101e-06
-1.231670502532704967e-05
-3.881632974126682035e-06
-1.231670502532704967e-05
-3.881632974126682035e-06
-1.231670502532704967e-05
-3.881632974126682035e-06
-1.231670502532704967e-05
-3.881632974126682035e-06
-1.231670502532704967e-05
-3.881632974126682035e-06
-1.231670502532704967e-05
-3.881632974126682035e-06
-1.231670502532704967e-05
-3.881632974126682035e-06
-1.231670502532704967e-05
2.870423368899909204e-17
-1.231670502532704967e-05
9.491581269636176433e-17
3.542270760414556199e-16
2.280579408474535768e-16
8.511152700431439636e-16
7.565125499779232097e-16
2.823314903541000595e-15
1.822261852435008328e-15
6.800705482393051412e-15
6.067222065317490119e-15
2.264295348517822204e-14
1.465756522902267286e-14
5.470222848508160145e-14
4.901643157020988051e-14
1.829299748888629732e-13
1.188322496648098922e-13
4.434835370672352159e-13
3.994802941525606406e-13
1.490865773720185866e-12
9.725881123112118980e-13
3.629711777518014631e-12
3.290626395316206535e-12
1.228066149616786362e-11
8.053534603519729990e-12
3.005589830990107226e-11
2.746771929752619199e-11
1.025098939353349684e-10
6.767241370244484028e-11
2.525543484642526621e-10
2.332014196457547317e-10
8.703108013634303400e-10
5.795454141157570318e-10
2.162871197575780504e-09
2.024805591696009935e-09
7.556601412594325864e-09
5.091779236562002759e-09
1.900258786790204131e-08
1.813449110502018379e-08
6.767816212226659630e-08
4.638107896238297456e-08
1.730948038874294863e-07
1.699259771365478306e-07
6.341660079034818049e-07
4.458489187426558081e-07
1.663914097724505463e-06
1.705643578326836902e-06
6.365484531564862747e-06
4.650889410062084268e-06
1.735718116841880178e-05
1.889152833297590579e-05
7.050343513100270753e-05
5.380796874812256842e-05
2.008120553985204347e-04
2.324935479958470082e-04
8.676690149462231360e-04
2.878028872780037076e-04
1.074127258074994342e-03
1.236106080568256981e-03
4.613349252914456834e-03
1.236106080568251126e-03
4.613349252914456834e-03
2.878028872780030029e-04
1.074127258074992174e-03
7.085660508654178374e-03
1.046290368100038365e-02
1.649756104852198807e-03
2.436080475649190363e-03
1.649756104852202710e-03
2.436080475649194700e-03
7.085660508654213936e-03
1.046290368100038365e-02
2.324935479958472522e-04
8.676690149462237866e-04
5.380796874812288012e-05
2.008120553985218713e-04
1.889152833297609214e-05
7.050343513100339871e-05
4.650889410062133396e-06
1.735718116841898474e-05
1.705643578326849607e-06
6.365484531564911875e-06
4.458489187426570786e-07
1.663914097724505463e-06
1.699259771365478306e-07
6.341660079034818049e-07
4.638107896238324588e-08
1.730948038874305451e-07
1.813449110502036577e-08
6.767816212226713893e-08
5.091779236562043291e-09
1.900258786790219682e-08
2.024805591696028961e-09
7.556601412594382113e-09
5.795454141157583759e-10
2.162871197575785054e-09
2.332014196457547317e-10
8.703108013634303400e-10
6.767241370244484028e-11
2.525543484642526621e-10
2.746771929752619199e-11
-4.495961448943703864e+00
-2.515015431481627761e+00
-5.690366299841373987e+00
-4.572203883685486581e+00
-1.034486526674173490e+01
-1.034486526609090795e+01
-2.340578405821177554e+01
-1.880654363913361848e+01
-4.255063336973662302e+01
-4.291470338626675129e+01
-9.627186594284562204e+01
-8.021308983772114232e+01
-1.750148511982117441e+02
-1.776853396674172814e+02
-4.127907861304828998e+02
-3.020188934513751633e+02
-7.421582100203405616e+02
-5.722987736513300661e+02
-1.518518921755881593e+03
-8.491766886855479015e+02
-2.376550652760245157e+03
-1.295339198195119252e+03
-3.860929119376740346e+03
-1.308295909424721003e+03
-4.947325986539898622e+03
-2.958714273653064083e+03
-6.687195985044412737e+03
-5.375153359052173982e+03
-1.213827458730757462e+04
-1.213827458569530427e+04
-2.734470266911400540e+04
-2.200499600614119845e+04
-4.939745361589477398e+04
-4.939745360745830840e+04
-1.098053000515868916e+05
-8.877805803253044724e+04
-1.945676001834083581e+05
-2.001718479043563711e+05
-4.103534040496949456e+05
-3.778227302380152396e+05
-6.758799119579144754e+05
-6.286831677341314498e+05
-1.444158505594362272e+06
-6.562458886704634642e+05
-1.565148122654164676e+06
-6.758799116885993863e+05
-1.186767326989503810e+06
-8.469664564827157883e+05
-1.112438545154583408e+06
-1.112438545608726563e+06
-1.386419438221690943e+06
-1.314703625587617746e+06
-1.563985961051649647e+06
-1.563985960116837872e+06
-1.728874542095168727e+06
-1.314703626766334288e+06
-1.563985961051668972e+06
-2.053179519756761612e+06
-1.728874547880135011e+06
-1.684957225091401255e+06
-1.761643032853054116e+06
-1.761643041483264184e+06
-1.767326258390833391e+06
1.767326314357685857e+06
1.761643056431402219e+06
1.761643047801013337e+06
1.684957228922341019e+06
-2.148262027013527695e+06
-2.472295057206702419e+06
-2.148262027013527695e+06
-2.472295057206702419e+06
-2.148262027013527695e+06
-2.472295057206702419e+06
-1.563985960116831353e+06
-2.472295057206702419e+06
2.472295057206704747e+06
2.148262027013534680e+06
2.472295057206704747e+06
2.148262027013534680e+06
2.472295057206704747e+06
1.563985962328663096e+06
2.472295057206704747e+06
2.148262027013534680e+06
1.728874547880065395e+06
2.053179519756758353e+06
1.563985963263474638e+06
1.314703626766353147e+06
1.728874547880029306e+06
1.563985962328629801e+06
5.501477942349138903e+05
1.314703626766320318e+06
1.386419439599881880e+06
1.112438546395339537e+06
1.112438545941178920e+06
8.469664569474445889e+05
-1.684957225091378437e+06
-1.761643032853076234e+06
-1.761643041483211098e+06
-1.767326258390958887e+06
1.767326314357811818e+06
1.761643056431349600e+06
1.761643047801036155e+06
1.684957228922318202e+06
-2.119299794855473539e-04
-6.724693087959121010e-04
-2.119299794855473539e-04
-6.724693087959121010e-04
-2.119299794855473539e-04
-6.724693087959121010e-04
-2.119299794855473539e-04
-6.724693087959121010e-04
-2.119299794855473539e-04
-6.724693087959121010e-04
-2.119299794855473539e-04
-6.724693087959121010e-04
-2.119299794855473539e-04
-6.724693087959121010e-04
-2.119299794855473539e-04
-6.724693087959121010e-04
-2.111300443966441229e-04
-6.698010707357598395e-04
-2.010666224135620583e-04
-6.362823650351304367e-04
-1.872241387958691885e-04
-5.903286713454490575e-04
-1.618690796559151966e-04
-5.066482143248472085e-04
-1.405506844237974773e-04
-4.368353256797240756e-04
-1.106372626838633135e-04
-3.398494406627603826e-04
-8.982722782536643399e-05
-2.731712254950553580e-04
-6.466977507321020318e-05
-1.936447994824765366e-04
-4.928251568008983004e-05
-1.457379785715746609e-04
-3.263659905559864209e-05
-9.475014056349298681e-05
-2.868160380110125230e-05
-9.100882438456037887e-05
-2.868160380110125230e-05
-9.100882438456037887e-05
-2.868160380110125230e-05
-9.100882438456037887e-05
-2.868160380110125230e-05
-9.100882438456037887e-05
-2.868160380110125230e-05
-9.100882438456037887e-05
-2.868160380110125230e-05
-9.100882438456037887e-05
-2.868160380110125230e-05
-9.100882438456037887e-05
-2.868160380110125230e-05
-9.100882438456037887e-05
-2.868160380110125230e-05
-9.100882438456037887e-05
-2.868160380110125230e-05
-9.100882438456037887e-05
-2.868160380110125230e-05
-9.100882438456037887e-05
7.565125499779232097e-16
-9.100882438456037887e-05
1.822261852435008328e-15
6.800705482393051412e-15
6.067222065317490119e-15
2.264295348517822204e-14
1.465756522902267286e-14
5.470222848508160145e-14
4.901643157020988051e-14
1.829299748888629732e-13
1.188322496648098922e-13
4.434835370672352159e-13
3.994802941525606406e-13
1.490865773720185866e-12
9.725881123112118980e-13
3.629711777518014631e-12
3.290626395316206535e-12
1.228066149616786362e-11
8.053534603519729990e-12
3.005589830990107226e-11
2.746771929752619199e-11
1.025098939353349684e-10
6.767241370244484028e-11
2.525543484642526621e-10
2.332014196457547317e-10
8.703108013634303400e-10
5.795454141157570318e-10
2.162871197575780504e-09
2.024805591696009935e-09
7.556601412594325864e-09
5.091779236562002759e-09
1.900258786790204131e-08
1.813449110502018379e-08
6.767816212226659630e-08
4.638107896238297456e-08
1.730948038874294863e-07
1.699259771365478306e-07
6.341660079034818049e-07
4.458489187426558081e-07
1.663914097724505463e-06
1.705643578326836902e-06
6.365484531564862747e-06
4.650889410062084268e-06
1.735718116841880178e-05
1.889152833297590579e-05
7.050343513100270753e-05
5.380796874812256842e-05
2.008120553985204347e-04
2.324935479958470082e-04
8.676690149462231360e-04
2.878028872780037076e-04
1.074127258074994342e-03
1.236106080568256981e-03
4.613349252914456834e-03
1.236106080568251126e-03
4.613349252914456834e-03
2.878028872780030029e-04
1.074127258074992174e-03
7.085660508654178374e-03
1.046290368100038365e-02
1.649756104852198807e-03
2.436080475649190363e-03
1.649756104852202710e-03
2.436080475649194700e-03
7.085660508654213936e-03
1.046290368100038365e-02
2.324935479958472522e-04
8.676690149462237866e-04
5.380796874812288012e-05
2.008120553985218713e-04
1.889152833297609214e-05
7.050343513100339871e-05
4.650889410062133396e-06
1.735718116841898474e-05
1.705643578326849607e-06
6.365484531564911875e-06
4.458489187426570786e-07
1.663914097724505463e-06
1.699259771365478306e-07
6.341660079034818049e-07
4.638107896238324588e-08
1.730948038874305451e-07
1.813449110502036577e-08
6.767816212226713893e-08
5.091779236562043291e-09
1.900258786790219682e-08
2.024805591696028961e-09
7.556601412594382113e-09
5.795454141157583759e-10
2.162871197575785054e-09
2.332014196457547317e-10
-1.481207835031159981e+01
-6.552888059364997630e+00
-1.774772338382717862e+01
-9.677701527304328977e+00
-2.710222363740109586e+01
-1.529501043616312117e+01
-4.466967546220755736e+01
-1.880654363913361848e+01
-6.043531318691042742e+01
-4.255063336674415098e+01
-9.627186594284528098e+01
-7.735474172058101772e+01
-1.750148511982110335e+02
-1.750148511842659786e+02
-3.959567213748588870e+02
-3.181577485969210670e+02
-7.197689715635951870e+02
-7.278089364638618690e+02
-1.628101392979508091e+03
-1.370790389638660145e+03
-2.958714273974636399e+03
-2.995494239310173725e+03
-7.071327426903267224e+03
-4.915513653962179887e+03
-1.255750770605388607e+04
-8.462031060261175298e+03
-2.392354659392476970e+04
-1.120354254697326724e+04
-3.362550598140605143e+04
-1.213827458569539158e+04
-4.292903169802686898e+04
-2.200499600614131123e+04
-4.939745361589509412e+04
-4.939745360745872313e+04
-1.098053000515872700e+05
-8.877805803253105842e+04
-1.945676001834097260e+05
-1.945676001368916477e+05
-4.103534040496966918e+05
-3.378827598740531248e+05
-6.758799119579188991e+05
-6.758799116885865806e+05
-1.186767326989503810e+06
-8.469664564827077556e+05
-1.112438545154561754e+06
-1.112438545608718647e+06
-1.386419438221684424e+06
-1.314703625587592134e+06
-1.563985961051668972e+06
-1.563985960116819013e+06
-1.728874542095132405e+06
-1.314703626766353147e+06
-1.563985961051644059e+06
-2.053179519756765570e+06
-1.728874547880135011e+06
-1.684957225091345143e+06
-1.761643032853087410e+06
-1.761643041483273264e+06
-1.767326258390686708e+06
1.767326314357540570e+06
1.761643056431322591e+06
1.761643047801137902e+06
1.684957228922305629e+06
-2.148262027013534680e+06
-2.472295057206702419e+06
-2.148262027013534680e+06
-2.472295057206702419e+06
-2.148262027013534680e+06
-2.472295057206702419e+06
-1.563985960116836941e+06
-2.472295057206702419e+06
2.472295057206702419e+06
2.148262027013527695e+06
2.472295057206704747e+06
2.148262027013527695e+06
2.472295057206702419e+06
1.563985962328634225e+06
2.472295057206704747e+06
2.148262027013527695e+06
1.728874547880098689e+06
2.053179519756753230e+06
1.563985963263474638e+06
1.314703626766345231e+06
1.728874553665064974e+06
1.563985962328629801e+06
1.563985963263461133e+06
1.314703627945073182e+06
1.386419439599881880e+06
1.112438546395331156e+06
1.112438545941178920e+06
8.469664569474378368e+05
-1.684957225091357483e+06
-1.761643032853076234e+06
-1.761643041483301669e+06
-1.767326258390623610e+06
1.767326314357811818e+06
1.761643056431349600e+06
1.761643047801124630e+06
1.684957228922343114e+06
1.186767327899024356e+06
6.758799120072011137e+05
1.565148122654164676e+06
6.562458886704634642e+05
1.444158505594358081e+06
6.286831677341314498e+05
6.758799122765287757e+05
3.778227302380152396e+05
-1.565962507037036225e-03
-4.968913443222461486e-03
-1.565962507037036225e-03
-4.968913443222461486e-03
-1.565962507037036225e-03
-4.968913443222461486e-03
-1.565962507037036225e-03
-4.968913443222461486e-03
-1.565962507037036225e-03
-4.968913443222461486e-03
-1.565962507037036225e-03
-4.968913443222461486e-03
-1.565962507037036225e-03
-4.968913443222461486e-03
-1.565962507037036225e-03
-4.968913443222461486e-03
-1.559507075821956476e-03
-4.947279191067709136e-03
-1.478507211112792610e-03
-4.676295073891921679e-03
-1.367751183766473993e-03
-4.307233707256960184e-03
-1.167011708199475108e-03
-3.643022651025708703e-03
-1.000577442818473186e-03
-3.097432913784725628e-03
-7.711974074035612406e-04
-2.354399275816382829e-03
-6.149750149659912552e-04
-1.855405246963892987e-03
-4.306367638745655182e-04
-1.275909800854887815e-03
-3.209222397147078968e-04
-9.371209097172056995e-04
-2.056429418802594626e-04
-6.724693087959121010e-04
-2.119299794855473539e-04
-6.724693087959121010e-04
-2.119299794855473539e-04
-6.724693087959121010e-04
-2.119299794855473539e-04
-6.724693087959121010e-04
-2.119299794855473539e-04
-6.724693087959121010e-04
-2.119299794855473539e-04
-6.724693087959121010e-04
-2.119299794855473539e-04
-6.724693087959121010e-04
-2.119299794855473539e-04
-6.724693087959121010e-04
-2.119299794855473539e-04
-6.724693087959121010e-04
-2.119299794855473539e-04
-6.724693087959121010e-04
-2.119299794855473539e-04
-6.724693087959121010e-04
-2.119299794855473539e-04
-6.724693087959121010e-04
-2.119299794855473539e-04
-6.724693087959121010e-04
-2.119299794855473539e-04
-6.724693087959121010e-04
6.067222065317490119e-15
-6.724693087959121010e-04
1.465756522902267286e-14
5.470222848508160145e-14
4.901643157020988051e-14
1.829299748888629732e-13
1.188322496648098922e-13
4.434835370672352159e-13
3.994802941525606406e-13
1.490865773720185866e-12
9.725881123112118980e-13
3.629711777518014631e-12
3.290626395316206535e-12
1.228066149616786362e-11
8.053534603519729990e-12
3.005589830990107226e-11
2.746771929752619199e-11
1.025098939353349684e-10
6.767241370244484028e-11
2.525543484642526621e-10
2.332014196457547317e-10
8.703108013634303400e-10
5.795454141157570318e-10
2.162871197575780504e-09
2.024805591696009935e-09
7.556601412594325864e-09
5.091779236562002759e-09
1.900258786790204131e-08
1.813449110502018379e-08
6.767816212226659630e-08
4.638107896238297456e-08
1.730948038874294863e-07
1.699259771365478306e-07
6.341660079034818049e-07
4.458489187426558081e-07
1.663914097724505463e-06
1.705643578326836902e-06
6.365484531564862747e-06
4.650889410062084268e-06
1.735718116841880178e-05
1.889152833297590579e-05
7.050343513100270753e-05
5.380796874812256842e-05
2.008120553985204347e-04
2.324935479958470082e-04
8.676690149462231360e-04
2.878028872780037076e-04
1.074127258074994342e-03
1.236106080568256981e-03
4.613349252914456834e-03
1.236106080568251126e-03
4.613349252914456834e-03
2.878028872780030029e-04
1.074127258074992174e-03
7.085660508654178374e-03
1.046290368100038365e-02
1.649756104852198807e-03
2.436080475649190363e-03
1.649756104852202710e-03
2.436080475649194700e-03
7.085660508654213936e-03
1.046290368100038365e-02
2.324935479958472522e-04
8.676690149462237866e-04
5.380796874812288012e-05
2.008120553985218713e-04
1.889152833297609214e-05
7.050343513100339871e-05
4.650889410062133396e-06
1.735718116841898474e-05
1.705643578326849607e-06
6.365484531564911875e-06
4.458489187426570786e-07
1.663914097724505463e-06
1.699259771365478306e-07
6.341660079034818049e-07
4.638107896238324588e-08
1.730948038874305451e-07
1.813449110502036577e-08
6.767816212226713893e-08
5.091779236562043291e-09
1.900258786790219682e-08
2.024805591696028961e-09
7.556601412594382113e-09
5.795454141157583759e-10
-1.094452063848356858e+02
-3.449238166046627896e+01
-1.094452063848356858e+02
-3.610943819214173089e+01
-9.219584146449651030e+01
-5.669555571080616829e+01
-1.511545222653751068e+02
-9.681266485497791052e+01
-2.730186039951478278e+02
-1.340209069021424568e+02
-3.922146050882809618e+02
-1.750148511842632502e+02
-5.764345160881939591e+02
-3.181577485969178269e+02
-7.197689715635904122e+02
-7.197689714974001163e+02
-1.628101392979501043e+03
-1.308295909424705997e+03
-2.958714273974625030e+03
-2.958714273653113651e+03
-6.687195985044311783e+03
-5.375153359052229462e+03
-1.213827458730747276e+04
-1.233353511308039378e+04
-2.734470266911455838e+04
-2.348940592407857548e+04
-4.939745361589555250e+04
-4.923919210570430005e+04
-1.195817850068644475e+05
-7.347916328815290763e+04
-2.002912290741881880e+05
-9.841638955498962605e+04
-2.963493993177255616e+05
-8.877805803253105842e+04
-3.059680676690749242e+05
-1.945676001368916477e+05
-4.103534040496969246e+05
-3.378827598740531248e+05
-6.758799119579188991e+05
-6.758799116885882104e+05
-1.186767326989509864e+06
-8.469664564827039139e+05
-1.112438545154569438e+06
-1.112438545608722139e+06
-1.386419438221690943e+06
-1.314703626766331261e+06
-1.563985961051652674e+06
-1.563985960116831353e+06
-1.728874547880098689e+06
-1.314703626766356640e+06
-1.563985961051649647e+06
-1.563985960116837872e+06
-1.728874547880135011e+06
-1.684957225091357483e+06
-1.761643032853076234e+06
-1.761643041483211098e+06
-1.767326258390623610e+06
1.767326314357478172e+06
1.761643056431349600e+06
1.761643047801126260e+06
1.684957228922318202e+06
1.728874547880062135e+06
1.563985962328629801e+06
1.563985963263467653e+06
1.314703626766331261e+06
1.728874553665031679e+06
1.563985962328663096e+06
1.563985963263469283e+06
1.314703626766342437e+06
1.386419439599886304e+06
1.112438546395344660e+06
1.112438545941201737e+06
8.469664569474563468e+05
-1.684957225091380533e+06
-1.761643032853054116e+06
-1.761643041483353358e+06
-1.767326258391168434e+06
1.767326314357685857e+06
1.761643056431402219e+06
1.761643047801103443e+06
1.684957228922365699e+06
1.186767327899015974e+06
6.758799120072143851e+05
1.565148122654164676e+06
6.562458886704634642e+05
1.444158505594358081e+06
6.286831677341314498e+05
6.758799122765287757e+05
3.778227302380133769e+05
4.103534042006139643e+05
2.001718479043563711e+05
3.059680676690749242e+05
8.877805805292964214e+04
2.963493993177253287e+05
9.841638955498962605e+04
2.002912290741873148e+05
7.347916328815290763e+04
-1.157098479014020617e-02
-3.671557994949360693e-02
-1.157098479014020617e-02
-3.671557994949360693e-02
-1.157098479014020617e-02
-3.671557994949360693e-02
-1.157098479014020617e-02
-3.671557994949360693e-02
-1.157098479014020617e-02
-3.671557994949360693e-02
-1.157098479014020617e-02
-3.671557994949360693e-02
-1.157098479014020617e-02
-3.671557994949360693e-02
-1.157098479014020617e-02
-3.671557994949360693e-02
-1.151844540828465477e-02
-3.653849837531435163e-02
-1.086128017156650152e-02
-3.432828960061403561e-02
-9.969142226306888441e-03
-3.134242460797200674e-02
-8.372631710775466432e-03
-2.604490186966431850e-02
-7.071064109128080873e-03
-2.177489269804129893e-02
-5.315346011283379052e-03
-1.609737854181212888e-02
-4.149483534046637459e-03
-1.239065481041235622e-02
-2.812644136465677295e-03
-8.220402841634296895e-03
-2.042154274818385948e-03
-5.867463964721945403e-03
-1.565962507037036225e-03
-4.968913443222461486e-03
-1.565962507037036225e-03
-4.968913443222461486e-03
-1.565962507037036225e-03
-4.968913443222461486e-03
-1.565962507037036225e-03
-4.968913443222461486e-03
-1.565962507037036225e-03
-4.968913443222461486e-03
-1.565962507037036225e-03
-4.968913443222461486e-03
-1.565962507037036225e-03
-4.968913443222461486e-03
-1.565962507037036225e-03
-4.968913443222461486e-03
-1.565962507037036225e-03
-4.968913443222461486e-03
-1.565962507037036225e-03
-4.968913443222461486e-03
-1.565962507037036225e-03
-4.968913443222461486e-03
-1.565962507037036225e-03
-4.968913443222461486e-03
-1.565962507037036225e-03
-4.968913443222461486e-03
-1.565962507037036225e-03
-4.968913443222461486e-03
-1.565962507037036225e-03
-4.968913443222461486e-03
1.465756522902267286e-14
-4.968913443222461486e-03
4.901643157020988051e-14
-2.956952989731316105e-03
1.188322496648098922e-13
4.434835370672352159e-13
3.994802941525606406e-13
1.490865773720185866e-12
9.725881123112118980e-13
3.629711777518014631e-12
3.290626395316206535e-12
1.228066149616786362e-11
8.053534603519729990e-12
3.005589830990107226e-11
2.746771929752619199e-11
1.025098939353349684e-10
6.767241370244484028e-11
2.525543484642526621e-10
2.332014196457547317e-10
8.703108013634303400e-10
5.795454141157570318e-10
2.162871197575780504e-09
2.024805591696009935e-09
7.556601412594325864e-09
5.091779236562002759e-09
1.900258786790204131e-08
1.813449110502018379e-08
6.767816212226659630e-08
4.638107896238297456e-08
1.730948038874294863e-07
1.699259771365478306e-07
6.341660079034818049e-07
4.458489187426558081e-07
1.663914097724505463e-06
1.705643578326836902e-06
6.365484531564862747e-06
4.650889410062084268e-06
1.735718116841880178e-05
1.889152833297590579e-05
7.050343513100270753e-05
5.380796874812256842e-05
2.008120553985204347e-04
2.324935479958470082e-04
8.676690149462231360e-04
2.878028872780037076e-04
1.074127258074994342e-03
1.236106080568256981e-03
4.613349252914456834e-03
1.236106080568251126e-03
4.613349252914456834e-03
2.878028872780030029e-04
1.074127258074992174e-03
7.085660508654178374e-03
1.046290368100038365e-02
1.649756104852198807e-03
2.436080475649190363e-03
1.649756104852202710e-03
2.436080475649194700e-03
7.085660508654213936e-03
1.046290368100038365e-02
2.324935479958472522e-04
8.676690149462237866e-04
5.380796874812288012e-05
2.008120553985218713e-04
1.889152833297609214e-05
7.050343513100339871e-05
4.650889410062133396e-06
1.735718116841898474e-05
1.705643578326849607e-06
6.365484531564911875e-06
4.458489187426570786e-07
1.663914097724505463e-06
1.699259771365478306e-07
6.341660079034818049e-07
4.638107896238324588e-08
1.730948038874305451e-07
1.813449110502036577e-08
6.767816212226713893e-08
5.091779236562043291e-09
-8.085836838567466884e+02
-2.548549102434438396e+02
-8.085836838567466884e+02
-2.548549102434438396e+02
-8.085836838567466884e+02
-2.548549102434438396e+02
-8.085836838567466884e+02
-2.548549102434438396e+02
-8.085836838567466884e+02
-3.020188934513767549e+02
-7.421582100203447681e+02
-5.722987736513280197e+02
-1.518518921755876136e+03
-8.491766886855444909e+02
-2.376550652760231060e+03
-1.295339198195116978e+03
-3.860929119376725339e+03
-1.308295909424700085e+03
-4.947325986539883161e+03
-2.958714273653100918e+03
-6.687195985044347253e+03
-5.375153359052218548e+03
-1.213827458730750550e+04
-1.213827458569508053e+04
-2.734470266911412909e+04
-2.200499600614087831e+04
-4.939745361589465756e+04
-4.939745360745969083e+04
-1.098053000515860185e+05
-8.877805803253236809e+04
-1.945676001834088820e+05
-2.001718479043571569e+05
-4.103534040497037349e+05
-3.778227302380152396e+05
-6.758799119579235557e+05
-6.286831677341321483e+05
-1.444158505594359711e+06
-6.562458886704634642e+05
-1.565148122654164676e+06
-6.758799116885882104e+05
-1.186767326989504974e+06
-8.469664564827133436e+05
-1.112438545154569438e+06
-1.112438545608725864e+06
-1.386419438221690943e+06
-1.314703625587600749e+06
-1.563985961051652674e+06
-1.563985960116839036e+06
-1.728874547880098689e+06
-1.314703626766353147e+06
-1.563985961051649647e+06
-1.563985960116829490e+06
-1.728874547880116617e+06
-1.684957225091378437e+06
-1.761643032853076234e+06
-1.761643041483211098e+06
-1.767326258390623610e+06
1.767326314357979223e+06
1.761643056431394303e+06
1.761643047801126260e+06
1.684957228922331240e+06
1.728874547880065395e+06
1.563985962328646099e+06
1.563985963263467653e+06
1.314703626766331261e+06
1.728874547880098689e+06
1.563985962328663096e+06
1.563985963263474638e+06
1.314703626766342437e+06
1.386419439599898411e+06
1.112438546395344660e+06
1.112438545941201737e+06
8.469664569474563468e+05
-1.684957225091380533e+06
-1.761643032853054116e+06
-1.761643041483353358e+06
-1.767326258391168434e+06
1.767326314357685857e+06
1.761643056431402219e+06
1.761643047801103443e+06
1.684957228922365699e+06
1.186767327899031341e+06
6.758799120072155492e+05
6.758799122765400680e+05
3.378827599890636629e+05
4.103534042006228701e+05
1.945676001919216069e+05
3.059680676690749242e+05
8.877805805293115554e+04
2.963493993177253287e+05
9.841638955498962605e+04
2.002912290741873148e+05
7.347916328815276211e+04
1.195817850068634289e+05
4.923919210570418363e+04
4.939745362587463751e+04
2.348940592407843724e+04
4.292903169802686898e+04
1.233353511308034285e+04
3.362550598140594957e+04
1.120354254697326724e+04
-8.549865446985323303e-02
-2.712934672228893285e-01
-8.549865446985323303e-02
-2.712934672228893285e-01
-8.549865446985323303e-02
-2.712934672228893285e-01
-8.549865446985323303e-02
-2.712934672228893285e-01
-8.549865446985323303e-02
-2.712934672228893285e-01
-8.549865446985323303e-02
-2.712934672228893285e-01
-8.549865446985323303e-02
-2.712934672228893285e-01
-8.549865446985323303e-02
-2.712934672228893285e-01
-8.506662019771478456e-02
-2.698270739003771346e-01
-7.968369927068126579e-02
-2.516056642569023949e-01
-7.244064004256368927e-02
-2.272374086406876714e-01
-5.967983208109794990e-02
-1.847642685583557876e-01
-4.948891406144653032e-02
-1.513215775771245553e-01
-3.609614334357646309e-02
-1.081455120629188638e-01
-2.747133513315416428e-02
-8.091285526920072302e-02
-1.791520065205025325e-02
-5.142650207519571665e-02
-1.261462515939386873e-02
-3.548471580567811451e-02
-1.157098479014033107e-02
-3.671557994949360693e-02
-1.157098479014033107e-02
-3.671557994949360693e-02
-1.157098479014033107e-02
-3.671557994949360693e-02
-1.157098479014033107e-02
-3.671557994949360693e-02
-1.157098479014033107e-02
-3.671557994949360693e-02
-1.157098479014033107e-02
-3.671557994949360693e-02
-1.157098479014033107e-02
-3.671557994949360693e-02
-1.157098479014033107e-02
-3.671557994949360693e-02
-1.157098479014033107e-02
-3.671557994949360693e-02
-1.157098479014033107e-02
-3.671557994949360693e-02
-1.157098479014033107e-02
-3.671557994949360693e-02
-1.157098479014033107e-02
-3.671557994949360693e-02
-1.157098479014033107e-02
-3.671557994949360693e-02
-1.157098479014033107e-02
-3.671557994949360693e-02
-1.157098479014033107e-02
-3.671557994949360693e-02
-1.157098479014033107e-02
-3.671557994949360693e-02
-1.157098479014033107e-02
-3.671557994949360693e-02
-9.472135535296490744e-03
-3.653849837531435163e-02
-2.530663223321687888e-02
-4.613954458818940452e-02
9.725881123112118980e-13
-9.594605411824171093e-02
3.290626395316206535e-12
-2.554111721211614339e-01
8.053534603519729990e-12
-5.138208750918216161e-01
2.746771929752619199e-11
1.025098939353349684e-10
6.767241370244484028e-11
2.525543484642526621e-10
2.332014196457547317e-10
8.703108013634303400e-10
5.795454141157570318e-10
2.162871197575780504e-09
2.024805591696009935e-09
7.556601412594325864e-09
5.091779236562002759e-09
1.900258786790204131e-08
1.813449110502018379e-08
6.767816212226659630e-08
4.638107896238297456e-08
1.730948038874294863e-07
1.699259771365478306e-07
6.341660079034818049e-07
4.458489187426558081e-07
1.663914097724505463e-06
1.705643578326836902e-06
6.365484531564862747e-06
4.650889410062084268e-06
1.735718116841880178e-05
1.889152833297590579e-05
7.050343513100270753e-05
5.380796874812256842e-05
2.008120553985204347e-04
2.324935479958470082e-04
8.676690149462231360e-04
2.878028872780037076e-04
1.074127258074994342e-03
1.236106080568256981e-03
4.613349252914456834e-03
1.236106080568251126e-03
4.613349252914456834e-03
2.878028872780030029e-04
1.074127258074992174e-03
7.085660508654178374e-03
1.046290368100038365e-02
1.649756104852198807e-03
2.436080475649190363e-03
1.649756104852202710e-03
2.436080475649194700e-03
7.085660508654213936e-03
1.046290368100038365e-02
2.324935479958472522e-04
8.676690149462237866e-04
5.380796874812288012e-05
2.008120553985218713e-04
1.889152833297609214e-05
7.050343513100339871e-05
4.650889410062133396e-06
1.735718116841898474e-05
1.705643578326849607e-06
6.365484531564911875e-06
4.458489187426570786e-07
-1.191669908133590616e+04
1.699259771365478306e-07
-5.767291987047024122e+03
4.638107896238324588e-08
-5.968501349869024125e+03
-1.882524107173543598e+03
-5.968501349869024125e+03
-1.882524107173543598e+03
-5.968501349869024125e+03
-1.882524107173543598e+03
-5.968501349869024125e+03
-1.882524107173543598e+03
-5.968501349869024125e+03
-1.882524107173543598e+03
-5.968501349869024125e+03
-1.882524107173543598e+03
-5.968501349869024125e+03
-1.882524107173543598e+03
-5.968501349869024125e+03
-2.995494239310163266e+03
-7.071327426903201740e+03
-4.915513653962156241e+03
-1.255750770605374055e+04
-8.462031060261142557e+03
-2.392354659392448593e+04
-1.120354254697325814e+04
-3.362550598140569491e+04
-1.213827458569524060e+04
-4.292903169802650518e+04
-2.200499600614112569e+04
-4.939745361589481763e+04
-4.939745360745921062e+04
-1.098053000515854073e+05
-8.877805803253165504e+04
-1.945676001834067865e+05
-1.945676001368894358e+05
-4.103534040496987873e+05
-3.378827598740513786e+05
-6.758799119579184335e+05
-6.758799116886025295e+05
-1.186767326989492867e+06
-8.469664564827224240e+05
-1.112438545154584572e+06
-1.112438545608730288e+06
-1.386419438221700955e+06
-1.314703625587617746e+06
-1.563985961051644059e+06
-1.563985960116829490e+06
-1.728874542095150333e+06
-1.314703626766342437e+06
-1.563985961051670602e+06
-2.053179519756762078e+06
-1.728874547880098689e+06
-1.684957225091380533e+06
-1.761643032853098819e+06
-1.761643041483219247e+06
-1.767326258391168434e+06
1.767326314357685857e+06
1.761643056431357283e+06
1.761643047801057808e+06
1.684957228922365699e+06
-2.148262027013534680e+06
-2.472295057206700090e+06
-2.148262027013534680e+06
-2.472295057206702419e+06
-2.148262027013534680e+06
-2.472295057206700090e+06
-1.563985960116845788e+06
-2.472295057206702419e+06
2.472295057206704747e+06
2.148262027013534680e+06
2.472295057206704747e+06
2.148262027013534680e+06
2.472295057206704747e+06
1.563985962328663096e+06
2.472295057206704747e+06
2.148262027013534680e+06
1.728874547880047467e+06
2.053179519756758353e+06
1.563985963263485581e+06
1.314703626766331261e+06
1.728874547880098689e+06
1.563985962328653084e+06
1.563985963263466256e+06
1.314703626766347559e+06
1.386419439599898411e+06
1.112438546395344660e+06
1.112438545941196615e+06
8.469664569474539021e+05
-1.684957225091392407e+06
-1.761643032852962380e+06
-1.761643041483309586e+06
-1.767326258391168434e+06
1.767326314357518451e+06
1.761643056431313511e+06
1.761643047801147215e+06
1.684957228922353126e+06
1.186767327899022261e+06
6.758799120072155492e+05
6.758799122765347129e+05
3.378827599890636629e+05
4.103534042006199015e+05
1.945676001919224800e+05
1.945676002384422463e+05
8.877805805293173762e+04
1.098053000781533337e+05
4.939745361743938702e+04
4.939745362587469572e+04
2.200499600995728179e+04
4.292903169802650518e+04
1.213827458760253830e+04
3.362550598140569491e+04
1.120354254697325814e+04
2.392354659392444592e+04
8.462031060261166203e+03
1.255750770605374055e+04
4.915513653962156241e+03
7.071327426903221749e+03
2.995494239310163266e+03
4.947325986539883161e+03
1.370790389638674242e+03
-6.317542852388969843e-01
-2.004601953656814040e+00
-6.317542852389016472e-01
-2.004601953656814040e+00
-6.317542852388969843e-01
-2.004601953656814040e+00
-6.317542852389016472e-01
-2.004601953656814040e+00
-6.317542852388969843e-01
-2.004601953656814040e+00
-6.317542852389016472e-01
-2.004601953656814040e+00
-6.317542852388969843e-01
-2.004601953656814040e+00
-6.317542852389016472e-01
-2.004601953656814040e+00
-6.281560610469252293e-01
-1.992280560763464825e+00
-5.835440707221196677e-01
-1.840046386038429960e+00
-5.241845621922713860e-01
-1.639084075888960434e+00
-4.216361333503457209e-01
-1.296654340313466269e+00
-3.418272187635145176e-01
-1.034928332915010518e+00
-2.402781421814980389e-01
-7.092770177482432548e-01
-1.773058736542423575e-01
-5.125228778674327801e-01
-1.103821061795643155e-01
-3.092612540420645595e-01
-8.549865446985230322e-02
-2.712934672228922706e-01
-8.549865446985323303e-02
-2.712934672228922706e-01
-8.549865446985230322e-02
-2.712934672228922706e-01
-8.549865446985323303e-02
-2.712934672228922706e-01
-8.549865446985230322e-02
-2.712934672228922706e-01
-8.549865446985323303e-02
-2.712934672228922706e-01
-8.549865446985230322e-02
-2.712934672228922706e-01
-8.549865446985323303e-02
-2.712934672228922706e-01
-8.549865446985230322e-02
-2.712934672228922706e-01
-8.549865446985323303e-02
-2.712934672228922706e-01
-8.549865446985230322e-02
-2.712934672228922706e-01
-8.549865446985323303e-02
-2.712934672228922706e-01
-8.549865446985230322e-02
-2.712934672228922706e-01
-8.549865446985323303e-02
-2.712934672228922706e-01
-8.549865446985230322e-02
-2.712934672228922706e-01
-8.549865446985323303e-02
-2.712934672228922706e-01
-8.549865446985230322e-02
-2.712934672228922706e-01
-8.549865446985323303e-02
-2.712934672228922706e-01
-8.506662019771388250e-02
-2.698270739003789664e-01
-6.884754967891174027e-02
-2.516056642569051705e-01
-1.461053380007255598e-01
-2.441037494466082314e-01
-4.007604648755861421e-01
-6.974475958263135489e-01
-8.254909821104019496e-01
-1.484097889923923441e+00
-2.158126995094042044e+00
-4.072057131776376515e+00
-4.264587233904384433e+00
-8.361329757181133360e+00
2.332014196457547317e-10
-2.162717437404769782e+01
5.795454141157570318e-10
-4.214069655316714602e+01
2.024805591696009935e-09
-9.627186594284503940e+01
5.091779236562002759e-09
1.900258786790204131e-08
1.813449110502018379e-08
6.767816212226659630e-08
4.638107896238297456e-08
1.730948038874294863e-07
1.699259771365478306e-07
6.341660079034818049e-07
4.458489187426558081e-07
1.663914097724505463e-06
1.705643578326836902e-06
6.365484531564862747e-06
4.650889410062084268e-06
1.735718116841880178e-05
1.889152833297590579e-05
7.050343513100270753e-05
5.380796874812256842e-05
2.008120553985204347e-04
2.324935479958470082e-04
8.676690149462231360e-04
2.878028872780037076e-04
1.074127258074994342e-03
1.236106080568256981e-03
4.613349252914456834e-03
1.236106080568251126e-03
4.613349252914456834e-03
2.878028872780030029e-04
1.074127258074992174e-03
7.085660508654178374e-03
1.046290368100038365e-02
1.649756104852198807e-03
-1.563985961051660124e+06
1.649756104852202710e-03
2.436080475649194700e-03
7.085660508654213936e-03
1.046290368100038365e-02
2.324935479958472522e-04
-1.186767326989501016e+06
5.380796874812288012e-05
-6.758799119579182006e+05
1.889152833297609214e-05
-4.103534040496994276e+05
-8.877805803253165504e+04
-1.881569141914823849e+05
-4.939745360745885409e+04
-8.464342016911867540e+04
-1.835774578389060844e+04
-2.606077937778686828e+04
-8.284253234606137994e+03
-4.376696075576986914e+04
-1.387666939419282971e+04
-4.376696075576986914e+04
-1.387666939419271694e+04
-4.376696075576986914e+04
-1.387666939419282971e+04
-4.376696075576986914e+04
-1.387666939419271694e+04
-4.376696075576986914e+04
-1.387666939419282971e+04
-4.376696075576986914e+04
-1.387666939419271694e+04
-4.376696075576986914e+04
-1.387666939419282971e+04
-4.376696075576986914e+04
-1.387666939419271694e+04
-4.376696075576986914e+04
-1.233353511308034285e+04
-4.376696075576986914e+04
-2.348940592407825898e+04
-4.939745361589495587e+04
-4.923919210570403084e+04
-1.195817850068637927e+05
-7.347916328815219458e+04
-2.002912290741873148e+05
-9.841638955498962605e+04
-2.963493993177253287e+05
-8.877805803253126214e+04
-3.059680676690749242e+05
-1.945676001368884754e+05
-4.103534040496993694e+05
-3.378827598740472458e+05
-6.758799119579171529e+05
-6.758799116886017146e+05
-1.186767326989498455e+06
-8.469664564827157883e+05
-1.112438545154583408e+06
-1.112438545608730754e+06
-1.386419438221700955e+06
-1.314703625587617746e+06
-1.563985961051649647e+06
-1.563985960116845788e+06
-1.728874542095185257e+06
-1.314703626766334288e+06
-1.563985961051652674e+06
-1.563985960116809001e+06
-1.728874547880098689e+06
-1.684957225091401255e+06
-1.761643032853054116e+06
-1.761643041483264184e+06
-1.767326258391168434e+06
1.767326314358019736e+06
1.761643056431402219e+06
1.761643047801013337e+06
1.684957228922365699e+06
1.728874547880065395e+06
1.563985962328663096e+06
1.563985963263461832e+06
1.314703626766347559e+06
1.728874553665028419e+06
1.563985962328626774e+06
1.563985963263469050e+06
1.314703627945073182e+06
1.386419439599875594e+06
1.112438546395332552e+06
1.112438545941177057e+06
8.469664569474423770e+05
-1.684957225091345143e+06
-1.761643032853087410e+06
-1.761643041483274195e+06
-1.767326258391189389e+06
1.767326314357540570e+06
1.761643056431368692e+06
1.761643047801002627e+06
1.684957228922318202e+06
1.186767327899033204e+06
6.758799120071977377e+05
1.565148122654164676e+06
6.562458886704634642e+05
1.444158505594364833e+06
6.286831677341314498e+05
6.758799122765357606e+05
3.778227302380143665e+05
4.103534042006228701e+05
2.001718479043563711e+05
1.945676002384422463e+05
8.877805805293115554e+04
1.098053000781541050e+05
4.939745361743945978e+04
4.939745362587529235e+04
2.200499600995728179e+04
2.734470267404393962e+04
1.213827458760253830e+04
1.213827458921488687e+04
5.375153359800795442e+03
6.687195986004950100e+03
2.958714274033482070e+03
4.947325986539883161e+03
1.308295909576921076e+03
3.860929119376755352e+03
1.295339198195117206e+03
2.376550652760231060e+03
8.491766886855444909e+02
1.518518921755892279e+03
5.722987736513280197e+02
7.421582100203447681e+02
3.020188934513780055e+02
-4.668064085995689005e+00
-1.481207835031152520e+01
-4.668064085995689005e+00
-1.481207835031152520e+01
-4.668064085995689005e+00
-1.481207835031152520e+01
-4.668064085995689005e+00
-1.481207835031152520e+01
-4.668064085995689005e+00
-1.481207835031152520e+01
-4.668064085995689005e+00
-1.481207835031152520e+01
-4.668064085995689005e+00
-1.481207835031152520e+01
-4.668064085995689005e+00
-1.481207835031152520e+01
-4.637607144631817668e+00
-1.470657937575325391e+01
-4.262405276041149271e+00
-1.341298176125766695e+01
-3.770394658116631437e+00
-1.173452622497737252e+01
-2.941655691542323314e+00
-8.958476664425829128e+00
-2.317725802350485420e+00
-6.917595288693915379e+00
-1.555670070263107885e+00
-4.495961448943695871e+00
-1.105029044881885358e+00
-3.110840631821957025e+00
-6.501245412850128469e-01
-1.761254397749958178e+00
-6.317542852389038677e-01
-2.004601953656814040e+00
-6.317542852389038677e-01
-2.004601953656814040e+00
-6.317542852389038677e-01
-2.004601953656814040e+00
-6.317542852389038677e-01
-2.004601953656814040e+00
-6.317542852389038677e-01
-2.004601953656814040e+00
-6.317542852389038677e-01
-2.004601953656814040e+00
-6.317542852389038677e-01
-2.004601953656814040e+00
-6.317542852389038677e-01
-2.004601953656814040e+00
-6.317542852389038677e-01
-2.004601953656814040e+00
-6.317542852389038677e-01
-2.004601953656814040e+00
-6.317542852389038677e-01
-2.004601953656814040e+00
-6.317542852389038677e-01
-2.004601953656814040e+00
-6.317542852389038677e-01
-2.004601953656814040e+00
-6.317542852389038677e-01
-2.004601953656814040e+00
-6.317542852389038677e-01
-2.004601953656814040e+00
-6.317542852389038677e-01
-2.004601953656814040e+00
-6.317542852389038677e-01
-2.004601953656814040e+00
-6.317542852389038677e-01
-2.004601953656814040e+00
-6.281560610469340000e-01
-1.992280560763464825e+00
-5.835440707221219991e-01
-1.840046386038429960e+00
-3.379366810115504438e-01
-1.639084075888963987e+00
-9.942628134196535017e-01
-1.488516809069645008e+00
-2.166265454310691840e+00
-3.346245737753700045e+00
-6.158957258376677402e+00
-9.979069086411346490e+00
-1.301401628447563041e+01
-2.192593301557007024e+01
-3.513951164896749191e+01
-6.284236528792828835e+01
-7.086135680591857522e+01
-1.330493291247757099e+02
-1.750148511842631081e+02
-3.571784642372611529e+02
-3.181577485969179406e+02
-7.106907308491140611e+02
-7.197689714974048911e+02
-1.628101392979490811e+03
9.169032229536934153e+01
-2.958714273974621847e+03
3.352498620526434934e+02
-6.687195985044385452e+03
8.778998359705340135e+02
-1.213827458730757644e+04
3.345955315540803440e+03
-2.734470266911438375e+04
9.087279344280788791e+03
2.532084528740144378e+04
3.659503709069158504e+04
9.230550858082892955e+04
1.030953280911206239e+05
2.312292560196995910e+05
4.290396929181460873e+05
6.758799120072098449e+05
5.501477942349470686e+05
1.314703626766340807e+06
1.728874547880091239e+06
1.563985962328643538e+06
1.112438545941192424e+06
8.469664569474533200e+05
1.386419439599893289e+06
1.112438546395342797e+06
1.563985963263469050e+06
1.314703627945072483e+06
1.728874553665027255e+06
1.563985962328645866e+06
1.761643047801113920e+06
1.684957228922328912e+06
1.767326314357874449e+06
1.761643056431319797e+06
-1.761643041483259993e+06
-1.767326258390812436e+06
-1.684957225091369823e+06
-1.761643032853065524e+06
-1.563985960116842529e+06
-1.728874547880098689e+06
-1.314703625587608898e+06
-1.563985961051660124e+06
-1.112438545608729124e+06
-1.386419438221692806e+06
-8.469664564827115973e+05
-1.112438545154574327e+06
-1.563985960116836010e+06
-1.728874547880098689e+06
-1.314703625587608898e+06
-5.501477942349466030e+05
-1.761643041483304463e+06
-1.767326258390812436e+06
-1.684957225091373781e+06
-1.761643032853065524e+06
1.761643047801070148e+06
1.684957228922331706e+06
1.767326314357581083e+06
1.761643056431331905e+06
-6.758799116885963595e+05
-4.290396929181504529e+05
-2.312292560197014245e+05
-1.030953280911224574e+05
-9.230550858082954073e+04
-3.059680676690736436e+05
-1.007387860810649145e+05
-3.059680676690736436e+05
-1.007387860810649145e+05
-3.059680676690736436e+05
-1.007387860810649145e+05
-3.059680676690736436e+05
-1.007387860810649145e+05
-3.059680676690736436e+05
-1.007387860810649145e+05
-3.059680676690736436e+05
-1.007387860810649145e+05
-3.059680676690736436e+05
-1.007387860810649145e+05
-3.059680676690736436e+05
-1.007387860810649145e+05
-3.059680676690736436e+05
-1.007387860810649145e+05
-3.059680676690736436e+05
-1.007387860810649145e+05
-3.059680676690736436e+05
-1.007387860810649145e+05
-3.059680676690736436e+05
-8.877805803253153863e+04
-3.059680676690736436e+05
-2.001718479043560510e+05
-4.103534040496980888e+05
-3.778227302380143665e+05
-6.758799119579177350e+05
-6.286831677341342438e+05
-1.444158505594358081e+06
-6.562458886704656761e+05
-1.565148122654164676e+06
-6.758799116885985713e+05
-1.186767326989504509e+06
-8.469664564827155555e+05
-1.112438545154575491e+06
-1.112438545608731220e+06
-1.386419438221695367e+06
-1.314703626766338479e+06
-1.563985961051665479e+06
-1.563985960116838105e+06
-1.728874547880098689e+06
-1.314703626766343834e+06
-1.563985961051665479e+06
-1.563985960116834380e+06
-1.728874547880098689e+06
-1.684957225091380533e+06
-1.761643032853054116e+06
-1.761643041483264184e+06
-1.767326258390833158e+06
1.767326314357684692e+06
1.761643056431312580e+06
1.761643047801102512e+06
1.684957228922342882e+06
1.728874547880082158e+06
1.563985962328649592e+06
1.563985963263461366e+06
1.314703626766347559e+06
1.728874553665030515e+06
1.563985962328646099e+06
1.563985963263472309e+06
1.314703627945077373e+06
1.386419439599887468e+06
1.112438546395339305e+06
1.112438545941182645e+06
8.469664569474480813e+05
-1.684957225091380300e+06
-1.761643032853076234e+06
-1.761643041483256267e+06
-1.767326258390958654e+06
1.767326314357645344e+06
1.761643056431304663e+06
1.761643047801081557e+06
1.684957228922331240e+06
1.186767327899033669e+06
6.758799120072042570e+05
6.758799122765276115e+05
3.378827599890654092e+05
4.103534042006141390e+05
1.945676001919242262e+05
3.059680676690736436e+05
8.877805805293019512e+04
2.963493993177241064e+05
9.841638955498962605e+04
2.002912290741869656e+05
7.347916328815283487e+04
1.195817850068638218e+05
4.923919210570418363e+04
4.939745362587519776e+04
2.348940592407843724e+04
2.734470267404369952e+04
1.233353511308034285e+04
1.213827458921498874e+04
5.375153359800833641e+03
6.687195986004964652e+03
2.958714274033500715e+03
2.958714274355014823e+03
1.308295909576931081e+03
1.628101393173874385e+03
7.197689715757013573e+02
7.197689716418896069e+02
3.181577486287051215e+02
5.764345160881919128e+02
1.750148512007648662e+02
3.922146050882790860e+02
1.340209069021424568e+02
2.730186039951470320e+02
9.681266485497791052e+01
1.511545222653747942e+02
5.669555571080637435e+01
-3.449238166046610132e+01
-1.094452063848352878e+02
-3.449238166046627896e+01
-1.094452063848352878e+02
-3.449238166046610132e+01
-1.094452063848352878e+02
-3.449238166046627896e+01
-1.094452063848352878e+02
-3.449238166046610132e+01
-1.094452063848352878e+02
-3.449238166046627896e+01
-1.094452063848352878e+02
-3.449238166046610132e+01
-1.094452063848352878e+02
-3.449238166046627896e+01
-1.094452063848352878e+02
-3.422905569884466814e+01
-1.085188146193581247e+02
-3.101319726024008716e+01
-9.727947655941946437e+01
-2.687842925827647278e+01
-8.304167729955634059e+01
-2.014564919208487836e+01
-6.043531318690990162e+01
-1.529501043616298617e+01
-4.466967546220714524e+01
-9.677701527304316542e+00
-2.710222363740085783e+01
-6.552888059364952333e+00
-1.774772338382709336e+01
-4.668064085995689005e+00
-1.481207835031152520e+01
-4.668064085995671242e+00
-1.481207835031152520e+01
-4.668064085995689005e+00
-1.481207835031152520e+01
-4.668064085995671242e+00
-1.481207835031152520e+01
-4.668064085995689005e+00
-1.481207835031152520e+01
-4.668064085995671242e+00
-1.481207835031152520e+01
-4.668064085995689005e+00
-1.481207835031152520e+01
-4.668064085995671242e+00
-1.481207835031152520e+01
-4.668064085995689005e+00
-1.481207835031152520e+01
-4.668064085995671242e+00
-1.481207835031152520e+01
-4.668064085995689005e+00
-1.481207835031152520e+01
-4.668064085995671242e+00
-1.481207835031152520e+01
-4.668064085995689005e+00
-1.481207835031152520e+01
-4.668064085995671242e+00
-1.481207835031152520e+01
-4.668064085995689005e+00
-1.481207835031152520e+01
-4.668064085995671242e+00
-1.481207835031152520e+01
-4.668064085995689005e+00
-1.481207835031152520e+01
-4.668064085995671242e+00
-1.481207835031152520e+01
-4.668064085995689005e+00
-1.481207835031152520e+01
-4.637607144631800793e+00
-1.470657937575327878e+01
-4.262405276041149271e+00
-1.341298176125764208e+01
-3.770394658116624775e+00
-1.173452622497739917e+01
-1.868152138394398643e+00
-8.958476664425829128e+00
-4.291518488649474605e+00
-5.378277009104653672e+00
-1.323323378217359725e+01
-1.729531525644563672e+01
-2.989510272970725779e+01
-4.047975109674690941e+01
-8.946970751649871545e+01
-1.281450218315099221e+02
-1.963852592964622374e+02
-2.950884524704489991e+02
-5.576548055685155987e+02
-9.047816540038835456e+02
-1.162379656815154476e+03
-2.014188274750536266e+03
-2.958714273653074997e+03
-5.767291987047036855e+03
-5.375153359052174892e+03
-1.191669908133591889e+04
-1.213827458569526243e+04
-2.734470266911420549e+04
-2.200499600614110750e+04
-4.939745361589487584e+04
-4.939745360745933431e+04
-1.098053000515867461e+05
-8.877805803253146587e+04
-1.945676001834085619e+05
-1.945676001368891739e+05
-4.103534040496994858e+05
-3.378827598740498070e+05
-6.758799119579188991e+05
-6.758799116885956610e+05
-1.186767326989497989e+06
-8.469664564827119466e+05
-1.112438545154575258e+06
-1.112438545608726097e+06
-1.386419438221686287e+06
-1.314703626766340341e+06
-1.563985961051659426e+06
-1.563985960116838338e+06
-1.728874542095171520e+06
-1.314703626766342437e+06
-1.563985961051662453e+06
-1.563985960116841132e+06
-1.728874547880108003e+06
-1.684957225091389148e+06
-1.761643032853065524e+06
-1.761643041483327281e+06
-1.767326258390854346e+06
1.767326314357664902e+06
1.761643056431308389e+06
1.761643047801058041e+06
1.684957228922348469e+06
1.728874547880086349e+06
1.563985962328641210e+06
5.501477942349364748e+05
1.314703626766339643e+06
-1.563985960116831819e+06
-1.728874547880098689e+06
-1.314703625587608898e+06
-1.563985961051657563e+06
1.767326314357832540e+06
1.761643056431308389e+06
1.761643047801058041e+06
1.684957228922348469e+06
-1.761643041483259993e+06
-1.767326258390812436e+06
-1.684957225091373781e+06
-1.761643032853065524e+06
-1.684957225091380067e+06
-1.761643032853076234e+06
-1.761643041483315872e+06
-1.767326258390896255e+06
1.761643047801113920e+06
1.684957228922331706e+06
1.767326314357581083e+06
1.761643056431331905e+06
4.290396929181429441e+05
-1.186767326989498921e+06
-6.562458886704634642e+05
-1.565148122654160950e+06
-6.562458886704607867e+05
-1.565148122654160950e+06
-6.562458886704634642e+05
-1.565148122654160950e+06
-6.562458886704607867e+05
-1.565148122654160950e+06
-6.562458886704634642e+05
-1.565148122654160950e+06
-6.562458886704607867e+05
-1.565148122654160950e+06
-6.562458886704634642e+05
-1.565148122654160950e+06
-6.562458886704607867e+05
-1.565148122654160950e+06
-6.562458886704634642e+05
-1.565148122654160950e+06
-6.562458886704607867e+05
-1.565148122654160950e+06
-6.562458886704634642e+05
-1.565148122654160950e+06
-6.562458886704607867e+05
-1.565148122654160950e+06
-6.562458886704634642e+05
-1.565148122654160950e+06
-6.562458886704607867e+05
-1.565148122654160950e+06
-6.758799116885942640e+05
-1.186767326989501948e+06
-8.469664564827127615e+05
-1.112438545154572465e+06
-1.112438545608727960e+06
-1.386419438221692806e+06
-1.314703626766336616e+06
-1.563985961051663151e+06
-1.563985960116842529e+06
-1.728874547880098689e+06
-1.314703626766343834e+06
-1.563985961051664082e+06
-2.053179519756759750e+06
-1.728874547880116617e+06
-1.684957225091368891e+06
-1.761643032853065524e+06
-1.761643041483327281e+06
-1.767326258390896255e+06
1.767326314357581083e+06
1.761643056431375677e+06
1.761643047801113920e+06
1.684957228922342649e+06
-2.148262027013531420e+06
-2.472295057206702419e+06
-2.148262027013531420e+06
-2.472295057206702419e+06
-2.148262027013531420e+06
-2.472295057206702419e+06
-1.563985960116838105e+06
-2.472295057206702419e+06
2.472295057206702419e+06
2.148262027013534680e+06
2.472295057206703350e+06
2.148262027013534680e+06
2.472295057206702419e+06
1.563985962328641210e+06
2.472295057206703350e+06
2.148262027013534680e+06
1.728874547880080529e+06
2.053179519756758353e+06
1.563985963263477432e+06
1.314703626766331261e+06
1.728874553665029816e+06
1.563985962328649592e+06
1.563985963263477432e+06
1.314703627945077373e+06
1.386419439599887934e+06
1.112438546395344660e+06
1.112438545941189164e+06
8.469664569474501768e+05
-1.684957225091380533e+06
-1.761643032853054116e+06
-1.761643041483264184e+06
-1.767326258390833158e+06
1.767326314357684692e+06
1.761643056431312580e+06
1.761643047801102512e+06
1.684957228922342882e+06
1.186767327899033204e+06
6.758799120072091464e+05
6.758799122765300563e+05
3.378827599890654092e+05
4.103534042006173986e+05
1.945676001919242262e+05
1.945676002384417807e+05
8.877805805293057347e+04
1.098053000781542651e+05
4.939745361743871763e+04
4.939745362587465206e+04
2.200499600995761284e+04
4.292903169802686898e+04
1.213827458760277477e+04
3.362550598140591319e+04
1.120354254697325814e+04
2.392354659392471876e+04
8.462031060261166203e+03
1.255750770605386060e+04
4.915513653962156241e+03
7.071327426903267224e+03
2.995494239310163266e+03
2.958714274355048929e+03
1.370790389638666056e+03
1.628101393173896895e+03
7.278089364638618690e+02
7.197689716418950638e+02
3.181577486287076795e+02
3.959567214153051964e+02
1.750148512007648662e+02
1.750148512147115696e+02
7.735474172735295895e+01
9.627186595143739112e+01
4.255063337028417436e+01
6.043531318691010767e+01
1.880654364059860484e+01
4.466967546220755736e+01
1.529501043616312117e+01
2.710222363740096085e+01
9.677701527304368057e+00
-2.548549102434425322e+02
-8.085836838567438463e+02
-2.548549102434425322e+02
-8.085836838567466884e+02
-2.548549102434425322e+02
-8.085836838567438463e+02
-2.548549102434425322e+02
-8.085836838567466884e+02
-2.548549102434425322e+02
-8.085836838567438463e+02
-2.548549102434425322e+02
-8.085836838567466884e+02
-2.548549102434425322e+02
-8.085836838567438463e+02
-2.548549102434425322e+02
-8.085836838567466884e+02
-2.525114003559480409e+02
-8.001559151424263518e+02
-2.242447283793464408e+02
-6.995053859974582338e+02
-1.889050253129854866e+02
-5.764345160881910033e+02
-1.340209069021413200e+02
-3.922146050882790860e+02
-9.681266485497724261e+01
-2.730186039951454973e+02
-5.669555571080567091e+01
-1.511545222653739700e+02
-3.610943819214153905e+01
-9.219584146449568607e+01
-3.449238166046610132e+01
-1.094452063848356858e+02
-3.449238166046610132e+01
-1.094452063848352878e+02
-3.449238166046610132e+01
-1.094452063848356858e+02
-3.449238166046610132e+01
-1.094452063848352878e+02
-3.449238166046610132e+01
-1.094452063848356858e+02
-3.449238166046610132e+01
-1.094452063848352878e+02
-3.449238166046610132e+01
-1.094452063848356858e+02
-3.449238166046610132e+01
-1.094452063848352878e+02
-3.449238166046610132e+01
-1.094452063848356858e+02
-3.449238166046610132e+01
-1.094452063848352878e+02
-3.449238166046610132e+01
-1.094452063848356858e+02
-3.449238166046610132e+01
-1.094452063848352878e+02
-3.449238166046610132e+01
-1.094452063848356858e+02
-3.449238166046610132e+01
-1.094452063848352878e+02
-3.449238166046610132e+01
-1.094452063848356858e+02
-3.449238166046610132e+01
-1.094452063848352878e+02
-3.449238166046610132e+01
-1.094452063848356858e+02
-3.449238166046610132e+01
-1.094452063848352878e+02
-3.449238166046610132e+01
-1.094452063848356858e+02
-3.422905569884466814e+01
-1.085188146193582952e+02
-3.101319726023991663e+01
-9.727947655941981964e+01
-2.687842925827652252e+01
-8.304167729955634059e+01
-2.014564919208484994e+01
-6.043531318691010767e+01
-1.880654363913347282e+01
-4.214069655316693996e+01
-1.892715692004456685e+01
-9.627186594284503940e+01
-4.532701623581113637e+01
-1.750148511982104651e+02
-1.489059938739751772e+02
-1.482066048432828893e+02
-3.541656059879902614e+02
-3.658651053447108552e+02
-1.145379941896624587e+03
-1.260153615077671475e+03
-2.673495157400708194e+03
-3.116838305887647039e+03
-8.284253234606165279e+03
-1.068820163443220918e+04
-1.835774578389052112e+04
-2.606077937778689738e+04
-4.939745360745880316e+04
-8.464342016911866085e+04
-8.877805803253110207e+04
-1.881569141914814827e+05
-1.945676001368891739e+05
-4.103534040496991365e+05
-3.378827598740504473e+05
-6.758799119579162216e+05
-6.758799116885950789e+05
-1.186767326989499852e+06
-8.469664564827106660e+05
-1.112438545154578052e+06
-1.112438545608724002e+06
-1.386419438221697463e+06
-1.314703626766342437e+06
-1.563985961051651044e+06
-1.563985960116845556e+06
-1.728874547880105441e+06
-1.314703626766336616e+06
-1.563985961051667342e+06
-1.563985960116832284e+06
-1.728874547880098689e+06
-1.684957225091390312e+06
-1.761643032853020588e+06
-1.761643041483302834e+06
-1.767326258390833158e+06
1.767326314357853727e+06
1.761643056431345874e+06
1.761643047801063862e+06
1.684957228922342882e+06
1.728874547880088445e+06
1.563985962328660069e+06
1.563985963263464859e+06
1.314703626766340807e+06
1.728874553665036336e+06
1.563985962328637484e+06
1.563985963263473241e+06
1.314703626766341040e+06
1.386419439599888399e+06
1.112438546395341400e+06
1.112438545941187302e+06
8.469664569474479649e+05
-1.684957225091378205e+06
-1.761643032852988224e+06
-1.761643041483251611e+06
-1.767326258390886011e+06
1.767326314357697731e+06
1.761643056431300240e+06
1.761643047801109497e+06
1.684957228922341485e+06
1.563985963263465790e+06
1.314703626766343834e+06
1.728874553665041225e+06
1.563985962328640046e+06
1.112438545941186370e+06
8.469664569474528544e+05
1.386419439599890029e+06
1.112438546395338140e+06
1.563985963263466256e+06
1.314703627945072716e+06
1.728874553665022831e+06
2.053179519756760914e+06
1.761643047801041976e+06
1.684957228922345210e+06
1.767326314357780153e+06
1.761643056431307457e+06
-1.761643041483246256e+06
-1.767326258390844101e+06
-1.684957225091376808e+06
-1.761643032853059936e+06
-1.563985960116833914e+06
-2.472295057206702419e+06
-2.148262027013523970e+06
-2.472295057206702419e+06
-2.148262027013523970e+06
-2.472295057206702419e+06
-2.148262027013523970e+06
-2.472295057206702419e+06
2.472295057206703350e+06
2.148262027013538405e+06
2.472295057206703350e+06
2.148262027013534680e+06
2.472295057206703350e+06
2.148262027013538405e+06
2.472295057206703350e+06
2.148262027013534680e+06
-2.148262027013523970e+06
-2.472295057206702419e+06
-2.148262027013523970e+06
-2.472295057206702419e+06
-2.148262027013523970e+06
-2.472295057206702419e+06
-2.148262027013523970e+06
-2.472295057206702419e+06
2.472295057206703350e+06
2.148262027013538405e+06
2.472295057206703350e+06
2.148262027013534680e+06
2.472295057206703350e+06
2.148262027013538405e+06
2.472295057206703350e+06
2.148262027013534680e+06
-2.148262027013523970e+06
-2.472295057206702419e+06
-2.148262027013523970e+06
-2.472295057206702419e+06
-2.148262027013523970e+06
-2.472295057206702419e+06
-2.148262027013523970e+06
-2.472295057206702419e+06
2.472295057206703350e+06
2.148262027013538405e+06
2.472295057206703350e+06
2.148262027013534680e+06
2.472295057206703350e+06
2.148262027013538405e+06
2.472295057206703350e+06
2.148262027013534680e+06
-2.148262027013523970e+06
-2.472295057206702419e+06
-2.148262027013523970e+06
-2.472295057206702419e+06
-2.148262027013523970e+06
-2.472295057206702419e+06
-2.148262027013523970e+06
-2.472295057206702419e+06
2.472295057206703350e+06
2.148262027013538405e+06
2.472295057206703350e+06
2.148262027013534680e+06
2.472295057206703350e+06
2.148262027013538405e+06
2.472295057206703350e+06
2.148262027013534680e+06
-2.148262027013523970e+06
-2.472295057206702419e+06
-2.148262027013523970e+06
-2.472295057206702419e+06
-2.148262027013523970e+06
-2.472295057206702419e+06
-2.148262027013523970e+06
-2.472295057206702419e+06
2.472295057206703350e+06
2.148262027013538405e+06
2.472295057206703350e+06
2.148262027013534680e+06
2.472295057206703350e+06
2.148262027013538405e+06
2.472295057206703350e+06
2.148262027013534680e+06
-2.148262027013523970e+06
-2.472295057206702419e+06
-2.148262027013523970e+06
-2.472295057206702419e+06
-2.148262027013523970e+06
-2.472295057206702419e+06
-2.148262027013523970e+06
-2.472295057206702419e+06
2.472295057206703350e+06
2.148262027013538405e+06
2.472295057206703350e+06
2.148262027013534680e+06
2.472295057206703350e+06
2.148262027013538405e+06
2.472295057206703350e+06
2.148262027013534680e+06
-2.148262027013523970e+06
-2.472295057206702419e+06
-2.148262027013523970e+06
-2.472295057206702419e+06
-2.148262027013523970e+06
-2.472295057206702419e+06
-2.148262027013523970e+06
-2.472295057206702419e+06
2.472295057206703350e+06
2.148262027013538405e+06
2.472295057206703350e+06
2.148262027013534680e+06
2.472295057206703350e+06
2.148262027013538405e+06
2.472295057206703350e+06
2.148262027013534680e+06
-2.148262027013523970e+06
-2.472295057206702419e+06
-2.148262027013523970e+06
-2.472295057206702419e+06
-2.148262027013523970e+06
-2.472295057206702419e+06
-1.563985960116836475e+06
-2.472295057206702419e+06
2.472295057206703350e+06
2.148262027013538405e+06
2.472295057206703350e+06
1.563985962328649592e+06
2.472295057206703350e+06
2.148262027013538405e+06
2.472295057206703350e+06
2.148262027013534680e+06
1.728874553665031679e+06
1.563985962328643771e+06
1.563985963263470447e+06
1.314703626766338479e+06
-1.563985960116842762e+06
-1.728874542095183395e+06
-1.314703626766338479e+06
-5.501477942349446239e+05
1.767326314357884694e+06
1.761643056431300472e+06
1.761643047801064327e+06
1.684957228922336129e+06
-1.761643041483264184e+06
-1.767326258391000796e+06
-1.684957225091378205e+06
-1.761643032853054116e+06
-1.684957225091383560e+06
-1.761643032853059936e+06
-1.761643041483295150e+06
-1.767326258390864823e+06
1.761643047801057808e+06
1.684957228922354989e+06
1.767326314357684460e+06
1.761643056431312580e+06
1.186767327899026684e+06
-4.290396929181549349e+05
1.565148122654173058e+06
6.562458886704656761e+05
1.444158505594362738e+06
6.286831677341358736e+05
6.758799122765311040e+05
3.778227302380123292e+05
4.103534042006183881e+05
2.001718479043542757e+05
1.945676002384422754e+05
8.877805805293051526e+04
1.098053000781542651e+05
4.939745361743907415e+04
4.939745362587498676e+04
2.200499600995748551e+04
2.734470267404355400e+04
1.213827458760277477e+04
1.213827458921504331e+04
5.375153359800795442e+03
6.687195986005050145e+03
2.958714274033475704e+03
4.947325986539927726e+03
1.308295909576949043e+03
3.860929119376762628e+03
1.295339198195128120e+03
2.376550652760256526e+03
8.491766886855475605e+02
1.518518921755892279e+03
5.722987736513331356e+02
7.421582100203542041e+02
3.020188934513772097e+02
4.127907861304896073e+02
1.776853396674184467e+02
1.750148512147125928e+02
8.021308983772077283e+01
9.627186595143798797e+01
4.291470338626660919e+01
4.255063337327664641e+01
1.880654364059858707e+01
2.340578406006674683e+01
1.034486526686095331e+01
1.034486526751178026e+01
4.572203884006327712e+00
5.690366300246924247e+00
2.515015431651021593e+00
4.495961448943742944e+00
1.555670070263116989e+00
-1.882524107173537232e+03
-5.968501349869051410e+03
-1.882524107173527227e+03
-5.968501349869051410e+03
-1.882524107173537232e+03
-5.968501349869051410e+03
-1.882524107173527227e+03
-5.968501349869051410e+03
-1.882524107173537232e+03
-5.968501349869051410e+03
-1.882524107173527227e+03
-5.968501349869051410e+03
-1.882524107173537232e+03
-5.968501349869051410e+03
-1.882524107173527227e+03
-5.968501349869051410e+03
-1.860784364192879821e+03
-5.887717693675154806e+03
-1.603526512054663726e+03
-4.947325986539898622e+03
-1.295339198195117206e+03
-3.860929119376735343e+03
-8.491766886855415351e+02
-2.376550652760231060e+03
-5.722987736513267691e+02
-1.518518921755876136e+03
-3.020188934513752770e+02
-7.421582100203435175e+02
-2.548549102434447775e+02
-8.085836838567510085e+02
-2.548549102434438396e+02
-8.085836838567510085e+02
-2.548549102434447775e+02
-8.085836838567510085e+02
-2.548549102434438396e+02
-8.085836838567510085e+02
-2.548549102434447775e+02
-8.085836838567510085e+02
-2.548549102434438396e+02
-8.085836838567510085e+02
-2.548549102434447775e+02
-8.085836838567510085e+02
-2.548549102434438396e+02
-8.085836838567510085e+02
-2.548549102434447775e+02
-8.085836838567510085e+02
-2.548549102434438396e+02
-8.085836838567510085e+02
-2.548549102434447775e+02
-8.085836838567510085e+02
-2.548549102434438396e+02
-8.085836838567510085e+02
-2.548549102434447775e+02
-8.085836838567510085e+02
-2.548549102434438396e+02
-8.085836838567510085e+02
-2.548549102434447775e+02
-8.085836838567510085e+02
-2.548549102434438396e+02
-8.085836838567510085e+02
-2.548549102434447775e+02
-8.085836838567510085e+02
-2.548549102434438396e+02
-8.085836838567510085e+02
-2.548549102434447775e+02
-8.085836838567510085e+02
-2.548549102434438396e+02
-8.085836838567510085e+02
-2.525114003559502578e+02
-8.001559151424335141e+02
-2.242447283793479755e+02
-6.995053859974608486e+02
-1.889050253129875330e+02
-5.764345160881960055e+02
-1.340209069021422863e+02
-3.922146050882809618e+02
-7.086135680591841890e+01
-2.730186039951485100e+02
-1.750148511842625396e+02
-3.571784642372616076e+02
-3.181577485969169174e+02
-7.106907308491164486e+02
-7.197689714974036406e+02
-1.628101392979496950e+03
-1.308295909424713045e+03
-2.958714273974622301e+03
-1.051331567519026521e+03
-6.687195985044374538e+03
-2.686782690459170226e+03
-1.213827458730752733e+04
-9.781048665203310520e+03
-3.345955315540837091e+03
-2.532084528740155656e+04
-9.087279344280890655e+03
-9.230550858082977356e+04
-3.659503709069226170e+04
-2.312292560197013372e+05
-1.030953280911223701e+05
-6.758799116885934491e+05
-4.290396929181505111e+05
-8.469664564827115973e+05
-1.112438545154575258e+06
-1.112438545608725632e+06
-1.386419438221686753e+06
-1.314703626766340341e+06
-5.501477942349473014e+05
-1.563985960116836941e+06
-1.728874542095172452e+06
-1.314703626766343601e+06
-1.563985961051661754e+06
-1.563985960116831586e+06
-1.728874547880105441e+06
-1.684957225091388449e+06
-1.761643032853066456e+06
-1.761643041483313078e+06
-1.767326258390844101e+06
1.767326314357696334e+06
1.761643056431314209e+06
1.761643047801070148e+06
1.684957228922349866e+06
1.728874547880102880e+06
1.563985962328644004e+06
1.563985963263465790e+06
1.314703626766340341e+06
1.728874553665046114e+06
1.563985962328647031e+06
1.563985963263474172e+06
1.314703627945071785e+06
1.386419439599880250e+06
1.112438546395339537e+06
1.112438545941182645e+06
8.469664569474461023e+05
-1.684957225091367960e+06
-1.761643032853070647e+06
-1.761643041483302601e+06
-1.767326258390886011e+06
1.767326314357549418e+06
1.761643056431300240e+06
1.761643047801075969e+06
1.684957228922343580e+06
1.186767327899031341e+06
6.758799120072044898e+05
6.758799122765329666e+05
3.378827599890653510e+05
6.758799122765313368e+05
3.778227302380159963e+05
1.444158505594366696e+06
6.286831677341342438e+05
1.565148122654169099e+06
6.562458886704656761e+05
1.565148122654173058e+06
6.562458886704656761e+05
1.565148122654169099e+06
6.562458886704656761e+05
1.565148122654173058e+06
6.562458886704656761e+05
1.565148122654169099e+06
6.562458886704656761e+05
1.565148122654173058e+06
6.562458886704656761e+05
1.565148122654169099e+06
6.562458886704656761e+05
1.565148122654173058e+06
6.562458886704656761e+05
1.565148122654169099e+06
6.562458886704656761e+05
1.565148122654173058e+06
6.562458886704656761e+05
1.565148122654169099e+06
6.562458886704656761e+05
1.565148122654173058e+06
6.562458886704656761e+05
1.565148122654169099e+06
6.562458886704656761e+05
1.565148122654173058e+06
-4.290396929181514424e+05
1.768117412840431789e+06
-1.112438545154576423e+06
1.768117412840431789e+06
-1.386419438221690943e+06
-1.314703626766342437e+06
-5.501477942349482328e+05
-1.563985960116842529e+06
-1.728874542095185257e+06
-1.314703626766345231e+06
-1.563985961051664082e+06
-1.563985960116831819e+06
-1.728874547880098689e+06
-1.684957225091368891e+06
-1.761643032853065524e+06
-1.761643041483327281e+06
-1.767326258390896255e+06
1.767326314357748721e+06
1.761643056431375677e+06
1.761643047801113920e+06
1.684957228922331706e+06
1.728874547880080529e+06
1.563985962328641210e+06
1.563985963263475569e+06
1.314703626766331261e+06
1.728874547880082158e+06
1.563985962328643771e+06
5.501477942349346122e+05
1.314703626766338479e+06
1.386419439599891426e+06
1.112438546395338373e+06
1.112438545941188931e+06
8.469664569474488962e+05
-1.684957225091373781e+06
-1.761643032853059936e+06
-1.761643041483250447e+06
-1.767326258390864823e+06
1.767326314357717056e+06
1.761643056431300472e+06
1.761643047801108565e+06
1.684957228922336129e+06
4.290396929181454470e+05
6.758799120072106598e+05
1.030953280911207257e+05
2.312292560197029088e+05
3.659503709069206525e+04
9.230550858083038474e+04
2.002912290741866163e+05
2.532084528740154201e+04
1.195817850068627595e+05
4.923919210570370342e+04
4.939745362587475393e+04
2.348940592407819349e+04
2.734470267404347032e+04
1.233353511308017551e+04
1.213827458921500329e+04
5.375153359800778162e+03
6.687195986005012855e+03
2.958714274033479796e+03
2.958714274355032558e+03
1.308295909576949043e+03
1.628101393173878932e+03
7.197689715757147724e+02
7.197689716419038177e+02
3.181577486287051784e+02
5.764345160881960055e+02
1.750148512007632746e+02
3.922146050882832924e+02
1.340209069021424568e+02
2.730186039951485100e+02
9.681266485497791052e+01
1.511545222653764426e+02
5.669555571080616829e+01
9.219584146449669504e+01
3.610943819214165984e+01
4.369697825983720918e+01
1.816648350143609392e+01
2.419491434487102666e+01
1.050034328679046425e+01
1.034486526751174296e+01
4.709865637015875350e+00
5.690366300246855857e+00
2.532453465483528898e+00
2.515015431794197287e+00
1.111580365476196430e+00
1.383424957922279708e+00
6.114426680041772366e-01
6.114426680359551503e-01
2.702438528245963423e-01
-1.387666939419282971e+04
-4.376696075576966541e+04
-1.387666939419282971e+04
-4.376696075576966541e+04
-1.387666939419282971e+04
-4.376696075576966541e+04
-1.387666939419282971e+04
-4.376696075576966541e+04
-1.387666939419282971e+04
-4.376696075576966541e+04
-1.387666939419282971e+04
-4.376696075576966541e+04
-1.387666939419282971e+04
-4.376696075576966541e+04
-1.387666939419282971e+04
-4.376696075576966541e+04
-1.366203336122084511e+04
-4.292903169802650518e+04
-1.120354254697322358e+04
-3.362550598140575312e+04
-8.462031060261131643e+03
-2.392354659392455505e+04
-4.915513653962134413e+03
-1.255750770605374055e+04
-2.995494239310146895e+03
-7.071327426903201740e+03
-1.882524107173543598e+03
-5.968501349869051410e+03
-1.882524107173543598e+03
-5.968501349869051410e+03
-1.882524107173543598e+03
-5.968501349869051410e+03
-1.882524107173543598e+03
-5.968501349869051410e+03
-1.882524107173543598e+03
-5.968501349869051410e+03
-1.882524107173543598e+03
-5.968501349869051410e+03
-1.882524107173543598e+03
-5.968501349869051410e+03
-1.882524107173543598e+03
-5.968501349869051410e+03
-1.882524107173543598e+03
-5.968501349869051410e+03
-1.882524107173543598e+03
-5.968501349869051410e+03
-1.882524107173543598e+03
-5.968501349869051410e+03
-1.882524107173543598e+03
-5.968501349869051410e+03
-1.882524107173543598e+03
-5.968501349869051410e+03
-1.882524107173543598e+03
-5.968501349869051410e+03
-1.882524107173543598e+03
-5.968501349869051410e+03
-1.882524107173543598e+03
-5.968501349869051410e+03
-1.882524107173543598e+03
-5.968501349869051410e+03
-1.882524107173543598e+03
-5.968501349869051410e+03
-1.882524107173543598e+03
-5.968501349869051410e+03
-1.882524107173543598e+03
-5.968501349869051410e+03
-1.882524107173543598e+03
-5.968501349869051410e+03
-1.860784364192889143e+03
-5.887717693675154806e+03
-1.603526512054674413e+03
-4.947325986539892256e+03
-1.295339198195124254e+03
-3.860929119376740346e+03
-8.491766886855489247e+02
-2.376550652760236517e+03
-5.722987736513298387e+02
-1.518518921755879092e+03
-5.576548055685161671e+02
-1.518518921755882047e+03
-1.162379656815159478e+03
-2.014188274750539449e+03
-2.958714273653085002e+03
-5.767291987047044131e+03
-5.375153359052195810e+03
-1.191669908133592071e+04
-1.213827458569524788e+04
-2.734470266911418366e+04
-2.200499600614111478e+04
-4.939745361589471577e+04
-4.939745360745872313e+04
-1.098053000515864405e+05
-8.877805803253113118e+04
-1.945676001834080962e+05
1.889152833297604809e-05
-4.103534040496982052e+05
5.380796874812298177e-05
-6.758799119579170365e+05
2.324935479958474148e-04
-1.186767326989501948e+06
2.878144233886049431e-04
1.074127258074993258e-03
1.236155627869862722e-03
4.613349252914462906e-03
1.236155627869862722e-03
4.613349252914462906e-03
1.563985963263467886e+06
1.074127258074993041e-03
7.085660508654187048e-03
1.046290368100039579e-02
1.649756104852202710e-03
2.436080475649192098e-03
1.649756104852203361e-03
-1.563985961051661754e+06
7.085660508654187048e-03
1.046290368100039579e-02
1.186767327899027849e+06
8.676736743223100248e-04
6.758799122765285429e+05
2.008131337577480314e-04
4.103534042006160016e+05
7.050381373391926252e-05
1.945676002384412859e+05
8.877805805293047160e+04
2.002912290741879260e+05
7.347916328815325687e+04
2.963493993177255616e+05
9.841638955499006261e+04
3.059680676690749242e+05
1.007387860810653801e+05
3.059680676690749242e+05
1.007387860810653801e+05
3.059680676690749242e+05
1.007387860810653801e+05
3.059680676690749242e+05
1.007387860810653801e+05
3.059680676690749242e+05
1.007387860810653801e+05
3.059680676690749242e+05
1.007387860810653801e+05
3.059680676690749242e+05
1.007387860810653801e+05
3.059680676690749242e+05
1.007387860810653801e+05
3.059680676690749242e+05
1.007387860810653801e+05
3.059680676690749242e+05
1.007387860810653801e+05
3.059680676690749242e+05
1.007387860810653801e+05
3.059680676690749242e+05
9.230550858082993363e+04
1.030953280911217444e+05
2.312292560197021230e+05
4.290396929181499290e+05
6.758799120072111255e+05
5.501477942349383375e+05
1.314703626766342437e+06
1.728874547880100086e+06
1.563985962328648893e+06
1.112438545941189863e+06
8.469664569474511081e+05
1.386419439599887468e+06
1.112438546395341400e+06
1.563985963263470447e+06
1.314703626766342437e+06
1.728874547880100086e+06
1.563985962328649592e+06
1.761643047801070148e+06
1.684957228922331706e+06
1.767326314357748721e+06
1.761643056431331905e+06
-1.761643041483282577e+06
-1.767326258390896255e+06
-1.684957225091366796e+06
-1.761643032853065524e+06
-1.563985960116839968e+06
-1.728874547880098689e+06
-1.314703626766327070e+06
-1.563985961051665479e+06
-1.112438545608726097e+06
-1.386419438221695367e+06
-8.469664564827122958e+05
-1.112438545154579915e+06
-1.563985960116842762e+06
-1.728874547880098689e+06
-1.314703626766338479e+06
-5.501477942349446239e+05
-1.761643041483264184e+06
-1.767326258390833158e+06
-1.684957225091378205e+06
-1.761643032853054116e+06
1.761643047801057808e+06
1.684957228922342882e+06
1.767326314357684460e+06
1.761643056431312580e+06
-6.758799116885985713e+05
-4.290396929181514424e+05
-2.312292560197021230e+05
-1.030953280911231705e+05
-9.230550858082997729e+04
-3.659503709069261822e+04
-2.532084528740142559e+04
-9.087279344280901569e+03
-9.781048665203270502e+03
-3.345955315540826177e+03
1.255750770605369144e+04
-8.778998359705409484e+02
7.071327426903158084e+03
-3.352498620526468471e+02
2.958714274355008001e+03
-9.169032229537077683e+01
1.628101393173874385e+03
7.278089364638560710e+02
7.197689716418984744e+02
3.181577486287074521e+02
3.959567214153083796e+02
1.750148512007647525e+02
1.750148512147121380e+02
7.735474172735432319e+01
9.627186595143743375e+01
4.255063337028498438e+01
6.043531318691024268e+01
1.880654364059858707e+01
4.466967546220747920e+01
1.529501043616312117e+01
2.710222363740109941e+01
9.677701527304328977e+00
1.774772338382718573e+01
6.552888059364973650e+00
9.284460790406695807e+00
3.595700136193457297e+00
5.522452409481132918e+00
2.216169446897124029e+00
2.573940395483852228e+00
1.084066984524975741e+00
1.422049735708777130e+00
6.200443542247749962e-01
6.114426680359529298e-01
2.771069339183019342e-01
3.363338577142154229e-01
1.495183491171538093e-01
1.486519642044295819e-01
6.570080680065921996e-02
-1.007387860810640996e+05
-3.059680676690736436e+05
-1.007387860810640996e+05
-3.059680676690736436e+05
-1.007387860810640996e+05
-3.059680676690736436e+05
-1.007387860810640996e+05
-3.059680676690736436e+05
-1.007387860810640996e+05
-3.059680676690736436e+05
-1.007387860810640996e+05
-3.059680676690736436e+05
-1.007387860810640996e+05
-3.059680676690736436e+05
-1.007387860810640996e+05
-3.059680676690736436e+05
-9.841638955498894211e+04
-2.963493993177241064e+05
-7.347916328815241286e+04
-2.002912290741875768e+05
-4.923919210570379801e+04
-1.195817850068638218e+05
-2.348940592407825898e+04
-4.939745361589481763e+04
-1.233353511308024827e+04
-4.376696075576986914e+04
-1.387666939419276787e+04
-4.376696075576986914e+04
-1.387666939419276787e+04
-4.376696075576986914e+04
-1.387666939419276787e+04
-4.376696075576986914e+04
-1.387666939419276787e+04
-4.376696075576986914e+04
-1.387666939419276787e+04
-4.376696075576986914e+04
-1.387666939419276787e+04
-4.376696075576986914e+04
-1.387666939419276787e+04
-4.376696075576986914e+04
-1.387666939419276787e+04
-4.376696075576986914e+04
-1.387666939419276787e+04
-4.376696075576986914e+04
-1.387666939419276787e+04
-4.376696075576986914e+04
-1.387666939419276787e+04
-4.376696075576986914e+04
-1.387666939419276787e+04
-4.376696075576986914e+04
-1.387666939419276787e+04
-4.376696075576986914e+04
-1.387666939419276787e+04
-4.376696075576986914e+04
-1.387666939419276787e+04
-4.376696075576986914e+04
-1.387666939419276787e+04
-4.376696075576986914e+04
-1.387666939419276787e+04
-4.376696075576986914e+04
-1.387666939419276787e+04
-4.376696075576986914e+04
-1.387666939419276787e+04
-4.376696075576986914e+04
-1.387666939419276787e+04
-4.376696075576986914e+04
-1.387666939419276787e+04
-4.376696075576986914e+04
-1.366203336122077235e+04
-4.292903169802668708e+04
-1.120354254697316719e+04
-3.362550598140591319e+04
-8.462031060261109815e+03
-2.392354659392470785e+04
-4.915513653962132594e+03
-1.255750770605380785e+04
-2.995494239310140983e+03
-7.071327426903238120e+03
-2.995494239310146440e+03
-7.071327426903257219e+03
-4.915513653962132594e+03
-1.255750770605382058e+04
-8.284253234606170736e+03
-2.392354659392468966e+04
-1.835774578389050293e+04
-2.606077937778683918e+04
-4.939745360745872313e+04
-8.464342016911820974e+04
-8.877805803253072372e+04
-1.881569141914807551e+05
-1.945676001368890284e+05
-4.103534040496976813e+05
-3.378827598740499234e+05
-6.758799119579169201e+05
-6.758799116885901894e+05
-1.186767326989499852e+06
-8.469664564827068243e+05
-1.112438545154571068e+06
-1.112438545608724467e+06
-1.386419438221683493e+06
-1.314703625587598654e+06
-1.563985961051652906e+06
-1.563985960116822738e+06
-1.728874542095154058e+06
-1.314703626766343601e+06
-1.563985961051659193e+06
-1.563985960116836941e+06
-1.728874547880104044e+06
-1.684957225091379369e+06
-1.761643032853025710e+06
-1.761643041483253473e+06
-1.767326258391042706e+06
1.767326314357724972e+06
1.761643056431348668e+06
1.761643047801031498e+06
1.684957228922333801e+06
1.728874547880070750e+06
1.563985962328646565e+06
1.563985963263476733e+06
1.314703626766340341e+06
1.728874547880070750e+06
1.563985962328644004e+06
5.501477942349368241e+05
1.314703626766340341e+06
1.386419439599890029e+06
1.112438546395343030e+06
1.112438545941192191e+06
8.469664569474533200e+05
-1.684957225091385888e+06
-1.761643032853065524e+06
-1.761643041483311681e+06
-1.767326258390844101e+06
1.767326314357696334e+06
1.761643056431314209e+06
1.761643047801070148e+06
1.684957228922350332e+06
4.290396929181420710e+05
6.758799120072086807e+05
1.030953280911196634e+05
2.312292560196993873e+05
3.659503709069127945e+04
9.230550858082887135e+04
9.087279344280697842e+03
2.532084528740145106e+04
3.345955315540772972e+03
9.781048665203303244e+03
4.292903169802703633e+04
1.366203336122087967e+04
4.376696075577024749e+04
1.387666939419288792e+04
4.376696075577024749e+04
1.387666939419288792e+04
4.376696075577024749e+04
1.387666939419288792e+04
4.376696075577024749e+04
1.387666939419288792e+04
4.376696075577024749e+04
1.387666939419288792e+04
4.376696075577024749e+04
1.387666939419288792e+04
4.376696075577024749e+04
1.387666939419288792e+04
4.376696075577024749e+04
1.387666939419288792e+04
4.376696075577024749e+04
1.387666939419288792e+04
4.376696075577024749e+04
8.284253234606263504e+03
2.606077937778712658e+04
1.835774578389074668e+04
8.464342016911925748e+04
4.939745361743915419e+04
1.881569141914834036e+05
8.877805805293125741e+04
4.103534042006217060e+05
7.050381373391943871e-05
6.758799122765351785e+05
2.008131337577486277e-04
1.186767327899032272e+06
8.676736743223037365e-04
1.563985963263475802e+06
1.074127258074981115e-03
1.236155627869880286e-03
4.613349252914432548e-03
1.236155627869854699e-03
4.613349252914432548e-03
2.878144233886036963e-04
1.074127258074988704e-03
7.085660508654142813e-03
1.046290368100032987e-02
1.649756104852195988e-03
2.436080475649182123e-03
1.649756104852195988e-03
2.436080475649165210e-03
7.085660508654288529e-03
1.046290368100032987e-02
2.324935479958466016e-04
8.676736743223134943e-04
5.380796874812315118e-05
2.008131337577517719e-04
1.889152833297613279e-05
7.050381373392052291e-05
4.650889410062074950e-06
1.735727437635123241e-05
1.705643578326831184e-06
6.365518714168923139e-06
4.458489187426549081e-07
1.663923032930697330e-06
1.699259771365478306e-07
6.341694133701766997e-07
4.638107896238324588e-08
1.730957334052261086e-07
1.813449110502033268e-08
6.767852555348893222e-08
5.091779236562043291e-09
1.900268991165628863e-08
9.627186595143801640e+01
-6.284236528792825993e+01
4.255063337327712247e+01
-2.192593301557011287e+01
2.340578406006723000e+01
-9.979069086411339384e+00
1.034486526751185664e+01
-3.346245737753697824e+00
5.690366300246909148e+00
2.515015431651065558e+00
4.495961448943750938e+00
1.555670070263107885e+00
3.110840631821985891e+00
1.105029044881882916e+00
1.761254397749964173e+00
6.501245412850102934e-01
1.111478582580410102e+00
4.224781952749350755e-01
5.616655123585517773e-01
2.223818309210829069e-01
3.289273638913232101e-01
1.341922902478164814e-01
1.517167916059746768e-01
6.445070071792850797e-02
8.371601880807341689e-02
3.660925864786271355e-02
3.613978125463413599e-02
1.632365938408496947e-02
-6.562458886704634642e+05
-1.565148122654164676e+06
-6.562458886704634642e+05
-1.565148122654164676e+06
-6.562458886704634642e+05
-1.565148122654164676e+06
-6.562458886704634642e+05
-1.565148122654164676e+06
-6.562458886704634642e+05
-1.565148122654164676e+06
-6.562458886704634642e+05
-1.565148122654164676e+06
-6.562458886704634642e+05
-1.565148122654164676e+06
-6.562458886704634642e+05
-1.565148122654164676e+06
-6.286831677341323812e+05
-1.444158505594358081e+06
-3.778227302380152396e+05
-6.758799119579209946e+05
-2.001718479043563711e+05
-4.103534040496994276e+05
-8.877805803253129125e+04
-3.059680676690749242e+05
-1.007387860810649145e+05
-3.059680676690749242e+05
-1.007387860810649145e+05
-3.059680676690749242e+05
-1.007387860810649145e+05
-3.059680676690749242e+05
-1.007387860810649145e+05
-3.059680676690749242e+05
-1.007387860810649145e+05
-3.059680676690749242e+05
-1.007387860810649145e+05
-3.059680676690749242e+05
-1.007387860810649145e+05
-3.059680676690749242e+05
-1.007387860810649145e+05
-3.059680676690749242e+05
-1.007387860810649145e+05
-3.059680676690749242e+05
-1.007387860810649145e+05
-3.059680676690749242e+05
-1.007387860810649145e+05
-3.059680676690749242e+05
-1.007387860810649145e+05
-3.059680676690749242e+05
-1.007387860810649145e+05
-3.059680676690749242e+05
-1.007387860810649145e+05
-3.059680676690749242e+05
-1.007387860810649145e+05
-3.059680676690749242e+05
-1.007387860810649145e+05
-3.059680676690749242e+05
-1.007387860810649145e+05
-3.059680676690749242e+05
-1.007387860810649145e+05
-3.059680676690749242e+05
-1.007387860810649145e+05
-3.059680676690749242e+05
-1.007387860810649145e+05
-3.059680676690749242e+05
-1.007387860810649145e+05
-3.059680676690749242e+05
-1.007387860810649145e+05
-3.059680676690749242e+05
-9.841638955498962605e+04
-2.963493993177255616e+05
-7.347916328815290763e+04
-2.002912290741879260e+05
-4.923919210570430005e+04
-1.195817850068644475e+05
-2.348940592407847726e+04
-4.939745361589505774e+04
-1.233353511308032648e+04
-4.376696075576986914e+04
-1.233353511308034285e+04
-4.376696075576986914e+04
-2.348940592407847726e+04
-4.939745361589511595e+04
-4.923919210570422729e+04
-1.195817850068643165e+05
-7.347916328815283487e+04
-2.002912290741878096e+05
-9.230550858082878403e+04
-2.963493993177255616e+05
-2.312292560196991253e+05
-1.030953280911203037e+05
-6.758799116885934491e+05
-4.290396929181423038e+05
-8.469664564827096183e+05
-1.112438545154572465e+06
-1.112438545608727494e+06
-1.386419438221691875e+06
-1.314703626766333822e+06
-5.501477942349408986e+05
-1.563985960116833914e+06
-1.728874547880096594e+06
-1.314703626766341971e+06
-1.563985961051660823e+06
-1.563985960116836941e+06
-1.728874547880104044e+06
-1.684957225091373781e+06
-1.761643032853065524e+06
-1.761643041483310284e+06
-1.767326258390833158e+06
1.767326314357853727e+06
1.761643056431319797e+06
1.761643047801072942e+06
1.684957228922351031e+06
1.728874547880088445e+06
1.563985962328644702e+06
1.563985963263468584e+06
1.314703626766340341e+06
1.728874553665018873e+06
1.563985962328644004e+06
1.563985963263466256e+06
1.314703626766340341e+06
1.386419439599891892e+06
1.112438546395343030e+06
1.112438545941193122e+06
8.469664569474533200e+05
-1.684957225091374945e+06
-1.761643032853065524e+06
-1.761643041483310284e+06
-1.767326258390833158e+06
1.767326314357858617e+06
1.761643056431317003e+06
1.761643047801071079e+06
1.684957228922351031e+06
1.186767327899022261e+06
6.758799120072098449e+05
6.758799122765327338e+05
3.378827599890631973e+05
4.103534042006175150e+05
1.945676001919221308e+05
1.881569141914811626e+05
8.877805805293045705e+04
8.464342016911820974e+04
4.939745361743864487e+04
2.606077937778683918e+04
1.835774578389053204e+04
1.068820163443221099e+04
8.284253234606194383e+03
3.116838305887646584e+03
2.673495157400710468e+03
5.968501349869078695e+03
1.145379941896628907e+03
5.968501349869078695e+03
1.882524107173543598e+03
5.968501349869078695e+03
1.882524107173543598e+03
5.968501349869078695e+03
1.882524107173543598e+03
5.968501349869078695e+03
1.882524107173543598e+03
5.968501349869078695e+03
1.882524107173543598e+03
5.968501349869078695e+03
1.882524107173543598e+03
5.968501349869078695e+03
1.882524107173543598e+03
5.968501349869078695e+03
1.882524107173543598e+03
5.767291987047100520e+03
6.341694133701779702e-07
1.191669908133605895e+04
1.663923032930700718e-06
1.705643578326840290e-06
6.365518714168956173e-06
4.650889410062097820e-06
1.735727437635123241e-05
1.889152833297604131e-05
7.050381373391943871e-05
5.380796874812261585e-05
2.008131337577486277e-04
2.324935479958453006e-04
8.676736743223037365e-04
2.878144233886036963e-04
1.074127258074981115e-03
1.236155627869880286e-03
4.613349252914432548e-03
1.236155627869854699e-03
4.613349252914432548e-03
2.878144233886036963e-04
1.074127258074988704e-03
7.085660508654142813e-03
1.046285413369872283e-02
1.649756104852195988e-03
2.436068939538581050e-03
1.649756104852195988e-03
2.436068939538563703e-03
7.085660508654288529e-03
1.046285413369872283e-02
2.324935479958466016e-04
8.676736743223134943e-04
5.380796874812315118e-05
2.008131337577517719e-04
1.889152833297613279e-05
7.050381373392052291e-05
4.650889410062074950e-06
1.735727437635123241e-05
1.705643578326831184e-06
6.365518714168923139e-06
4.458489187426549081e-07
-1.191669908133594436e+04
1.699259771365478306e-07
-5.767291987047048679e+03
4.638107896238324588e-08
-2.014188274750542632e+03
-5.576548055685161671e+02
-9.047816540038851372e+02
-1.963852592964630333e+02
-2.950884524704512728e+02
-8.946970751649864440e+01
-1.281450218315099505e+02
-2.989510272970732174e+01
-4.047975109674692362e+01
-1.323323378217363455e+01
-1.729531525644560119e+01
-4.291518488649509244e+00
-5.378277009104643902e+00
-1.868152138394411077e+00
-2.279289227906456272e+00
-5.952053511049137935e-01
-7.031791928278554593e-01
-2.564984898778715494e-01
-2.967794505395989768e-01
3.092612540420635048e-01
-9.119563938139725601e-02
2.049283725105352783e-01
-3.841220162704506169e-02
1.108669531423807919e-01
-1.178166580704191960e-02
6.827381263894942431e-02
2.651387230233148359e-02
3.371197344162710219e-02
1.356294013006805604e-02
1.953647639512287593e-02
8.065015918687135077e-03
8.947526799894812630e-03
3.824169167236361570e-03
-2.148262027013531420e+06
-2.472295057206702419e+06
-2.148262027013531420e+06
-2.472295057206702419e+06
-2.148262027013531420e+06
-2.472295057206702419e+06
-2.148262027013531420e+06
-2.472295057206702419e+06
2.472295057206703350e+06
2.148262027013534680e+06
2.472295057206703350e+06
2.148262027013534680e+06
2.472295057206703350e+06
2.148262027013534680e+06
2.472295057206703350e+06
2.148262027013534680e+06
-2.148262027013531420e+06
-2.472295057206702419e+06
-2.148262027013531420e+06
-2.472295057206702419e+06
-2.148262027013531420e+06
-2.472295057206702419e+06
-2.148262027013531420e+06
-2.472295057206702419e+06
2.472295057206703350e+06
2.148262027013534680e+06
2.472295057206703350e+06
2.148262027013534680e+06
2.472295057206703350e+06
2.148262027013534680e+06
2.472295057206703350e+06
2.148262027013534680e+06
-2.148262027013531420e+06
-2.472295057206702419e+06
-2.148262027013531420e+06
-2.472295057206702419e+06
-2.148262027013531420e+06
-2.472295057206702419e+06
-2.148262027013531420e+06
-2.472295057206702419e+06
2.472295057206703350e+06
2.148262027013534680e+06
2.472295057206703350e+06
2.148262027013534680e+06
2.472295057206703350e+06
2.148262027013534680e+06
2.472295057206703350e+06
2.148262027013534680e+06
-2.148262027013531420e+06
-2.472295057206702419e+06
-2.148262027013531420e+06
-2.472295057206702419e+06
-2.148262027013531420e+06
-2.472295057206702419e+06
-2.148262027013531420e+06
-2.472295057206702419e+06
2.472295057206703350e+06
2.148262027013534680e+06
2.472295057206703350e+06
1.563985962328641210e+06
2.472295057206703350e+06
2.148262027013534680e+06
2.472295057206703350e+06
2.148262027013534680e+06
-2.053179519756763242e+06
-1.728874547880098689e+06
-1.314703626766354544e+06
-1.563985961051664082e+06
-1.112438545608732617e+06
-1.386419438221696299e+06
-8.469664564827131107e+05
-1.112438545154576423e+06
-1.563985960116837174e+06
-1.728874542095168727e+06
-1.314703625587611925e+06
-1.563985961051664082e+06
-1.761643041483283276e+06
-1.767326258390896255e+06
-1.684957225091380067e+06
-1.761643032853065524e+06
1.761643047801070148e+06
1.684957228922329610e+06
1.767326314357581083e+06
1.761643056431375677e+06
-6.758799116885942640e+05
-1.186767326989504509e+06
-6.562458886704634642e+05
-1.565148122654164676e+06
-6.562458886704634642e+05
-1.565148122654164676e+06
-6.562458886704634642e+05
-1.565148122654164676e+06
-6.562458886704634642e+05
-1.565148122654164676e+06
-6.562458886704634642e+05
-1.565148122654164676e+06
-6.562458886704634642e+05
-1.565148122654164676e+06
-6.562458886704634642e+05
-1.565148122654164676e+06
-6.562458886704634642e+05
-1.565148122654164676e+06
-6.562458886704634642e+05
-1.565148122654164676e+06
-6.562458886704634642e+05
-1.565148122654164676e+06
-6.562458886704634642e+05
-1.565148122654164676e+06
-6.562458886704634642e+05
-1.565148122654164676e+06
-6.562458886704634642e+05
-1.565148122654164676e+06
-6.562458886704634642e+05
-1.565148122654164676e+06
-6.562458886704634642e+05
-1.565148122654164676e+06
-6.562458886704634642e+05
-1.565148122654164676e+06
-6.562458886704634642e+05
-1.565148122654164676e+06
-6.562458886704634642e+05
-1.565148122654164676e+06
-6.562458886704634642e+05
-1.565148122654164676e+06
-6.562458886704634642e+05
-1.565148122654164676e+06
-6.562458886704634642e+05
-1.565148122654164676e+06
-6.562458886704634642e+05
-1.565148122654164676e+06
-6.562458886704634642e+05
-1.565148122654164676e+06
-6.286831677341321483e+05
-1.444158505594359711e+06
-3.778227302380148321e+05
-6.758799119579197140e+05
-2.001718479043571569e+05
-4.103534040497002425e+05
-8.877805803253153863e+04
-3.059680676690736436e+05
-1.007387860810645070e+05
-3.059680676690736436e+05
-1.007387860810645070e+05
-3.059680676690736436e+05
-8.877805803253153863e+04
-3.059680676690736436e+05
-2.001718479043567786e+05
-4.103534040496994276e+05
-3.778227302380143665e+05
-6.758799119579190155e+05
-6.286831677341320319e+05
-1.444158505594359012e+06
-6.562458886704634642e+05
-1.565148122654164676e+06
2.324935479958448669e-04
-1.186767326989508001e+06
2.878144233886019074e-04
1.074127258074981115e-03
1.236155627869851880e-03
4.613349252914421272e-03
1.236155627869864240e-03
4.613349252914468110e-03
1.563985963263473939e+06
1.074127258074993258e-03
7.085660508654195722e-03
1.046290368100040967e-02
1.649756104852203361e-03
2.436080475649193399e-03
1.649756104852185580e-03
-1.563985961051665479e+06
7.085660508654125465e-03
1.046290368100030559e-02
1.186767327899030643e+06
8.676736743223116511e-04
6.758799122765331995e+05
2.008131337577499830e-04
4.103534042006201926e+05
7.050381373392004857e-05
1.945676002384417225e+05
8.877805805293106823e+04
1.098053000781535229e+05
4.939745361743909598e+04
4.939745362587481941e+04
2.200499600995725996e+04
2.734470267404346669e+04
1.213827458760258014e+04
1.191669908133595891e+04
5.375153359800777253e+03
5.767291987047061411e+03
2.958714274033472066e+03
2.014188274750542632e+03
1.162379656815159478e+03
9.047816540038869562e+02
5.576548055685176450e+02
8.085836838567538507e+02
1.963852592964634312e+02
8.085836838567538507e+02
2.548549102434456586e+02
8.085836838567538507e+02
2.548549102434456586e+02
8.085836838567538507e+02
2.548549102434456586e+02
8.085836838567538507e+02
2.548549102434456586e+02
8.085836838567538507e+02
2.548549102434456586e+02
8.085836838567538507e+02
6.767852555348854841e-08
4.638107896238306721e-08
1.730957334052253939e-07
1.699259771365481747e-07
6.341694133701779702e-07
4.458489187426558081e-07
1.663923032930700718e-06
1.705643578326840290e-06
6.365518714168956173e-06
4.650889410062097820e-06
1.735727437635123241e-05
1.889152833297604131e-05
7.050381373391943871e-05
5.380796874812261585e-05
2.008131337577486277e-04
2.324935479958453006e-04
8.676736743223037365e-04
2.878144233886036963e-04
1.074127258074981115e-03
1.236155627869880286e-03
4.613349252914432548e-03
1.236155627869854699e-03
4.613349252914432548e-03
2.878144233886036963e-04
1.074127258074988704e-03
7.085660508654142813e-03
1.046290368100032987e-02
1.649756104852195988e-03
-1.563985961051655933e+06
1.649756104852195988e-03
2.436080475649165210e-03
7.085660508654288529e-03
1.046290368100032987e-02
2.324935479958466016e-04
-1.186767326989503810e+06
5.380796874812315118e-05
-6.758799119579214603e+05
1.889152833297613279e-05
-4.103534040497019305e+05
-8.877805803253088379e+04
-1.881569141914812499e+05
-4.939745360745885409e+04
-8.464342016911799146e+04
-1.835774578389053204e+04
-2.606077937778681007e+04
-8.284253234606172555e+03
-1.068820163443219099e+04
-2.673495157400710468e+03
-3.116838305887646584e+03
-1.145379941896626178e+03
-1.260153615077669201e+03
-3.541656059879907730e+02
-3.658651053447118784e+02
-1.489059938739754045e+02
-1.482066048432826051e+02
-4.532701623581112216e+01
-4.326704676277125827e+01
-1.892715692004462724e+01
-1.761245436889891636e+01
-5.729986206780660396e+00
-5.177324159181996066e+00
-2.387576935234396291e+00
-2.117960862442369141e+00
-7.218961324023447368e-01
-6.266122055694387516e-01
-3.007645790009521036e-01
-2.574736938552848464e-01
-9.098801139192355669e-02
-7.660546274698173952e-02
-3.793719761782268080e-02
-3.159775667761201973e-02
-1.149225590662337863e-02
-9.446896061916246201e-03
-4.797066209079647696e-03
-3.909441687505513068e-03
-1.455573040869842603e-03
-1.173705040494693900e-03
4.147098833736538245e-03
-4.870974745208939615e-04
2.014296459471768847e-03
-1.467657629287592391e-04
1.565148122654169099e+06
6.562458886704678880e+05
1.565148122654164676e+06
6.562458886704656761e+05
1.565148122654169099e+06
6.562458886704678880e+05
1.565148122654164676e+06
6.562458886704656761e+05
1.565148122654169099e+06
6.562458886704678880e+05
1.565148122654164676e+06
6.562458886704656761e+05
1.565148122654169099e+06
6.562458886704678880e+05
1.186767327899022726e+06
6.758799120072078658e+05
1.563985963263467886e+06
1.314703626766342437e+06
1.728874553665011888e+06
1.563985962328641210e+06
1.112438545941185905e+06
8.469664569474511081e+05
1.386419439599880017e+06
1.112438546395341400e+06
1.563985963263459969e+06
1.314703627945070155e+06
1.728874547880098689e+06
2.053179519756758353e+06
1.761643047801069450e+06
1.684957228922331706e+06
1.767326314357581083e+06
1.761643056431375677e+06
-1.761643041483283276e+06
-1.767326258390896255e+06
-1.684957225091376808e+06
-1.761643032853065524e+06
-1.563985960116834613e+06
-2.472295057206702419e+06
-2.148262027013531420e+06
-2.472295057206702419e+06
-2.148262027013531420e+06
-2.472295057206702419e+06
-2.148262027013531420e+06
-2.472295057206702419e+06
2.472295057206702419e+06
2.148262027013534680e+06
2.472295057206702419e+06
2.148262027013534680e+06
2.472295057206702419e+06
2.148262027013534680e+06
2.472295057206702419e+06
2.148262027013534680e+06
-2.148262027013531420e+06
-2.472295057206702419e+06
-2.148262027013531420e+06
-2.472295057206702419e+06
-2.148262027013531420e+06
-2.472295057206702419e+06
-2.148262027013531420e+06
-2.472295057206702419e+06
2.472295057206702419e+06
2.148262027013534680e+06
2.472295057206702419e+06
2.148262027013534680e+06
2.472295057206702419e+06
2.148262027013534680e+06
2.472295057206702419e+06
2.148262027013534680e+06
-2.148262027013531420e+06
-2.472295057206702419e+06
-2.148262027013531420e+06
-2.472295057206702419e+06
-2.148262027013531420e+06
-2.472295057206702419e+06
-2.148262027013531420e+06
-2.472295057206702419e+06
2.472295057206702419e+06
2.148262027013534680e+06
2.472295057206702419e+06
2.148262027013534680e+06
2.472295057206702419e+06
2.148262027013534680e+06
2.472295057206702419e+06
2.148262027013534680e+06
-2.148262027013531420e+06
-2.472295057206702419e+06
-2.148262027013531420e+06
-2.472295057206702419e+06
-2.148262027013531420e+06
-2.472295057206702419e+06
-2.148262027013531420e+06
-2.472295057206702419e+06
2.472295057206702419e+06
2.148262027013534680e+06
2.472295057206702419e+06
2.148262027013534680e+06
2.472295057206702419e+06
2.148262027013534680e+06
2.472295057206702419e+06
2.148262027013534680e+06
-2.148262027013531420e+06
-2.472295057206702419e+06
-2.148262027013531420e+06
-2.472295057206702419e+06
-2.148262027013531420e+06
-2.472295057206702419e+06
-2.148262027013531420e+06
-2.472295057206702419e+06
2.472295057206702419e+06
2.148262027013534680e+06
2.472295057206702419e+06
2.148262027013534680e+06
2.472295057206702419e+06
2.148262027013534680e+06
2.472295057206702419e+06
2.148262027013534680e+06
-2.148262027013531420e+06
-2.472295057206702419e+06
-2.148262027013531420e+06
-2.472295057206702419e+06
-2.148262027013531420e+06
-2.472295057206702419e+06
-2.148262027013531420e+06
-2.472295057206702419e+06
2.472295057206702419e+06
2.148262027013534680e+06
2.472295057206702419e+06
2.148262027013534680e+06
2.472295057206702419e+06
2.148262027013534680e+06
2.472295057206702419e+06
2.148262027013534680e+06
-2.148262027013531420e+06
-2.472295057206702419e+06
-2.148262027013531420e+06
-2.472295057206702419e+06
-2.148262027013531420e+06
-2.472295057206702419e+06
-2.148262027013531420e+06
-2.472295057206702419e+06
2.472295057206702419e+06
2.148262027013534680e+06
2.472295057206702419e+06
2.148262027013534680e+06
2.472295057206702419e+06
2.148262027013534680e+06
2.472295057206702419e+06
2.148262027013534680e+06
-2.148262027013531420e+06
-2.472295057206702419e+06
-2.148262027013531420e+06
-2.472295057206702419e+06
-2.148262027013531420e+06
-2.472295057206702419e+06
-2.148262027013531420e+06
-2.472295057206702419e+06
2.472295057206702419e+06
2.148262027013534680e+06
2.472295057206702419e+06
2.148262027013534680e+06
2.472295057206702419e+06
2.148262027013534680e+06
2.472295057206702419e+06
2.148262027013534680e+06
-2.148262027013531420e+06
-2.472295057206702419e+06
-2.148262027013531420e+06
-2.472295057206702419e+06
-2.148262027013531420e+06
-2.472295057206702419e+06
-2.148262027013531420e+06
-2.472295057206702419e+06
2.472295057206702419e+06
2.148262027013534680e+06
2.472295057206702419e+06
2.148262027013534680e+06
2.472295057206702419e+06
2.148262027013534680e+06
2.472295057206702419e+06
2.148262027013534680e+06
-2.148262027013531420e+06
-2.472295057206702419e+06
-2.148262027013531420e+06
-2.472295057206702419e+06
-2.148262027013531420e+06
-2.472295057206702419e+06
-2.148262027013531420e+06
-2.472295057206702419e+06
2.472295057206702419e+06
2.148262027013534680e+06
2.472295057206702419e+06
2.148262027013534680e+06
2.472295057206702419e+06
2.148262027013534680e+06
2.472295057206702419e+06
2.148262027013534680e+06
-2.148262027013531420e+06
-2.472295057206702419e+06
-2.148262027013531420e+06
-2.472295057206702419e+06
-2.148262027013531420e+06
-2.472295057206702419e+06
-2.148262027013531420e+06
-2.472295057206702419e+06
2.472295057206702419e+06
2.148262027013534680e+06
2.472295057206702419e+06
2.148262027013534680e+06
2.472295057206702419e+06
2.148262027013534680e+06
2.472295057206702419e+06
2.148262027013534680e+06
-2.148262027013531420e+06
-2.472295057206702419e+06
-2.148262027013531420e+06
-2.472295057206702419e+06
-2.148262027013531420e+06
-2.472295057206702419e+06
-2.148262027013531420e+06
-2.472295057206702419e+06
2.472295057206702419e+06
2.148262027013534680e+06
2.472295057206702419e+06
1.563985962328641210e+06
2.472295057206702419e+06
2.148262027013534680e+06
2.472295057206702419e+06
2.148262027013534680e+06
-2.053179519756759750e+06
-1.728874547880108003e+06
-1.314703626766346861e+06
-1.563985961051664082e+06
-1.112438545608727960e+06
-1.386419438221690943e+06
-8.469664564827131107e+05
-1.112438545154576423e+06
-1.563985960116837174e+06
-1.728874542095185257e+06
-1.314703626766342437e+06
-1.563985961051648948e+06
-1.761643041483283276e+06
-1.767326258390896255e+06
-1.684957225091375411e+06
-1.761643032853065524e+06
1.761643047801091336e+06
1.684957228922348469e+06
1.767326314357664902e+06
1.761643056431308389e+06
-6.758799116885976400e+05
-1.186767326989501016e+06
-6.562458886704656761e+05
-1.565148122654164676e+06
-6.562458886704634642e+05
-1.565148122654160950e+06
-6.562458886704656761e+05
-1.565148122654164676e+06
-6.562458886704634642e+05
-1.565148122654160950e+06
-6.758799116885970579e+05
-1.186767326989503810e+06
-8.469664564827115973e+05
-1.112438545154574327e+06
-1.112438545608724700e+06
-1.386419438221686287e+06
-1.314703626766339643e+06
-1.563985961051657563e+06
-1.563985960116831819e+06
-1.728874542095171520e+06
-1.314703626766341040e+06
-1.563985961051660124e+06
-2.053179519756757421e+06
-1.728874547880102880e+06
-1.684957225091385655e+06
-1.761643032853065524e+06
-1.761643041483259993e+06
-1.767326258390812436e+06
1.767326314357706811e+06
1.761643056431319797e+06
1.761643047801035456e+06
1.684957228922328912e+06
-2.148262027013531420e+06
-2.472295057206702419e+06
-2.148262027013531420e+06
-2.472295057206702419e+06
-2.148262027013531420e+06
-2.472295057206702419e+06
-1.563985960116845556e+06
-2.472295057206702419e+06
2.472295057206702419e+06
2.148262027013534680e+06
2.472295057206702419e+06
2.148262027013534680e+06
2.472295057206702419e+06
1.563985962328645866e+06
2.472295057206702419e+06
2.148262027013534680e+06
1.728874547880096594e+06
2.053179519756758353e+06
1.563985963263478363e+06
1.314703626766331960e+06
1.728874547880088445e+06
1.563985962328653084e+06
5.501477942349371733e+05
1.314703626766340341e+06
1.386419439599888399e+06
1.112438546395345358e+06
1.112438545941191493e+06
8.469664569474527379e+05
-1.684957225091390312e+06
-1.761643032853054116e+06
-1.761643041483302834e+06
-1.767326258390833158e+06
1.767326314357853727e+06
1.761643056431312580e+06
1.761643047801063862e+06
1.684957228922342882e+06
4.290396929181470186e+05
6.758799120072136866e+05
1.030953280911223701e+05
2.312292560197013081e+05
3.659503709069195611e+04
9.230550858082977356e+04
9.087279344280968871e+03
2.532084528740170572e+04
3.345955315540826632e+03
9.781048665203357814e+03
1.213827458921485959e+04
2.686782690459169771e+03
6.687195986004945553e+03
1.051331567519022428e+03
2.958714274355003454e+03
1.308295909576933582e+03
1.628101393173876659e+03
7.197689715757089743e+02
7.106907308491140611e+02
3.181577486287042689e+02
3.571784642372616076e+02
1.750148512007642978e+02
1.330493291247757099e+02
7.086135680591870312e+01
6.284236528792825993e+01
3.513951164896747059e+01
1.094452063848356858e+02
3.449238166046640686e+01
1.094452063848362542e+02
3.449238166046660581e+01
1.094452063848356858e+02
1.343329368874385210e+01
1.008984978949446187e+01
3.344055681920968226e+01
3.589071989330893331e+01
1.170971054240587392e+02
9.169032229536935574e+01
2.948839555413296125e+02
3.352498620526474724e+02
1.051331567519024247e+03
8.778998359705340135e+02
2.686782690459164769e+03
3.345955315540843458e+03
9.781048665203323253e+03
9.087279344280810619e+03
2.532084528740149472e+04
3.659503709069223260e+04
9.230550858082913328e+04
1.030953280911206966e+05
2.312292560196998529e+05
4.290396929181467276e+05
6.758799120072056539e+05
5.501477942349346122e+05
1.314703626766331261e+06
1.728874547880100086e+06
1.563985962328641210e+06
1.112438545941185672e+06
8.469664569474478485e+05
1.386419439599890029e+06
1.112438546395341400e+06
1.563985963263462530e+06
1.314703626766342437e+06
1.728874547880116617e+06
1.563985962328648893e+06
1.761643047801114619e+06
1.684957228922331706e+06
1.767326314357748721e+06
1.761643056431331905e+06
-1.761643041483282577e+06
-1.767326258390896255e+06
-1.684957225091366796e+06
-1.761643032853020122e+06
-1.563985960116834613e+06
-1.728874547880098689e+06
-1.314703626766338479e+06
-1.563985961051655933e+06
-1.112438545608728658e+06
-1.386419438221692806e+06
-8.469664564827161375e+05
-1.112438545154580846e+06
-1.563985960116842529e+06
-1.728874547880098689e+06
-1.314703625587615650e+06
-5.501477942349556834e+05
-1.761643041483327281e+06
-1.767326258390728617e+06
-1.684957225091380067e+06
-1.761643032853065524e+06
1.761643047801070148e+06
1.684957228922331706e+06
1.767326314357581083e+06
1.761643056431331905e+06
-6.758799116885976400e+05
-4.290396929181537707e+05
-2.312292560196987761e+05
-1.030953280911206966e+05
-9.230550858082869672e+04
-3.659503709069183242e+04
-2.532084528740138558e+04
-9.087279344280770601e+03
-9.781048665203270502e+03
-3.345955315540826177e+03
-2.686782690459160222e+03
-8.778998359705321946e+02
-1.051331567519021064e+03
-3.352498620526468471e+02
-2.948839555413313178e+02
-9.169032229537023682e+01
-1.170971054240591656e+02
-3.589071989330914647e+01
-3.344055681920994516e+01
-1.008984978949453648e+01
-1.343329368874388230e+01
-4.015307206962683395e+00
-3.889426150968047668e+00
-1.150234418806735270e+00
-1.576214146689061346e+00
-4.630778526564701680e-01
-4.612159264478326581e-01
-1.344608845289049781e-01
-1.881905971410942346e-01
-5.459741726632468678e-02
-5.552476011490697222e-02
-1.601522473720203357e-02
-2.277898416010913987e-02
-6.545636967474148180e-03
-6.765717536320926123e-03
-1.935334351053298553e-03
-2.787865589546846285e-03
-7.951019411138634781e-04
-8.325679923919086529e-04
-2.365838063443334344e-04
-3.443157306075469407e-04
-9.760539637360010515e-05
-1.032948383951907598e-04
-2.919409221783241545e-05
3.059680676690760884e+05
1.007387860810653801e+05
3.059680676690760884e+05
1.007387860810653801e+05
3.059680676690760884e+05
1.007387860810653801e+05
3.059680676690760884e+05
1.007387860810653801e+05
3.059680676690760884e+05
1.007387860810653801e+05
3.059680676690760884e+05
1.007387860810653801e+05
3.059680676690760884e+05
8.877805805293079175e+04
4.103534042006190284e+05
2.001718479043568077e+05
6.758799122765312204e+05
3.778227302380162873e+05
1.444158505594361341e+06
6.286831677341334289e+05
1.565148122654169099e+06
6.562458886704656761e+05
1.565148122654169099e+06
6.562458886704656761e+05
1.565148122654169099e+06
6.562458886704656761e+05
1.565148122654169099e+06
6.562458886704656761e+05
1.565148122654169099e+06
6.562458886704656761e+05
1.565148122654169099e+06
6.562458886704656761e+05
1.565148122654169099e+06
6.562458886704656761e+05
1.565148122654169099e+06
6.562458886704656761e+05
1.565148122654169099e+06
6.562458886704656761e+05
1.565148122654169099e+06
6.562458886704656761e+05
1.565148122654169099e+06
6.562458886704656761e+05
1.565148122654169099e+06
6.562458886704656761e+05
1.565148122654169099e+06
6.562458886704656761e+05
1.565148122654169099e+06
6.562458886704656761e+05
1.565148122654169099e+06
6.562458886704656761e+05
1.565148122654169099e+06
6.562458886704656761e+05
1.565148122654169099e+06
6.562458886704656761e+05
1.565148122654169099e+06
6.562458886704656761e+05
1.565148122654169099e+06
6.562458886704656761e+05
1.565148122654169099e+06
6.562458886704656761e+05
1.565148122654169099e+06
6.562458886704656761e+05
1.565148122654169099e+06
6.562458886704656761e+05
1.565148122654169099e+06
6.562458886704656761e+05
1.186767327899027383e+06
6.758799120072067017e+05
1.563985963263462530e+06
1.314703626766341040e+06
1.728874553665021434e+06
1.563985962328648428e+06
1.112438545941186836e+06
8.469664569474479649e+05
1.386419439599884674e+06
1.112438546395340702e+06
1.563985963263462763e+06
1.314703627945068758e+06
1.728874553665022133e+06
2.053179519756758353e+06
1.761643047801075969e+06
1.684957228922335664e+06
1.767326314357697498e+06
1.761643056431363104e+06
-1.761643041483313777e+06
-1.767326258390927920e+06
-1.684957225091385655e+06
-1.761643032853070647e+06
-1.563985960116832517e+06
-2.472295057206702419e+06
-2.148262027013531420e+06
-2.472295057206702419e+06
-2.148262027013527695e+06
-2.472295057206702419e+06
-2.148262027013531420e+06
-2.472295057206702419e+06
2.472295057206702419e+06
2.148262027013534680e+06
2.472295057206702419e+06
2.148262027013534680e+06
2.472295057206702419e+06
2.148262027013534680e+06
2.472295057206702419e+06
2.148262027013534680e+06
-2.148262027013527695e+06
-2.472295057206702419e+06
-2.148262027013531420e+06
-2.472295057206702419e+06
-2.148262027013527695e+06
-2.472295057206702419e+06
-2.148262027013531420e+06
-2.472295057206702419e+06
2.472295057206702419e+06
2.148262027013534680e+06
2.472295057206702419e+06
2.148262027013534680e+06
2.472295057206702419e+06
2.148262027013534680e+06
2.472295057206702419e+06
2.148262027013534680e+06
-2.148262027013527695e+06
-2.472295057206702419e+06
-2.148262027013531420e+06
-2.472295057206702419e+06
-2.148262027013527695e+06
-2.472295057206702419e+06
-1.563985960116836941e+06
-2.472295057206702419e+06
2.472295057206702419e+06
2.148262027013534680e+06
2.472295057206702419e+06
1.563985962328647729e+06
2.472295057206702419e+06
2.148262027013534680e+06
2.472295057206702419e+06
2.148262027013534680e+06
1.728874553665022831e+06
1.563985962328640046e+06
1.563985963263474405e+06
1.314703626766342437e+06
-1.563985960116836010e+06
-1.728874542095176643e+06
-1.314703625587609829e+06
-5.501477942349473014e+05
1.767326314357612515e+06
1.761643056431307457e+06
1.761643047801041277e+06
1.684957228922345210e+06
-1.761643041483293520e+06
-1.767326258390854346e+06
-1.684957225091383094e+06
-1.761643032853020588e+06
-1.684957225091366563e+06
-1.761643032853070647e+06
-1.761643041483246721e+06
-1.767326258390844101e+06
1.761643047801080393e+06
1.684957228922337061e+06
1.767326314357748721e+06
1.761643056431308389e+06
1.186767327899030875e+06
-4.290396929181506857e+05
1.565148122654169099e+06
6.562458886704656761e+05
1.444158505594361341e+06
6.286831677341334289e+05
6.758799122765333159e+05
3.778227302380141919e+05
4.103534042006203090e+05
2.001718479043557600e+05
1.881569141914826469e+05
8.877805805293115554e+04
8.464342016911902465e+04
4.939745361743932881e+04
2.606077937778711203e+04
1.835774578389071758e+04
1.068820163443228375e+04
8.284253234606263504e+03
3.116838305887655679e+03
2.673495157400720927e+03
1.260153615077671247e+03
1.145379941896631863e+03
3.658651053447104573e+02
3.541656059879916825e+02
1.482066048432826619e+02
1.489059938739758309e+02
1.750148512147119106e+02
4.532701623581107242e+01
9.627186595143761849e+01
1.892715692004464145e+01
4.214069655316728102e+01
1.880654364059859063e+01
2.162717437404768717e+01
1.034486526686089825e+01
1.481207835031165310e+01
2.387576935234379860e+00
5.177324159181986296e+00
5.729986206780611546e+00
1.761245436889884886e+01
1.892715692004454198e+01
4.326704676277084616e+01
4.532701623581087347e+01
1.482066048432815535e+02
1.489059938739746656e+02
3.658651053447082404e+02
3.541656059879895224e+02
1.260153615077671247e+03
1.145379941896631863e+03
3.116838305887650677e+03
2.673495157400720927e+03
1.068820163443224737e+04
8.284253234606221667e+03
2.606077937778696287e+04
1.835774578389062663e+04
8.464342016911879182e+04
4.939745361743884132e+04
1.881569141914816864e+05
8.877805805293079175e+04
4.103534042006172822e+05
7.050362443246114088e-05
6.758799122765312204e+05
2.008125945781347209e-04
1.186767327899026684e+06
8.676713446342650083e-04
1.563985963263470447e+06
1.074127258074996294e-03
1.236155627869880286e-03
4.613349252914527958e-03
1.236155627869854699e-03
4.613349252914432548e-03
2.878144233886078163e-04
1.074127258075011039e-03
7.085660508654142813e-03
1.046287890734952722e-02
1.649756104852219407e-03
2.436074707593932544e-03
1.649756104852207698e-03
2.436074707593898717e-03
7.085660508654288529e-03
1.046287890734973886e-02
2.324935479958479569e-04
8.676713446342747662e-04
5.380796874812230414e-05
2.008125945781347209e-04
1.889152833297583803e-05
7.050362443246076141e-05
4.650889410062074950e-06
1.735722777238495442e-05
1.705643578326831184e-06
6.365501622866881931e-06
4.458489187426549081e-07
1.663918565327599491e-06
1.699259771365478306e-07
6.341677106368291993e-07
4.638107896238324588e-08
1.730952686463292798e-07
1.813449110502033268e-08
6.767834383787804881e-08
5.091779236562043291e-09
1.900263888977919144e-08
2.024805591696028961e-09
7.556621702040769997e-09
5.795454141157649934e-10
2.162877004876824201e-09
2.332014196457564895e-10
8.703131381446670709e-10
6.767241370244574501e-11
2.525550265717298325e-10
2.746771929752645372e-11
1.025101691740144934e-10
8.053534603519699294e-12
3.005597900987494956e-11
3.290626395316182301e-12
1.228069446969772503e-11
9.725881123112080610e-13
3.629721523280478186e-12
3.994802941525576618e-13
1.490869776689184155e-12
1.188322496648095136e-13
4.434847278188636538e-13
4.901643157020988051e-14
1.829304660551578749e-13
1.465756522902267286e-14
5.470237536035985122e-14
4.376696075577006559e+04
1.387666939419285518e+04
4.376696075577006559e+04
1.387666939419285518e+04
4.376696075577006559e+04
1.387666939419285518e+04
4.376696075577006559e+04
1.387666939419285518e+04
4.376696075577006559e+04
1.387666939419285518e+04
4.376696075577006559e+04
1.233353511308033194e+04
4.939745362587475393e+04
2.348940592407837539e+04
1.195817850068640837e+05
4.923919210570405266e+04
2.002912290741873148e+05
7.347916328815279121e+04
2.963493993177253287e+05
9.841638955498943687e+04
3.059680676690749242e+05
1.007387860810647398e+05
3.059680676690749242e+05
1.007387860810647398e+05
3.059680676690749242e+05
1.007387860810647398e+05
3.059680676690749242e+05
1.007387860810647398e+05
3.059680676690749242e+05
1.007387860810647398e+05
3.059680676690749242e+05
1.007387860810647398e+05
3.059680676690749242e+05
1.007387860810647398e+05
3.059680676690749242e+05
1.007387860810647398e+05
3.059680676690749242e+05
1.007387860810647398e+05
3.059680676690749242e+05
1.007387860810647398e+05
3.059680676690749242e+05
1.007387860810647398e+05
3.059680676690749242e+05
1.007387860810647398e+05
3.059680676690749242e+05
1.007387860810647398e+05
3.059680676690749242e+05
1.007387860810647398e+05
3.059680676690749242e+05
1.007387860810647398e+05
3.059680676690749242e+05
1.007387860810647398e+05
3.059680676690749242e+05
1.007387860810647398e+05
3.059680676690749242e+05
1.007387860810647398e+05
3.059680676690749242e+05
1.007387860810647398e+05
3.059680676690749242e+05
1.007387860810647398e+05
3.059680676690749242e+05
1.007387860810647398e+05
3.059680676690749242e+05
1.007387860810647398e+05
3.059680676690749242e+05
8.877805805293032608e+04
4.103534042006173404e+05
2.001718479043566040e+05
6.758799122765319189e+05
3.778227302380147157e+05
1.444158505594362039e+06
6.286831677341326140e+05
1.565148122654169099e+06
6.562458886704645120e+05
1.565148122654169099e+06
6.562458886704645120e+05
1.565148122654169099e+06
6.562458886704645120e+05
1.565148122654169099e+06
6.562458886704645120e+05
1.565148122654169099e+06
2.008125945781357509e-04
1.186767327899027150e+06
8.676713446342673936e-04
1.563985963263467187e+06
1.074133026130292927e-03
1.236155627869861204e-03
4.613374026565261223e-03
1.236155627869867492e-03
4.613374026565283774e-03
2.878144233886052142e-04
1.074133026130294662e-03
7.085660508654213936e-03
1.046287890734963130e-02
1.649756104852204662e-03
-1.563985961051657563e+06
1.649756104852201626e-03
2.436074707593890044e-03
7.085660508654178374e-03
1.046287890734957926e-02
2.324912183078040788e-04
-1.186767326989505207e+06
5.380742956850909531e-05
-6.758799119579198305e+05
1.889133903151775026e-05
-4.103534040496997186e+05
2.002912290741871693e+05
-1.881569141914813081e+05
1.195817850068636471e+05
-8.464342016911829705e+04
4.939745362587492855e+04
-2.606077937778689738e+04
2.734470267404372862e+04
-1.068820163443220190e+04
1.191669908133604622e+04
-3.116838305887649767e+03
5.767291987047094153e+03
2.958714274033492984e+03
2.014188274750549681e+03
1.162379656815159933e+03
9.047816540038869562e+02
5.576548055685165082e+02
2.950884524704500222e+02
1.963852592964630901e+02
1.281450218315102347e+02
8.946970751649882914e+01
4.047975109674692362e+01
2.989510272970727911e+01
1.729531525644566159e+01
1.323323378217367008e+01
5.378277009104685646e+00
4.291518488649495922e+00
5.690366300246873621e+00
1.868152138394408635e+00
2.279289227906435400e+00
1.868152138394397976e+00
5.378277009104643902e+00
4.291518488649470164e+00
1.729531525644556567e+01
1.323323378217357238e+01
4.047975109674661809e+01
2.989510272970716898e+01
1.281450218315092116e+02
8.946970751649816123e+01
2.950884524704483738e+02
1.963852592964620385e+02
9.047816540038869562e+02
5.576548055685165082e+02
2.014188274750548089e+03
1.730952686463286445e-07
5.767291987047071416e+03
6.341677106368324816e-07
1.191669908133598619e+04
1.663918565327607749e-06
1.705626487024810306e-06
6.365501622866916660e-06
4.650842806095906221e-06
1.735722777238503912e-05
1.889133903151763168e-05
7.050362443246114088e-05
5.380742956850872262e-05
2.008125945781347209e-04
2.324912183078043770e-04
8.676713446342650083e-04
2.878144233886057563e-04
1.074133026130297047e-03
1.236155627869880286e-03
4.613374026565332346e-03
1.236155627869854699e-03
4.613374026565238671e-03
2.878144233886078163e-04
1.074133026130311792e-03
7.085660508654142813e-03
1.046287890734952722e-02
1.649756104852219407e-03
2.436074707593932544e-03
1.649756104852207698e-03
2.436074707593898717e-03
7.085660508654288529e-03
1.046287890734973886e-02
2.324912183078043770e-04
8.676713446342747662e-04
5.380742956850841091e-05
2.008125945781347209e-04
1.889133903151753342e-05
7.050362443246076141e-05
4.650842806095882504e-06
1.735722777238495442e-05
1.705626487024791883e-06
6.365501622866881931e-06
4.458444511395571219e-07
1.663918565327599491e-06
1.699242744032004097e-07
6.341677106368291993e-07
4.638061420348547736e-08
1.730952686463292798e-07
1.813430938940943604e-08
6.767834383787804881e-08
5.091728214685048669e-09
1.900263888977919144e-08
2.024785302249641490e-09
7.556621702040769997e-09
5.795396068147297752e-10
2.162877004876824201e-09
2.331990828645263243e-10
8.703131381446670709e-10
6.767173559496946644e-11
2.525550265717298325e-10
2.746744405884657008e-11
1.025101691740144934e-10
8.053453903545716976e-12
3.005597900987494956e-11
3.290593421786228004e-12
1.228069446969772503e-11
9.725783665487293593e-13
3.629721523280478186e-12
3.994762911835593729e-13
1.490869776689184155e-12
1.188310589131795359e-13
4.434847278188636538e-13
4.901594040391494096e-14
1.829304660551578749e-13
1.465741835374481121e-14
5.470237536035985122e-14
5.968501349869078695e+03
1.882524107173546554e+03
5.968501349869078695e+03
1.882524107173546554e+03
5.968501349869078695e+03
1.882524107173546554e+03
5.968501349869078695e+03
1.882524107173546554e+03
5.968501349869078695e+03
1.882524107173546554e+03
7.071327426903204469e+03
2.995494239310161902e+03
1.255750770605378057e+04
4.915513653962142598e+03
2.392354659392463873e+04
8.462031060261146195e+03
3.362550598140586953e+04
1.120354254697324177e+04
4.292903169802668708e+04
1.366203336122085784e+04
4.376696075576986914e+04
1.387666939419285518e+04
4.376696075576986914e+04
1.387666939419285518e+04
4.376696075576986914e+04
1.387666939419285518e+04
4.376696075576986914e+04
1.387666939419285518e+04
4.376696075576986914e+04
1.387666939419285518e+04
4.376696075576986914e+04
1.387666939419285518e+04
4.376696075576986914e+04
1.387666939419285518e+04
4.376696075576986914e+04
1.387666939419285518e+04
4.376696075576986914e+04
1.387666939419285518e+04
4.376696075576986914e+04
1.387666939419285518e+04
4.376696075576986914e+04
1.387666939419285518e+04
4.376696075576986914e+04
1.387666939419285518e+04
4.376696075576986914e+04
1.387666939419285518e+04
4.376696075576986914e+04
1.387666939419285518e+04
4.376696075576986914e+04
1.387666939419285518e+04
4.376696075576986914e+04
1.387666939419285518e+04
4.376696075576986914e+04
1.387666939419285518e+04
4.376696075576986914e+04
1.387666939419285518e+04
4.376696075576986914e+04
1.387666939419285518e+04
4.376696075576986914e+04
1.387666939419285518e+04
4.376696075576986914e+04
1.387666939419285518e+04
4.376696075576986914e+04
1.233353511308032103e+04
4.939745362587469572e+04
2.348940592407846998e+04
1.195817850068640837e+05
4.923919210570426367e+04
2.002912290741876059e+05
7.347916328815300949e+04
2.963493993177255616e+05
9.841638955498988798e+04
3.059680676690749242e+05
1.007387860810651036e+05
3.059680676690749242e+05
1.007387860810651036e+05
3.059680676690749242e+05
1.007387860810651036e+05
3.059680676690749242e+05
9.230550858082978812e+04
1.030953280911212205e+05
2.312292560197010171e+05
4.290396929181466112e+05
6.758799120072097285e+05
5.501477942349364748e+05
1.314703626766339643e+06
1.728874547880095197e+06
1.563985962328650290e+06
1.112438545941189863e+06
8.469664569474512246e+05
1.386419439599888399e+06
1.112438546395342797e+06
1.563985963263469050e+06
1.314703627945071552e+06
1.728874547880095197e+06
1.563985962328650290e+06
1.761643047801058041e+06
1.684957228922337061e+06
1.767326314357706811e+06
1.761643056431308389e+06
-1.761643041483282344e+06
-1.767326258390854346e+06
-1.684957225091383094e+06
-1.761643032853020588e+06
-1.563985960116838338e+06
-1.728874542095176643e+06
-1.314703625587609829e+06
-1.563985961051655933e+06
-1.112438545608727029e+06
-1.386419438221692108e+06
-8.469664564827134600e+05
-1.112438545154575258e+06
-1.563985960116834613e+06
-1.728874542095176643e+06
-1.314703625587608665e+06
-5.501477942349473014e+05
-1.761643041483304929e+06
-1.767326258390854346e+06
-1.684957225091383094e+06
-1.761643032853020588e+06
1.761643047801091336e+06
1.684957228922337061e+06
1.767326314357748721e+06
1.761643056431308389e+06
-6.758799116885956610e+05
-4.290396929181478336e+05
-2.312292560196999111e+05
-1.030953280911210604e+05
-9.230550858082895866e+04
-3.659503709069176693e+04
-2.532084528740148744e+04
-9.087279344280834266e+03
-9.781048665203303244e+03
-3.345955315540820266e+03
-2.686782690459169771e+03
-8.778998359705386747e+02
-1.051331567519021064e+03
-3.352498620526455966e+02
-2.948839555413298399e+02
-9.169032229536962575e+01
-1.170971054240584692e+02
-3.589071989330869172e+01
-3.344055681920971779e+01
-1.008984978949446898e+01
6.284236528792838072e+01
-6.284236528792828125e+01
2.192593301557011287e+01
-2.192593301557011998e+01
9.979069086411378464e+00
-9.979069086411380241e+00
3.346245737753716032e+00
-3.346245737753712035e+00
1.488516809069647229e+00
-1.488516809069647451e+00
1.488516809069635238e+00
9.942628134196533907e-01
3.346245737753697824e+00
2.525550265717298325e-10
9.979069086411321621e+00
8.703131381446638656e-10
2.192593301556998853e+01
2.162877004876824201e-09
6.284236528792789755e+01
7.556621702040726983e-09
5.091728214685028817e-09
1.900263888977911534e-08
1.813430938940947243e-08
6.767834383787818116e-08
4.638061420348556338e-08
1.730952686463286445e-07
1.699242744032012832e-07
6.341677106368324816e-07
4.458444511395593454e-07
1.663918565327607749e-06
1.705626487024810306e-06
6.365501622866916660e-06
4.650842806095906221e-06
1.735722777238503912e-05
1.889133903151763168e-05
7.050362443246114088e-05
5.380742956850872262e-05
2.008125945781347209e-04
2.324912183078043770e-04
8.676713446342650083e-04
2.878144233886057563e-04
1.074133026130297047e-03
1.236155627869880286e-03
4.613374026565332346e-03
1.236155627869854699e-03
4.613374026565238671e-03
2.878144233886078163e-04
1.074133026130311792e-03
7.085660508654142813e-03
1.046287890734952722e-02
1.649756104852219407e-03
2.436074707593932544e-03
1.649756104852207698e-03
2.436074707593898717e-03
7.085660508654288529e-03
1.046287890734973886e-02
2.324912183078043770e-04
8.676713446342747662e-04
5.380742956850841091e-05
2.008125945781347209e-04
1.889133903151753342e-05
7.050362443246076141e-05
4.650842806095882504e-06
1.735722777238495442e-05
1.705626487024791883e-06
6.365501622866881931e-06
4.458444511395571219e-07
1.663918565327599491e-06
1.699242744032004097e-07
6.341677106368291993e-07
4.638061420348547736e-08
1.730952686463292798e-07
1.813430938940943604e-08
6.767834383787804881e-08
5.091728214685048669e-09
1.900263888977919144e-08
2.024785302249641490e-09
7.556621702040769997e-09
5.795396068147297752e-10
2.162877004876824201e-09
2.331990828645263243e-10
8.703131381446670709e-10
6.767173559496946644e-11
2.525550265717298325e-10
2.746744405884657008e-11
1.025101691740144934e-10
8.053453903545716976e-12
3.005597900987494956e-11
3.290593421786228004e-12
1.228069446969772503e-11
9.725783665487293593e-13
3.629721523280478186e-12
3.994762911835593729e-13
1.490869776689184155e-12
1.188310589131795359e-13
4.434847278188636538e-13
4.901594040391494096e-14
1.829304660551578749e-13
1.465741835374481121e-14
5.470237536035985122e-14
8.085836838567538507e+02
2.548549102434456586e+02
8.085836838567538507e+02
2.548549102434452323e+02
8.085836838567538507e+02
2.548549102434456586e+02
8.085836838567538507e+02
2.548549102434452323e+02
7.421582100203472692e+02
3.020188934513772097e+02
1.518518921755877955e+03
5.722987736513299524e+02
2.376550652760244247e+03
8.491766886855475605e+02
3.860929119376747622e+03
1.295339198195118797e+03
4.947325986539899532e+03
1.603526512054677369e+03
5.887717693675182090e+03
1.860784364192882322e+03
5.968501349869078695e+03
1.882524107173543598e+03
5.968501349869078695e+03
1.882524107173539960e+03
5.968501349869078695e+03
1.882524107173543598e+03
5.968501349869078695e+03
1.882524107173539960e+03
5.968501349869078695e+03
1.882524107173543598e+03
5.968501349869078695e+03
1.882524107173539960e+03
5.968501349869078695e+03
1.882524107173543598e+03
5.968501349869078695e+03
1.882524107173539960e+03
5.968501349869078695e+03
1.882524107173543598e+03
5.968501349869078695e+03
1.882524107173539960e+03
5.968501349869078695e+03
1.882524107173543598e+03
5.968501349869078695e+03
1.882524107173539960e+03
5.968501349869078695e+03
1.882524107173543598e+03
5.968501349869078695e+03
1.882524107173539960e+03
5.968501349869078695e+03
1.882524107173543598e+03
5.968501349869078695e+03
1.882524107173539960e+03
5.968501349869078695e+03
1.882524107173543598e+03
5.968501349869078695e+03
1.882524107173539960e+03
5.968501349869078695e+03
1.882524107173543598e+03
5.968501349869078695e+03
1.882524107173539960e+03
5.968501349869078695e+03
1.882524107173543598e+03
7.071327426903239939e+03
2.995494239310153716e+03
1.255750770605383877e+04
4.915513653962156241e+03
2.392354659392471876e+04
8.462031060261146195e+03
3.362550598140605143e+04
1.120354254697325814e+04
4.292903169802686898e+04
1.366203336122085784e+04
4.376696075577006559e+04
1.387666939419288792e+04
4.376696075577006559e+04
8.284253234606225305e+03
2.606077937778701016e+04
1.835774578389068483e+04
8.464342016911879182e+04
4.939745361743900139e+04
1.881569141914822685e+05
8.877805805293099547e+04
4.103534042006195523e+05
7.050362443246171009e-05
6.758799122765330831e+05
2.008125945781359678e-04
1.186767327899028780e+06
8.676713446342673936e-04
1.563985963263467187e+06
1.074133026130292927e-03
1.236155627869861204e-03
4.613374026565261223e-03
1.236155627869861204e-03
4.613374026565283774e-03
2.878144233886049431e-04
1.074133026130294662e-03
7.085660508654178374e-03
1.046287890734963130e-02
1.649756104852202710e-03
2.436074707593894381e-03
1.649756104852201626e-03
2.436074707593890044e-03
7.085660508654178374e-03
1.046287890734957926e-02
2.324912183078034554e-04
8.676713446342665262e-04
5.380742956850866841e-05
2.008125945781345583e-04
1.889133903151759780e-05
7.050362443246100536e-05
4.650842806095892668e-06
1.735722777238499508e-05
1.705626487024797388e-06
6.365501622866903107e-06
4.458444511395581278e-07
-1.191669908133604076e+04
1.699242744032004097e-07
-5.767291987047087787e+03
4.638061420348519281e-08
-2.014188274750545361e+03
-5.576548055685166219e+02
-9.047816540038845687e+02
-1.963852592964631754e+02
-2.950884524704501359e+02
-8.946970751649871545e+01
-1.281450218315100642e+02
-2.989510272970728977e+01
-4.047975109674693783e+01
-1.323323378217364521e+01
-1.729531525644565093e+01
-4.291518488649489704e+00
-5.378277009104687423e+00
-1.868152138394409523e+00
-2.279289227906450499e+00
2.746744405884630836e-11
-7.031791928278544601e-01
6.767173559496880728e-11
2.525550265717298325e-10
2.331990828645254454e-10
8.703131381446638656e-10
5.795396068147230544e-10
2.162877004876824201e-09
2.024785302249629909e-09
7.556621702040726983e-09
5.091728214685028817e-09
1.900263888977911534e-08
1.813430938940947243e-08
6.767834383787818116e-08
4.638061420348556338e-08
1.730952686463286445e-07
1.699242744032012832e-07
6.341677106368324816e-07
4.458444511395593454e-07
1.663918565327607749e-06
1.705626487024810306e-06
6.365501622866916660e-06
4.650842806095906221e-06
1.735722777238503912e-05
1.889133903151763168e-05
7.050362443246114088e-05
5.380742956850872262e-05
2.008125945781347209e-04
2.324912183078043770e-04
8.676713446342650083e-04
2.878144233886057563e-04
1.074133026130297047e-03
1.236155627869880286e-03
4.613374026565332346e-03
1.236155627869854699e-03
4.613374026565238671e-03
2.878144233886078163e-04
1.074133026130311792e-03
7.085660508654142813e-03
1.046287890734952722e-02
1.649756104852219407e-03
2.436074707593932544e-03
1.649756104852207698e-03
2.436074707593898717e-03
7.085660508654288529e-03
1.046287890734973886e-02
2.324912183078043770e-04
8.676713446342747662e-04
5.380742956850841091e-05
2.008125945781347209e-04
1.889133903151753342e-05
7.050362443246076141e-05
4.650842806095882504e-06
1.735722777238495442e-05
1.705626487024791883e-06
6.365501622866881931e-06
4.458444511395571219e-07
1.663918565327599491e-06
1.699242744032004097e-07
6.341677106368291993e-07
4.638061420348547736e-08
1.730952686463292798e-07
1.813430938940943604e-08
6.767834383787804881e-08
5.091728214685048669e-09
1.900263888977919144e-08
2.024785302249641490e-09
7.556621702040769997e-09
5.795396068147297752e-10
2.162877004876824201e-09
2.331990828645263243e-10
8.703131381446670709e-10
6.767173559496946644e-11
2.525550265717298325e-10
2.746744405884657008e-11
1.025101691740144934e-10
8.053453903545716976e-12
3.005597900987494956e-11
3.290593421786228004e-12
1.228069446969772503e-11
9.725783665487293593e-13
3.629721523280478186e-12
3.994762911835593729e-13
1.490869776689184155e-12
1.188310589131795359e-13
4.434847278188636538e-13
4.901594040391494096e-14
-2.956952989731303529e-03
1.465741835374481121e-14
-1.094689040780810838e-03
1.094452063848360552e+02
3.449238166046640686e+01
1.094452063848360552e+02
3.449238166046635001e+01
1.094452063848360552e+02
3.449238166046640686e+01
9.219584146449652451e+01
3.610943819214173800e+01
1.511545222653747942e+02
5.669555571080616829e+01
2.730186039951463499e+02
9.681266485497773999e+01
3.922146050882797113e+02
1.340209069021424568e+02
5.764345160881940728e+02
1.889050253129871919e+02
6.995053859974581201e+02
2.242447283793483734e+02
8.001559151424320362e+02
2.525114003559489788e+02
8.085836838567481664e+02
2.548549102434447775e+02
8.085836838567481664e+02
2.548549102434442943e+02
8.085836838567481664e+02
2.548549102434447775e+02
8.085836838567481664e+02
2.548549102434442943e+02
8.085836838567481664e+02
2.548549102434447775e+02
8.085836838567481664e+02
2.548549102434442943e+02
8.085836838567481664e+02
2.548549102434447775e+02
8.085836838567481664e+02
2.548549102434442943e+02
8.085836838567481664e+02
2.548549102434447775e+02
8.085836838567481664e+02
2.548549102434442943e+02
8.085836838567481664e+02
2.548549102434447775e+02
8.085836838567481664e+02
2.548549102434442943e+02
8.085836838567481664e+02
2.548549102434447775e+02
8.085836838567481664e+02
2.548549102434442943e+02
8.085836838567481664e+02
2.548549102434447775e+02
8.085836838567481664e+02
2.548549102434442943e+02
8.085836838567481664e+02
2.548549102434447775e+02
8.085836838567481664e+02
2.548549102434442943e+02
8.085836838567481664e+02
2.548549102434447775e+02
8.085836838567481664e+02
2.548549102434442943e+02
7.421582100203444270e+02
3.020188934513772097e+02
1.518518921755878637e+03
5.722987736513279060e+02
2.376550652760236517e+03
8.491766886855475605e+02
3.860929119376739891e+03
1.295339198195118797e+03
4.947325986539896803e+03
1.603526512054674413e+03
5.887717693675164810e+03
1.860784364192882322e+03
5.968501349869062324e+03
1.882524107173543598e+03
5.767291987047067778e+03
6.341677106368337522e-07
1.191669908133599347e+04
1.663918565327610502e-06
1.705626487024810306e-06
6.365501622866964094e-06
4.650842806095931632e-06
1.735722777238514077e-05
1.889133903151778414e-05
7.050362443246171009e-05
5.380742956850898689e-05
2.008125945781359678e-04
2.324912183078034554e-04
8.676713446342673936e-04
2.878144233886046721e-04
1.074133026130292927e-03
1.236155627869861204e-03
4.613374026565261223e-03
1.236155627869861204e-03
4.613374026565283774e-03
2.878144233886049431e-04
1.074133026130294662e-03
7.085660508654178374e-03
1.046287890734963130e-02
1.649756104852202710e-03
-1.563985961051655933e+06
1.649756104852201626e-03
2.436074707593890044e-03
7.085660508654178374e-03
1.046287890734957926e-02
2.324912183078034554e-04
-1.186767326989502646e+06
5.380742956850866841e-05
-6.758799119579206454e+05
1.889133903151759780e-05
-4.103534040497006499e+05
-8.877805803253187332e+04
-1.881569141914824140e+05
-4.939745360745942162e+04
-8.464342016911890823e+04
-1.835774578389071030e+04
-2.606077937778710839e+04
-8.284253234606252590e+03
-1.068820163443229103e+04
-2.673495157400722292e+03
-3.116838305887649767e+03
-1.145379941896630271e+03
-1.260153615077670565e+03
-3.541656059879911140e+02
-3.658651053447101731e+02
-1.489059938739756035e+02
-1.482066048432829177e+02
-4.532701623581109374e+01
-4.326704676277122275e+01
-1.892715692004465211e+01
-1.761245436889901939e+01
-5.729986206780646185e+00
-5.177324159182031593e+00
-2.387576935234394959e+00
-2.117960862442369141e+00
-7.218961324023375203e-01
-6.266122055694369752e-01
6.767173559496880728e-11
2.525550265717298325e-10
2.331990828645254454e-10
8.703131381446638656e-10
5.795396068147230544e-10
2.162877004876824201e-09
2.024785302249629909e-09
7.556621702040726983e-09
5.091728214685028817e-09
1.900263888977911534e-08
1.813430938940947243e-08
6.767834383787818116e-08
4.638061420348556338e-08
1.730952686463286445e-07
1.699242744032012832e-07
6.341677106368324816e-07
4.458444511395593454e-07
1.663918565327607749e-06
1.705626487024810306e-06
6.365501622866916660e-06
4.650842806095906221e-06
1.735722777238503912e-05
1.889133903151763168e-05
7.050362443246114088e-05
5.380742956850872262e-05
2.008125945781347209e-04
2.324912183078043770e-04
8.676713446342650083e-04
2.878144233886057563e-04
1.074133026130297047e-03
1.236155627869880286e-03
4.613374026565332346e-03
1.236155627869854699e-03
4.613374026565238671e-03
2.878144233886078163e-04
1.074133026130311792e-03
7.085660508654142813e-03
1.046287890734952722e-02
1.649756104852219407e-03
2.436074707593932544e-03
1.649756104852207698e-03
2.436074707593898717e-03
7.085660508654288529e-03
1.046287890734973886e-02
2.324912183078043770e-04
8.676713446342747662e-04
5.380742956850841091e-05
2.008125945781347209e-04
1.889133903151753342e-05
7.050362443246076141e-05
4.650842806095882504e-06
1.735722777238495442e-05
1.705626487024791883e-06
6.365501622866881931e-06
4.458444511395571219e-07
1.663918565327599491e-06
1.699242744032004097e-07
6.341677106368291993e-07
4.638061420348547736e-08
1.730952686463292798e-07
1.813430938940943604e-08
6.767834383787804881e-08
5.091728214685048669e-09
1.900263888977919144e-08
2.024785302249641490e-09
7.556621702040769997e-09
5.795396068147297752e-10
2.162877004876824201e-09
2.331990828645263243e-10
8.703131381446670709e-10
6.767173559496946644e-11
2.525550265717298325e-10
2.746744405884657008e-11
1.025101691740144934e-10
8.053453903545716976e-12
-5.138208750918211720e-01
3.290593421786228004e-12
-2.554111721211603236e-01
9.725783665487293593e-13
-9.594605411824123908e-02
-2.530663223321639663e-02
-4.613954458818900206e-02
-9.472135535296383191e-03
-1.667002262287014744e-02
-4.552900913084605670e-03
-7.821500733390657559e-03
-1.647614146415916003e-03
-2.744670908088068118e-03
1.481207835031154652e+01
4.668064085995696111e+00
1.481207835031154652e+01
4.668064085995696111e+00
1.481207835031154652e+01
4.668064085995696111e+00
1.774772338382715375e+01
6.552888059364997630e+00
2.710222363740090756e+01
9.677701527304330753e+00
4.466967546220713103e+01
1.529501043616312472e+01
6.043531318691000820e+01
2.014564919208494587e+01
8.304167729955649691e+01
2.687842925827660778e+01
9.727947655941945015e+01
3.101319726024014400e+01
1.085188146193582526e+02
3.422905569884485288e+01
1.094452063848354868e+02
3.449238166046635001e+01
1.094452063848354868e+02
3.449238166046635001e+01
1.094452063848354868e+02
3.449238166046635001e+01
1.094452063848354868e+02
3.449238166046635001e+01
1.094452063848354868e+02
3.449238166046635001e+01
1.094452063848354868e+02
3.449238166046635001e+01
1.094452063848354868e+02
3.449238166046635001e+01
1.094452063848354868e+02
3.449238166046635001e+01
1.094452063848354868e+02
3.449238166046635001e+01
1.094452063848354868e+02
3.449238166046635001e+01
1.094452063848354868e+02
3.449238166046635001e+01
1.094452063848354868e+02
3.449238166046635001e+01
1.094452063848354868e+02
3.449238166046635001e+01
1.094452063848354868e+02
3.449238166046635001e+01
1.094452063848354868e+02
3.449238166046635001e+01
1.094452063848354868e+02
3.449238166046635001e+01
1.094452063848354868e+02
3.449238166046635001e+01
1.094452063848354868e+02
3.449238166046635001e+01
1.094452063848354868e+02
3.449238166046635001e+01
9.219584146449599871e+01
3.610943819214173089e+01
1.511545222653742258e+02
5.669555571080626777e+01
2.730186039951469184e+02
9.681266485497822316e+01
3.922146050882797113e+02
1.340209069021427410e+02
5.764345160881940728e+02
1.889050253129878456e+02
6.995053859974581201e+02
3.344055681920998779e+01
3.589071989330904700e+01
1.170971054240597056e+02
9.169032229537032208e+01
2.948839555413311473e+02
3.352498620526469040e+02
1.051331567519029250e+03
8.778998359705427674e+02
2.686782690459179776e+03
3.345955315540843458e+03
9.781048665203381461e+03
9.087279344280903388e+03
2.532084528740167298e+04
3.659503709069213801e+04
9.230550858082978812e+04
1.030953280911216134e+05
2.312292560197011044e+05
4.290396929181478336e+05
6.758799120072097285e+05
5.501477942349415971e+05
1.314703626766339643e+06
1.728874547880102880e+06
1.563985962328650290e+06
1.112438545941189863e+06
8.469664569474515738e+05
1.386419439599888399e+06
1.112438546395341400e+06
1.563985963263468584e+06
1.314703627945071785e+06
1.728874553665028885e+06
1.563985962328653084e+06
1.761643047801091336e+06
1.684957228922337061e+06
1.767326314357664902e+06
1.761643056431330973e+06
-1.761643041483287932e+06
-1.767326258390854346e+06
-1.684957225091381231e+06
-1.761643032853042940e+06
-1.563985960116834147e+06
-1.728874547880098689e+06
-1.314703626766331960e+06
-1.563985961051663384e+06
-1.112438545608729124e+06
-1.386419438221693272e+06
-8.469664564827161375e+05
-1.112438545154580381e+06
-1.563985960116843460e+06
-1.728874547880101716e+06
-1.314703626766341273e+06
-5.501477942349446239e+05
-1.761643041483303066e+06
-1.767326258390958654e+06
-1.684957225091385422e+06
-1.761643032853047131e+06
1.761643047801085515e+06
1.684957228922345210e+06
1.767326314357686089e+06
1.761643056431335397e+06
-6.758799116885993863e+05
-4.290396929181485903e+05
-2.312292560197011917e+05
-1.030953280911218608e+05
-9.230550858082978812e+04
-3.659503709069213801e+04
-2.532084528740169117e+04
-9.087279344280921578e+03
-9.781048665203357814e+03
-3.345955315540846641e+03
-2.686782690459173409e+03
-8.778998359705386747e+02
-1.051331567519023793e+03
-3.352498620526458240e+02
-2.948839555413317157e+02
-9.169032229537033629e+01
-1.170971054240597056e+02
-3.589071989330904700e+01
-3.344055681920998779e+01
-1.008984978949456490e+01
-1.343329368874394092e+01
-4.015307206962672737e+00
-3.889426150968038787e+00
-1.150234418806745706e+00
-1.576214146689059126e+00
-4.630778526564679476e-01
-4.637607144631834544e+00
-1.470657937575327878e+01
-4.709865637015952622e+00
-1.481207835031154652e+01
2.331990828645254454e-10
-2.419491434487130377e+01
5.795396068147230544e-10
-4.369697825983730866e+01
2.024785302249629909e-09
-9.219584146449668083e+01
5.091728214685028817e-09
1.900263888977911534e-08
1.813430938940947243e-08
6.767834383787818116e-08
4.638061420348556338e-08
1.730952686463286445e-07
1.699242744032012832e-07
6.341677106368324816e-07
4.458444511395593454e-07
1.663918565327607749e-06
1.705626487024810306e-06
6.365501622866916660e-06
4.650842806095906221e-06
1.735722777238503912e-05
1.889133903151763168e-05
7.050362443246114088e-05
5.380742956850872262e-05
2.008125945781347209e-04
2.324912183078043770e-04
8.676713446342650083e-04
2.878144233886057563e-04
1.074130142102646670e-03
1.236155627869880286e-03
4.613361639739930152e-03
1.236155627869854699e-03
4.613361639739835610e-03
2.878144233886078163e-04
1.074130142102661415e-03
7.085660508654142813e-03
1.046287890734952722e-02
1.649756104852219407e-03
2.436074707593932544e-03
1.649756104852207698e-03
2.436074707593898717e-03
7.085660508654288529e-03
1.046287890734973886e-02
2.324912183078043770e-04
8.676713446342747662e-04
5.380742956850841091e-05
2.008125945781347209e-04
1.889133903151753342e-05
7.050362443246076141e-05
4.650842806095882504e-06
1.735722777238495442e-05
1.705626487024791883e-06
6.365501622866881931e-06
4.458444511395571219e-07
1.663918565327599491e-06
1.699242744032004097e-07
6.341677106368291993e-07
4.638061420348547736e-08
1.730952686463292798e-07
1.813430938940943604e-08
6.767834383787804881e-08
5.091728214685048669e-09
1.900263888977919144e-08
2.024785302249641490e-09
-9.627186594284479781e+01
5.795396068147297752e-10
-4.214069655316713892e+01
2.331990828645263243e-10
-2.162717437404765164e+01
-4.264587233904434171e+00
-8.361329757181113820e+00
-2.158126995094045153e+00
-4.072057131776337435e+00
-8.254909821104023937e-01
-1.484097889923909230e+00
-4.007604648755815346e-01
-6.974475958263042230e-01
-1.461053380007252822e-01
-2.441037494466053726e-01
-6.884754967891069943e-02
-1.119159114476346722e-01
-2.424289511566810398e-02
-3.807567347788538142e-02
-1.117806965100670395e-02
-1.715441317172560279e-02
-3.836885339076627835e-03
-5.719253158468699631e-03
2.004601953656824698e+00
6.317542852389061991e-01
2.004601953656824698e+00
6.317542852389061991e-01
1.761254397749964618e+00
6.501245412850126248e-01
3.110840631821974345e+00
1.105029044881887135e+00
4.495961448943726957e+00
1.555670070263113658e+00
6.917595288693942912e+00
2.317725802350493414e+00
8.958476664425859326e+00
2.941655691542329532e+00
1.173452622497741515e+01
3.770394658116638542e+00
1.341298176125769182e+01
4.262405276041158153e+00
1.470657937575330543e+01
4.637607144631834544e+00
1.481207835031159981e+01
4.668064085995696111e+00
1.481207835031159981e+01
4.668064085995696111e+00
1.481207835031159981e+01
4.668064085995696111e+00
1.481207835031159981e+01
4.668064085995696111e+00
1.481207835031159981e+01
4.668064085995696111e+00
1.481207835031159981e+01
4.668064085995696111e+00
1.481207835031159981e+01
4.668064085995696111e+00
1.481207835031159981e+01
4.668064085995696111e+00
1.481207835031159981e+01
4.668064085995696111e+00
1.481207835031159981e+01
4.668064085995696111e+00
1.481207835031159981e+01
4.668064085995696111e+00
1.481207835031159981e+01
4.668064085995696111e+00
1.481207835031159981e+01
4.668064085995696111e+00
1.481207835031159981e+01
4.668064085995696111e+00
1.481207835031159981e+01
4.668064085995696111e+00
1.481207835031159981e+01
4.668064085995696111e+00
1.481207835031159981e+01
4.668064085995696111e+00
1.481207835031159981e+01
4.668064085995696111e+00
1.481207835031159981e+01
4.668064085995696111e+00
1.774772338382714665e+01
6.552888059364995854e+00
2.710222363740099638e+01
9.677701527304368057e+00
4.466967546220755736e+01
1.529501043616315314e+01
6.043531318691042742e+01
2.014564919208505600e+01
8.304167729955676691e+01
1.892715692004462724e+01
4.326704676277118011e+01
4.532701623581120742e+01
1.482066048432827472e+02
1.489059938739757456e+02
3.658651053447098889e+02
3.541656059879914551e+02
1.260153615077675340e+03
1.145379941896635728e+03
3.116838305887662045e+03
2.673495157400732296e+03
1.068820163443228739e+04
8.284253234606283513e+03
2.606077937778708656e+04
1.835774578389070666e+04
8.464342016911896644e+04
4.939745361743918329e+04
1.881569141914822685e+05
8.877805805293124286e+04
4.103534042006190284e+05
7.050362443246095115e-05
6.758799122765338980e+05
2.008125945781338536e-04
1.186767327899031341e+06
8.676713446342585031e-04
1.563985963263472542e+06
1.074130142102631491e-03
1.236143241044449252e-03
4.613361639739824334e-03
1.236143241044461612e-03
4.613361639739870304e-03
2.878115393609546749e-04
1.074130142102643634e-03
7.085660508654195722e-03
1.046287890734960355e-02
1.649756104852203361e-03
2.436074707593892212e-03
1.649756104852185580e-03
2.436074707593864890e-03
7.085660508654125465e-03
1.046287890734949946e-02
2.324923831518256655e-04
8.676713446342681525e-04
5.380769915831604193e-05
2.008125945781361033e-04
1.889143368224695000e-05
7.050362443246173719e-05
4.650866108079033361e-06
1.735722777238515771e-05
1.705635032675829850e-06
6.365501622866956470e-06
4.458466849411077885e-07
1.663918565327603302e-06
1.699251257698745039e-07
6.341677106368304699e-07
4.638084658293444103e-08
1.730952686463285916e-07
1.813440024721492075e-08
6.767834383787818116e-08
5.091753725623545980e-09
1.900263888977919144e-08
2.024795446972838741e-09
-6.284236528792828125e+01
5.795425104652462469e-10
-8.304167729955631216e+01
-3.101319726024001966e+01
-9.727947655941945015e+01
-3.422905569884471788e+01
-1.085188146193582526e+02
-3.449238166046627896e+01
-1.094452063848354868e+02
-4.291470338626687919e+01
-9.627186594284519572e+01
-8.021308983772125600e+01
-1.750148511982116872e+02
-1.776853396674185035e+02
-4.127907861304867083e+02
-3.020188934513772097e+02
-7.421582100203462460e+02
1.813440024721492075e-08
-1.518518921755884548e+03
4.638084658293444103e-08
-2.376550652760244702e+03
1.699251257698750069e-07
6.341677106368324816e-07
4.458466849411081061e-07
1.663918565327607749e-06
1.705635032675829850e-06
6.365501622866916660e-06
4.650866108079001173e-06
1.735722777238503912e-05
1.889143368224678398e-05
7.050362443246114088e-05
5.380769915831566923e-05
2.008125945781347209e-04
2.324923831518261534e-04
8.676713446342650083e-04
2.878115393609554339e-04
1.074130142102646670e-03
1.236143241044477658e-03
4.613361639739930152e-03
1.236143241044452504e-03
4.613361639739835610e-03
2.878115393609575481e-04
1.074130142102661415e-03
7.085660508654142813e-03
1.046287890734952722e-02
1.649756104852219407e-03
2.436074707593932544e-03
1.649756104852207698e-03
2.436074707593898717e-03
7.085660508654288529e-03
1.046287890734973886e-02
2.324923831518261534e-04
8.676713446342747662e-04
5.380769915831535753e-05
2.008125945781347209e-04
1.889143368224668234e-05
7.050362443246076141e-05
4.650866108078978304e-06
1.735722777238495442e-05
1.705635032675811639e-06
6.365501622866881931e-06
4.458466849411060415e-07
-1.213827458730754915e+04
1.699251257698741333e-07
-6.687195985044402732e+03
4.638084658293436824e-08
-2.958714273974629577e+03
-7.197689714974129629e+02
-1.628101392979489901e+03
-3.181577485969172585e+02
-7.106907308491151980e+02
-1.750148511842623691e+02
-3.571784642372604708e+02
-7.086135680591870312e+01
-1.330493291247749141e+02
-3.513951164896742796e+01
-6.284236528792815335e+01
-1.301401628447565173e+01
-2.192593301556999208e+01
-6.158957258376677402e+00
-9.979069086411286094e+00
-2.166265454310671412e+00
-3.346245737753666738e+00
-9.942628134196423995e-01
-1.488516809069621916e+00
-3.379366810115465580e-01
-4.868658821108738932e-01
-1.519441138499086907e-01
-2.134364056128003895e-01
-5.045461840351864180e-02
-1.476792837646778711e-01
-2.236609386997293059e-02
-7.747909685249840250e-02
-1.520386332494870832e-02
-3.119798788455122041e-02
2.712934672228932143e-01
8.549865446985355222e-02
2.712934672228932143e-01
8.549865446985355222e-02
3.092612540420656697e-01
1.103821061795646763e-01
5.125228778674345564e-01
1.773058736542448555e-01
7.092770177482484728e-01
2.402781421814997043e-01
1.034928332915018068e+00
3.418272187635192916e-01
1.296654340313473819e+00
4.216361333503471642e-01
1.639084075888971981e+00
5.241845621922788245e-01
1.840046386038439064e+00
5.835440707221241086e-01
1.992280560763472375e+00
6.281560610469340000e-01
2.004601953656824698e+00
6.317542852389061991e-01
2.004601953656824698e+00
6.317542852389061991e-01
2.004601953656824698e+00
6.317542852389061991e-01
2.004601953656824698e+00
6.317542852389061991e-01
2.004601953656824698e+00
6.317542852389061991e-01
2.004601953656824698e+00
6.317542852389061991e-01
2.004601953656824698e+00
6.317542852389061991e-01
2.004601953656824698e+00
6.317542852389061991e-01
2.004601953656824698e+00
6.317542852389061991e-01
2.004601953656824698e+00
6.317542852389061991e-01
2.004601953656824698e+00
6.317542852389061991e-01
2.004601953656824698e+00
6.317542852389061991e-01
2.004601953656824698e+00
6.317542852389061991e-01
2.004601953656824698e+00
6.317542852389061991e-01
2.004601953656824698e+00
6.317542852389061991e-01
2.004601953656824698e+00
6.317542852389061991e-01
2.004601953656824698e+00
6.317542852389061991e-01
2.004601953656824698e+00
6.317542852389061991e-01
1.761254397749966616e+00
6.501245412850147343e-01
3.110840631821979674e+00
1.105029044881889133e+00
4.495961448943734950e+00
1.555670070263119209e+00
6.917595288693966005e+00
1.868152138394405748e+00
5.378277009104651896e+00
4.291518488649480823e+00
1.729531525644561540e+01
1.323323378217365054e+01
4.047975109674697336e+01
2.989510272970734661e+01
1.281450218315101210e+02
8.946970751649902809e+01
2.950884524704497380e+02
1.963852592964636017e+02
9.047816540038896846e+02
5.576548055685211693e+02
2.014188274750559003e+03
1.730953848360523752e-07
5.767291987047113253e+03
6.341681363201674773e-07
1.191669908133604986e+04
1.663919682228373950e-06
1.705635032675817145e-06
6.365505895692412350e-06
4.650866108078978304e-06
1.735723942337652392e-05
1.889143368224670944e-05
7.050367175782552560e-05
5.380769915831542529e-05
2.008127293730373100e-04
2.324923831518230905e-04
8.676719270562692965e-04
2.878115393609515849e-04
1.074130142102631491e-03
1.236143241044449252e-03
4.613361639739824334e-03
1.236143241044461612e-03
4.613361639739870304e-03
2.878115393609546749e-04
1.074130142102643634e-03
7.085660508654195722e-03
1.046287890734960355e-02
1.649756104852203361e-03
2.436074707593892212e-03
1.649756104852185580e-03
2.436074707593864890e-03
7.085660508654125465e-03
1.046287890734949946e-02
2.324923831518256655e-04
8.676719270562788374e-04
5.380769915831604193e-05
2.008127293730395868e-04
1.889143368224695000e-05
7.050367175782631165e-05
4.650866108079033361e-06
1.735723942337670688e-05
1.705635032675829850e-06
6.365505895692466560e-06
4.458466849411077885e-07
-1.191669908133592799e+04
1.699251257698745039e-07
-5.767291987047046860e+03
4.638084658293444103e-08
-2.014188274750538767e+03
-5.576548055685166219e+02
-9.047816540038849098e+02
-1.963852592964627490e+02
-2.950884524704488285e+02
-8.946970751649870124e+01
-3.922146050882775512e+02
-1.889050253129864529e+02
-5.764345160881908896e+02
-2.242447283793475776e+02
-6.995053859974555053e+02
-2.525114003559484388e+02
-8.001559151424279435e+02
-2.548549102434438396e+02
-8.085836838567450968e+02
-2.548549102434438396e+02
-8.085836838567450968e+02
-3.181577485969179975e+02
-7.106907308491166759e+02
-7.278089364638622101e+02
-1.628101392979496950e+03
-1.370790389638660827e+03
-2.958714273974626849e+03
-2.995494239310162811e+03
-7.071327426903240848e+03
-4.915513653962158060e+03
-1.255750770605381331e+04
-8.462031060261138919e+03
-2.392354659392462418e+04
4.458466849411081061e-07
-3.362550598140588409e+04
1.705635032675829850e-06
6.365505895692425903e-06
4.650866108079001173e-06
1.735723942337659168e-05
1.889143368224678398e-05
7.050367175782570179e-05
5.380769915831566923e-05
2.008127293730382044e-04
2.324923831518261534e-04
8.676719270562756933e-04
2.878115393609554339e-04
1.074130142102646670e-03
1.236143241044477658e-03
4.613361639739930152e-03
1.236143241044452504e-03
4.613361639739835610e-03
2.878115393609575481e-04
1.074130142102661415e-03
7.085660508654142813e-03
1.046287890734952722e-02
1.649756104852219407e-03
-1.563985961051646853e+06
1.649756104852207698e-03
2.436074707593898717e-03
7.085660508654288529e-03
1.046287890734973886e-02
2.324923831518261534e-04
-1.186767326989492169e+06
5.380769915831535753e-05
-6.758799119579142425e+05
1.889143368224668234e-05
-4.103534040496959933e+05
-8.877805803253084014e+04
-1.945676001834083581e+05
-4.939745360745893413e+04
-1.098053000515867461e+05
-2.200499600614118390e+04
-4.939745361589473760e+04
-1.213827458569532428e+04
-2.734470266911406725e+04
-5.375153359052173982e+03
-1.191669908133594072e+04
-2.958714273653061809e+03
-5.767291987047035036e+03
-1.162379656815156295e+03
-2.014188274750538767e+03
-5.576548055685155987e+02
-9.047816540038830908e+02
-1.963852592964636017e+02
-2.950884524704482033e+02
-8.946970751649850229e+01
-1.281450218315098937e+02
-2.989510272970734661e+01
-4.047975109674667493e+01
-1.323323378217359547e+01
-1.729531525644545553e+01
-4.291518488649431085e+00
-5.378277009104600381e+00
-1.868152138394376438e+00
-5.690366299841273623e+00
-5.952053511048972512e-01
-2.495414707707668711e+00
-6.114426679665631026e-01
-1.297555877521641587e+00
-2.550747150496626703e-01
-5.138208750918138445e-01
-1.308592918213589140e-01
-2.554111721211594910e-01
-5.118682912375731309e-02
-9.594605411824165542e-02
3.671557994949399550e-02
1.157098479014033107e-02
3.548471580567822553e-02
1.261462515939381843e-02
5.142650207519589012e-02
1.791520065205025325e-02
8.091285526920129201e-02
2.747133513315416428e-02
1.081455120629196270e-01
3.609614334357646309e-02
1.513215775771256655e-01
4.948891406144653032e-02
1.847642685583569810e-01
5.967983208109794990e-02
2.272374086406892812e-01
7.244064004256368927e-02
2.516056642569051705e-01
7.968369927068126579e-02
2.698270739003789664e-01
8.506662019771478456e-02
2.712934672228922706e-01
8.549865446985323303e-02
2.712934672228922706e-01
8.549865446985323303e-02
2.712934672228922706e-01
8.549865446985323303e-02
2.712934672228922706e-01
8.549865446985323303e-02
2.712934672228922706e-01
8.549865446985323303e-02
2.712934672228922706e-01
8.549865446985323303e-02
2.712934672228922706e-01
8.549865446985323303e-02
2.712934672228922706e-01
8.549865446985323303e-02
2.712934672228922706e-01
8.549865446985323303e-02
2.712934672228922706e-01
8.549865446985323303e-02
2.712934672228922706e-01
8.549865446985323303e-02
2.712934672228922706e-01
8.549865446985323303e-02
2.712934672228922706e-01
8.549865446985323303e-02
2.712934672228922706e-01
8.549865446985323303e-02
2.712934672228922706e-01
8.549865446985323303e-02
2.712934672228922706e-01
8.549865446985323303e-02
2.712934672228922706e-01
8.549865446985323303e-02
2.712934672228922706e-01
8.549865446985323303e-02
3.092612540420645040e-01
5.045461840351939814e-02
5.125228778674326691e-01
1.519441138499114663e-01
4.868658821108806656e-01
3.379366810115514985e-01
1.488516809069645896e+00
9.942628134196552780e-01
3.346245737753701377e+00
2.525551960985974965e-10
9.979069086411367806e+00
8.703137223399666635e-10
2.192593301557013064e+01
2.162878456702074372e-09
6.284236528792844467e+01
7.556626774402309892e-09
5.091753725623505448e-09
1.900265164524828790e-08
1.813440024721477517e-08
6.767838926678051820e-08
4.638084658293426236e-08
1.730953848360523752e-07
1.699251257698741333e-07
6.341681363201674773e-07
4.458466849411060415e-07
1.663919682228373950e-06
1.705635032675817145e-06
6.365505895692412350e-06
4.650866108078978304e-06
1.735723942337652392e-05
1.889143368224670944e-05
7.050367175782552560e-05
5.380769915831542529e-05
2.008127293730373100e-04
2.324923831518230905e-04
8.676719270562692965e-04
2.878129813747767191e-04
1.074131584116456680e-03
1.236149434457150566e-03
4.613367833152524564e-03
1.236149434457162926e-03
4.613367833152571401e-03
2.878129813747798090e-04
1.074131584116468823e-03
7.085660508654195722e-03
1.046288200405595670e-02
1.649756104852203361e-03
-1.563985961051657796e+06
1.649756104852185580e-03
2.436075428600777051e-03
7.085660508654125465e-03
1.046288200405585088e-02
2.324923831518256655e-04
-1.186767326989503345e+06
5.380769915831604193e-05
-6.758799119579192484e+05
1.889143368224695000e-05
-4.103534040496998932e+05
-8.877805803253153863e+04
-1.881569141914822394e+05
-4.939745360745907965e+04
-8.464342016911882092e+04
-1.835774578389056114e+04
-2.606077937778691921e+04
-8.284253234606183469e+03
-1.068820163443220918e+04
-2.673495157400711378e+03
-3.116838305887648403e+03
-1.145379941896629134e+03
-1.260153615077670565e+03
-3.541656059879908867e+02
-1.518518921755876136e+03
-8.491766886855426719e+02
-2.376550652760230605e+03
-1.295339198195114022e+03
-3.860929119376725339e+03
-1.603526512054663272e+03
-4.947325986539883161e+03
-1.860784364192879821e+03
-5.887717693675154806e+03
-1.882524107173533366e+03
-5.968501349869051410e+03
-1.882524107173533366e+03
-5.968501349869051410e+03
-1.882524107173533366e+03
-5.968501349869051410e+03
-2.958714273653088185e+03
-5.767291987047071416e+03
-5.375153359052205815e+03
-1.191669908133598437e+04
-1.233353511308035922e+04
-2.734470266911442013e+04
-2.348940592407848453e+04
-4.939745361589525419e+04
-4.923919210570423456e+04
-1.195817850068645494e+05
-7.347916328815286397e+04
-2.002912290741881880e+05
-9.841638955498953874e+04
-2.963493993177256780e+05
-1.007387860810648417e+05
-3.059680676690750406e+05
3.659503709069194156e+04
-3.059680676690750406e+05
1.030953280911214679e+05
2.312292560196998238e+05
4.290396929181503947e+05
6.758799120072011137e+05
5.501477942349496298e+05
1.314703626766344765e+06
1.728874547880118946e+06
1.563985962328634690e+06
1.112438545941178920e+06
8.469664569474450545e+05
1.386419439599878853e+06
1.112438546395336045e+06
1.563985963263457874e+06
1.314703626766353613e+06
1.728874547880110331e+06
1.563985962328652851e+06
1.761643047801064793e+06
1.684957228922325186e+06
1.767326314357687254e+06
1.761643056431313511e+06
-1.761643041483279783e+06
-1.767326258390896255e+06
-1.684957225091363536e+06
-1.761643032853020122e+06
-1.563985960116820410e+06
-1.728874542095154058e+06
-1.314703625587589573e+06
-1.563985961051662220e+06
-1.112438545608723769e+06
-1.386419438221693505e+06
-8.469664564827076392e+05
-1.112438545154576655e+06
-1.563985960116841132e+06
-1.728874547880094266e+06
-1.314703626766326372e+06
-1.563985961051662220e+06
-1.761643041483303066e+06
-1.767326258390916977e+06
-1.684957225091385888e+06
-1.761643032853048528e+06
1.761643047801086446e+06
1.684957228922345210e+06
1.767326314357706811e+06
1.761643056431334000e+06
-6.758799116885926342e+05
-1.186767326989504974e+06
-3.378827598740522517e+05
-6.758799119579154067e+05
-1.945676001368909783e+05
-4.103534040496964008e+05
-8.877805803253079648e+04
-1.881569141914806387e+05
-4.939745360745856306e+04
-8.464342016911799146e+04
-1.835774578389051749e+04
-2.606077937778694468e+04
-8.284253234606163460e+03
-1.068820163443218735e+04
-2.673495157400708194e+03
-3.116838305887645674e+03
-1.145379941896626406e+03
-1.260153615077668746e+03
-3.541656059879921941e+02
-3.658651053447082404e+02
-1.489059938739754330e+02
-1.482066048432825767e+02
-4.532701623581130690e+01
-1.750148511982106356e+02
-1.892715692004457395e+01
-9.627186594284417254e+01
-1.880654363913335914e+01
-4.214069655316674812e+01
-1.034486526609067525e+01
-2.162717437404736387e+01
-4.264587233904331143e+00
-8.361329757180987698e+00
-2.158126995093997635e+00
-4.072057131776299244e+00
-8.254909821103934009e-01
-1.484097889923895686e+00
-4.007604648755818122e-01
-6.974475958263043340e-01
-1.461053380007248381e-01
-2.441037494466064273e-01
4.968913443222480568e-03
1.565962507037042296e-03
5.867463964721944536e-03
2.042154274818385514e-03
8.220402841634326385e-03
2.812644136465677295e-03
1.239065481041244816e-02
4.149483534046652204e-03
1.609737854181218786e-02
5.315346011283396399e-03
2.177489269804129546e-02
7.071064109128131180e-03
2.604490186966440871e-02
8.372631710775497657e-03
3.134242460797210389e-02
9.969142226306923135e-03
3.432828960061429235e-02
1.086128017156654316e-02
3.653849837531448347e-02
1.151844540828469467e-02
3.671557994949386367e-02
1.157098479014024434e-02
3.671557994949386367e-02
1.157098479014024434e-02
3.671557994949386367e-02
1.157098479014024434e-02
3.671557994949386367e-02
1.157098479014024434e-02
3.671557994949386367e-02
1.157098479014024434e-02
3.671557994949386367e-02
1.157098479014024434e-02
3.671557994949386367e-02
1.157098479014024434e-02
3.671557994949386367e-02
1.157098479014024434e-02
3.671557994949386367e-02
1.157098479014024434e-02
3.671557994949386367e-02
1.157098479014024434e-02
3.671557994949386367e-02
1.157098479014024434e-02
3.671557994949386367e-02
1.157098479014024434e-02
3.671557994949386367e-02
1.157098479014024434e-02
3.671557994949386367e-02
1.157098479014024434e-02
3.671557994949386367e-02
1.157098479014024434e-02
3.671557994949386367e-02
1.157098479014024434e-02
3.671557994949386367e-02
1.157098479014024434e-02
3.548471580567810063e-02
2.787865589546864066e-03
1.935334351053312647e-03
6.765717536320985971e-03
6.545636967474106546e-03
2.277898416010911559e-02
1.601522473720203010e-02
5.552476011490686120e-02
5.459741726632404840e-02
1.881905971410915146e-01
1.344608845289041454e-01
4.612159264478265519e-01
4.630778526564620079e-01
1.576214146689047801e+00
1.150234418806731052e+00
3.889426150968003260e+00
4.015307206962627440e+00
1.343329368874378638e+01
1.008984978949445654e+01
3.344055681920967515e+01
3.589071989330870593e+01
1.170971054240588245e+02
9.169032229536985312e+01
2.948839555413308062e+02
3.352498620526447439e+02
1.051331567519024247e+03
8.778998359705353778e+02
2.686782690459164314e+03
3.345955315540816173e+03
9.781048665203294149e+03
9.087279344280805162e+03
2.532084528740145834e+04
3.659503709069167962e+04
9.230550858082887135e+04
1.030953280911206093e+05
2.312292560196991544e+05
4.290396929181437590e+05
6.758799120072064688e+05
5.501477942349384539e+05
1.314703626766331727e+06
1.728874547880091006e+06
1.563985962328646798e+06
1.112438545941187069e+06
8.469664569474483142e+05
1.386419439599888166e+06
1.112438546395340236e+06
1.563985963263469050e+06
1.314703627945072018e+06
1.728874547880099388e+06
1.563985962328647263e+06
1.761643047801077599e+06
1.684957228922338923e+06
1.767326314357717521e+06
1.761643056431334000e+06
-1.761643041483290726e+06
-1.767326258390896255e+06
-1.684957225091379136e+06
-1.761643032853034325e+06
-1.563985960116836475e+06
-1.728874542095171055e+06
-1.314703626766340807e+06
-1.563985961051657563e+06
-1.112438545608728193e+06
-1.386419438221690711e+06
-8.469664564827141585e+05
-1.112438545154576655e+06
-1.563985960116836242e+06
-1.728874547880099388e+06
-1.314703626766340807e+06
-5.501477942349440418e+05
-1.761643041483290493e+06
-1.767326258390896255e+06
-1.684957225091379136e+06
-1.761643032853034325e+06
1.761643047801077599e+06
1.684957228922339622e+06
1.767326314357717056e+06
1.761643056431334000e+06
-6.758799116885967087e+05
-4.290396929181482410e+05
-2.312292560197013372e+05
-1.030953280911218026e+05
-9.230550858082956984e+04
-3.659503709069206525e+04
-2.532084528740148744e+04
-9.087279344280834266e+03
-9.781048665203294149e+03
-3.345955315540816173e+03
-2.686782690459164314e+03
-8.778998359705362873e+02
-1.051331567519024247e+03
-3.352498620526454260e+02
-2.995494239310153716e+03
-7.071327426903206288e+03
-4.915513653962142598e+03
-1.255750770605375146e+04
-8.462031060261128005e+03
-2.392354659392450048e+04
-1.120354254697321994e+04
-3.362550598140573857e+04
-1.366203336122085784e+04
-4.292903169802661432e+04
-1.387666939419285518e+04
-4.376696075576978910e+04
-1.387666939419285518e+04
-4.376696075576978910e+04
-1.387666939419285518e+04
-4.376696075576978910e+04
-8.284253234606216211e+03
-4.376696075576978910e+04
-1.835774578389063390e+04
-2.606077937778694104e+04
-4.939745360745939252e+04
-8.464342016911901010e+04
-8.877805803253200429e+04
-1.881569141914824722e+05
-2.001718479043577099e+05
-4.103534040497011738e+05
-3.778227302380166948e+05
-6.758799119579213439e+05
-6.286831677341350587e+05
-1.444158505594362272e+06
-6.562458886704664910e+05
-1.565148122654167470e+06
-6.562458886704664910e+05
-1.565148122654167470e+06
-6.562458886704664910e+05
-1.565148122654167470e+06
-6.562458886704664910e+05
-1.565148122654167470e+06
6.758799122765312204e+05
-1.565148122654167470e+06
1.186767327899033437e+06
-1.565148122654167470e+06
1.563985963263474405e+06
1.314703627945074346e+06
1.728874547880111495e+06
1.563985962328652153e+06
1.112438545941191725e+06
-1.768117412840428529e+06
1.386419439599893754e+06
-1.768117412840428529e+06
1.563985963263474405e+06
1.314703627945073880e+06
1.728874547880111495e+06
1.563985962328641675e+06
1.761643047801083652e+06
1.684957228922346141e+06
1.767326314357716125e+06
1.761643056431338191e+06
-1.761643041483300040e+06
-1.767326258390906733e+06
-1.684957225091385422e+06
-1.761643032853045501e+06
-1.563985960116842762e+06
-1.728874547880093101e+06
-1.314703626766348490e+06
-1.563985961051652674e+06
-1.112438545608726330e+06
-1.386419438221685821e+06
-8.469664564827091526e+05
-1.112438545154569438e+06
-1.563985960116830887e+06
-1.728874542095162673e+06
-1.314703626766331727e+06
-5.501477942349379882e+05
-1.761643041483283974e+06
-1.767326258390896488e+06
-1.684957225091372384e+06
-1.761643032853028737e+06
1.761643047801070381e+06
1.684957228922333568e+06
1.767326314357708208e+06
1.761643056431326317e+06
-6.758799116885898402e+05
-4.290396929181423620e+05
-2.312292560196989216e+05
-1.030953280911204929e+05
-9.230550858082868217e+04
-3.659503709069163597e+04
-2.532084528740142923e+04
-9.087279344280845180e+03
-9.781048665203259588e+03
-3.345955315540805714e+03
-2.686782690459164314e+03
-1.213827458730757098e+04
-1.051331567519022201e+03
-6.687195985044401823e+03
-1.308295909424724869e+03
-2.958714273974613207e+03
-7.197689714974129629e+02
-1.628101392979489901e+03
-3.181577485969177133e+02
-7.106907308491123558e+02
-1.750148511842627386e+02
-3.571784642372575718e+02
-7.086135680591785047e+01
-1.330493291247740899e+02
-3.513951164896694479e+01
-6.284236528792719412e+01
-1.301401628447539949e+01
-2.192593301556964747e+01
-6.158957258376547728e+00
-9.979069086411188394e+00
-2.166265454310658978e+00
-3.346245737753642313e+00
-9.942628134196440648e-01
-1.488516809069621916e+00
-3.379366810115465025e-01
-4.868658821108766688e-01
6.724693087959145946e-04
2.056429418802594084e-04
9.371209097172088437e-04
3.209222397147078968e-04
1.275909800854892586e-03
4.306367638745684998e-04
1.855405246963906215e-03
6.149750149659953752e-04
2.354399275816407549e-03
7.711974074035638426e-04
3.097432913784736036e-03
1.000577442818476439e-03
3.643022651025721280e-03
1.167011708199474892e-03
4.307233707256974062e-03
1.367751183766479197e-03
4.676295073891941628e-03
1.478507211112798031e-03
4.947279191067762913e-03
1.559507075821955826e-03
4.968913443222480568e-03
1.565962507037042296e-03
4.968913443222480568e-03
1.565962507037042296e-03
4.968913443222480568e-03
1.565962507037042296e-03
4.968913443222480568e-03
1.565962507037042296e-03
4.968913443222480568e-03
1.565962507037042296e-03
4.968913443222480568e-03
1.565962507037042296e-03
4.968913443222480568e-03
1.565962507037042296e-03
4.968913443222480568e-03
1.565962507037042296e-03
4.968913443222480568e-03
1.565962507037042296e-03
4.968913443222480568e-03
1.565962507037042296e-03
4.968913443222480568e-03
1.565962507037042296e-03
4.968913443222480568e-03
1.565962507037042296e-03
4.968913443222480568e-03
1.565962507037042296e-03
4.968913443222480568e-03
1.565962507037042296e-03
4.968913443222480568e-03
1.565962507037042296e-03
4.968913443222480568e-03
6.083452899184204786e-04
1.173705040494692382e-03
1.455573040869840218e-03
3.909441687505493118e-03
4.797066209079676319e-03
9.446896061916305182e-03
1.149225590662344629e-02
3.159775667761198503e-02
3.793719761782274325e-02
7.660546274698110114e-02
9.098801139192341791e-02
2.574736938552840138e-01
3.007645790009476627e-01
6.266122055694344217e-01
7.218961324023338566e-01
2.117960862442350933e+00
2.387576935234374531e+00
5.177324159181970309e+00
5.729986206780585789e+00
1.761245436889882754e+01
1.892715692004445316e+01
4.326704676277079642e+01
4.532701623581077399e+01
1.482066048432816388e+02
1.489059938739751487e+02
3.658651053447092067e+02
3.541656059879902045e+02
1.260153615077667610e+03
1.145379941896631180e+03
3.116838305887646129e+03
2.673495157400716835e+03
1.068820163443221099e+04
8.284253234606208935e+03
2.606077937778683918e+04
1.835774578389059752e+04
8.464342016911820974e+04
4.939745361743886315e+04
1.881569141914809879e+05
8.877805805293054436e+04
4.103534042006169911e+05
7.050369542050786704e-05
6.758799122765305219e+05
2.008127967704895396e-04
1.186767327899026684e+06
8.676722182672823910e-04
1.563985963263469050e+06
1.074131223613012309e-03
1.236147886103985917e-03
4.613366284799391356e-03
1.236147886103985917e-03
4.613366284799391356e-03
2.878126208713235662e-04
1.074131223613012526e-03
7.085660508654187048e-03
1.046287890734959140e-02
1.649756104852203361e-03
2.436074707593892212e-03
1.649756104852202710e-03
2.436074707593891345e-03
7.085660508654187048e-03
1.046287890734959140e-02
2.324920919408201875e-04
8.676722182672843425e-04
5.380763176086430019e-05
2.008127967704913285e-04
1.889141001956460856e-05
7.050369542050843625e-05
4.650860282583223200e-06
1.735724524887232730e-05
1.705632896263062100e-06
6.365508032105167395e-06
4.458461264907191822e-07
-1.191669908133591343e+04
-5.375153359052195810e+03
-1.213827458730758372e+04
-1.233353511308028828e+04
-2.734470266911418003e+04
-2.348940592407834629e+04
-4.939745361589473760e+04
-4.923919210570389987e+04
-1.195817850068631087e+05
-7.347916328815254383e+04
-2.002912290741862962e+05
-9.841638955498934956e+04
-2.963493993177235825e+05
-1.007387860810646816e+05
-3.059680676690732362e+05
-1.007387860810646816e+05
-3.059680676690732362e+05
-1.007387860810646816e+05
-3.059680676690732362e+05
-1.007387860810646816e+05
-3.059680676690732362e+05
-1.007387860810646816e+05
-3.059680676690732362e+05
-9.230550858082971536e+04
-3.059680676690732362e+05
-2.312292560197015409e+05
-1.030953280911218171e+05
-6.758799116885974072e+05
-4.290396929181489395e+05
-8.469664564827143913e+05
-1.112438545154577587e+06
-1.112438545608727727e+06
-1.386419438221689546e+06
-1.314703625587610295e+06
-5.501477942349445075e+05
-1.563985960116836242e+06
-1.728874547880092403e+06
-1.314703626766342670e+06
-1.563985961051658494e+06
-2.053179519756761845e+06
-1.728874547880111495e+06
-1.684957225091378437e+06
-1.761643032853037119e+06
-1.761643041483291658e+06
-1.767326258390875068e+06
1.767326314357717056e+06
1.761643056431336794e+06
1.761643047801077366e+06
1.684957228922338923e+06
-2.148262027013532817e+06
-2.472295057206702419e+06
-2.148262027013532817e+06
-2.472295057206702419e+06
-2.148262027013532817e+06
-2.472295057206702419e+06
-2.148262027013532817e+06
-2.472295057206702419e+06
2.472295057206702419e+06
2.148262027013532817e+06
2.472295057206702419e+06
2.148262027013532817e+06
2.472295057206702419e+06
1.563985962328647031e+06
2.472295057206702419e+06
2.148262027013532817e+06
-2.148262027013532817e+06
-2.472295057206702419e+06
-2.148262027013532817e+06
-2.472295057206702419e+06
-2.148262027013532817e+06
-2.472295057206702419e+06
-2.148262027013532817e+06
-2.472295057206702419e+06
2.472295057206702419e+06
2.148262027013532817e+06
2.472295057206702419e+06
2.148262027013532817e+06
2.472295057206702419e+06
2.148262027013532817e+06
2.472295057206702419e+06
2.148262027013532817e+06
-2.148262027013532817e+06
-2.472295057206702419e+06
-2.148262027013532817e+06
-2.472295057206702419e+06
-2.148262027013532817e+06
-2.472295057206702419e+06
-2.148262027013532817e+06
-2.472295057206702419e+06
2.472295057206702419e+06
2.148262027013532817e+06
2.472295057206702419e+06
2.148262027013532817e+06
2.472295057206702419e+06
2.148262027013532817e+06
2.472295057206702419e+06
2.148262027013532817e+06
-2.148262027013532817e+06
-2.472295057206702419e+06
-2.148262027013532817e+06
-2.472295057206702419e+06
-2.148262027013532817e+06
-2.472295057206702419e+06
-1.563985960116831819e+06
-2.472295057206702419e+06
2.472295057206702419e+06
2.148262027013532817e+06
2.472295057206702419e+06
1.563985962328641675e+06
2.472295057206702419e+06
2.148262027013532817e+06
2.472295057206702419e+06
2.148262027013532817e+06
1.728874547880093101e+06
1.563985962328641675e+06
5.501477942349379882e+05
1.314703626766331727e+06
-1.563985960116830887e+06
-1.728874542095160810e+06
-1.314703626766331727e+06
-1.563985961051663384e+06
1.767326314357709372e+06
1.761643056431327015e+06
1.761643047801068984e+06
1.684957228922332637e+06
-1.761643041483281180e+06
-1.767326258390896255e+06
-1.684957225091371685e+06
-1.761643032853025943e+06
-1.684957225091372849e+06
-1.761643032853028737e+06
-1.761643041483284207e+06
-1.767326258390885778e+06
1.761643047801070381e+06
1.684957228922333336e+06
1.767326314357708208e+06
1.761643056431321893e+06
4.290396929181423620e+05
-1.186767326989505906e+06
1.030953280911204929e+05
-6.758799119579134276e+05
3.659503709069163597e+04
-4.103534040496944217e+05
-8.877805803253056365e+04
-1.945676001834090566e+05
-4.939745360745828657e+04
-1.098053000515867316e+05
-2.200499600614120573e+04
-4.939745361589473760e+04
-1.213827458569533701e+04
-2.734470266911406725e+04
-5.375153359052195810e+03
-1.191669908133587523e+04
-2.958714273653061355e+03
-5.767291987047034127e+03
-1.162379656815160160e+03
-2.014188274750531264e+03
-5.576548055685163945e+02
-9.047816540038758149e+02
-1.963852592964608164e+02
-2.950884524704458158e+02
-8.946970751649709541e+01
-1.281450218315075915e+02
-2.989510272970665028e+01
-4.047975109674602834e+01
-1.323323378217328994e+01
-1.729531525644528855e+01
-4.291518488649398222e+00
-5.378277009104557749e+00
-1.868152138394376216e+00
-2.279289227906411419e+00
-5.952053511048982504e-01
-7.031791928278499082e-01
9.475014056349229563e-05
3.263659905559850656e-05
1.457379785715746609e-04
4.928251568008966063e-05
1.936447994824765366e-04
6.466977507320994568e-05
2.731712254950553580e-04
8.982722782536675925e-05
3.398494406627603826e-04
1.106372626838633135e-04
4.368353256797224493e-04
1.405506844237974773e-04
5.066482143248472085e-04
1.618690796559151966e-04
5.903286713454490575e-04
1.872241387958691885e-04
6.362823650351304367e-04
2.010666224135620583e-04
6.698010707357598395e-04
2.111300443966441229e-04
6.724693087959121010e-04
2.119299794855473539e-04
6.724693087959121010e-04
2.119299794855473539e-04
6.724693087959121010e-04
2.119299794855473539e-04
6.724693087959121010e-04
2.119299794855473539e-04
6.724693087959121010e-04
2.119299794855473539e-04
6.724693087959121010e-04
2.119299794855473539e-04
6.724693087959121010e-04
2.119299794855473539e-04
6.724693087959121010e-04
2.119299794855473539e-04
6.724693087959121010e-04
2.119299794855473539e-04
6.724693087959121010e-04
2.119299794855473539e-04
6.724693087959121010e-04
2.119299794855473539e-04
6.724693087959121010e-04
2.119299794855473539e-04
6.724693087959121010e-04
2.119299794855473539e-04
6.724693087959121010e-04
8.092420760026471029e-05
1.960019003724671578e-04
1.905111989005332297e-04
6.394568839283798706e-04
6.129638303271474310e-04
1.519770007783891085e-03
1.440688238235196626e-03
4.958269065453542283e-03
4.622475294964670765e-03
1.178166580704196643e-02
1.083689718268873031e-02
3.841220162704504781e-02
3.461961355677872776e-02
9.119563938139688131e-02
8.084014267751077343e-02
2.967794505395989213e-01
2.564984898778687183e-01
7.031791928278501302e-01
5.952053511049039125e-01
2.279289227906434512e+00
1.868152138394393980e+00
5.378277009104632356e+00
4.291518488649446184e+00
1.729531525644549816e+01
1.323323378217354040e+01
4.047975109674660388e+01
2.989510272970704818e+01
1.281450218315091831e+02
8.946970751649845965e+01
2.950884524704493970e+02
1.963852592964626638e+02
9.047816540038851372e+02
5.576548055685176450e+02
2.014188274750543542e+03
1.730955010257771913e-07
5.767291987047064140e+03
6.341685620035042730e-07
1.191669908133595709e+04
1.663920799129150104e-06
1.705635032675815239e-06
6.365510168517922440e-06
4.650866108078984233e-06
1.735725107436807309e-05
1.889143368224675010e-05
7.050371908319016782e-05
5.380769915831556081e-05
2.008128641679412542e-04
2.324923831518250963e-04
8.676725094782877876e-04
2.878122603678672149e-04
1.074131584116468389e-03
1.236146337750810859e-03
4.613367833152566197e-03
1.236146337750810859e-03
4.613367833152566197e-03
2.878122603678672149e-04
1.074131584116468823e-03
7.085660508654187048e-03
1.046287890734959140e-02
1.649756104852203361e-03
-1.563985961051656865e+06
1.649756104852202710e-03
2.436074707593891345e-03
7.085660508654187048e-03
1.046287890734959140e-02
2.324923831518256655e-04
-1.186767326989503577e+06
5.380769915831604193e-05
-6.758799119579195976e+05
1.889143368224689579e-05
-4.103534040496997186e+05
-8.877805803253108752e+04
-1.881569141914811044e+05
-4.939745360745886137e+04
-8.464342016911825340e+04
-1.835774578389053931e+04
-2.606077937778685373e+04
-2.200499600614126393e+04
-4.939745361589525419e+04
-4.939745360745886137e+04
-1.098053000515877211e+05
-8.877805803253110207e+04
-1.945676001834097260e+05
-2.001718479043552070e+05
-4.103534040496978560e+05
-3.778227302380130859e+05
-6.758799119579176186e+05
-6.286831677341309842e+05
-1.444158505594359944e+06
-6.562458886704624165e+05
-1.565148122654166305e+06
-6.562458886704624165e+05
-1.565148122654166305e+06
-6.562458886704624165e+05
-1.565148122654166305e+06
-6.562458886704624165e+05
-1.565148122654166305e+06
-6.562458886704624165e+05
-1.565148122654166305e+06
-6.562458886704624165e+05
-1.565148122654166305e+06
5.380769915831604870e-05
-1.565148122654166305e+06
2.324923831518261534e-04
-1.186767326989504509e+06
2.878122603678680280e-04
1.074131584116471859e-03
1.236146337750802836e-03
4.613367833152536707e-03
1.236146337750802836e-03
4.613367833152536707e-03
1.563985963263467653e+06
1.074131584116464269e-03
7.085660508654142813e-03
1.046287890734952722e-02
1.649756104852195988e-03
2.436074707593881370e-03
1.649756104852207698e-03
-1.563985961051657330e+06
7.085660508654142813e-03
1.046287890734952722e-02
1.186767327899025986e+06
8.676725094782865950e-04
1.565148122654166305e+06
2.008128641679426908e-04
1.565148122654166305e+06
6.562458886704624165e+05
1.565148122654166305e+06
6.562458886704624165e+05
1.565148122654166305e+06
6.562458886704624165e+05
1.565148122654166305e+06
6.562458886704624165e+05
1.565148122654166305e+06
6.562458886704624165e+05
1.186767327899024589e+06
6.758799120072120568e+05
1.563985963263464393e+06
1.314703626766354078e+06
1.728874547880111495e+06
1.563985962328654015e+06
1.112438545941198012e+06
8.469664569474542513e+05
1.386419439599893056e+06
1.112438546395340003e+06
1.563985963263471378e+06
1.314703627945070388e+06
1.728874553665032377e+06
1.563985962328632595e+06
1.761643047801082721e+06
1.684957228922346607e+06
1.767326314357717521e+06
1.761643056431339588e+06
-1.761643041483300505e+06
-1.767326258390938165e+06
-1.684957225091386121e+06
-1.761643032853048528e+06
-1.563985960116842762e+06
-1.728874547880092403e+06
-1.314703626766348490e+06
-1.563985961051644757e+06
-1.112438545608716086e+06
-1.386419438221675577e+06
-8.469664564827013528e+05
-1.112438545154561754e+06
-1.563985960116819013e+06
-1.728874547880080529e+06
-1.314703625587589573e+06
-1.563985961051662220e+06
-1.761643041483279783e+06
-1.767326258390854346e+06
-1.684957225091363536e+06
-1.761643032853020122e+06
1.761643047801064095e+06
1.684957228922324954e+06
1.767326314357687254e+06
1.761643056431323988e+06
-6.758799116885846015e+05
-1.186767326989506138e+06
-3.378827598740522517e+05
-6.758799119579171529e+05
-1.945676001368909783e+05
-4.103534040496965754e+05
-8.877805803253078193e+04
-1.881569141914806969e+05
-4.939745360745857761e+04
-8.464342016911797691e+04
-1.835774578389059752e+04
-2.606077937778673731e+04
-8.284253234606163460e+03
-1.068820163443218553e+04
-2.673495157400721837e+03
-3.116838305887628394e+03
-1.145379941896626406e+03
-1.260153615077656468e+03
-3.541656059879858844e+02
-3.658651053447052277e+02
-1.489059938739725624e+02
-1.482066048432797061e+02
-4.532701623581007766e+01
-4.326704676277022799e+01
-1.892715692004408723e+01
-1.761245436889863925e+01
-5.729986206780508518e+00
-5.177324159181903696e+00
-2.387576935234350994e+00
-2.117960862442327841e+00
-7.218961324023269732e-01
-6.266122055694336446e-01
1.488595200454452978e-05
5.064369681328698527e-06
2.219727196658211600e-05
7.431409589647986626e-06
2.888120956870349952e-05
9.564991437233544844e-06
3.969702140093963748e-05
1.297264968012434857e-05
4.856234280240083218e-05
1.573361304504153278e-05
6.120466267931804155e-05
1.963143333279966516e-05
7.015401382859329249e-05
2.236731336335032140e-05
8.074242605971857303e-05
2.558302410646037394e-05
8.650039374289981813e-05
2.732307512689332918e-05
9.067713948823109143e-05
2.858176981375003091e-05
9.100882438456005361e-05
2.868160380110115065e-05
9.100882438456005361e-05
2.868160380110115065e-05
9.100882438456005361e-05
2.868160380110115065e-05
9.100882438456005361e-05
2.868160380110115065e-05
9.100882438456005361e-05
2.868160380110115065e-05
9.100882438456005361e-05
2.868160380110115065e-05
9.100882438456005361e-05
2.868160380110115065e-05
9.100882438456005361e-05
2.868160380110115065e-05
9.100882438456005361e-05
2.868160380110115065e-05
9.100882438456005361e-05
2.868160380110115065e-05
9.100882438456005361e-05
2.868160380110115065e-05
9.100882438456005361e-05
8.608191648674384127e-06
2.347400408478014788e-05
1.993809471697680649e-05
7.490540643585150192e-05
6.264511019671634281e-05
1.749438737156187027e-04
1.445291657241493403e-04
5.562625613403042847e-04
4.512987699679689283e-04
1.295146311566200848e-03
1.035720805923865144e-03
4.097321265924849971e-03
3.207022344953028292e-03
9.497520402065934980e-03
7.307271947632780137e-03
2.982754840067930804e-02
2.236609386997293059e-02
6.869454425494224414e-02
5.045461840351904426e-02
2.134364056128011389e-01
1.519441138499110222e-01
4.868658821108766688e-01
3.379366810115491115e-01
1.488516809069633240e+00
9.942628134196518364e-01
3.346245737753679617e+00
4.612159264478274956e-01
9.979069086411286094e+00
1.576214146689055573e+00
2.192593301556989616e+01
3.889426150968004592e+00
6.284236528792791177e+01
1.343329368874388230e+01
1.008984978949453293e+01
3.344055681920989542e+01
3.589071989330891910e+01
1.170971054240594498e+02
9.169032229537020839e+01
2.948839555413313747e+02
3.352498620526454260e+02
1.051331567519024247e+03
8.778998359705353778e+02
2.686782690459165678e+03
3.345955315540807533e+03
9.781048665203303244e+03
9.087279344280814257e+03
2.532084528740144015e+04
3.659503709069172328e+04
9.230550858082895866e+04
1.030953280911209440e+05
2.312292560196997074e+05
4.290396929181470186e+05
6.758799120072083315e+05
5.501477942349445075e+05
1.314703626766340807e+06
1.728874547880098224e+06
1.563985962328646565e+06
1.112438545941189397e+06
8.469664569474509917e+05
1.386419439599889331e+06
1.112438546395340702e+06
1.563985963263469050e+06
1.314703626766341273e+06
1.728874547880100552e+06
1.563985962328646565e+06
1.761643047801080393e+06
1.684957228922338691e+06
1.767326314357717056e+06
1.761643056431336794e+06
-1.761643041483289329e+06
-1.767326258390927920e+06
-1.684957225091377739e+06
-1.761643032853042707e+06
-1.563985960116836475e+06
-1.728874547880096361e+06
-1.314703625587608898e+06
-1.563985961051659659e+06
-1.112438545608728426e+06
-1.386419438221691409e+06
-8.469664564827140421e+05
-1.112438545154577121e+06
-1.563985960116836475e+06
-1.728874547880096361e+06
-1.314703626766340341e+06
-5.501477942349418299e+05
-1.761643041483299807e+06
-1.767326258390922565e+06
-1.684957225091379369e+06
-1.761643032853042707e+06
1.761643047801080858e+06
1.684957228922338923e+06
1.767326314357735682e+06
1.761643056431338191e+06
-6.758799116885961266e+05
-4.290396929181470769e+05
-2.312292560196997365e+05
-1.030953280911205075e+05
-9.230550858082895866e+04
-3.059680676690757973e+05
-1.007387860810654674e+05
-3.059680676690760884e+05
-8.877805803253203339e+04
-3.059680676690757973e+05
-1.945676001368923753e+05
-4.103534040497014648e+05
-3.378827598740541725e+05
-6.758799119579206454e+05
-6.758799116885934491e+05
-1.186767326989507768e+06
-8.469664564827111317e+05
-1.112438545154573629e+06
-1.112438545608727261e+06
-1.386419438221689779e+06
-1.314703626766331494e+06
-1.563985961051663384e+06
-1.563985960116837639e+06
-1.728874547880090773e+06
-1.314703626766342437e+06
-1.563985961051658727e+06
-2.053179519756759517e+06
-1.728874547880099388e+06
-1.684957225091377739e+06
-1.761643032853042707e+06
-1.761643041483293520e+06
-1.767326258390896255e+06
1.767326314357706811e+06
1.761643056431331206e+06
1.761643047801080393e+06
1.684957228922336828e+06
-2.148262027013533749e+06
-2.472295057206702419e+06
-2.148262027013532817e+06
-2.472295057206702419e+06
-2.148262027013533749e+06
-2.472295057206702419e+06
-2.148262027013532817e+06
-2.472295057206702419e+06
2.472295057206702419e+06
2.148262027013532817e+06
2.472295057206702419e+06
2.148262027013532817e+06
2.472295057206702419e+06
1.563985962328647031e+06
2.472295057206702419e+06
2.148262027013532817e+06
-2.148262027013533749e+06
-2.472295057206702419e+06
-2.148262027013532817e+06
-2.472295057206702419e+06
-2.148262027013533749e+06
-2.472295057206702419e+06
-2.148262027013532817e+06
-2.472295057206702419e+06
2.472295057206702419e+06
2.148262027013532817e+06
2.472295057206702419e+06
2.148262027013532817e+06
2.472295057206702419e+06
2.148262027013532817e+06
2.472295057206702419e+06
2.148262027013532817e+06
-2.148262027013533749e+06
-2.472295057206702419e+06
-2.148262027013532817e+06
-2.472295057206702419e+06
-2.148262027013533749e+06
-2.472295057206702419e+06
-2.148262027013532817e+06
-2.472295057206702419e+06
2.472295057206702419e+06
2.148262027013532817e+06
2.472295057206702419e+06
2.148262027013532817e+06
2.472295057206702419e+06
2.148262027013532817e+06
2.472295057206702419e+06
2.148262027013532817e+06
-2.148262027013533749e+06
-2.472295057206702419e+06
-2.148262027013532817e+06
-2.472295057206702419e+06
-2.148262027013533749e+06
-2.472295057206702419e+06
-1.563985960116838105e+06
-2.472295057206702419e+06
2.472295057206702419e+06
2.148262027013532817e+06
2.472295057206702419e+06
2.148262027013532817e+06
2.472295057206702419e+06
2.148262027013532817e+06
2.472295057206702419e+06
2.148262027013532817e+06
1.728874547880094266e+06
2.053179519756757654e+06
1.563985963263469981e+06
1.314703626766343135e+06
1.728874547880094266e+06
1.563985962328647031e+06
5.501477942349410150e+05
1.314703626766337547e+06
1.386419439599888632e+06
1.112438546395340702e+06
1.112438545941188233e+06
8.469664569474501768e+05
-1.684957225091377739e+06
-1.761643032853042707e+06
-1.761643041483287932e+06
-1.767326258390896255e+06
1.767326314357706811e+06
1.761643056431330973e+06
1.761643047801074572e+06
1.684957228922340088e+06
4.290396929181468440e+05
6.758799120072083315e+05
1.030953280911215988e+05
2.312292560197009298e+05
3.059680676690732362e+05
9.230550858082955529e+04
3.059680676690732362e+05
1.007387860810645070e+05
3.059680676690732362e+05
1.007387860810645943e+05
3.059680676690732362e+05
1.007387860810645070e+05
3.059680676690732362e+05
8.877805805293036974e+04
4.103534042006203090e+05
1.945676001919202681e+05
6.758799122765337816e+05
3.378827599890627316e+05
1.186767327899018535e+06
6.758799120072155492e+05
1.563985963263456943e+06
1.314703626766354078e+06
1.728874547880110331e+06
1.563985962328654248e+06
1.112438545941198478e+06
8.469664569474570453e+05
1.386419439599893754e+06
1.112438546395343961e+06
1.563985963263476035e+06
1.314703627945076441e+06
1.728874547880112426e+06
1.563985962328641675e+06
1.761643047801080858e+06
1.684957228922346141e+06
1.767326314357706811e+06
1.761643056431333767e+06
-1.761643041483296547e+06
-1.767326258390917210e+06
-1.684957225091385888e+06
-1.761643032853052719e+06
-1.563985960116842296e+06
-1.728874547880090773e+06
-1.314703626766348723e+06
-1.563985961051653605e+06
-1.112438545608723536e+06
-1.386419438221685588e+06
-8.469664564827070571e+05
-1.112438545154569671e+06
-1.563985960116826696e+06
-1.728874547880090773e+06
-1.314703626766325906e+06
-5.501477942349360092e+05
-1.761643041483289795e+06
-1.767326258390875068e+06
-1.684957225091371685e+06
-1.761643032853031531e+06
1.761643047801070148e+06
1.684957228922331706e+06
1.767326314357687254e+06
1.761643056431327481e+06
-6.758799116885900730e+05
-4.290396929181418382e+05
-2.312292560196989216e+05
-1.030953280911200854e+05
-9.230550858082868217e+04
-3.659503709069158504e+04
-2.532084528740151654e+04
-9.087279344280725127e+03
-9.781048665203259588e+03
-3.345955315540801166e+03
-2.686782690459174319e+03
-8.778998359705276471e+02
-1.051331567519022201e+03
-3.352498620526413333e+02
-2.948839555413271682e+02
-9.169032229536843204e+01
-1.170971054240572471e+02
-3.589071989330824408e+01
-3.344055681920922041e+01
-1.008984978949430023e+01
-1.343329368874352880e+01
-9.627186594284532362e+01
-3.889426150967950857e+00
-4.214069655316713181e+01
-1.034486526609094881e+01
-2.162717437404769072e+01
-4.264587233904393315e+00
-8.361329757181175992e+00
2.291199504232415335e-06
7.717186411821628242e-07
3.325278718619260113e-06
1.104331145811594744e-06
4.248415876672065848e-06
1.397618884936034159e-06
5.709734918970652722e-06
1.856652998589472795e-06
6.884434865550722450e-06
2.221969810616764535e-06
8.531545479978029013e-06
2.729778669035419231e-06
9.681013179321552119e-06
3.081582248163198518e-06
1.102607482031066703e-05
3.490932679292346609e-06
1.175146380869891744e-05
3.710759215292777019e-06
1.227519892057979502e-05
3.869097687531143568e-06
1.231670502532704967e-05
3.881632974126694740e-06
1.231670502532704967e-05
3.881632974126694740e-06
1.231670502532704967e-05
3.881632974126694740e-06
1.231670502532704967e-05
-4.623167360873509739e-06
1.231670502532704967e-05
-6.717400585729312470e-06
1.231670502532704967e-05
-1.080170796396700716e-05
1.231670502532704967e-05
-1.488595200454463650e-05
1.231670502532704967e-05
-2.219727196658227524e-05
1.231670502532704967e-05
-2.888120956870370620e-05
-1.297264968012443836e-05
-3.969702140093975945e-05
-1.356625051543125008e-05
-4.856234280240101514e-05
-3.069444549362798446e-05
-6.944800135558869953e-05
-5.580138507048045590e-05
-1.262539395537058858e-04
-1.262539395493935529e-04
-2.856570178634564071e-04
1.197224467759097015e-04
-5.193140646336507488e-04
3.684437395535831777e-04
-1.174978836630238528e-03
8.358875136040363639e-04
-2.136068772081453539e-03
2.544431087824736409e-03
-4.933342849284177122e-03
5.719253158468699631e-03
-8.947526799894913244e-03
1.715441317172560279e-02
4.797066209079677186e-03
3.807567347788552020e-02
1.149225590662349313e-02
1.119159114476351302e-01
3.793719761782288896e-02
7.660546274698167013e-02
9.098801139192375098e-02
2.574736938552851240e-01
3.007645790009488285e-01
6.266122055694369752e-01
7.218961324023355219e-01
2.117960862442351821e+00
2.387576935234379416e+00
5.177324159181972085e+00
5.729986206780586677e+00
1.761245436889886307e+01
1.892715692004453842e+01
4.326704676277105222e+01
4.532701623581105110e+01
1.482066048432824914e+02
1.489059938739757740e+02
3.658651053447101731e+02
3.541656059879908298e+02
1.260153615077671020e+03
1.145379941896631408e+03
3.116838305887643401e+03
2.673495157400717289e+03
1.068820163443220190e+04
8.284253234606208935e+03
2.606077937778684282e+04
1.835774578389060116e+04
8.464342016911829705e+04
4.939745361743886315e+04
1.881569141914813081e+05
8.877805805293079175e+04
4.103534042006186210e+05
7.050371908319069637e-05
6.758799122765329666e+05
2.008128641679430431e-04
1.186767327899027849e+06
8.676725094782897392e-04
1.563985963263469050e+06
1.074130142102643634e-03
1.236143241044460094e-03
4.613361639739864233e-03
1.236143241044460094e-03
4.613361639739864233e-03
2.878115393609545665e-04
1.074130142102643201e-03
7.085660508654187048e-03
1.046287890734959140e-02
1.649756104852202710e-03
2.436074707593891345e-03
1.649756104852203361e-03
2.436074707593892212e-03
7.085660508654187048e-03
1.046287890734959140e-02
2.324923831518250963e-04
8.676725094782882213e-04
5.380769915831556081e-05
-1.444158505594361108e+06
-6.562458886704664910e+05
-1.565148122654168401e+06
-6.562458886704664910e+05
-1.565148122654168401e+06
-6.562458886704664910e+05
-1.565148122654168401e+06
-6.758799116885974072e+05
-1.186767326989505673e+06
-8.469664564827147406e+05
-1.112438545154577587e+06
-1.112438545608730288e+06
-1.386419438221690943e+06
-1.314703626766342437e+06
-1.563985961051659891e+06
-1.563985960116839036e+06
-1.728874547880099388e+06
-1.314703626766342437e+06
-1.563985961051658727e+06
-1.563985960116844624e+06
-1.728874547880099388e+06
-1.684957225091380533e+06
-1.761643032853031531e+06
-1.761643041483282344e+06
-1.767326258390896255e+06
1.767326314357748721e+06
1.761643056431331206e+06
1.761643047801069450e+06
1.684957228922336828e+06
1.728874547880098689e+06
1.563985962328647031e+06
1.563985963263470912e+06
1.314703626766331960e+06
1.728874553665025625e+06
1.563985962328652618e+06
1.563985963263468351e+06
1.314703626766340341e+06
1.386419439599892590e+06
1.112438546395341633e+06
1.112438545941193355e+06
8.469664569474528544e+05
-1.684957225091388216e+06
-1.761643032853052719e+06
-1.761643041483308887e+06
-1.767326258390916977e+06
1.767326314357727999e+06
1.761643056431333767e+06
1.761643047801080160e+06
1.684957228922348237e+06
1.186767327899026219e+06
6.758799120072114747e+05
1.565148122654167004e+06
6.562458886704661418e+05
1.565148122654167004e+06
6.562458886704661418e+05
1.565148122654167004e+06
6.562458886704661418e+05
1.565148122654167004e+06
6.562458886704661418e+05
1.565148122654167004e+06
6.562458886704661418e+05
1.565148122654167004e+06
6.562458886704661418e+05
1.565148122654167004e+06
6.562458886704661418e+05
1.444158505594360176e+06
6.286831677341342438e+05
6.758799122765308712e+05
3.778227302380154142e+05
4.103534042006184463e+05
2.001718479043568077e+05
1.881569141914821521e+05
8.877805805293099547e+04
8.464342016911874816e+04
4.939745361743908870e+04
2.606077937778681735e+04
1.835774578389063754e+04
4.376696075576978910e+04
8.284253234606216211e+03
4.376696075576978910e+04
1.213827458760243098e+04
4.939745362587469572e+04
2.200499600995710352e+04
1.098053000781530282e+05
4.939745361743955436e+04
1.945676002384415187e+05
8.877805805293194135e+04
4.103534042006224627e+05
7.050371908319178057e-05
6.758799122765368083e+05
2.008128641679458350e-04
1.186767327899024589e+06
8.676725094783015570e-04
1.563985963263466256e+06
1.074130142102661415e-03
1.236143241044477658e-03
4.613361639739835610e-03
1.236143241044427134e-03
4.613361639739835610e-03
2.878115393609493623e-04
1.074130142102631491e-03
7.085660508653997963e-03
1.046287890734952722e-02
1.649756104852172786e-03
2.436074707593864890e-03
1.649756104852230683e-03
2.436074707593932544e-03
7.085660508654288529e-03
1.046287890734952722e-02
2.324923831518223045e-04
8.676725094782772709e-04
5.380769915831535753e-05
2.008128641679405224e-04
1.889143368224668234e-05
7.050371908318991032e-05
4.650866108079001173e-06
1.735725107436796467e-05
1.705635032675811639e-06
6.365510168517902112e-06
4.458466849411081061e-07
-1.213827458730756553e+04
1.699251257698741333e-07
-6.687195985044359986e+03
4.638084658293371973e-08
-2.958714273974626849e+03
-7.197689714973995478e+02
-1.628101392979495358e+03
-3.181577485969170311e+02
-7.106907308491123558e+02
-1.750148511842630228e+02
-3.571784642372610392e+02
-7.086135680591840469e+01
-1.330493291247753689e+02
-3.513951164896741375e+01
-6.284236528792826704e+01
-1.301401628447557535e+01
-2.192593301557015550e+01
3.468301212529155727e-07
1.158630597552687054e-07
4.915256884006724020e-07
1.621667918777332677e-07
6.180388239522829975e-07
2.022149404399448715e-07
8.145179380941369670e-07
2.637966654625428206e-07
9.698149299786159815e-07
3.120459756427597842e-07
1.184413285660776604e-06
3.782187498798923955e-07
1.332345688862509580e-06
-4.239140218882685924e-07
1.503816882160230834e-06
-8.987438257928940072e-07
1.595633637277724276e-06
-1.530690815963886061e-06
1.661661213329012079e-06
-3.087366913147870793e-06
-1.947698845775335787e-06
-5.057579072765602559e-06
-3.629143226775002543e-06
-9.639808709055563404e-06
-5.596496715296629835e-06
-1.511118374149042154e-05
-9.789965647272017723e-06
-2.702073408237620723e-05
-1.437880109404484132e-05
-4.031148610897353668e-05
-2.345048975483673311e-05
-6.711089857714449538e-05
-3.263659905559873696e-05
-9.475014056349297326e-05
-4.928251568008998589e-05
-1.457379785715740917e-04
-6.466977507321042002e-05
-1.936447994824765366e-04
-8.982722782536707096e-05
-2.731712254950553580e-04
-1.106372626838644790e-04
-3.398494406627627137e-04
-1.262539395493940950e-04
-4.049769147437886707e-04
-2.295250682659624177e-04
-5.193140646336478214e-04
-5.193140646148309506e-04
-1.174978836630235276e-03
-9.440940737918966695e-04
-2.136068772081456141e-03
-2.136068771999081930e-03
-4.832982139816423620e-03
-3.883295303391621871e-03
-8.786185669328172923e-03
-8.830353120587972754e-03
-1.987926553258271417e-02
-1.632365938408490702e-02
-3.613978125274103920e-02
-3.660925864786270661e-02
-8.371601880807315321e-02
-6.445070071792896593e-02
-1.517167916059747323e-01
-1.341922902478169533e-01
-3.289273638913233766e-01
9.119563938139754744e-02
-5.616655123585539977e-01
2.967794505395999760e-01
-1.111478582580408325e+00
7.031791928278537940e-01
-1.761254397749960399e+00
2.279289227906438953e+00
1.868152138394401973e+00
5.378277009104631468e+00
4.291518488649464835e+00
1.729531525644555856e+01
1.323323378217365054e+01
4.047975109674689520e+01
2.989510272970730398e+01
1.281450218315098937e+02
8.946970751649902809e+01
2.950884524704497949e+02
1.963852592964636585e+02
9.047816540038867288e+02
5.576548055685188956e+02
2.014188274750547407e+03
1.730952686463285916e-07
5.767291987047063230e+03
6.341677106368304699e-07
1.191669908133598074e+04
1.663918565327600761e-06
1.705635032675817145e-06
6.365501622866903107e-06
4.650866108078996938e-06
1.735722777238502557e-05
1.889143368224689579e-05
7.050362443246154746e-05
5.380769915831604193e-05
2.008125945781361033e-04
2.324923831518256655e-04
8.676713446342681525e-04
2.878115393609546749e-04
1.074130142102643634e-03
1.236143241044460094e-03
4.613361639739864233e-03
1.236143241044460094e-03
4.613361639739864233e-03
2.878115393609545665e-04
1.074130142102643201e-03
7.085660508654187048e-03
1.046287890734959140e-02
1.649756104852202710e-03
2.436074707593891345e-03
1.649756104852203361e-03
2.436074707593892212e-03
7.085660508654187048e-03
1.046287890734959140e-02
1.542302519211265297e-04
5.755966657222937478e-04
-1.112438545608730055e+06
-1.386419438221693970e+06
-1.314703626766341506e+06
-5.501477942349421792e+05
-1.563985960116842529e+06
-1.728874547880097292e+06
-1.314703626766344532e+06
-1.563985961051665712e+06
-2.053179519756757421e+06
-1.728874547880108003e+06
-1.684957225091388216e+06
-1.761643032853042707e+06
-1.761643041483292123e+06
-1.767326258390916977e+06
1.767326314357727999e+06
1.761643056431322591e+06
1.761643047801074339e+06
1.684957228922348237e+06
-2.148262027013534680e+06
-2.472295057206702419e+06
-2.148262027013533749e+06
-2.472295057206702419e+06
-2.148262027013534680e+06
-2.472295057206702419e+06
-2.148262027013533749e+06
-2.472295057206702419e+06
2.472295057206702419e+06
2.148262027013532817e+06
2.472295057206702419e+06
2.148262027013532817e+06
2.472295057206702419e+06
1.563985962328651221e+06
2.472295057206702419e+06
2.148262027013532817e+06
-2.148262027013534680e+06
-2.472295057206702419e+06
-2.148262027013533749e+06
-2.472295057206702419e+06
-2.148262027013534680e+06
-2.472295057206702419e+06
-1.563985960116838338e+06
-2.472295057206702419e+06
2.472295057206702419e+06
2.148262027013532817e+06
2.472295057206702419e+06
2.148262027013532817e+06
2.472295057206702419e+06
2.148262027013532817e+06
2.472295057206702419e+06
2.148262027013532817e+06
1.728874547880094266e+06
2.053179519756758586e+06
1.563985963263468351e+06
1.314703626766340341e+06
1.728874547880098689e+06
1.563985962328647031e+06
1.563985963263468584e+06
1.314703626766340341e+06
1.386419439599887701e+06
1.112438546395340702e+06
1.112438545941190096e+06
8.469664569474508753e+05
-1.684957225091380533e+06
-1.761643032853042707e+06
-1.761643041483293520e+06
-1.767326258390938165e+06
1.767326314357748721e+06
1.761643056431331206e+06
1.761643047801069450e+06
1.684957228922336828e+06
1.186767327899026219e+06
6.758799120072078658e+05
6.758799122765337816e+05
3.378827599890633137e+05
4.103534042006192030e+05
1.945676001919216942e+05
3.059680676690755645e+05
8.877805805293121375e+04
3.059680676690755645e+05
1.007387860810653801e+05
3.059680676690755645e+05
1.007387860810655548e+05
3.059680676690755645e+05
1.007387860810653801e+05
3.059680676690755645e+05
1.007387860810655548e+05
3.059680676690755645e+05
1.007387860810653801e+05
3.059680676690755645e+05
1.007387860810655548e+05
2.963493993177257944e+05
9.841638955499004805e+04
2.002912290741876932e+05
7.347916328815327142e+04
1.195817850068643602e+05
4.923919210570433643e+04
4.939745362587505224e+04
2.348940592407860095e+04
2.734470267404364859e+04
1.233353511308038287e+04
1.191669908133596618e+04
5.375153359800816361e+03
5.767291987047051407e+03
2.958714274033487982e+03
6.687195986004921906e+03
6.341677106368324816e-07
1.213827458921486868e+04
1.663918565327607749e-06
1.705635032675854838e-06
6.365501622867014916e-06
4.650866108079096888e-06
1.735722777238539826e-05
1.889143368224718378e-05
7.050362443246263166e-05
5.380769915831678054e-05
2.008125945781388951e-04
2.324923831518287555e-04
8.676713446342797535e-04
2.878115393609594454e-04
1.074130142102661415e-03
1.236143241044477658e-03
4.613361639739835610e-03
1.236143241044427134e-03
4.613361639739835610e-03
2.878115393609493623e-04
1.074130142102631491e-03
7.085660508653997963e-03
1.046287890734952722e-02
1.649756104852172786e-03
-1.563985961051658029e+06
1.649756104852230683e-03
2.436074707593932544e-03
7.085660508654288529e-03
1.046287890734952722e-02
2.324923831518223045e-04
-1.186767326989499619e+06
5.380769915831535753e-05
-6.758799119579187827e+05
1.889143368224668234e-05
-4.103534040497007663e+05
-8.877805803253226622e+04
-1.945676001834082999e+05
-4.939745360745950165e+04
-1.098053000515866006e+05
-2.200499600614120209e+04
-4.939745361589496315e+04
-1.213827458569525152e+04
-2.734470266911428917e+04
-5.375153359052204905e+03
-1.191669908133594072e+04
-2.958714273653085456e+03
-5.767291987047037765e+03
-1.162379656815153339e+03
-2.014188274750531264e+03
-5.576548055685111649e+02
-9.047816540038828634e+02
-1.963852592964620385e+02
-2.950884524704482033e+02
-8.946970751649870124e+01
-1.281450218315098084e+02
-2.989510272970716898e+01
-4.047975109674706573e+01
5.178794632387685426e-08
-9.196603793893281222e-08
-7.422676580617344247e-08
-1.876130978488262302e-07
-1.210101594825516697e-07
-3.105949509353558654e-07
-2.299166458246362738e-07
-6.026000410593290456e-07
-3.605805998044787192e-07
-9.595434846101007459e-07
-6.479279082022178803e-07
-1.759924716548161349e-06
-9.734239675839759413e-07
-2.683289190955022622e-06
-1.713603300285295200e-06
-4.064012457098991204e-06
-2.955774261105179736e-06
-7.137369993616032180e-06
-6.066669240569619588e-06
-1.501816380219361843e-05
-1.006623267801914340e-05
-2.537991999963393482e-05
-1.952399876304099008e-05
-5.047449570280662017e-05
-3.099538615934892001e-05
-8.160702319576513945e-05
-5.637502441069573597e-05
-1.521304706172419221e-04
-8.513370797774621134e-05
-2.338349306781532073e-04
-1.440265253198110950e-04
-4.049769147437930076e-04
-2.056429418802593542e-04
-5.878365900869141200e-04
-3.209222397147089810e-04
-9.371209097172118795e-04
-4.306367638745684455e-04
-1.275909800854892369e-03
-6.149750149659952668e-04
-1.855405246963912503e-03
-7.711974074035667700e-04
-2.354399275816407549e-03
-1.000577442818480125e-03
-3.097432913784759021e-03
-1.259642753001189667e-03
-3.530459251956185197e-03
-2.136068771999091037e-03
-4.832982139816467855e-03
-3.883295303391623172e-03
-8.786185669328219761e-03
-8.786185668965889803e-03
-1.987926553258279744e-02
-1.597296582292912631e-02
-3.613978125274105307e-02
-3.613978125114079842e-02
-8.176839505015419396e-02
-6.570080679710618710e-02
-1.486519641960205307e-01
-1.495183491171538093e-01
-3.363338576942679903e-01
-2.771069339183039326e-01
-6.114426679983608892e-01
-6.200443542247772166e-01
-1.422049735708797114e+00
-1.084066984524979516e+00
-2.573940395483880650e+00
-2.216169446897136464e+00
-5.522452409481191538e+00
-3.595700136193463958e+00
-9.284460790406759756e+00
-6.552888059364973650e+00
-1.774772338382726389e+01
-9.677701527304328977e+00
-2.710222363740108520e+01
9.979069086411332279e+00
-4.466967546220769947e+01
2.192593301557013419e+01
-6.043531318691051979e+01
6.284236528792833099e+01
7.556621702040783232e-09
5.091728214685048669e-09
1.900263888977919144e-08
1.813430938940947243e-08
6.767834383787818116e-08
4.638061420348547736e-08
1.730952686463285916e-07
1.699242744032005685e-07
6.341677106368304699e-07
4.458444511395574925e-07
1.663918565327600761e-06
1.705626487024797388e-06
6.365501622866903107e-06
4.650842806095901138e-06
1.735722777238502557e-05
1.889133903151774349e-05
7.050362443246154746e-05
5.380742956850909531e-05
2.008125945781361033e-04
2.324912183078038620e-04
8.676713446342681525e-04
2.878144233886049431e-04
1.074133026130294011e-03
1.236155627869862722e-03
4.613374026565267294e-03
1.236155627869862722e-03
4.613374026565267294e-03
2.878144233886049431e-04
1.074133026130293577e-03
7.085660508654187048e-03
1.046287890734959140e-02
1.649756104852202710e-03
-1.563985961051655933e+06
1.649756104852203361e-03
2.436074707593892212e-03
7.085660508654187048e-03
1.046287890734959140e-02
2.878144233886052142e-04
1.074133026130294011e-03
1.236155627869864240e-03
4.613374026565272498e-03
1.236155627869851880e-03
4.613374026565212650e-03
1.563985963263474638e+06
1.074133026130281868e-03
7.085660508654125465e-03
1.046287890734946997e-02
1.649756104852185580e-03
2.436074707593864890e-03
1.649756104852204662e-03
-1.563985961051659659e+06
7.085660508654195722e-03
1.046287890734960355e-02
1.186767327899029013e+06
8.676713446342580694e-04
1.565148122654164676e+06
2.008125945781338536e-04
1.565148122654164676e+06
6.562458886704618344e+05
1.565148122654164676e+06
6.562458886704607867e+05
1.444158505594359012e+06
6.286831677341301693e+05
6.758799122765323846e+05
3.778227302380136098e+05
4.103534042006177478e+05
2.001718479043562547e+05
1.945676002384409658e+05
8.877805805293009325e+04
1.098053000781528244e+05
4.939745361743850663e+04
4.939745362587487034e+04
2.200499600995718356e+04
4.376696075577006559e+04
1.213827458760256559e+04
4.376696075577006559e+04
1.387666939419282971e+04
4.376696075577006559e+04
1.387666939419285518e+04
4.376696075577006559e+04
1.387666939419282971e+04
4.376696075577006559e+04
1.387666939419285518e+04
4.376696075577006559e+04
1.387666939419282971e+04
4.292903169802686898e+04
1.366203336122085784e+04
3.362550598140594957e+04
1.120354254697320721e+04
2.392354659392471876e+04
8.462031060261146195e+03
1.255750770605386060e+04
4.915513653962148965e+03
7.071327426903267224e+03
2.995494239310161902e+03
2.958714274355018915e+03
1.370790389638661281e+03
1.628101393173880069e+03
2.948839555413345010e+02
3.352498620526501441e+02
1.051331567519031069e+03
8.778998359705490202e+02
2.686782690459182959e+03
3.345955315540910306e+03
9.781048665203485143e+03
9.087279344281081649e+03
2.532084528740207679e+04
3.659503709069278557e+04
9.230550858083099592e+04
1.030953280911237962e+05
2.312292560197040439e+05
4.290396929181558080e+05
6.758799120072096121e+05
5.501477942349556834e+05
1.314703626766356640e+06
1.728874547880124999e+06
1.563985962328645168e+06
1.112438545941189863e+06
8.469664569474512246e+05
1.386419439599886304e+06
1.112438546395335579e+06
1.563985963263467886e+06
1.314703627945067594e+06
1.728874547880116617e+06
1.563985962328648195e+06
1.761643047801070148e+06
1.684957228922341252e+06
1.767326314357664902e+06
1.761643056431331206e+06
-1.761643041483282344e+06
-1.767326258390896255e+06
-1.684957225091371685e+06
-1.761643032853020588e+06
-1.563985960116831120e+06
-1.728874547880098689e+06
-1.314703626766339177e+06
-1.563985961051665479e+06
-1.112438545608726563e+06
-1.386419438221695367e+06
-8.469664564827156719e+05
-1.112438545154583873e+06
-1.563985960116844624e+06
-1.728874547880090773e+06
-1.314703626766347559e+06
-1.563985961051656166e+06
-1.761643041483308421e+06
-1.767326258390916977e+06
-1.684957225091390079e+06
-1.761643032853054116e+06
1.761643047801102744e+06
1.684957228922348237e+06
1.767326314357686089e+06
1.761643056431356352e+06
-6.758799116885993863e+05
-1.186767326989500551e+06
-3.378827598740520771e+05
-6.758799119579218095e+05
-1.945676001368894940e+05
-4.103534040497025708e+05
-8.877805803253236809e+04
-1.881569141914829961e+05
-4.939745360745953803e+04
-8.464342016911874816e+04
-1.835774578389060844e+04
-2.606077937778696287e+04
-8.284253234606172555e+03
-1.068820163443218917e+04
-2.673495157400699554e+03
-3.116838305887630668e+03
-1.145379941896616856e+03
-1.260153615077668064e+03
-3.541656059879893519e+02
-3.658651053447082404e+02
-1.489059938739754045e+02
-1.482066048432824914e+02
-4.532701623581093031e+01
-1.750148511982118009e+02
-1.766306734489657574e-07
-6.180388239522850092e-07
-3.661156011363995446e-07
-8.987438257928841605e-07
-6.132474217667063551e-07
-1.530690815963874838e-06
-1.208982817586440103e-06
-3.087366913147848346e-06
-1.947698845775315458e-06
-5.057579072765566136e-06
-3.629143226774962732e-06
-9.639808709055527829e-06
-5.596496715296550213e-06
-1.511118374149020808e-05
-9.789965647271946572e-06
-2.702073408237591246e-05
-1.342239245828890089e-05
-4.031148610897326563e-05
-2.878375167694077923e-05
-6.863811347673990228e-05
-4.933050740660726050e-05
-1.200152409671515418e-04
-1.000152122558899175e-04
-2.501446910355157520e-04
-1.640005118652949976e-04
-4.185963229352048106e-04
-3.116264430849472193e-04
-8.177183866923681691e-04
-4.856355004756488197e-04
-1.300125528185393274e-03
-8.566389062947507875e-04
-2.355701871730161989e-03
-1.259642753001198557e-03
-3.530459251956184763e-03
-2.042154274818398958e-03
-5.867463964721987037e-03
-2.812644136465708086e-03
-8.220402841634354141e-03
-4.149483534046680827e-03
-1.239065481041253317e-02
-5.315346011283433696e-03
-1.609737854181229888e-02
-7.071064109128207507e-03
-2.177489269804160424e-02
-8.372631710775554903e-03
-2.604490186966468973e-02
-1.261462515939386353e-02
-3.548471580567835043e-02
-1.597296582292915407e-02
-5.142650207519624400e-02
-3.613978125114121476e-02
-8.176839505015405518e-02
-6.570080679710624261e-02
-1.486519641960208638e-01
-1.486519641889119392e-01
-3.363338576942681013e-01
-2.702438528087721670e-01
-6.114426679983568924e-01
-6.114426679665784237e-01
-1.383424957832714908e+00
-1.111580365405239634e+00
-2.515015431624828324e+00
-2.532453465483556432e+00
-5.690366299841366882e+00
-4.709865637015925088e+00
-1.034486526674177931e+01
-1.050034328679057793e+01
-2.419491434487119719e+01
-1.816648350143618273e+01
-4.369697825983729444e+01
-3.610943819214197248e+01
-9.219584146449665241e+01
-5.669555571080633882e+01
-1.511545222653752774e+02
-9.681266485497856422e+01
-2.730186039951489079e+02
-1.340209069021434516e+02
-3.922146050882824397e+02
-1.889050253129888404e+02
-5.764345160881981656e+02
1.008984978949456490e+01
-6.995053859974630086e+02
3.589071989330922463e+01
-8.001559151424363563e+02
9.169032229537032208e+01
-9.169032229536986733e+01
3.352498620526473019e+02
-3.352498620526441186e+02
8.778998359705375378e+02
-8.778998359705331040e+02
3.345955315540837091e+03
-3.345955315540803440e+03
9.087279344280845180e+03
-9.087279344280799705e+03
3.659503709069226170e+04
-3.659503709069190518e+04
1.030953280911218608e+05
-1.030953280911214097e+05
4.290396929181505111e+05
-4.290396929181470186e+05
5.501477942349473014e+05
1.314703626766341273e+06
1.728874547880104044e+06
1.563985962328646565e+06
-1.314703626766340341e+06
-5.501477942349421792e+05
-1.563985960116838571e+06
-1.728874547880096361e+06
1.761643047801069450e+06
1.684957228922344744e+06
1.767326314357690979e+06
1.761643056431339588e+06
-1.684957225091376808e+06
-1.761643032853044337e+06
-1.761643041483268375e+06
-1.767326258390927920e+06
-1.761643041483310284e+06
-1.767326258390916977e+06
-1.684957225091375876e+06
-1.761643032853042707e+06
1.767326314357696334e+06
1.761643056431336794e+06
1.761643047801069450e+06
1.684957228922343813e+06
1.728874547880102880e+06
1.563985962328646565e+06
1.563985963263465790e+06
1.314703626766340807e+06
1.728874547880096594e+06
1.563985962328648195e+06
5.501477942349415971e+05
1.314703626766331960e+06
1.386419439599886769e+06
1.112438546395340934e+06
1.112438545941186603e+06
8.469664569474476157e+05
-1.684957225091375876e+06
-1.761643032853042707e+06
-1.761643041483271169e+06
-1.767326258390938165e+06
1.767326314357685857e+06
1.761643056431336794e+06
1.761643047801069450e+06
1.684957228922343813e+06
4.290396929181440501e+05
6.758799120072053047e+05
1.030953280911211914e+05
2.312292560196991253e+05
3.059680676690730616e+05
9.230550858082887135e+04
3.059680676690723631e+05
1.007387860810645070e+05
2.963493993177236407e+05
9.841638955498929136e+04
2.002912290741864999e+05
7.347916328815264569e+04
1.195817850068636326e+05
4.923919210570397263e+04
4.939745362587454292e+04
2.348940592407830991e+04
2.734470267404330298e+04
1.233353511308023735e+04
1.213827458921483230e+04
5.375153359800753606e+03
6.687195986004941915e+03
2.958714274033459787e+03
5.968501349869051410e+03
1.882524107173543598e+03
5.968501349869062324e+03
1.882524107173543598e+03
5.968501349869051410e+03
1.882524107173543598e+03
5.968501349869062324e+03
1.882524107173543598e+03
5.968501349869051410e+03
1.882524107173543598e+03
5.887717693675164810e+03
1.860784364192889143e+03
4.947325986539883161e+03
1.603526512054674413e+03
3.860929119376739891e+03
1.295339198195121071e+03
2.376550652760236972e+03
8.491766886855489247e+02
1.518518921755884094e+03
-8.085836838567538507e+02
7.421582100203435175e+02
-8.085836838567538507e+02
3.658651053447156301e+02
3.541656059879932741e+02
1.260153615077681252e+03
1.145379941896630498e+03
3.116838305887672504e+03
2.673495157400718654e+03
1.068820163443241472e+04
8.284253234606290789e+03
2.606077937778738851e+04
1.835774578389086309e+04
8.464342016911959217e+04
4.939745361743918329e+04
1.881569141914836364e+05
8.877805805293125741e+04
4.103534042006190284e+05
1.945676001919242262e+05
6.758799122765334323e+05
3.378827599890658166e+05
1.186767327899031108e+06
6.758799120072023943e+05
1.563985963263472309e+06
1.314703627945074579e+06
1.728874547880116617e+06
1.563985962328641675e+06
1.112438545941184741e+06
8.469664569474466844e+05
1.386419439599887468e+06
1.112438546395339305e+06
1.563985963263461366e+06
1.314703626766354078e+06
1.728874547880116617e+06
1.563985962328654248e+06
1.761643047801081557e+06
1.684957228922337526e+06
1.767326314357644180e+06
1.761643056431327481e+06
-1.761643041483300738e+06
-1.767326258390875068e+06
-1.684957225091368658e+06
-1.761643032853009179e+06
-1.563985960116834380e+06
-1.728874547880090773e+06
-1.314703626766331261e+06
-1.563985961051663384e+06
-1.112438545608731220e+06
-1.386419438221693737e+06
-8.469664564827171853e+05
-1.112438545154581545e+06
-1.563985960116844624e+06
-1.728874547880090773e+06
-1.314703626766342437e+06
-5.501477942349434597e+05
-1.761643041483308887e+06
-1.767326258390916977e+06
-1.684957225091391709e+06
-1.761643032853030134e+06
1.761643047801102512e+06
1.684957228922348237e+06
1.767326314357685857e+06
1.761643056431333767e+06
-6.758799116886019474e+05
-4.290396929181499290e+05
-2.312292560197040439e+05
-1.030953280911217444e+05
-9.230550858083038474e+04
-3.659503709069189063e+04
-2.532084528740149472e+04
-9.087279344280810619e+03
-9.781048665203257769e+03
-3.345955315540792981e+03
-2.686782690459144305e+03
-1.213827458730742001e+04
-1.051331567519011060e+03
-6.687195985044314511e+03
-1.308295909424700085e+03
-2.958714273974605931e+03
-7.197689714973995478e+02
-1.628101392979496040e+03
-3.181577485969175996e+02
-7.197689715636001893e+02
-1.397618884936033947e-06
-4.248415876672065001e-06
-1.713603300285270001e-06
-5.709734918970650181e-06
-2.955774261105170418e-06
-7.137369993615957642e-06
-6.066669240569600954e-06
-1.501816380219341006e-05
-1.006623267801907563e-05
-2.537991999963368071e-05
-1.952399876304070208e-05
-5.047449570280609162e-05
-3.099538615934847955e-05
-8.160702319576364867e-05
-5.637502441069513966e-05
-1.521304706172391574e-04
-8.513370797774562858e-05
-2.338349306781515268e-04
-1.276499488842678959e-04
-4.049769147437858518e-04
-2.266427107483796823e-04
-5.278991905282685859e-04
-4.825187635124277919e-04
-1.158541177426338289e-03
-8.202167528029889135e-04
-2.014296459471783592e-03
-1.637043802015164485e-03
-4.147098833736567736e-03
-2.643809195951983375e-03
-6.851619414060716035e-03
-4.892106532418447236e-03
-1.307453202080768873e-02
-7.442472174798812033e-03
-2.033460056510721578e-02
-1.261462515939386353e-02
-3.548471580567835043e-02
-1.791520065205031223e-02
-5.142650207519624400e-02
-2.747133513315435510e-02
-8.091285526920155569e-02
-3.609614334357672677e-02
-1.081455120629199324e-01
-4.948891406144688421e-02
-1.513215775771261928e-01
-5.967983208109860216e-02
-1.847642685583583688e-01
-7.494004810259122240e-02
-2.049283725105366938e-01
-1.103821061795646763e-01
-3.092612540420645040e-01
-1.486519641889122167e-01
-5.125228778674326691e-01
-2.702438528087728331e-01
-6.114426679983582247e-01
-6.114426679665789788e-01
-1.383424957832719793e+00
-1.111580365405244519e+00
-2.515015431624819886e+00
-2.515015431481633090e+00
-5.690366299841371323e+00
-4.572203883685505232e+00
-1.034486526674174556e+01
-1.034486526609090618e+01
-2.340578405821186436e+01
-1.880654363913360072e+01
-4.255063336973678645e+01
-4.291470338626685788e+01
-9.627186594284522414e+01
-8.021308983772122758e+01
-1.750148511982114314e+02
-1.776853396674184467e+02
-4.127907861304865946e+02
-3.020188934513777212e+02
-7.421582100203460186e+02
-5.722987736513317714e+02
-1.518518921755883866e+03
-8.491766886855518806e+02
-2.376550652760244247e+03
-1.295339198195128120e+03
-3.860929119376750350e+03
-1.603526512054679870e+03
-4.947325986539904079e+03
-1.860784364192895964e+03
-5.887717693675182090e+03
-1.882524107173553148e+03
-5.968501349869078695e+03
1.699242744032005685e-07
-6.687195985044374538e+03
4.458444511395574925e-07
-1.213827458730752733e+04
1.705626487024797388e-06
6.365501622866903107e-06
4.650842806095901138e-06
1.735722777238502557e-05
1.889133903151774349e-05
7.050362443246154746e-05
5.380742956850909531e-05
2.008125945781361033e-04
2.324912183078038620e-04
8.676713446342681525e-04
2.878144233886049431e-04
1.074133026130294011e-03
1.236155627869862722e-03
4.613374026565267294e-03
1.236155627869862722e-03
4.613374026565267294e-03
1.563985963263468817e+06
1.074133026130293577e-03
7.085660508654187048e-03
1.046287890734959140e-02
1.649756104852202710e-03
2.436074707593891345e-03
1.649756104852203361e-03
2.436074707593892212e-03
7.085660508654187048e-03
1.046287890734959140e-02
1.186767327899026452e+06
8.676713446342665262e-04
6.758799122765291249e+05
2.008125945781341246e-04
4.103534042006164673e+05
7.050362443246095115e-05
1.881569141914807551e+05
8.877805805293055892e+04
8.464342016911820974e+04
4.939745361743881222e+04
2.606077937778681007e+04
1.835774578389056842e+04
4.292903169802650518e+04
8.284253234606205297e+03
3.362550598140575312e+04
1.120354254697322358e+04
2.392354659392455505e+04
8.462031060261131643e+03
1.255750770605374055e+04
4.915513653962129865e+03
7.071327426903177184e+03
2.995494239310139164e+03
2.958714274355001180e+03
1.370790389638656052e+03
1.628101393173870747e+03
7.278089364638593679e+02
7.197689716418930175e+02
-5.764345160881919128e+02
8.085836838567510085e+02
-7.421582100203472692e+02
8.085836838567510085e+02
-1.518518921755887277e+03
-8.491766886855521079e+02
-2.376550652760248795e+03
-1.295339198195128120e+03
-3.860929119376757626e+03
-1.603526512054683053e+03
-4.947325986539909536e+03
-1.860784364192895964e+03
-5.887717693675182090e+03
-1.882524107173553148e+03
-5.968501349869078695e+03
-1.882524107173553148e+03
-5.968501349869078695e+03
-1.882524107173553148e+03
-5.968501349869078695e+03
-1.882524107173553148e+03
-5.968501349869078695e+03
-1.882524107173553148e+03
-5.968501349869078695e+03
-1.882524107173553148e+03
-5.968501349869078695e+03
2.014188274750552182e+03
-5.968501349869078695e+03
5.767291987047135990e+03
-7.071327426903245396e+03
1.191669908133609533e+04
-1.255750770605386060e+04
2.734470267404366678e+04
-2.392354659392470785e+04
4.939745362587509590e+04
-3.362550598140594229e+04
1.098053000781538867e+05
4.939745361743871763e+04
1.945676002384417807e+05
8.877805805293063167e+04
4.103534042006159434e+05
7.050362443246076141e-05
6.758799122765300563e+05
2.008125945781347209e-04
1.186767327899031108e+06
8.676713446342602378e-04
1.563985963263470912e+06
1.074133026130281868e-03
1.236155627869854699e-03
4.613374026565238671e-03
1.236155627869854699e-03
4.613374026565238671e-03
2.878144233886057563e-04
1.074133026130297047e-03
7.085660508654142813e-03
1.046287890734952722e-02
1.649756104852207698e-03
-1.563985961051649880e+06
1.649756104852184496e-03
2.436074707593864890e-03
7.085660508654142813e-03
1.046287890734952722e-02
2.324912183078056238e-04
-1.186767326989500085e+06
5.380742956850983392e-05
-6.758799119579183171e+05
1.889133903151792306e-05
-4.103534040496978560e+05
-8.877805803253123304e+04
-1.945676001834073686e+05
-4.939745360745882499e+04
-1.098053000515853200e+05
-2.200499600614083829e+04
-4.939745361589450476e+04
-1.213827458569504597e+04
-2.734470266911415820e+04
-5.375153359052180349e+03
-1.213827458730753096e+04
-2.958714273653093187e+03
-6.687195985044412737e+03
-1.882524107173553148e+03
-5.968501349869078695e+03
-9.564991437233582113e-06
-2.888120956870349274e-05
-1.297264968012434688e-05
-3.969702140093963070e-05
-1.342239245828876028e-05
-4.856234280240101514e-05
-2.878375167694059966e-05
-6.863811347673942794e-05
-4.933050740660639314e-05
-1.200152409671498342e-04
-1.000152122558878033e-04
-2.501446910355122283e-04
-1.640005118652920974e-04
-4.185963229351989017e-04
-3.116264430849415815e-04
-8.177183866923563513e-04
-4.856355004756400919e-04
-1.300125528185384167e-03
-8.566389062947417886e-04
-2.355701871730129463e-03
-1.259642753001185547e-03
-3.530459251956160477e-03
-2.161642416249817244e-03
-4.933342849284210949e-03
-3.824169167236388025e-03
-8.947526799894977428e-03
-8.065015918687220078e-03
-1.953647639512308062e-02
-1.356294013006824686e-02
-3.371197344162758097e-02
-2.651387230233156339e-02
-6.827381263895040964e-02
-4.196181120831719152e-02
-1.108669531423819160e-01
-7.494004810259122240e-02
-2.049283725105373599e-01
-1.103821061795650788e-01
-3.092612540420678902e-01
-1.773058736542448000e-01
-5.125228778674363328e-01
-2.402781421814996488e-01
-7.092770177482508043e-01
-3.418272187635192361e-01
-1.034928332915021398e+00
-4.216361333503486075e-01
-1.296654340313482923e+00
-5.241845621922807119e-01
-1.639084075888978420e+00
-6.501245412850125138e-01
-1.761254397749966616e+00
-1.105029044881886913e+00
-3.110840631821979674e+00
-1.555670070263116544e+00
-4.495961448943741168e+00
-2.515015431481643304e+00
-5.690366299841433495e+00
-4.572203883685515002e+00
-1.034486526674184681e+01
-1.034486526609089729e+01
-2.340578405821199226e+01
-1.880654363913359362e+01
-4.255063336973703514e+01
-4.255063336674436414e+01
-9.627186594284528098e+01
-7.735474172058121667e+01
-1.750148511982117441e+02
-1.750148511842634207e+02
-3.959567213748605354e+02
-3.181577485969186228e+02
-7.197689715635956418e+02
-7.278089364638619827e+02
-1.628101392979500133e+03
-1.370790389638660145e+03
-2.958714273974633215e+03
-2.995494239310161447e+03
-7.071327426903252672e+03
-4.915513653962156241e+03
-1.255750770605385696e+04
-8.462031060261166203e+03
-2.392354659392474423e+04
-1.120354254697325814e+04
-3.362550598140608781e+04
-1.366203336122087967e+04
-4.292903169802686898e+04
-1.387666939419288792e+04
-4.376696075577014562e+04
-1.213827458569524788e+04
-4.376696075577006559e+04
-2.200499600614111478e+04
-4.939745361589498498e+04
-4.939745360745883954e+04
-1.098053000515866443e+05
-8.877805803253121849e+04
-1.945676001834091148e+05
1.889133903151774349e-05
-4.103534040496987291e+05
5.380742956850909531e-05
-6.758799119579198305e+05
2.324912183078038620e-04
-1.186767326989501948e+06
2.878144233886049431e-04
1.074133026130294011e-03
1.236155627869862722e-03
4.613374026565267294e-03
1.236155627869862722e-03
4.613374026565267294e-03
2.878144233886049431e-04
1.074133026130293577e-03
7.085660508654187048e-03
1.046287890734959140e-02
1.649756104852202710e-03
2.436074707593891345e-03
1.649756104852203361e-03
-1.563985961051655235e+06
7.085660508654187048e-03
1.046287890734959140e-02
2.324912183078033199e-04
8.676713446342665262e-04
5.380742956850861420e-05
2.008125945781341246e-04
1.889133903151759780e-05
7.050362443246095115e-05
4.650842806095888433e-06
1.735722777238497813e-05
1.705626487024797388e-06
6.365501622866903107e-06
1.191669908133594436e+04
-1.191669908133594436e+04
5.767291987047061411e+03
-5.767291987047063230e+03
4.947325986539892256e+03
-2.014188274750548089e+03
3.860929119376735343e+03
-9.047816540038849098e+02
2.376550652760231060e+03
8.491766886855426719e+02
1.518518921755873180e+03
-7.421582100203462460e+02
7.421582100203435175e+02
-1.518518921755876136e+03
-8.491766886855426719e+02
-2.376550652760236517e+03
-1.295339198195116978e+03
-3.860929119376725339e+03
-1.370790389638666056e+03
-4.947325986539896803e+03
-2.995494239310170087e+03
-7.071327426903275409e+03
-4.915513653962165336e+03
-1.255750770605390790e+04
-8.462031060261175298e+03
-2.392354659392476970e+04
-1.120354254697326724e+04
-3.362550598140612419e+04
-1.366203336122090695e+04
-4.292903169802686898e+04
-1.387666939419288792e+04
-4.376696075577014562e+04
-1.387666939419288792e+04
-4.376696075577006559e+04
-1.387666939419288792e+04
-4.376696075577014562e+04
-1.387666939419288792e+04
-4.376696075577006559e+04
-1.387666939419288792e+04
-4.376696075577014562e+04
-1.387666939419288792e+04
-4.376696075577006559e+04
-1.387666939419288792e+04
-4.376696075577014562e+04
-1.233353511308039378e+04
-4.376696075577006559e+04
-2.348940592407857548e+04
-4.939745361589558161e+04
-4.923919210570430005e+04
-1.195817850068644475e+05
-7.347916328815290763e+04
-2.002912290741884499e+05
-9.841638955498962605e+04
-2.963493993177255616e+05
-1.007387860810649145e+05
-3.059680676690755645e+05
3.659503709069202887e+04
-3.059680676690749242e+05
1.030953280911216425e+05
2.312292560196999693e+05
4.290396929181467276e+05
6.758799120072028600e+05
5.501477942349408986e+05
1.314703626766331960e+06
1.728874547880098689e+06
1.563985962328639580e+06
1.112438545941183809e+06
8.469664569474431919e+05
1.386419439599881880e+06
1.112438546395334881e+06
1.563985963263461366e+06
1.314703626766356640e+06
1.728874547880135011e+06
1.563985962328647729e+06
1.761643047801080858e+06
1.684957228922337526e+06
1.767326314357644180e+06
1.761643056431306526e+06
-1.761643041483300738e+06
-1.767326258390875300e+06
-1.684957225091368658e+06
-1.761643032853031531e+06
-1.563985960116830887e+06
-1.728874547880053986e+06
-1.314703626766331261e+06
-1.563985961051654769e+06
-1.112438545608724002e+06
-1.386419438221688149e+06
-8.469664564827114809e+05
-1.112438545154572465e+06
-1.563985960116833448e+06
-1.728874547880098689e+06
-1.314703625587606337e+06
-1.563985961051652674e+06
-1.761643041483281646e+06
-1.767326258390896255e+06
-1.684957225091378437e+06
-1.761643032853020588e+06
1.761643047801070148e+06
1.684957228922341252e+06
1.767326314357748721e+06
1.761643056431331206e+06
-6.758799116885967087e+05
-1.186767326989496592e+06
-3.378827598740486428e+05
-6.758799119579171529e+05
-1.945676001368872239e+05
-4.103534040496979724e+05
-8.877805803253081103e+04
-1.945676001834086783e+05
-4.939745360745873768e+04
-1.098053000515874010e+05
-2.200499600614117298e+04
-4.939745361589477398e+04
-1.213827458569536429e+04
-4.376696075577014562e+04
-1.387666939419288792e+04
-4.376696075577006559e+04
-6.466977507321017607e-05
-1.936447994824765366e-04
-8.982722782536707096e-05
-2.731712254950553038e-04
-1.106372626838644790e-04
-3.398494406627627137e-04
-1.276499488842674623e-04
-4.049769147437917607e-04
-2.266427107483764297e-04
-5.278991905282646828e-04
-4.825187635124209072e-04
-1.158541177426325930e-03
-8.202167528029773126e-04
-2.014296459471769281e-03
-1.637043802015147138e-03
-4.147098833736523500e-03
-2.643809195951954318e-03
-6.851619414060668330e-03
-4.892106532418411674e-03
-1.307453202080759505e-02
-7.442472174798734838e-03
-2.033460056510706659e-02
-1.261462515939382016e-02
-3.548471580567810757e-02
-1.632365938408513947e-02
-5.142650207519570277e-02
-3.660925864786309519e-02
-8.371601880807402751e-02
-6.445070071792942390e-02
-1.517167916059763422e-01
-1.341922902478178137e-01
-3.289273638913257081e-01
-2.223818309210852662e-01
-5.616655123585558851e-01
-4.224781952749396829e-01
-1.111478582580415875e+00
-6.501245412850169547e-01
-1.761254397749976164e+00
-1.105029044881890687e+00
-3.110840631821989000e+00
-1.555670070263121874e+00
-4.495961448943749161e+00
-2.317725802350509845e+00
-6.917595288694001532e+00
-2.941655691542354401e+00
-8.958476664425939262e+00
-3.770394658116663855e+00
-1.173452622497752174e+01
-4.262405276041185687e+00
-1.341298176125783037e+01
-6.552888059365019835e+00
-1.774772338382723547e+01
-9.677701527304364504e+00
-2.710222363740114204e+01
-1.529501043616317624e+01
-4.466967546220769947e+01
-1.880654363913379257e+01
-6.043531318691051268e+01
-4.255063336674460572e+01
-9.627186594284584942e+01
-7.735474172058147246e+01
-1.750148511982128525e+02
-1.750148511842645860e+02
-3.959567213748612744e+02
-3.181577485969193617e+02
-7.197689715635972334e+02
-7.197689714974044364e+02
-1.628101392979506954e+03
-1.308295909424711681e+03
-2.958714273974639582e+03
-2.958714273653101372e+03
-6.687195985044374538e+03
-5.375153359052217638e+03
-1.213827458730754006e+04
-1.233353511308036286e+04
-2.734470266911440922e+04
-2.348940592407856093e+04
-4.939745361589526874e+04
-4.923919210570446739e+04
-1.195817850068646512e+05
-7.347916328815327142e+04
-2.002912290741883335e+05
-9.841638955499022268e+04
-2.963493993177266093e+05
-1.007387860810655548e+05
-3.059680676690760884e+05
-1.007387860810655548e+05
-3.059680676690760884e+05
-8.877805803253140766e+04
-3.059680676690760884e+05
-1.945676001368903380e+05
-4.103534040496991365e+05
-3.378827598740520189e+05
-6.758799119579178514e+05
-6.758799116885957774e+05
-1.186767326989504043e+06
-8.469664564827152062e+05
-1.112438545154578984e+06
-1.112438545608729590e+06
-1.386419438221692573e+06
-1.314703626766340341e+06
-1.563985961051660823e+06
-1.563985960116832051e+06
-1.728874542095172452e+06
-1.314703626766340341e+06
-1.563985961051656632e+06
-1.563985960116834845e+06
-1.728874547880104743e+06
-1.684957225091388449e+06
-1.761643032853065524e+06
-1.761643041483266279e+06
-1.767326258390844101e+06
1.767326314357693773e+06
1.761643056431315606e+06
1.761643047801114386e+06
1.684957228922350332e+06
1.728874547880104044e+06
1.563985962328648660e+06
5.501477942349418299e+05
1.314703626766341971e+06
-1.563985960116832051e+06
-1.728874542095172452e+06
-1.314703626766340341e+06
-1.563985961051660823e+06
1.767326314357696334e+06
1.761643056431314209e+06
1.761643047801091336e+06
1.684957228922337992e+06
-1.761643041483266279e+06
-1.767326258390838746e+06
-1.684957225091388449e+06
-1.761643032853065524e+06
-1.684957225091376808e+06
-1.761643032853021519e+06
-1.761643041483289329e+06
-1.767326258390843868e+06
1.761643047801114386e+06
1.684957228922350332e+06
1.767326314357693773e+06
1.761643056431315606e+06
4.290396929181475425e+05
-1.186767326989505207e+06
1.030953280911210022e+05
-6.758799119579173857e+05
3.659503709069176693e+04
-4.103534040496987291e+05
-8.877805803253140766e+04
-1.881569141914811044e+05
-4.939745360745907237e+04
-8.464342016911822429e+04
-1.835774578389057933e+04
-2.606077937778682463e+04
-8.284253234606207116e+03
-1.068820163443220372e+04
-2.673495157400719108e+03
-3.116838305887650677e+03
-1.145379941896629134e+03
-5.968501349869078695e+03
-1.882524107173546554e+03
-5.968501349869078695e+03
-1.882524107173546554e+03
-5.968501349869078695e+03
-2.995494239310153716e+03
-7.071327426903223568e+03
-4.915513653962142598e+03
-1.255750770605378057e+04
-8.462031060261128005e+03
-2.392354659392458780e+04
-1.120354254697321994e+04
-3.362550598140586953e+04
-1.233353511308041561e+04
-4.292903169802668708e+04
-2.348940592407862277e+04
-4.939745361589531240e+04
-4.923919210570451105e+04
-1.195817850068649423e+05
-7.347916328815343149e+04
-2.002912290741887991e+05
-9.841638955499033909e+04
-2.963493993177266093e+05
-1.007387860810655548e+05
-3.059680676690760884e+05
-1.007387860810655548e+05
-3.059680676690760884e+05
-1.007387860810655548e+05
-3.059680676690760884e+05
-1.007387860810655548e+05
-3.059680676690760884e+05
-1.007387860810655548e+05
-3.059680676690760884e+05
-1.007387860810655548e+05
-3.059680676690760884e+05
-1.007387860810655548e+05
-3.059680676690760884e+05
-1.007387860810655548e+05
-3.059680676690760884e+05
-8.877805803253279009e+04
-3.059680676690760884e+05
-2.001718479043576808e+05
-4.103534040497040842e+05
-3.778227302380169858e+05
-6.758799119579236722e+05
-6.286831677341349423e+05
-1.444158505594363902e+06
-6.562458886704664910e+05
-1.565148122654169099e+06
-6.562458886704664910e+05
-1.565148122654169099e+06
-6.562458886704664910e+05
-1.565148122654169099e+06
-6.562458886704664910e+05
-1.565148122654169099e+06
6.758799122765281936e+05
-1.565148122654169099e+06
1.186767327899021097e+06
-1.186767326989513822e+06
1.563985963263469050e+06
1.314703626766343834e+06
1.728874553665022133e+06
1.563985962328637717e+06
-1.314703625587603543e+06
-1.563985961051668972e+06
-1.563985960116834380e+06
-1.728874547880098689e+06
1.761643047801081790e+06
1.684957228922331240e+06
1.767326314357729163e+06
1.761643056431304663e+06
-1.684957225091380300e+06
-1.761643032853076234e+06
-1.761643041483300738e+06
-1.767326258390958654e+06
-1.761643041483300738e+06
-1.767326258390958654e+06
-1.684957225091374712e+06
-1.761643032853032229e+06
1.767326314357813215e+06
1.761643056431349600e+06
1.761643047801036155e+06
1.684957228922341252e+06
-1.563985960116834380e+06
-1.728874547880082158e+06
-1.314703625587600050e+06
-1.563985961051660590e+06
-1.112438545608731220e+06
-1.386419438221688848e+06
-8.469664564827084541e+05
-1.112438545154579915e+06
-1.563985960116838105e+06
-1.728874547880062135e+06
-1.314703626766320318e+06
-1.563985961051665479e+06
-1.761643041483264184e+06
-1.767326258390833158e+06
-1.684957225091378205e+06
-1.761643032853054116e+06
1.761643047801102512e+06
1.684957228922342882e+06
1.767326314357685857e+06
1.761643056431312580e+06
-6.758799116885956610e+05
-1.186767326989504742e+06
-3.378827598740531248e+05
-6.758799119579161052e+05
-1.945676001368908037e+05
-4.103534040496976231e+05
-8.877805803253097110e+04
-3.059680676690760884e+05
-1.007387860810655548e+05
-3.059680676690760884e+05
-1.007387860810655548e+05
-3.059680676690760884e+05
-4.306367638745684455e-04
-1.275909800854887598e-03
-6.149750149659952668e-04
-1.855405246963898842e-03
-7.711974074035667700e-04
-2.354399275816407549e-03
-1.000577442818480125e-03
-3.097432913784736036e-03
-1.259642753001189667e-03
-3.530459251956172186e-03
-2.161642416249778213e-03
-4.933342849284160642e-03
-3.824169167236346391e-03
-8.947526799894781405e-03
-8.065015918687135077e-03
-1.953647639512280654e-02
-1.356294013006805604e-02
-3.371197344162710913e-02
-2.651387230233148359e-02
-6.827381263894966024e-02
-4.196181120831690703e-02
-1.108669531423808474e-01
-7.494004810259069504e-02
-2.049283725105353338e-01
-1.103821061795638991e-01
-3.092612540420635603e-01
-1.495183491171548640e-01
-5.125228778674308927e-01
-2.771069339183068747e-01
-6.114426679983583357e-01
-6.200443542247793260e-01
-1.422049735708797114e+00
-1.084066984524985289e+00
-2.573940395483880206e+00
-2.216169446897148010e+00
-5.522452409481171109e+00
-3.595700136193495045e+00
-9.284460790406759756e+00
-6.552888059365029605e+00
-1.774772338382726389e+01
-9.677701527304382267e+00
-2.710222363740114204e+01
-1.529501043616325795e+01
-4.466967546220769947e+01
-2.014564919208513061e+01
-6.043531318691051268e+01
-2.687842925827690266e+01
-8.304167729955722166e+01
-3.101319726024041046e+01
-9.727947655942050176e+01
-3.610943819214197248e+01
-9.219584146449665241e+01
-5.669555571080633882e+01
-1.511545222653752774e+02
-9.681266485497835106e+01
-2.730186039951489079e+02
-1.340209069021434232e+02
-3.922146050882824397e+02
-1.750148511842654955e+02
-5.764345160881969150e+02
-3.181577485969210102e+02
-7.197689715635984840e+02
-7.197689714974056869e+02
-1.628101392979510820e+03
-1.308295909424714864e+03
-2.958714273974646403e+03
-2.958714273653111377e+03
-6.687195985044385452e+03
-5.375153359052229462e+03
-1.213827458730756189e+04
-1.213827458569521332e+04
-2.734470266911435465e+04
-2.200499600614103838e+04
-4.939745361589495587e+04
-4.939745360745920334e+04
-1.098053000515865424e+05
-8.877805803253182967e+04
-1.945676001834086783e+05
-2.001718479043572152e+05
-4.103534040497012320e+05
-3.778227302380166366e+05
-6.758799119579209946e+05
-6.286831677341358736e+05
-1.444158505594362039e+06
-6.562458886704678880e+05
-1.565148122654169099e+06
-6.562458886704678880e+05
-1.565148122654169099e+06
-6.562458886704678880e+05
-1.565148122654169099e+06
-6.758799116885939147e+05
-1.186767326989507535e+06
-8.469664564827104332e+05
-1.112438545154572465e+06
-1.112438545608731918e+06
-1.386419438221689779e+06
-1.314703626766331960e+06
-1.563985961051660590e+06
-1.563985960116841597e+06
-1.728874547880079830e+06
-1.314703626766340341e+06
-1.563985961051660823e+06
-1.563985960116839735e+06
-1.728874547880087513e+06
-1.684957225091385655e+06
-1.761643032853021519e+06
-1.761643041483265581e+06
-1.767326258391000563e+06
1.767326314357685857e+06
1.761643056431364501e+06
1.761643047801116714e+06
1.684957228922338458e+06
1.728874547880105441e+06
1.563985962328649359e+06
1.563985963263473939e+06
1.314703626766342204e+06
1.728874547880104044e+06
1.563985962328644004e+06
1.563985963263465092e+06
1.314703626766342204e+06
1.386419439599885605e+06
1.112438546395338373e+06
1.112438545941188931e+06
8.469664569474499440e+05
-1.684957225091387052e+06
-1.761643032853065524e+06
-1.761643041483310983e+06
-1.767326258391000563e+06
1.767326314357690979e+06
1.761643056431317003e+06
1.761643047801070847e+06
1.684957228922338458e+06
1.563985963263473939e+06
1.314703627945072250e+06
1.728874547880086116e+06
1.563985962328648660e+06
1.112438545941188931e+06
8.469664569474499440e+05
1.386419439599885605e+06
1.112438546395338373e+06
1.563985963263473939e+06
1.314703626766342204e+06
1.728874547880105441e+06
1.563985962328649359e+06
1.761643047801113920e+06
1.684957228922351031e+06
1.767326314357858617e+06
1.761643056431361707e+06
-1.761643041483265581e+06
-1.767326258390833158e+06
-1.684957225091376808e+06
-1.761643032853021519e+06
-1.563985960116831819e+06
-1.728874542095172452e+06
-1.314703626766338944e+06
-1.563985961051655933e+06
-1.112438545608727494e+06
-1.386419438221691642e+06
-8.469664564827134600e+05
-1.112438545154576888e+06
-1.563985960116841597e+06
-1.728874547880077967e+06
-1.314703626766331960e+06
-5.501477942349308869e+05
-1.761643041483265581e+06
-1.767326258391000563e+06
-1.684957225091387052e+06
-1.761643032853021519e+06
1.761643047801113920e+06
1.684957228922338458e+06
1.767326314357685857e+06
1.761643056431364501e+06
-6.758799116885939147e+05
-4.290396929181419546e+05
-2.312292560196992708e+05
-1.030953280911203037e+05
-9.230550858082888590e+04
-3.659503709069158504e+04
-2.532084528740138558e+04
-9.087279344280770601e+03
-9.781048665203285054e+03
-4.376696075576986914e+04
-1.387666939419288792e+04
-4.376696075576986914e+04
-1.387666939419288792e+04
-4.376696075576986914e+04
-1.387666939419288792e+04
-4.376696075576986914e+04
-1.387666939419288792e+04
-4.376696075576986914e+04
-1.233353511308030102e+04
-4.376696075576986914e+04
-2.348940592407836448e+04
-4.939745361589505046e+04
-4.923919210570403084e+04
-1.195817850068634289e+05
-7.347916328815276211e+04
-2.002912290741866163e+05
-9.841638955498962605e+04
-2.963493993177243392e+05
-8.877805803253209160e+04
-3.059680676690736436e+05
-2.001718479043578845e+05
-4.103534040497019305e+05
-3.778227302380176261e+05
-6.758799119579214603e+05
-6.286831677341364557e+05
-1.444158505594363902e+06
-6.562458886704678880e+05
-1.565148122654169099e+06
-6.562458886704678880e+05
-1.565148122654169099e+06
-6.562458886704678880e+05
-1.565148122654169099e+06
-6.562458886704678880e+05
-1.565148122654169099e+06
-6.562458886704678880e+05
-1.565148122654169099e+06
-6.562458886704678880e+05
-1.565148122654169099e+06
-6.562458886704678880e+05
-1.565148122654169099e+06
-6.562458886704678880e+05
-1.565148122654169099e+06
-6.562458886704678880e+05
-1.565148122654169099e+06
-6.758799116886045085e+05
-1.186767326989502180e+06
-8.469664564827196300e+05
-1.112438545154583408e+06
-1.112438545608734945e+06
-1.386419438221699325e+06
-1.314703625587621238e+06
-1.563985961051657563e+06
-1.563985960116845788e+06
-1.728874547880100086e+06
-1.314703626766349655e+06
-1.563985961051660590e+06
-2.053179519756765338e+06
-1.728874547880116617e+06
-1.684957225091382163e+06
-1.761643032853054814e+06
-1.761643041483309586e+06
-1.767326258391000563e+06
1.767326314357683994e+06
1.761643056431312812e+06
1.761643047801057808e+06
1.684957228922353126e+06
-2.148262027013534680e+06
-2.472295057206702419e+06
-2.148262027013538405e+06
-2.472295057206703350e+06
-2.148262027013534680e+06
-2.472295057206702419e+06
-2.148262027013538405e+06
-2.472295057206703350e+06
2.472295057206702419e+06
2.148262027013531420e+06
2.472295057206702419e+06
2.148262027013531420e+06
2.472295057206702419e+06
1.563985962328654947e+06
2.472295057206702419e+06
2.148262027013531420e+06
-2.148262027013534680e+06
-2.472295057206702419e+06
-2.148262027013538405e+06
-2.472295057206703350e+06
-2.148262027013534680e+06
-2.472295057206702419e+06
-2.148262027013538405e+06
-2.472295057206703350e+06
2.472295057206702419e+06
2.148262027013531420e+06
2.472295057206702419e+06
2.148262027013531420e+06
2.472295057206702419e+06
2.148262027013531420e+06
2.472295057206702419e+06
2.148262027013531420e+06
-2.148262027013534680e+06
-2.472295057206702419e+06
-2.148262027013538405e+06
-2.472295057206703350e+06
-2.148262027013534680e+06
-2.472295057206702419e+06
-1.563985960116849048e+06
-2.472295057206703350e+06
2.472295057206702419e+06
2.148262027013531420e+06
2.472295057206702419e+06
2.148262027013531420e+06
2.472295057206702419e+06
2.148262027013531420e+06
2.472295057206702419e+06
2.148262027013531420e+06
1.728874547880062135e+06
2.053179519756749040e+06
1.563985963263477432e+06
1.314703626766332891e+06
1.728874547880098689e+06
1.563985962328649592e+06
1.563985963263462996e+06
1.314703626766343834e+06
1.386419439599894686e+06
1.112438546395339537e+06
1.112438545941193355e+06
8.469664569474534364e+05
-1.684957225091382163e+06
-1.761643032853054116e+06
-1.761643041483309120e+06
-1.767326258391000563e+06
1.767326314357683994e+06
1.761643056431312580e+06
1.761643047801057808e+06
1.684957228922353126e+06
1.563985963263477432e+06
1.314703627945077373e+06
1.728874547880114755e+06
1.563985962328654947e+06
1.112438545941189164e+06
8.469664569474499440e+05
1.386419439599894686e+06
1.112438546395339537e+06
1.563985963263477432e+06
1.314703627945075743e+06
1.728874547880135011e+06
1.563985962328637717e+06
1.761643047801102512e+06
1.684957228922342882e+06
1.767326314357853727e+06
1.761643056431356352e+06
-1.761643041483264184e+06
-1.767326258390833158e+06
-1.684957225091390312e+06
-1.761643032853009179e+06
-1.563985960116838105e+06
-1.728874547880098689e+06
-1.314703626766340574e+06
-1.563985961051654536e+06
-1.112438545608725632e+06
-1.386419438221678836e+06
-8.469664564827072900e+05
-1.112438545154565014e+06
-1.563985960116834380e+06
-1.728874547880045604e+06
-1.314703626766320318e+06
-1.563985961051657330e+06
-1.761643041483300738e+06
-1.767326258390791249e+06
-1.684957225091378437e+06
-1.761643032853031531e+06
1.761643047801036155e+06
1.684957228922331240e+06
1.767326314357811585e+06
1.761643056431304663e+06
-6.758799116885879776e+05
-1.186767326989504742e+06
-6.562458886704678880e+05
-1.565148122654169099e+06
-6.562458886704678880e+05
-1.565148122654169099e+06
-6.562458886704678880e+05
-1.565148122654169099e+06
-2.812644136465676428e-03
-8.220402841634295160e-03
-4.149483534046651337e-03
-1.239065481041239959e-02
-5.315346011283415481e-03
-1.609737854181218786e-02
-7.071064109128158068e-03
-2.177489269804137526e-02
-8.372631710775495922e-03
-2.604490186966440871e-02
-1.261462515939372996e-02
-3.548471580567810757e-02
-1.632365938408485151e-02
-5.142650207519570277e-02
-3.660925864786258865e-02
-8.371601880807259810e-02
-6.445070071792828592e-02
-1.517167916059737609e-01
-1.341922902478159818e-01
-3.289273638913223774e-01
-2.223818309210838506e-01
-5.616655123585482245e-01
-4.224781952749352976e-01
-1.111478582580405217e+00
-6.501245412850080729e-01
-1.761254397749948852e+00
-1.105029044881877143e+00
-3.110840631821946811e+00
-1.555670070263103000e+00
-4.495961448943677219e+00
-2.532453465483551547e+00
-5.690366299841334019e+00
-4.709865637015907325e+00
-1.034486526674173845e+01
-1.050034328679055839e+01
-2.419491434487115100e+01
-1.816648350143621471e+01
-4.369697825983729444e+01
-3.610943819214197248e+01
-9.219584146449665241e+01
-5.669555571080633882e+01
-1.511545222653752774e+02
-9.681266485497856422e+01
-2.730186039951489079e+02
-1.340209069021434232e+02
-3.922146050882824397e+02
-1.889050253129888404e+02
-5.764345160881981656e+02
-2.242447283793504198e+02
-6.995053859974630086e+02
-2.525114003559515936e+02
-8.001559151424363563e+02
-3.020188934513777212e+02
-7.421582100203460186e+02
-5.722987736513305208e+02
-1.518518921755880910e+03
-8.491766886855504026e+02
-2.376550652760244247e+03
-1.295339198195125618e+03
-3.860929119376743074e+03
-1.308295909424712363e+03
-4.947325986539904079e+03
-2.958714273653123655e+03
-6.687195985044381814e+03
-5.375153359052251290e+03
-1.213827458730759281e+04
-1.213827458569526243e+04
-2.734470266911450017e+04
-2.200499600614114024e+04
-4.939745361589517415e+04
-4.939745360745933431e+04
-1.098053000515866152e+05
-8.877805803253165504e+04
-1.945676001834082126e+05
-1.945676001368892321e+05
-4.103534040497008828e+05
-3.378827598740510875e+05
-6.758799119579187827e+05
-6.758799116885976400e+05
-1.186767326989495661e+06
-8.469664564827147406e+05
-1.112438545154574327e+06
-1.112438545608729124e+06
-1.386419438221686287e+06
-1.314703626766339643e+06
-1.563985961051655468e+06
-1.563985960116839502e+06
-1.728874547880086349e+06
-1.314703626766339643e+06
-1.563985961051660124e+06
-2.053179519756758353e+06
-1.728874547880098689e+06
-1.684957225091385655e+06
-1.761643032853054116e+06
-1.761643041483294452e+06
-1.767326258390979841e+06
1.767326314357748721e+06
1.761643056431319797e+06
1.761643047801080393e+06
1.684957228922342649e+06
-2.148262027013534680e+06
-2.472295057206702419e+06
-2.148262027013534680e+06
-2.472295057206702419e+06
-2.148262027013534680e+06
-2.472295057206702419e+06
-2.148262027013534680e+06
-2.472295057206702419e+06
2.472295057206702419e+06
2.148262027013534680e+06
2.472295057206701022e+06
2.148262027013531420e+06
2.472295057206702419e+06
1.563985962328645866e+06
2.472295057206701022e+06
2.148262027013531420e+06
-2.148262027013534680e+06
-2.472295057206702419e+06
-2.148262027013534680e+06
-2.472295057206702419e+06
-2.148262027013534680e+06
-2.472295057206702419e+06
-1.563985960116841365e+06
-2.472295057206702419e+06
2.472295057206702419e+06
2.148262027013534680e+06
2.472295057206701022e+06
2.148262027013531420e+06
2.472295057206702419e+06
2.148262027013534680e+06
2.472295057206701022e+06
2.148262027013531420e+06
1.728874547880096594e+06
2.053179519756758353e+06
1.563985963263469981e+06
1.314703626766333822e+06
1.728874547880105441e+06
1.563985962328653084e+06
1.563985963263473939e+06
1.314703627945072250e+06
1.386419439599888399e+06
1.112438546395345358e+06
1.112438545941192191e+06
8.469664569474526215e+05
-1.684957225091380533e+06
-1.761643032853054116e+06
-1.761643041483258363e+06
-1.767326258390833158e+06
1.767326314357685857e+06
1.761643056431312580e+06
1.761643047801108100e+06
1.684957228922342882e+06
1.186767327899025753e+06
6.758799120072113583e+05
6.758799122765327338e+05
3.378827599890644778e+05
6.758799122765327338e+05
2.008131337577499830e-04
1.186767327899025753e+06
8.676736743223116511e-04
1.563985963263474405e+06
1.074127258074993258e-03
1.236155627869864240e-03
4.613349252914468110e-03
1.236155627869851880e-03
4.613349252914408262e-03
2.878144233886019074e-04
1.074127258074981115e-03
7.085660508654125465e-03
1.046290368100027436e-02
1.649756104852185580e-03
-1.563985961051655933e+06
1.649756104852204662e-03
2.436080475649193399e-03
7.085660508654195722e-03
1.046290368100040967e-02
2.324935479958448669e-04
-1.186767326989501948e+06
5.380796874812237868e-05
-6.758799119579165708e+05
1.889152833297588885e-05
-4.103534040496987291e+05
-8.877805803253153863e+04
-2.963493993177243392e+05
-1.007387860810649145e+05
-3.059680676690736436e+05
-1.007387860810649145e+05
-3.059680676690736436e+05
-1.007387860810649145e+05
-3.059680676690736436e+05
-1.007387860810649145e+05
-3.059680676690736436e+05
-1.007387860810649145e+05
-3.059680676690736436e+05
-1.007387860810649145e+05
-3.059680676690736436e+05
-8.877805803253164049e+04
-3.059680676690736436e+05
-2.001718479043557309e+05
-4.103534040496996604e+05
-3.778227302380133769e+05
-6.758799119579175021e+05
-6.286831677341320319e+05
-1.444158505594354821e+06
-6.562458886704634642e+05
-1.565148122654160950e+06
-6.758799116885979893e+05
-1.186767326989498455e+06
-8.469664564827161375e+05
-1.112438545154576423e+06
-1.112438545608727960e+06
-1.386419438221692806e+06
-1.314703626766342437e+06
-1.563985961051646154e+06
-1.563985960116837174e+06
-1.728874547880082158e+06
-1.314703626766342437e+06
-1.563985961051664082e+06
-2.053179519756762078e+06
-1.728874547880116617e+06
-1.684957225091368891e+06
-1.761643032853065524e+06
-1.761643041483283276e+06
-1.767326258390728617e+06
1.767326314357581083e+06
1.761643056431375677e+06
1.761643047801113455e+06
1.684957228922329610e+06
-2.148262027013534680e+06
-2.472295057206702419e+06
-2.148262027013534680e+06
-2.472295057206702419e+06
-2.148262027013534680e+06
-2.472295057206702419e+06
-2.148262027013534680e+06
-2.472295057206702419e+06
2.472295057206702419e+06
2.148262027013534680e+06
2.472295057206701022e+06
2.148262027013531420e+06
2.472295057206702419e+06
1.563985962328641210e+06
2.472295057206701022e+06
2.148262027013531420e+06
-2.148262027013534680e+06
-2.472295057206702419e+06
-2.148262027013534680e+06
-2.472295057206702419e+06
-2.148262027013534680e+06
-2.472295057206702419e+06
-2.148262027013534680e+06
-2.472295057206702419e+06
2.472295057206702419e+06
2.148262027013534680e+06
2.472295057206701022e+06
2.148262027013531420e+06
2.472295057206702419e+06
2.148262027013534680e+06
2.472295057206701022e+06
2.148262027013531420e+06
-2.148262027013534680e+06
-2.472295057206702419e+06
-2.148262027013534680e+06
-2.472295057206702419e+06
-2.148262027013534680e+06
-2.472295057206702419e+06
-2.148262027013534680e+06
-2.472295057206702419e+06
2.472295057206702419e+06
2.148262027013534680e+06
2.472295057206701022e+06
2.148262027013531420e+06
2.472295057206702419e+06
2.148262027013534680e+06
2.472295057206701022e+06
2.148262027013531420e+06
-2.148262027013534680e+06
-2.472295057206702419e+06
-2.148262027013534680e+06
-2.472295057206702419e+06
-2.148262027013534680e+06
-2.472295057206702419e+06
-2.148262027013534680e+06
-2.472295057206702419e+06
2.472295057206702419e+06
2.148262027013534680e+06
2.472295057206701022e+06
2.148262027013531420e+06
2.472295057206702419e+06
2.148262027013534680e+06
2.472295057206701022e+06
2.148262027013531420e+06
-2.148262027013534680e+06
-2.472295057206702419e+06
-2.148262027013534680e+06
-2.472295057206702419e+06
-2.148262027013534680e+06
-2.472295057206702419e+06
-1.563985960116834380e+06
-2.472295057206702419e+06
2.472295057206702419e+06
2.148262027013534680e+06
2.472295057206701022e+06
2.148262027013531420e+06
2.472295057206702419e+06
2.148262027013534680e+06
2.472295057206701022e+06
2.148262027013531420e+06
1.728874547880098689e+06
2.053179519756758353e+06
1.563985963263458107e+06
1.314703626766349655e+06
1.728874553665028419e+06
1.563985962328637717e+06
1.563985963263469050e+06
1.314703627945077373e+06
1.386419439599877922e+06
1.112438546395339305e+06
1.112438545941178920e+06
8.469664569474450545e+05
-1.684957225091380300e+06
-1.761643032853076234e+06
-1.761643041483301669e+06
-1.767326258390791249e+06
1.767326314357813215e+06
1.761643056431304663e+06
1.761643047801080858e+06
1.684957228922331240e+06
1.186767327899028780e+06
6.758799120072014630e+05
1.565148122654164676e+06
6.562458886704656761e+05
1.565148122654164676e+06
6.562458886704656761e+05
1.565148122654164676e+06
6.562458886704656761e+05
1.565148122654164676e+06
6.562458886704656761e+05
1.565148122654164676e+06
6.562458886704656761e+05
1.444158505594358081e+06
6.286831677341334289e+05
6.758799122765366919e+05
3.778227302380143665e+05
6.758799122765304055e+05
3.378827599890626734e+05
1.186767327899022261e+06
6.758799120072147343e+05
1.563985963263461366e+06
1.314703626766353147e+06
1.728874547880135011e+06
1.563985962328653084e+06
1.112438545941196848e+06
8.469664569474573946e+05
1.386419439599891892e+06
1.112438546395343496e+06
1.563985963263477432e+06
1.314703627945081564e+06
1.728874547880151542e+06
2.053179519756763242e+06
1.761643047801102512e+06
1.684957228922342882e+06
1.767326314357685857e+06
1.761643056431312580e+06
-1.761643041483264184e+06
-1.767326258390833158e+06
-1.684957225091378205e+06
-1.761643032853053184e+06
-1.563985960116835078e+06
-2.472295057206702419e+06
-2.148262027013534680e+06
-2.472295057206702419e+06
-2.148262027013534680e+06
-2.472295057206702419e+06
-2.148262027013534680e+06
-2.472295057206702419e+06
2.472295057206702419e+06
2.148262027013534680e+06
2.472295057206701022e+06
2.148262027013531420e+06
2.472295057206702419e+06
2.148262027013534680e+06
2.472295057206701022e+06
2.148262027013531420e+06
-2.148262027013534680e+06
-2.472295057206702419e+06
-2.148262027013534680e+06
-2.472295057206702419e+06
-2.148262027013534680e+06
-2.472295057206702419e+06
-2.148262027013534680e+06
-2.472295057206702419e+06
2.472295057206702419e+06
2.148262027013534680e+06
2.472295057206701022e+06
2.148262027013531420e+06
2.472295057206702419e+06
2.148262027013534680e+06
2.472295057206701022e+06
2.148262027013531420e+06
-1.791520065205019427e-02
-5.142650207519589012e-02
-2.747133513315406367e-02
-8.091285526920155569e-02
-3.609614334357646309e-02
-1.081455120629196270e-01
-4.948891406144653032e-02
-1.513215775771261928e-01
-5.967983208109794990e-02
-1.847642685583569810e-01
-7.494004810259041749e-02
-2.049283725105366938e-01
-1.103821061795638853e-01
-3.092612540420635048e-01
-1.495183491171528101e-01
-5.125228778674326691e-01
-2.771069339183010460e-01
-6.114426679983568924e-01
-6.200443542247731088e-01
-1.422049735708785123e+00
-1.084066984524973964e+00
-2.573940395483858445e+00
-2.216169446897121365e+00
-5.522452409481153346e+00
-3.595700136193439089e+00
-9.284460790406701136e+00
-6.552888059364938123e+00
-1.774772338382715020e+01
-9.677701527304243712e+00
-2.710222363740085783e+01
-1.529501043616295952e+01
-4.466967546220720209e+01
-1.880654363913343730e+01
-6.043531318690978082e+01
-4.291470338626670866e+01
-9.627186594284479781e+01
-8.021308983772122758e+01
-1.750148511982113178e+02
-1.776853396674184467e+02
-4.127907861304894368e+02
-3.020188934513777212e+02
-7.421582100203469281e+02
-5.722987736513317714e+02
-1.518518921755891597e+03
-8.491766886855504026e+02
-2.376550652760247885e+03
-1.295339198195125618e+03
-3.860929119376781273e+03
-1.603526512054679870e+03
-4.947325986539927726e+03
-1.860784364192895964e+03
-5.887717693675222108e+03
-1.882524107173553148e+03
-5.968501349869099613e+03
-2.995494239310148714e+03
-7.071327426903268133e+03
-4.915513653962156241e+03
-1.255750770605383877e+04
-8.462031060261142557e+03
-2.392354659392474787e+04
-1.120354254697325814e+04
-3.362550598140605143e+04
-1.213827458569524060e+04
-4.292903169802703633e+04
-2.200499600614112569e+04
-4.939745361589483218e+04
-4.939745360745964717e+04
-1.098053000515873864e+05
-8.877805803253213526e+04
-1.945676001834097551e+05
-1.945676001368895813e+05
-4.103534040497037349e+05
-3.378827598740507383e+05
-6.758799119579221588e+05
-6.758799116885985713e+05
-1.186767326989503112e+06
-8.469664564827139257e+05
-1.112438545154579915e+06
-1.112438545608726097e+06
-1.386419438221697928e+06
-1.314703626766343368e+06
-1.563985961051648948e+06
-1.563985960116845788e+06
-1.728874547880091239e+06
-1.314703626766341273e+06
-1.563985961051665479e+06
-1.563985960116835544e+06
-1.728874547880098689e+06
-1.684957225091392407e+06
-1.761643032853054116e+06
-1.761643041483287001e+06
-1.767326258391000563e+06
1.767326314357853727e+06
1.761643056431312580e+06
1.761643047801080160e+06
1.684957228922353126e+06
1.728874547880089842e+06
1.563985962328653783e+06
1.563985963263461366e+06
1.314703626766342437e+06
1.728874547880108003e+06
1.563985962328633759e+06
1.563985963263467886e+06
1.314703626766345231e+06
1.386419439599874895e+06
1.112438546395337209e+06
1.112438545941178454e+06
8.469664569474450545e+05
-1.684957225091373082e+06
-1.761643032853076234e+06
-1.761643041483278852e+06
-1.767326258390875300e+06
1.767326314357771305e+06
1.761643056431305595e+06
1.761643047801091801e+06
1.684957228922338923e+06
1.186767327899027383e+06
6.758799120072058868e+05
1.565148122654164676e+06
6.562458886704607867e+05
1.565148122654164676e+06
6.562458886704634642e+05
1.565148122654164676e+06
6.562458886704607867e+05
1.444158505594358779e+06
6.286831677341320319e+05
6.758799122765327338e+05
3.778227302380119800e+05
4.103534042006196105e+05
2.001718479043552070e+05
3.659503709069232718e+04
9.230550858082990453e+04
1.030953280911223701e+05
2.312292560197013372e+05
4.290396929181505111e+05
6.758799120072065853e+05
5.501477942349473014e+05
1.314703626766343601e+06
1.728874547880121507e+06
1.563985962328641210e+06
1.112438545941185439e+06
8.469664569474494783e+05
1.386419439599884674e+06
1.112438546395334648e+06
1.563985963263465557e+06
1.314703627945071552e+06
1.728874547880113125e+06
1.563985962328646565e+06
1.761643047801119741e+06
1.684957228922331240e+06
1.767326314357581083e+06
1.761643056431375677e+06
-1.761643041483321693e+06
-1.767326258390896255e+06
-1.684957225091380067e+06
-1.761643032853065524e+06
-1.563985960116829490e+06
-1.728874542095171520e+06
-1.314703625587608898e+06
-1.563985961051662453e+06
-1.112438545608725632e+06
-1.386419438221686287e+06
-8.469664564827107824e+05
-1.112438545154574327e+06
-1.563985960116839502e+06
-1.728874542095171520e+06
-1.314703626766336616e+06
-1.563985961051655235e+06
-1.761643041483316571e+06
-1.767326258390812436e+06
-1.684957225091375411e+06
-1.761643032853021519e+06
1.761643047801069450e+06
1.684957228922328912e+06
1.767326314357853495e+06
1.761643056431364501e+06
-6.758799116885939147e+05
-1.186767326989501016e+06
-6.286831677341321483e+05
-1.444158505594363902e+06
-6.562458886704634642e+05
-1.565148122654164676e+06
-6.562458886704634642e+05
-1.565148122654169099e+06
-6.562458886704634642e+05
-1.565148122654164676e+06
-6.562458886704634642e+05
-1.565148122654169099e+06
-6.562458886704634642e+05
-1.565148122654164676e+06
-6.562458886704634642e+05
-1.565148122654169099e+06
-6.562458886704634642e+05
-1.565148122654164676e+06
-6.758799116885985713e+05
-1.186767326989508234e+06
-8.469664564827122958e+05
-1.112438545154579915e+06
-1.112438545608728426e+06
-1.386419438221697928e+06
-1.314703626766340574e+06
-1.563985961051664082e+06
-1.563985960116850212e+06
-1.728874547880091239e+06
-1.314703626766341273e+06
-1.563985961051665479e+06
-2.053179519756755559e+06
-1.728874547880098689e+06
-1.684957225091392407e+06
-1.761643032853054116e+06
-1.761643041483309120e+06
-1.767326258391000563e+06
1.767326314357853727e+06
1.761643056431312580e+06
1.761643047801057808e+06
1.684957228922353126e+06
-2.148262027013527695e+06
-2.472295057206702419e+06
-2.148262027013531420e+06
-2.472295057206702419e+06
-2.148262027013527695e+06
-2.472295057206702419e+06
-1.563985960116834613e+06
-2.472295057206702419e+06
2.472295057206701022e+06
2.148262027013534680e+06
2.472295057206701022e+06
2.148262027013531420e+06
2.472295057206701022e+06
1.563985962328649592e+06
2.472295057206701022e+06
2.148262027013531420e+06
1.728874547880114755e+06
2.053179519756758353e+06
1.563985963263462763e+06
1.314703626766343834e+06
1.728874547880098689e+06
1.563985962328642840e+06
1.563985963263459969e+06
1.314703626766339876e+06
1.386419439599879785e+06
1.112438546395335579e+06
1.112438545941178687e+06
8.469664569474445889e+05
-1.684957225091378437e+06
-1.761643032853076234e+06
-1.761643041483256035e+06
-1.767326258390958654e+06
1.767326314357811818e+06
1.761643056431349600e+06
1.761643047801080858e+06
1.684957228922341019e+06
1.186767327899022726e+06
6.758799120072042570e+05
1.565148122654164676e+06
6.562458886704607867e+05
1.565148122654164676e+06
6.562458886704634642e+05
1.565148122654164676e+06
6.562458886704607867e+05
1.565148122654164676e+06
6.562458886704634642e+05
1.565148122654164676e+06
6.562458886704607867e+05
1.565148122654164676e+06
6.562458886704634642e+05
1.565148122654164676e+06
6.562458886704607867e+05
1.565148122654164676e+06
6.562458886704634642e+05
1.565148122654164676e+06
6.562458886704607867e+05
1.444158505594358081e+06
6.286831677341314498e+05
6.758799122765273787e+05
3.778227302380132605e+05
4.103534042006148375e+05
2.001718479043563711e+05
3.059680676690749242e+05
8.877805805293004960e+04
3.059680676690749242e+05
1.007387860810649145e+05
3.059680676690749242e+05
1.007387860810645070e+05
3.059680676690749242e+05
1.007387860810649145e+05
3.059680676690749242e+05
1.007387860810645070e+05
2.963493993177253287e+05
9.841638955498962605e+04
2.002912290741881880e+05
7.347916328815244196e+04
1.945676002384399471e+05
8.877805805293115554e+04
4.103534042006208329e+05
2.001718479043559055e+05
6.758799122765366919e+05
3.778227302380152396e+05
1.444158505594362272e+06
6.286831677341301693e+05
1.565148122654164676e+06
6.562458886704634642e+05
1.565148122654164676e+06
6.562458886704607867e+05
1.565148122654164676e+06
6.562458886704634642e+05
1.565148122654164676e+06
6.562458886704607867e+05
-1.103821061795646763e-01
-3.092612540420622835e-01
-1.773058736542448000e-01
-5.125228778674308927e-01
-2.402781421815005647e-01
-7.092770177482433658e-01
-3.418272187635192361e-01
-1.034928332915010518e+00
-4.216361333503486075e-01
-1.296654340313464271e+00
-5.241845621922788245e-01
-1.639084075888960434e+00
-6.501245412850125138e-01
-1.761254397749945522e+00
-1.105029044881886913e+00
-3.110840631821951696e+00
-1.555670070263113436e+00
-4.495961448943697647e+00
-2.532453465483528898e+00
-5.690366299841352671e+00
-4.709865637015902884e+00
-1.034486526674171181e+01
-1.050034328679052820e+01
-2.419491434487104797e+01
-1.816648350143612944e+01
-4.369697825983678285e+01
-3.610943819214165984e+01
-9.219584146449568607e+01
-5.669555571080606171e+01
-1.511545222653732026e+02
-9.681266485497751262e+01
-2.730186039951454973e+02
-1.340209069021419737e+02
-3.922146050882747659e+02
-1.750148511842624259e+02
-5.764345160881899801e+02
-3.181577485969177701e+02
-7.197689715635943912e+02
-7.278089364638651659e+02
-1.628101392979493994e+03
-1.370790389638666966e+03
-2.958714273974611388e+03
-2.995494239310177818e+03
-7.071327426903239939e+03
-4.915513653962184435e+03
-1.255750770605378057e+04
-8.462031060261211678e+03
-2.392354659392471876e+04
-1.120354254697333636e+04
-3.362550598140591319e+04
-1.366203336122100154e+04
-4.292903169802686898e+04
-1.387666939419299524e+04
-4.376696075576986914e+04
-1.233353511308031739e+04
-4.376696075577006559e+04
-2.348940592407855365e+04
-4.939745361589463573e+04
-4.923919210570439463e+04
-1.195817850068637927e+05
-7.347916328815324232e+04
-2.002912290741869656e+05
-9.841638955499045551e+04
-2.963493993177253287e+05
-8.877805803253117483e+04
-3.059680676690736436e+05
-1.945676001368907455e+05
-4.103534040496959933e+05
-3.378827598740527756e+05
-6.758799119579137769e+05
-6.758799116886054398e+05
-1.186767326989500551e+06
-8.469664564827189315e+05
-1.112438545154589927e+06
-1.112438545608735410e+06
-1.386419438221696066e+06
-1.314703626766334753e+06
-1.563985961051650345e+06
-1.563985960116846953e+06
-1.728874547880082158e+06
-1.314703626766348025e+06
-1.563985961051671067e+06
-1.563985960116839735e+06
-1.728874547880098689e+06
-1.684957225091382395e+06
-1.761643032853091601e+06
-1.761643041483322857e+06
-1.767326258390886011e+06
1.767326314357820665e+06
1.761643056431304663e+06
1.761643047801074339e+06
1.684957228922349168e+06
1.728874547880124766e+06
1.563985962328664027e+06
1.563985963263460901e+06
1.314703626766343368e+06
1.728874553665030515e+06
1.563985962328648660e+06
1.563985963263473939e+06
1.314703627945077373e+06
1.386419439599880483e+06
1.112438546395340003e+06
1.112438545941184973e+06
8.469664569474498276e+05
-1.684957225091368891e+06
-1.761643032853026874e+06
-1.761643041483292356e+06
-1.767326258390844101e+06
1.767326314357696334e+06
1.761643056431363104e+06
1.761643047801097389e+06
1.684957228922331706e+06
1.186767327899028081e+06
6.758799120072087971e+05
6.758799122765286593e+05
3.378827599890661077e+05
4.103534042006163509e+05
1.945676001919250120e+05
3.059680676690723631e+05
8.877805805293071899e+04
3.059680676690723631e+05
1.007387860810653801e+05
3.059680676690723631e+05
1.007387860810649145e+05
2.963493993177228258e+05
9.841638955499004805e+04
2.002912290741858305e+05
7.347916328815267480e+04
1.195817850068629341e+05
4.923919210570417636e+04
8.464342016911868996e+04
4.939745361743893591e+04
1.881569141914814827e+05
8.877805805293106823e+04
4.103534042006164673e+05
1.945676001919226255e+05
6.758799122765307548e+05
3.378827599890648853e+05
1.186767327899023890e+06
6.758799120072098449e+05
1.563985963263472309e+06
1.314703626766342437e+06
1.728874547880124766e+06
1.563985962328643538e+06
1.112438545941188699e+06
8.469664569474537857e+05
1.386419439599888632e+06
1.112438546395342564e+06
1.563985963263465557e+06
1.314703627945078537e+06
1.728874547880128725e+06
1.563985962328661699e+06
1.761643047801113920e+06
1.684957228922339389e+06
1.767326314357874449e+06
1.761643056431319797e+06
-1.761643041483259993e+06
-1.767326258390979841e+06
-1.684957225091371918e+06
-1.761643032853065524e+06
-1.563985960116842529e+06
-1.728874547880082158e+06
-1.314703626766337780e+06
-1.563985961051664315e+06
-1.314703626766347792e+06
-1.563985961051663850e+06
-2.053179519756763708e+06
-1.728874547880108003e+06
-1.761643041483331937e+06
-1.767326258390916977e+06
-1.684957225091387983e+06
-1.761643032853009179e+06
-1.684957225091391709e+06
-1.761643032853009179e+06
-1.761643041483343346e+06
-1.767326258390958654e+06
1.761643047801057808e+06
1.684957228922354989e+06
1.767326314357852330e+06
1.761643056431311416e+06
1.767326314357769210e+06
1.761643056431380101e+06
1.761643047801046399e+06
1.684957228922348702e+06
-2.148262027013534680e+06
-2.472295057206703350e+06
-2.148262027013538405e+06
-2.472295057206702419e+06
-2.148262027013534680e+06
-2.472295057206703350e+06
-2.148262027013538405e+06
-2.472295057206702419e+06
2.472295057206701022e+06
2.148262027013538405e+06
2.472295057206701022e+06
2.148262027013538405e+06
2.472295057206701022e+06
1.563985962328660069e+06
2.472295057206701022e+06
2.148262027013538405e+06
-2.148262027013534680e+06
-2.472295057206703350e+06
-2.148262027013538405e+06
-2.472295057206702419e+06
-2.148262027013534680e+06
-2.472295057206703350e+06
-2.148262027013538405e+06
-2.472295057206702419e+06
2.472295057206701022e+06
2.148262027013538405e+06
2.472295057206701022e+06
2.148262027013538405e+06
2.472295057206701022e+06
2.148262027013538405e+06
2.472295057206701022e+06
2.148262027013538405e+06
-2.148262027013534680e+06
-2.472295057206703350e+06
-2.148262027013538405e+06
-2.472295057206702419e+06
-2.148262027013534680e+06
-2.472295057206703350e+06
-2.148262027013538405e+06
-2.472295057206702419e+06
2.472295057206701022e+06
2.148262027013538405e+06
2.472295057206701022e+06
2.148262027013538405e+06
2.472295057206701022e+06
2.148262027013538405e+06
2.472295057206701022e+06
2.148262027013538405e+06
-2.148262027013534680e+06
-2.472295057206703350e+06
-2.148262027013538405e+06
-2.472295057206702419e+06
-2.148262027013534680e+06
-2.472295057206703350e+06
-1.563985960116845788e+06
-2.472295057206702419e+06
2.472295057206701022e+06
2.148262027013538405e+06
2.472295057206701022e+06
2.148262027013538405e+06
2.472295057206701022e+06
2.148262027013538405e+06
2.472295057206701022e+06
2.148262027013538405e+06
1.728874547880114755e+06
2.053179519756760914e+06
1.563985963263463462e+06
1.314703626766337780e+06
1.728874553665030515e+06
1.563985962328646565e+06
1.563985963263469283e+06
1.314703627945077373e+06
1.386419439599886304e+06
1.112438546395341400e+06
1.112438545941181714e+06
8.469664569474508753e+05
-1.684957225091368891e+06
-1.761643032853021519e+06
-1.761643041483327746e+06
-1.767326258390896255e+06
1.767326314357664902e+06
1.761643056431353325e+06
1.761643047801069450e+06
1.684957228922348469e+06
1.186767327899031341e+06
6.758799120072093792e+05
1.565148122654164676e+06
6.562458886704678880e+05
1.444158505594358081e+06
6.286831677341377363e+05
6.758799122765269130e+05
3.778227302380166366e+05
4.103534042006148375e+05
2.001718479043576808e+05
3.059680676690723631e+05
8.877805805293057347e+04
3.059680676690723631e+05
1.007387860810653801e+05
3.059680676690723631e+05
1.007387860810649145e+05
3.059680676690723631e+05
1.007387860810653801e+05
3.059680676690723631e+05
1.007387860810649145e+05
3.059680676690723631e+05
1.007387860810653801e+05
3.059680676690723631e+05
1.007387860810649145e+05
3.059680676690723631e+05
1.007387860810653801e+05
3.059680676690723631e+05
1.007387860810649145e+05
2.963493993177228258e+05
9.841638955499004805e+04
2.002912290741862962e+05
7.347916328815283487e+04
1.195817850068634289e+05
4.923919210570433643e+04
4.939745362587443378e+04
2.348940592407857548e+04
4.376696075576966541e+04
1.233353511308038287e+04
4.376696075576966541e+04
1.387666939419288792e+04
4.376696075576966541e+04
1.387666939419294431e+04
4.376696075576966541e+04
1.387666939419288792e+04
4.292903169802650518e+04
1.366203336122094152e+04
2.734470267404329934e+04
1.233353511308025008e+04
4.939745362587452109e+04
2.348940592407848089e+04
1.195817850068634289e+05
4.923919210570418363e+04
2.002912290741867037e+05
7.347916328815325687e+04
2.963493993177232333e+05
9.841638955498969881e+04
3.059680676690723631e+05
1.007387860810653801e+05
3.059680676690723631e+05
1.007387860810649145e+05
3.059680676690723631e+05
1.007387860810653801e+05
3.059680676690723631e+05
1.007387860810649145e+05
-6.501245412850102934e-01
-1.761254397749964173e+00
-1.105029044881882916e+00
-3.110840631821979674e+00
-1.555670070263107885e+00
-4.495961448943742944e+00
-2.317725802350493414e+00
-6.917595288693990874e+00
-2.941655691542323314e+00
-8.958476664425909064e+00
-3.770394658116623887e+00
-1.173452622497748088e+01
-4.262405276041149271e+00
-1.341298176125773622e+01
-6.552888059364949669e+00
-1.774772338382714665e+01
-9.677701527304263251e+00
-2.710222363740109586e+01
-1.529501043616304479e+01
-4.466967546220745078e+01
-1.880654363913359362e+01
-6.043531318691042742e+01
-4.291470338626643155e+01
-9.627186594284562204e+01
-8.021308983772055967e+01
-1.750148511982117441e+02
-1.776853396674166277e+02
-4.127907861304860830e+02
-3.020188934513745949e+02
-7.421582100203435175e+02
-5.722987736513238133e+02
-1.518518921755873180e+03
-8.491766886855382381e+02
-2.376550652760226512e+03
-1.295339198195109475e+03
-3.860929119376723065e+03
-1.308295909424720094e+03
-4.947325986539883161e+03
-2.958714273653064083e+03
-6.687195985044444569e+03
-5.375153359052173982e+03
-1.213827458730761100e+04
-1.233353511308033012e+04
-2.734470266911426370e+04
-2.348940592407848089e+04
-4.939745361589509412e+04
-4.923919210570425639e+04
-1.195817850068647967e+05
-7.347916328815308225e+04
-2.002912290741889447e+05
-9.841638955499004805e+04
-2.963493993177277152e+05
-1.007387860810653801e+05
-3.059680676690772525e+05
-1.007387860810653801e+05
-3.059680676690772525e+05
-8.877805803253081103e+04
-3.059680676690772525e+05
-2.001718479043560510e+05
-4.103534040496976231e+05
-3.778227302380143665e+05
-6.758799119579192484e+05
-6.286831677341334289e+05
-1.444158505594364833e+06
-6.562458886704656761e+05
-1.565148122654173058e+06
-6.758799116885901894e+05
-1.186767326989509165e+06
-8.469664564827067079e+05
-1.112438545154567342e+06
-1.112438545608719345e+06
-1.386419438221678836e+06
-1.314703625587599352e+06
-1.563985961051664315e+06
-1.563985960116835544e+06
-1.728874542095167330e+06
-1.314703626766338479e+06
-1.563985961051651044e+06
-1.563985960116825998e+06
-1.728874547880098689e+06
-1.684957225091378437e+06
-1.761643032853055513e+06
-1.761643041483278852e+06
-1.767326258390791249e+06
1.767326314357645344e+06
1.761643056431305595e+06
1.761643047801102977e+06
1.684957228922341019e+06
1.728874547880089842e+06
1.563985962328633759e+06
1.563985963263462763e+06
1.314703626766331261e+06
1.728874547880124766e+06
1.563985962328642840e+06
1.563985963263480458e+06
1.314703627945078770e+06
1.386419439599874895e+06
1.112438546395331156e+06
1.112438545941178687e+06
8.469664569474416785e+05
-1.684957225091362139e+06
-1.761643032853076234e+06
-1.761643041483278852e+06
-1.767326258390875300e+06
1.767326314357645344e+06
1.761643056431305595e+06
1.761643047801102977e+06
1.684957228922341019e+06
1.186767327899033902e+06
6.758799120071996003e+05
6.758799122765319189e+05
3.378827599890637794e+05
4.103534042006173404e+05
1.945676001919232949e+05
1.945676002384422754e+05
8.877805805293029698e+04
1.098053000781542651e+05
4.939745361743858666e+04
4.939745362587498676e+04
2.200499600995743094e+04
4.376696075576986914e+04
1.213827458760274021e+04
4.376696075576986914e+04
1.387666939419276787e+04
4.292903169802668708e+04
1.366203336122077235e+04
3.362550598140586953e+04
1.120354254697314718e+04
2.392354659392458780e+04
8.462031060261075254e+03
2.734470267404361221e+04
1.213827458760260379e+04
4.939745362587481213e+04
2.200499600995729270e+04
1.098053000781533774e+05
4.939745361743864487e+04
1.945676002384412859e+05
8.877805805293045705e+04
4.103534042006191448e+05
7.050381373391996726e-05
6.758799122765331995e+05
2.008131337577500101e-04
1.186767327899031807e+06
8.676736743223124101e-04
1.563985963263472309e+06
1.074127258074996294e-03
1.236155627869867492e-03
4.613349252914478518e-03
1.236155627869861204e-03
4.613349252914432548e-03
1.563985963263468584e+06
1.074127258074992174e-03
7.085660508654178374e-03
1.046290368100032987e-02
1.649756104852201626e-03
2.436080475649190363e-03
1.649756104852207698e-03
2.436080475649199471e-03
7.085660508654213936e-03
1.046290368100043743e-02
1.186767327899030410e+06
8.676736743223110006e-04
1.565148122654169099e+06
2.008131337577500101e-04
1.565148122654169099e+06
6.562458886704634642e+05
1.565148122654169099e+06
6.562458886704634642e+05
1.565148122654169099e+06
6.562458886704634642e+05
1.565148122654169099e+06
6.562458886704634642e+05
1.565148122654169099e+06
6.562458886704634642e+05
1.565148122654169099e+06
6.562458886704634642e+05
1.444158505594361341e+06
6.286831677341314498e+05
6.758799122765302891e+05
3.778227302380129113e+05
4.103534042006174568e+05
2.001718479043552070e+05
3.059680676690760884e+05
8.877805805293013691e+04
2.963493993177264347e+05
9.841638955498962605e+04
2.002912290741879260e+05
7.347916328815283487e+04
1.195817850068645348e+05
4.923919210570418363e+04
4.939745362587483396e+04
2.348940592407847726e+04
4.376696075576986914e+04
1.233353511308034285e+04
4.376696075576986914e+04
1.387666939419276787e+04
4.376696075576986914e+04
1.387666939419276787e+04
4.376696075576986914e+04
1.387666939419276787e+04
4.376696075576986914e+04
1.387666939419276787e+04
4.376696075576986914e+04
1.387666939419276787e+04
4.376696075576986914e+04
1.387666939419276787e+04
4.376696075576986914e+04
1.387666939419276787e+04
4.292903169802668708e+04
1.366203336122077235e+04
3.362550598140591319e+04
1.120354254697316719e+04
2.392354659392463873e+04
8.462031060261091625e+03
1.255750770605382058e+04
4.915513653962137141e+03
7.071327426903245396e+03
2.995494239310146440e+03
5.968501349869078695e+03
1.882524107173537232e+03
5.968501349869078695e+03
1.882524107173537232e+03
5.968501349869078695e+03
1.882524107173537232e+03
5.887717693675182090e+03
1.860784364192879821e+03
7.071327426903158084e+03
2.995494239310131434e+03
1.255750770605371326e+04
4.915513653962118042e+03
2.392354659392463873e+04
8.462031060261091625e+03
3.362550598140594229e+04
1.120354254697316719e+04
4.292903169802673074e+04
1.366203336122079054e+04
4.376696075576986914e+04
1.387666939419276787e+04
4.376696075576986914e+04
1.387666939419276787e+04
4.376696075576986914e+04
1.387666939419276787e+04
4.376696075576986914e+04
1.387666939419276787e+04
-3.595700136193481278e+00
-9.284460790406743769e+00
-6.552888059365029605e+00
-1.774772338382723547e+01
-9.677701527304412465e+00
-2.710222363740118823e+01
-1.529501043616325795e+01
-4.466967546220769947e+01
-2.014564919208513061e+01
-6.043531318691051268e+01
-2.687842925827684937e+01
-8.304167729955722166e+01
-3.101319726024041046e+01
-9.727947655942050176e+01
-3.610943819214197248e+01
-9.219584146449665241e+01
-5.669555571080623224e+01
-1.511545222653755616e+02
-9.681266485497835106e+01
-2.730186039951483394e+02
-1.340209069021434232e+02
-3.922146050882824397e+02
-1.750148511842651260e+02
-5.764345160881981656e+02
-3.181577485969204417e+02
-7.197689715635968923e+02
-7.278089364638618690e+02
-1.628101392979513093e+03
-1.370790389638660145e+03
-2.958714273974639582e+03
-2.995494239310142802e+03
-7.071327426903204469e+03
-4.915513653962130775e+03
-1.255750770605374601e+04
-8.462031060261133462e+03
-2.392354659392454050e+04
-1.120354254697325814e+04
-3.362550598140586953e+04
-1.213827458569542614e+04
-4.292903169802668708e+04
-2.200499600614138035e+04
-4.939745361589521053e+04
-4.939745360745910875e+04
-1.098053000515879103e+05
-8.877805803253162594e+04
-1.945676001834101917e+05
-2.001718479043573316e+05
-4.103534040497001261e+05
-3.778227302380175097e+05
-6.758799119579202961e+05
-6.286831677341405302e+05
-1.444158505594367394e+06
-6.562458886704726610e+05
-1.565148122654177481e+06
-6.562458886704726610e+05
-1.565148122654177481e+06
-6.562458886704726610e+05
-1.565148122654177481e+06
-6.758799116885935655e+05
-1.186767326989511494e+06
-8.469664564827105496e+05
-1.112438545154569438e+06
-1.112438545608725632e+06
-1.386419438221684424e+06
-1.314703625587600749e+06
-1.563985961051662918e+06
-1.563985960116830887e+06
-1.728874542095167330e+06
-1.314703626766336383e+06
-1.563985961051650345e+06
-2.053179519756764174e+06
-1.728874547880091239e+06
-1.684957225091373082e+06
-1.761643032853076234e+06
-1.761643041483323090e+06
-1.767326258390875300e+06
1.767326314357811818e+06
1.761643056431282312e+06
1.761643047801058274e+06
1.684957228922335664e+06
-2.148262027013541665e+06
-2.472295057206703350e+06
-2.148262027013541665e+06
-2.472295057206703350e+06
-2.148262027013541665e+06
-2.472295057206703350e+06
-1.563985960116841365e+06
-2.472295057206703350e+06
2.472295057206702419e+06
2.148262027013527695e+06
2.472295057206702419e+06
2.148262027013527695e+06
2.472295057206702419e+06
1.563985962328633759e+06
2.472295057206702419e+06
2.148262027013527695e+06
1.728874547880116617e+06
2.053179519756755093e+06
1.563985963263471844e+06
1.314703626766345231e+06
1.728874547880116617e+06
1.563985962328653317e+06
1.563985963263458339e+06
1.314703626766340574e+06
1.386419439599895617e+06
1.112438546395343496e+06
1.112438545941196848e+06
8.469664569474535529e+05
-1.684957225091392407e+06
-1.761643032853009179e+06
-1.761643041483264184e+06
-1.767326258390916977e+06
1.767326314357685857e+06
1.761643056431311416e+06
1.761643047801124630e+06
1.684957228922354989e+06
1.186767327899022959e+06
6.758799120072124060e+05
6.758799122765242355e+05
3.378827599890616257e+05
4.103534042006120435e+05
1.945676001919209375e+05
1.945676002384398307e+05
8.877805805292951118e+04
1.098053000781531009e+05
4.939745361743817921e+04
4.939745362587449927e+04
2.200499600995733272e+04
2.734470267404332481e+04
1.213827458760268382e+04
1.213827458921491598e+04
5.375153359800764520e+03
6.687195986004986480e+03
2.958714274033461606e+03
5.968501349868996840e+03
1.882524107173527227e+03
5.887717693675108421e+03
1.860784364192872545e+03
4.947325986539843143e+03
1.603526512054660088e+03
2.958714274355003454e+03
1.730957334052264262e-07
6.687195986004941915e+03
6.341694133701779702e-07
1.213827458921483230e+04
1.663923032930700718e-06
1.705643578326836902e-06
6.365518714168942621e-06
4.650889410062093585e-06
1.735727437635121547e-05
1.889152833297605487e-05
7.050381373391996726e-05
5.380796874812298177e-05
2.008131337577500101e-04
2.324935479958476316e-04
8.676736743223124101e-04
2.878144233886057563e-04
1.074127258074996294e-03
1.236155627869867492e-03
4.613349252914478518e-03
1.236155627869861204e-03
4.613349252914432548e-03
2.878144233886046721e-04
1.074127258074992174e-03
7.085660508654178374e-03
1.046290368100032987e-02
1.649756104852201626e-03
2.436080475649190363e-03
1.649756104852207698e-03
2.436080475649199471e-03
7.085660508654213936e-03
1.046290368100043743e-02
2.324935479958472522e-04
8.676736743223110006e-04
5.380796874812299532e-05
2.008131337577500101e-04
1.889152833297604131e-05
7.050381373391981818e-05
3.059680676690723631e+05
1.735727437635119515e-05
3.059680676690723631e+05
1.007387860810645070e+05
3.059680676690723631e+05
1.007387860810645070e+05
3.059680676690723631e+05
1.007387860810645070e+05
3.059680676690723631e+05
1.007387860810645070e+05
2.963493993177228258e+05
9.841638955498916039e+04
2.002912290741856850e+05
7.347916328815235465e+04
1.195817850068628613e+05
4.923919210570384894e+04
4.939745362587438285e+04
2.348940592407828808e+04
4.292903169802650518e+04
1.233353511308023735e+04
3.362550598140569491e+04
1.120354254697320721e+04
2.392354659392455505e+04
8.462031060261131643e+03
1.255750770605377511e+04
4.915513653962148965e+03
7.071327426903221749e+03
2.995494239310154171e+03
5.968501349868996840e+03
1.882524107173527227e+03
5.968501349868996840e+03
1.882524107173527227e+03
5.968501349868996840e+03
1.882524107173527227e+03
5.968501349868996840e+03
1.882524107173527227e+03
5.968501349868996840e+03
1.882524107173527227e+03
5.968501349868996840e+03
1.882524107173527227e+03
5.968501349868996840e+03
1.882524107173527227e+03
5.887717693675108421e+03
1.860784364192872545e+03
4.947325986539843143e+03
1.603526512054660088e+03
3.860929119376702602e+03
1.295339198195112431e+03
2.376550652760219691e+03
8.491766886855430130e+02
1.518518921755868860e+03
5.722987736513259733e+02
7.421582100203424943e+02
3.020188934513758454e+02
8.085836838567438463e+02
2.548549102434438396e+02
8.085836838567438463e+02
2.548549102434438396e+02
7.421582100203368100e+02
3.020188934513740833e+02
1.518518921755856354e+03
5.722987736513246091e+02
2.376550652760205139e+03
8.491766886855415351e+02
3.860929119376702602e+03
1.295339198195112431e+03
4.947325986539848600e+03
1.603526512054663726e+03
5.887717693675108421e+03
1.860784364192872545e+03
5.968501349868996840e+03
1.882524107173527227e+03
5.968501349868996840e+03
1.882524107173527227e+03
5.968501349868996840e+03
1.882524107173527227e+03
5.968501349868996840e+03
1.882524107173527227e+03
-1.816648350143618273e+01
-4.369697825983728023e+01
-3.610943819214184458e+01
-9.219584146449676609e+01
-5.669555571080643830e+01
-1.511545222653763858e+02
-9.681266485497840790e+01
-2.730186039951504426e+02
-1.340209069021434232e+02
-3.922146050882831219e+02
-1.889050253129877603e+02
-5.764345160881993024e+02
-2.242447283793504198e+02
-6.995053859974655097e+02
-2.525114003559505989e+02
-8.001559151424406764e+02
-3.020188934513770960e+02
-7.421582100203496566e+02
-5.722987736513276786e+02
-1.518518921755883184e+03
-8.491766886855504026e+02
-2.376550652760247885e+03
-1.295339198195121071e+03
-3.860929119376762628e+03
-1.308295909424717138e+03
-4.947325986539927726e+03
-2.958714273653100918e+03
-6.687195985044423651e+03
-5.375153359052229462e+03
-1.213827458730760191e+04
-1.233353511308018824e+04
-2.734470266911441286e+04
-2.348940592407828808e+04
-4.939745361589505046e+04
-4.923919210570375435e+04
-1.195817850068634289e+05
-7.347916328815276211e+04
-2.002912290741873148e+05
-9.841638955498916039e+04
-2.963493993177253287e+05
-8.877805803253171325e+04
-3.059680676690749242e+05
-1.945676001368921425e+05
-4.103534040497008828e+05
-3.378827598740548128e+05
-6.758799119579221588e+05
-6.758799116885911208e+05
-1.186767326989512891e+06
-8.469664564827105496e+05
-1.112438545154569205e+06
-1.112438545608722139e+06
-1.386419438221682794e+06
-1.314703625587604940e+06
-1.563985961051668972e+06
-1.563985960116830887e+06
-1.728874542095167330e+06
-1.314703626766340574e+06
-1.563985961051654536e+06
-2.053179519756760914e+06
-1.728874547880100086e+06
-1.684957225091368658e+06
-1.761643032853076234e+06
-1.761643041483256035e+06
-1.767326258390791249e+06
1.767326314357811818e+06
1.761643056431349600e+06
1.761643047801080858e+06
1.684957228922341019e+06
-2.148262027013541665e+06
-2.472295057206704747e+06
-2.148262027013538405e+06
-2.472295057206704747e+06
-2.148262027013541665e+06
-2.472295057206704747e+06
-2.148262027013538405e+06
-2.472295057206704747e+06
2.472295057206700090e+06
2.148262027013523970e+06
2.472295057206701022e+06
2.148262027013527695e+06
2.472295057206700090e+06
1.563985962328634458e+06
2.472295057206701022e+06
2.148262027013527695e+06
-2.148262027013541665e+06
-2.472295057206704747e+06
-2.148262027013538405e+06
-2.472295057206704747e+06
-2.148262027013541665e+06
-2.472295057206704747e+06
-1.563985960116843693e+06
-2.472295057206704747e+06
2.472295057206700090e+06
2.148262027013523970e+06
2.472295057206701022e+06
2.148262027013527695e+06
2.472295057206700090e+06
2.148262027013523970e+06
2.472295057206701022e+06
2.148262027013527695e+06
1.728874547880131751e+06
2.053179519756751135e+06
1.563985963263480458e+06
1.314703626766339876e+06
1.728874547880108003e+06
1.563985962328650989e+06
1.563985963263466023e+06
1.314703626766339643e+06
1.386419439599894686e+06
1.112438546395343263e+06
1.112438545941195916e+06
8.469664569474534364e+05
-1.684957225091398694e+06
-1.761643032853049226e+06
-1.761643041483322158e+06
-1.767326258390802192e+06
1.767326314357653027e+06
1.761643056431325385e+06
1.761643047801051987e+06
1.684957228922360111e+06
1.186767327899022959e+06
6.758799120072124060e+05
1.565148122654160950e+06
6.562458886704582255e+05
1.444158505594353657e+06
6.286831677341273753e+05
6.758799122765342472e+05
3.778227302380125620e+05
4.103534042006190866e+05
2.001718479043562256e+05
1.945676002384411113e+05
8.877805805293073354e+04
1.098053000781525043e+05
4.939745361743894318e+04
4.939745362587437558e+04
2.200499600995712535e+04
2.734470267404315018e+04
1.213827458760249647e+04
1.213827458921489961e+04
5.375153359800706312e+03
6.687195986004981933e+03
2.958714274033429774e+03
2.958714274355020734e+03
1.308295909576935628e+03
1.628101393173870292e+03
7.197689715757114755e+02
7.197689716419012029e+02
3.181577486287037004e+02
8.001559151424263518e+02
1.900268991165610996e-08
1.813449110502033268e-08
6.767852555348893222e-08
4.638107896238333191e-08
1.730957334052264262e-07
1.699259771365481747e-07
6.341694133701779702e-07
4.458489187426558081e-07
1.663923032930700718e-06
1.705643578326836902e-06
6.365518714168942621e-06
4.650889410062093585e-06
1.735727437635121547e-05
1.889152833297605487e-05
7.050381373391996726e-05
5.380796874812298177e-05
2.008131337577500101e-04
2.324935479958476316e-04
8.676736743223124101e-04
2.878144233886057563e-04
1.074127258074996294e-03
1.236155627869867492e-03
4.613349252914478518e-03
1.236155627869861204e-03
4.613349252914432548e-03
2.878144233886046721e-04
1.074127258074992174e-03
7.085660508654178374e-03
1.046290368100032987e-02
1.649756104852201626e-03
2.436080475649190363e-03
1.649756104852207698e-03
2.436080475649199471e-03
7.085660508654213936e-03
1.046290368100043743e-02
2.324935479958472522e-04
8.676736743223110006e-04
5.380796874812299532e-05
2.008131337577500101e-04
1.889152833297604131e-05
7.050381373391981818e-05
4.650889410062097820e-06
1.735727437635119515e-05
4.376696075576966541e+04
6.365518714168923139e-06
4.376696075576986914e+04
1.663923032930697330e-06
4.376696075576966541e+04
1.387666939419276787e+04
4.376696075576986914e+04
1.387666939419276787e+04
4.292903169802650518e+04
1.366203336122077235e+04
3.362550598140584043e+04
1.120354254697314718e+04
2.392354659392446047e+04
8.462031060261075254e+03
1.255750770605374601e+04
4.915513653962108037e+03
7.071327426903177184e+03
2.995494239310131434e+03
4.947325986539899532e+03
1.370790389638651732e+03
3.860929119376735343e+03
1.295339198195117206e+03
2.376550652760244247e+03
8.491766886855459688e+02
1.518518921755881593e+03
5.722987736513280197e+02
7.421582100203460186e+02
3.020188934513767549e+02
8.085836838567438463e+02
2.548549102434425322e+02
8.085836838567466884e+02
2.548549102434425322e+02
8.085836838567438463e+02
2.548549102434425322e+02
8.085836838567466884e+02
2.548549102434425322e+02
8.085836838567438463e+02
2.548549102434425322e+02
8.085836838567466884e+02
2.548549102434425322e+02
8.001559151424263518e+02
2.525114003559475577e+02
6.995053859974569832e+02
2.242447283793464408e+02
5.764345160881910033e+02
1.889050253129854866e+02
3.922146050882797113e+02
1.340209069021415758e+02
2.730186039951460657e+02
9.681266485497739893e+01
1.511545222653747942e+02
5.669555571080577749e+01
9.219584146449605555e+01
3.610943819214161721e+01
9.219584146449548712e+01
3.610943819214147510e+01
1.511545222653734299e+02
5.669555571080545064e+01
2.730186039951453836e+02
9.681266485497685892e+01
3.922146050882768122e+02
1.340209069021413200e+02
5.764345160881930497e+02
1.889050253129854866e+02
6.995053859974556190e+02
2.242447283793464408e+02
8.001559151424291940e+02
2.525114003559480409e+02
8.085836838567438463e+02
2.548549102434425322e+02
8.085836838567466884e+02
2.548549102434425322e+02
8.085836838567438463e+02
2.548549102434425322e+02
8.085836838567466884e+02
2.548549102434425322e+02
-8.021308983772118495e+01
-1.750148511982102377e+02
-1.776853396674187309e+02
-4.127907861304873336e+02
-3.020188934513787444e+02
-7.421582100203472692e+02
-5.722987736513339314e+02
-1.518518921755892279e+03
-8.491766886855532448e+02
-2.376550652760244247e+03
-1.295339198195130166e+03
-3.860929119376762628e+03
-1.603526512054686009e+03
-4.947325986539899532e+03
-1.860784364192902558e+03
-5.887717693675206647e+03
-1.882524107173560424e+03
-5.968501349869078695e+03
-2.995494239310159173e+03
-7.071327426903218111e+03
-4.915513653962172612e+03
-1.255750770605378057e+04
-8.462031060261186212e+03
-2.392354659392471876e+04
-1.120354254697329816e+04
-3.362550598140591319e+04
-1.213827458569528244e+04
-4.292903169802686898e+04
-2.200499600614117298e+04
-4.939745361589505046e+04
-4.939745360745928338e+04
-1.098053000515868625e+05
-8.877805803253165504e+04
-1.945676001834083872e+05
-2.001718479043554107e+05
-4.103534040496996604e+05
-3.778227302380143665e+05
-6.758799119579179678e+05
-6.286831677341330796e+05
-1.444158505594358081e+06
-6.562458886704656761e+05
-1.565148122654160950e+06
-6.758799116885961266e+05
-1.186767326989498455e+06
-8.469664564827153226e+05
-1.112438545154573163e+06
-1.112438545608726796e+06
-1.386419438221687917e+06
-1.314703625587606337e+06
-1.563985961051646154e+06
-1.563985960116828792e+06
-1.728874547880098689e+06
-1.314703626766342437e+06
-1.563985961051648948e+06
-1.563985960116841365e+06
-1.728874547880082158e+06
-1.684957225091383094e+06
-1.761643032853071112e+06
-1.761643041483269539e+06
-1.767326258390927920e+06
1.767326314357779920e+06
1.761643056431317003e+06
1.761643047801029868e+06
1.684957228922325186e+06
1.728874547880098224e+06
1.563985962328648428e+06
1.563985963263480924e+06
1.314703626766338479e+06
1.728874547880098689e+06
1.563985962328653317e+06
1.563985963263462763e+06
1.314703626766342437e+06
1.386419439599898411e+06
1.112438546395343496e+06
1.112438545941197081e+06
8.469664569474535529e+05
-1.684957225091382163e+06
-1.761643032853052719e+06
-1.761643041483264184e+06
-1.767326258391000563e+06
1.767326314357684692e+06
1.761643056431311416e+06
1.761643047801102512e+06
1.684957228922343114e+06
1.186767327899018070e+06
6.758799120072124060e+05
1.565148122654152801e+06
6.562458886704582255e+05
1.565148122654152801e+06
6.562458886704607867e+05
1.565148122654152801e+06
6.562458886704582255e+05
1.444158505594350398e+06
6.286831677341286559e+05
6.758799122765322682e+05
3.778227302380122128e+05
4.103534042006189120e+05
2.001718479043555271e+05
3.059680676690711989e+05
8.877805805293084995e+04
2.963493993177219527e+05
9.841638955498929136e+04
2.002912290741858596e+05
7.347916328815232555e+04
1.195817850068634871e+05
4.923919210570407449e+04
4.939745362587475393e+04
2.348940592407833174e+04
2.734470267404353581e+04
1.233353511308029010e+04
1.213827458921482685e+04
5.375153359800785438e+03
6.687195986004913721e+03
2.958714274033500715e+03
2.958714274354982990e+03
1.308295909576928580e+03
1.628101393173855513e+03
7.197689715757048816e+02
7.197689716418926764e+02
3.181577486287018246e+02
3.959567214153065038e+02
1.750148512007623367e+02
1.750148512147115980e+02
7.556641991487099978e-09
5.091779236562023439e-09
1.900268991165610996e-08
1.813449110502033268e-08
6.767852555348893222e-08
4.638107896238333191e-08
1.730957334052264262e-07
1.699259771365481747e-07
6.341694133701779702e-07
4.458489187426558081e-07
1.663923032930700718e-06
1.705643578326836902e-06
6.365518714168942621e-06
4.650889410062093585e-06
1.735727437635121547e-05
1.889152833297605487e-05
7.050381373391996726e-05
5.380796874812298177e-05
2.008131337577500101e-04
2.324935479958476316e-04
8.676736743223124101e-04
2.878144233886057563e-04
1.074127258074996294e-03
1.236155627869867492e-03
4.613349252914478518e-03
1.236155627869861204e-03
4.613349252914432548e-03
2.878144233886046721e-04
1.074127258074992174e-03
7.085660508654178374e-03
1.046290368100032987e-02
1.649756104852201626e-03
2.436080475649190363e-03
1.649756104852207698e-03
2.436080475649199471e-03
7.085660508654213936e-03
1.046290368100043743e-02
2.324935479958472522e-04
8.676736743223110006e-04
5.380796874812299532e-05
2.008131337577500101e-04
1.889152833297604131e-05
7.050381373391981818e-05
4.650889410062097820e-06
1.735727437635119515e-05
1.705643578326831184e-06
6.365518714168923139e-06
4.458489187426549081e-07
1.663923032930697330e-06
1.699259771365481747e-07
6.341694133701766997e-07
5.968501349869024125e+03
1.730957334052261086e-07
5.887717693675127521e+03
1.860784364192889143e+03
4.947325986539860423e+03
1.603526512054666000e+03
3.860929119376712151e+03
1.295339198195121071e+03
2.376550652760218327e+03
8.491766886855424445e+02
1.518518921755867950e+03
5.722987736513276786e+02
7.421582100203380605e+02
3.020188934513751633e+02
5.764345160881930497e+02
1.776853396674178214e+02
3.922146050882797113e+02
1.340209069021424568e+02
2.730186039951470320e+02
9.681266485497840790e+01
1.511545222653739700e+02
5.669555571080616829e+01
9.219584146449582818e+01
3.610943819214192274e+01
1.094452063848349184e+02
3.449238166046610132e+01
1.094452063848349184e+02
3.449238166046627896e+01
1.094452063848349184e+02
3.449238166046610132e+01
1.094452063848349184e+02
3.449238166046627896e+01
1.094452063848349184e+02
3.449238166046610132e+01
1.085188146193574994e+02
3.422905569884471788e+01
9.727947655941896699e+01
3.101319726023991663e+01
8.304167729955588584e+01
2.687842925827656515e+01
6.043531318690980925e+01
2.014564919208488192e+01
4.466967546220708840e+01
1.529501043616310163e+01
2.710222363740081164e+01
9.677701527304284568e+00
1.774772338382705783e+01
6.552888059364976314e+00
1.774772338382689085e+01
6.552888059364938123e+00
2.710222363740066953e+01
9.677701527304263251e+00
4.466967546220672602e+01
1.529501043616295952e+01
6.043531318690945398e+01
2.014564919208487836e+01
8.304167729955588584e+01
2.687842925827647278e+01
9.727947655941896699e+01
3.101319726024008716e+01
1.085188146193574994e+02
3.422905569884466814e+01
1.094452063848349184e+02
3.449238166046627896e+01
1.094452063848349184e+02
3.449238166046610132e+01
1.094452063848349184e+02
3.449238166046627896e+01
1.094452063848349184e+02
3.449238166046610132e+01
-3.181577485969147574e+02
-7.197689715635920038e+02
-7.278089364638618690e+02
-1.628101392979481716e+03
-1.370790389638666056e+03
-2.958714273974620482e+03
-2.995494239310163266e+03
-7.071327426903245396e+03
-4.915513653962156241e+03
-1.255750770605378057e+04
-8.462031060261133462e+03
-2.392354659392463873e+04
-1.120354254697325814e+04
-3.362550598140586953e+04
-1.366203336122087967e+04
-4.292903169802668708e+04
-1.387666939419288792e+04
-4.376696075576986914e+04
-1.233353511308025008e+04
-4.376696075576986914e+04
-2.348940592407843724e+04
-4.939745361589505046e+04
-4.923919210570418363e+04
-1.195817850068638218e+05
-7.347916328815283487e+04
-2.002912290741869656e+05
-9.841638955498962605e+04
-2.963493993177243392e+05
-8.877805803253203339e+04
-3.059680676690736436e+05
-1.945676001368891157e+05
-4.103534040496998932e+05
-3.378827598740501562e+05
-6.758799119579179678e+05
-6.758799116885961266e+05
-1.186767326989497291e+06
-8.469664564827155555e+05
-1.112438545154579217e+06
-1.112438545608730288e+06
-1.386419438221699325e+06
-1.314703626766328467e+06
-1.563985961051640101e+06
-1.563985960116841365e+06
-1.728874547880082158e+06
-1.314703626766343834e+06
-1.563985961051668972e+06
-2.053179519756752532e+06
-1.728874547880098689e+06
-1.684957225091382163e+06
-1.761643032853009179e+06
-1.761643041483264184e+06
-1.767326258391000563e+06
1.767326314357685857e+06
1.761643056431311416e+06
1.761643047801057808e+06
1.684957228922354989e+06
-2.148262027013531420e+06
-2.472295057206702419e+06
-2.148262027013531420e+06
-2.472295057206702419e+06
-2.148262027013531420e+06
-2.472295057206702419e+06
-1.563985960116825998e+06
-2.472295057206702419e+06
2.472295057206702419e+06
2.148262027013538405e+06
2.472295057206702419e+06
2.148262027013538405e+06
2.472295057206702419e+06
1.563985962328653317e+06
2.472295057206702419e+06
2.148262027013538405e+06
1.728874547880116617e+06
2.053179519756760914e+06
1.563985963263466023e+06
1.314703626766340574e+06
1.728874547880151542e+06
1.563985962328642840e+06
1.563985963263465092e+06
1.314703626766345231e+06
1.386419439599881880e+06
1.112438546395339305e+06
1.112438545941183809e+06
8.469664569474483142e+05
-1.684957225091378437e+06
-1.761643032853076234e+06
-1.761643041483256035e+06
-1.767326258390791249e+06
1.767326314357812982e+06
1.761643056431350298e+06
1.761643047801036155e+06
1.684957228922341019e+06
1.186767327899024822e+06
6.758799120072048390e+05
6.758799122765331995e+05
3.378827599890633719e+05
4.103534042006190866e+05
1.945676001919218979e+05
3.059680676690723631e+05
8.877805805293115554e+04
3.059680676690723631e+05
1.007387860810645070e+05
3.059680676690723631e+05
1.007387860810645070e+05
2.963493993177230586e+05
9.841638955498916039e+04
2.002912290741862962e+05
7.347916328815257293e+04
1.195817850068634289e+05
4.923919210570397263e+04
4.939745362587487034e+04
2.348940592407835356e+04
4.292903169802650518e+04
1.233353511308026282e+04
3.362550598140575312e+04
1.120354254697322358e+04
2.392354659392460235e+04
8.462031060261138919e+03
1.255750770605377511e+04
4.915513653962143508e+03
7.071327426903209926e+03
2.995494239310150533e+03
2.958714274355023463e+03
1.370790389638658780e+03
1.628101393173886663e+03
7.278089364638622101e+02
7.197689716418947228e+02
3.181577486287074521e+02
3.959567214153051964e+02
1.750148512007656620e+02
1.750148512147112001e+02
7.735474172735351317e+01
9.627186595143689374e+01
4.255063337028447989e+01
2.024805591696013658e-09
7.556641991487099978e-09
5.091779236562023439e-09
1.900268991165610996e-08
1.813449110502033268e-08
6.767852555348893222e-08
4.638107896238333191e-08
1.730957334052264262e-07
1.699259771365481747e-07
6.341694133701779702e-07
4.458489187426558081e-07
1.663923032930700718e-06
1.705643578326836902e-06
6.365518714168942621e-06
4.650889410062093585e-06
1.735727437635121547e-05
1.889152833297605487e-05
7.050381373391996726e-05
5.380796874812298177e-05
2.008131337577500101e-04
2.324935479958476316e-04
8.676736743223124101e-04
2.878144233886057563e-04
1.074127258074996294e-03
1.236155627869867492e-03
4.613349252914478518e-03
1.236155627869861204e-03
4.613349252914432548e-03
2.878144233886046721e-04
1.074127258074992174e-03
7.085660508654178374e-03
1.046290368100032987e-02
1.649756104852201626e-03
2.436080475649190363e-03
1.649756104852207698e-03
2.436080475649199471e-03
7.085660508654213936e-03
1.046290368100043743e-02
2.324935479958472522e-04
8.676736743223110006e-04
5.380796874812299532e-05
2.008131337577500101e-04
1.889152833297604131e-05
7.050381373391981818e-05
4.650889410062097820e-06
1.735727437635119515e-05
1.705643578326831184e-06
6.365518714168923139e-06
4.458489187426549081e-07
1.663923032930697330e-06
1.699259771365481747e-07
6.341694133701766997e-07
4.638107896238324588e-08
1.730957334052261086e-07
1.813449110502033268e-08
6.767852555348893222e-08
6.995053859974592569e+02
1.900268991165606695e-08
5.764345160881939591e+02
1.889050253129877603e+02
3.922146050882796544e+02
1.340209069021427126e+02
2.730186039951468615e+02
9.681266485497819474e+01
1.511545222653742258e+02
5.669555571080624645e+01
9.219584146449632556e+01
3.610943819214184458e+01
6.043531318691042742e+01
1.816648350143618984e+01
4.466967546220755736e+01
1.529501043616323486e+01
2.710222363740099638e+01
9.677701527304364504e+00
1.774772338382714665e+01
6.552888059365021611e+00
1.481207835031152520e+01
4.668064085995689005e+00
1.481207835031152520e+01
4.668064085995689005e+00
1.481207835031152520e+01
4.668064085995689005e+00
1.481207835031152520e+01
4.668064085995689005e+00
1.481207835031152520e+01
4.668064085995689005e+00
1.470657937575325391e+01
4.637607144631817668e+00
1.341298176125764208e+01
4.262405276041149271e+00
1.173452622497737252e+01
3.770394658116631437e+00
8.958476664425846892e+00
2.941655691542329976e+00
6.917595288693929589e+00
2.317725802350493414e+00
4.495961448943711858e+00
1.555670070263113658e+00
3.110840631821957025e+00
1.105029044881885358e+00
3.110840631821939706e+00
1.105029044881882916e+00
4.495961448943695871e+00
1.555670070263105664e+00
6.917595288693878963e+00
2.317725802350485420e+00
8.958476664425811364e+00
2.941655691542323314e+00
1.173452622497737252e+01
3.770394658116631437e+00
1.341298176125766695e+01
4.262405276041149271e+00
1.470657937575327878e+01
4.637607144631817668e+00
1.481207835031152520e+01
4.668064085995689005e+00
1.481207835031152520e+01
4.668064085995689005e+00
1.481207835031152520e+01
4.668064085995689005e+00
1.481207835031152520e+01
4.668064085995689005e+00
-1.308295909424710999e+03
-4.947325986539922269e+03
-2.958714273653038617e+03
-6.687195985044402732e+03
-5.375153359052173982e+03
-1.213827458730757462e+04
-1.233353511308027373e+04
-2.734470266911420549e+04
-2.348940592407843724e+04
-4.939745361589477398e+04
-4.923919210570363794e+04
-1.195817850068640837e+05
-7.347916328815276211e+04
-2.002912290741873148e+05
-9.841638955498875293e+04
-2.963493993177253287e+05
-1.007387860810649145e+05
-3.059680676690749242e+05
-1.007387860810640996e+05
-3.059680676690749242e+05
-8.877805803253203339e+04
-3.059680676690749242e+05
-2.001718479043554980e+05
-4.103534040497020469e+05
-3.778227302380143665e+05
-6.758799119579208782e+05
-6.286831677341266768e+05
-1.444158505594359711e+06
-6.562458886704634642e+05
-1.565148122654164676e+06
-6.758799116885929834e+05
-1.186767326989501948e+06
-8.469664564827121794e+05
-1.112438545154583873e+06
-1.112438545608730754e+06
-1.386419438221696299e+06
-1.314703626766322646e+06
-1.563985961051662453e+06
-1.563985960116829723e+06
-1.728874547880083788e+06
-1.314703626766339876e+06
-1.563985961051660590e+06
-1.563985960116820643e+06
-1.728874547880080529e+06
-1.684957225091392407e+06
-1.761643032852964010e+06
-1.761643041483307956e+06
-1.767326258390665520e+06
1.767326314357852330e+06
1.761643056431357283e+06
1.761643047801148146e+06
1.684957228922331939e+06
1.728874547880116617e+06
1.563985962328644935e+06
1.563985963263468584e+06
1.314703626766336616e+06
1.728874547880098689e+06
1.563985962328653550e+06
1.563985963263475569e+06
1.314703626766345231e+06
1.386419439599883277e+06
1.112438546395336045e+06
1.112438545941190794e+06
8.469664569474493619e+05
-1.684957225091360277e+06
-1.761643032853025710e+06
-1.761643041483224370e+06
-1.767326258391095093e+06
1.767326314357779920e+06
1.761643056431406410e+06
1.761643047801029868e+06
1.684957228922358714e+06
1.186767327899036929e+06
6.758799120072089136e+05
1.565148122654181439e+06
6.562458886704678880e+05
1.444158505594366696e+06
6.286831677341362229e+05
6.758799122765364591e+05
3.778227302380166366e+05
4.103534042006180389e+05
2.001718479043572152e+05
1.945676002384421590e+05
8.877805805293057347e+04
1.098053000781530573e+05
4.939745361743871763e+04
4.939745362587530690e+04
2.200499600995724541e+04
4.376696075576966541e+04
1.213827458760257105e+04
4.376696075577006559e+04
1.387666939419276787e+04
4.292903169802650518e+04
1.366203336122077235e+04
3.362550598140605143e+04
1.120354254697316719e+04
2.392354659392455505e+04
8.462031060261091625e+03
1.255750770605383877e+04
4.915513653962118042e+03
7.071327426903201740e+03
2.995494239310137800e+03
4.947325986539931364e+03
1.370790389638654460e+03
3.860929119376740346e+03
1.295339198195119252e+03
2.376550652760252433e+03
8.491766886855459688e+02
1.518518921755879092e+03
5.722987736513280197e+02
7.421582100203496566e+02
3.020188934513757317e+02
4.127907861304860830e+02
1.776853396674179066e+02
1.750148512147136159e+02
8.021308983772098600e+01
9.627186595143820114e+01
4.291470338626675129e+01
4.255063337327708695e+01
1.880654364059866879e+01
5.795454141157570318e-10
2.162871197575780504e-09
2.024805591696013658e-09
7.556601412594325864e-09
5.091779236562023439e-09
1.900258786790212072e-08
1.813449110502033268e-08
6.767816212226713893e-08
4.638107896238333191e-08
1.730948038874308627e-07
1.699259771365481747e-07
6.341660079034832872e-07
4.458489187426558081e-07
1.663914097724505463e-06
1.705643578326836902e-06
6.365484531564862747e-06
4.650889410062093585e-06
1.735718116841883228e-05
1.889152833297605487e-05
7.050343513100335805e-05
5.380796874812298177e-05
2.008120553985222236e-04
2.324935479958476316e-04
8.676690149462250876e-04
2.878028872780045750e-04
1.074127258074996294e-03
1.236106080568256981e-03
4.613349252914478518e-03
1.236106080568251126e-03
4.613349252914432548e-03
2.878028872780034907e-04
1.074127258074992174e-03
7.085660508654178374e-03
1.046290368100032987e-02
1.649756104852201626e-03
2.436080475649190363e-03
1.649756104852207698e-03
2.436080475649199471e-03
7.085660508654213936e-03
1.046290368100043743e-02
2.324935479958472522e-04
8.676690149462237866e-04
5.380796874812299532e-05
2.008120553985222236e-04
1.889152833297604131e-05
7.050343513100320897e-05
4.650889410062097820e-06
1.735718116841881195e-05
1.705643578326831184e-06
6.365484531564843265e-06
4.458489187426549081e-07
1.663914097724501863e-06
1.699259771365481747e-07
6.341660079034818049e-07
4.638107896238324588e-08
1.730948038874305451e-07
1.813449110502033268e-08
6.767816212226713893e-08
5.091779236562012685e-09
1.900258786790207771e-08
2.024805591696013658e-09
7.556601412594325864e-09
6.043531318691074716e+01
2.162871197575780504e-09
4.466967546220745078e+01
1.529501043616309630e+01
2.710222363740117757e+01
9.677701527304328977e+00
1.774772338382714665e+01
6.552888059364973650e+00
9.284460790406829034e+00
3.595700136193463958e+00
6.917595288693990874e+00
2.216169446897136464e+00
4.495961448943766925e+00
1.555670070263116544e+00
3.110840631821979674e+00
1.105029044881889355e+00
1.761254397749982825e+00
6.501245412850173988e-01
2.004601953656814040e+00
6.317542852389016472e-01
2.004601953656832247e+00
6.317542852389016472e-01
2.004601953656814040e+00
6.317542852389016472e-01
2.004601953656832247e+00
6.317542852389016472e-01
1.992280560763464825e+00
6.281560610469295591e-01
1.840046386038445725e+00
5.835440707221174472e-01
1.639084075888960434e+00
5.241845621922770482e-01
1.296654340313480480e+00
4.216361333503458320e-01
1.034928332915010518e+00
3.418272187635169601e-01
7.092770177482510263e-01
2.402781421814988716e-01
5.125228778674327801e-01
1.773058736542442171e-01
5.125228778674325580e-01
1.773058736542435510e-01
7.092770177482432548e-01
2.402781421814979834e-01
1.034928332915017846e+00
3.418272187635155723e-01
1.296654340313463827e+00
4.216361333503457209e-01
1.639084075888978420e+00
5.241845621922770482e-01
1.840046386038429960e+00
5.835440707221196677e-01
1.992280560763482811e+00
6.281560610469295591e-01
2.004601953656814040e+00
6.317542852389016472e-01
2.004601953656832247e+00
6.317542852389016472e-01
2.004601953656814040e+00
6.317542852389016472e-01
2.004601953656832247e+00
6.317542852389016472e-01
-1.120354254697325814e+04
-3.362550598140594957e+04
-1.213827458569530245e+04
-4.292903169802686898e+04
-2.200499600614119845e+04
-4.939745361589477398e+04
-4.939745360745856306e+04
-1.098053000515872700e+05
-8.877805803253053455e+04
-1.945676001834083581e+05
-2.001718479043549160e+05
-4.103534040496969246e+05
-3.778227302380133769e+05
-6.758799119579137769e+05
-6.286831677341314498e+05
-1.444158505594358081e+06
-6.562458886704634642e+05
-1.565148122654164676e+06
-6.562458886704634642e+05
-1.565148122654164676e+06
-6.562458886704634642e+05
-1.565148122654164676e+06
-6.758799116885993863e+05
-1.186767326989503810e+06
-8.469664564827224240e+05
-1.112438545154592488e+06
-1.112438545608730288e+06
-1.386419438221700955e+06
-1.314703626766339177e+06
-1.563985961051649414e+06
-1.563985960116846021e+06
-1.728874547880047467e+06
-1.314703626766345231e+06
-1.563985961051677121e+06
-2.053179519756755093e+06
-1.728874547880098689e+06
-1.684957225091380533e+06
-1.761643032853098819e+06
-1.761643041483219014e+06
-1.767326258391168434e+06
1.767326314357685857e+06
1.761643056431357283e+06
1.761643047801057808e+06
1.684957228922366165e+06
-2.148262027013534680e+06
-2.472295057206704747e+06
-2.148262027013534680e+06
-2.472295057206702419e+06
-2.148262027013534680e+06
-2.472295057206704747e+06
-1.563985960116836242e+06
-2.472295057206702419e+06
2.472295057206702419e+06
2.148262027013534680e+06
2.472295057206702419e+06
2.148262027013534680e+06
2.472295057206702419e+06
1.563985962328644935e+06
2.472295057206702419e+06
2.148262027013534680e+06
1.728874547880135011e+06
2.053179519756762078e+06
1.563985963263460901e+06
1.314703626766331261e+06
1.728874547880149679e+06
1.563985962328645866e+06
1.563985963263485581e+06
1.314703626766350819e+06
1.386419439599888632e+06
1.112438546395340702e+06
1.112438545941181947e+06
8.469664569474526215e+05
-1.684957225091373315e+06
-1.761643032852938632e+06
-1.761643041483314475e+06
-1.767326258390592644e+06
1.767326314357612515e+06
1.761643056431318400e+06
1.761643047800985398e+06
1.684957228922345908e+06
1.186767327899037628e+06
6.758799120072079822e+05
6.758799122765351785e+05
3.378827599890654092e+05
4.103534042006205418e+05
1.945676001919248956e+05
3.059680676690772525e+05
8.877805805293083540e+04
2.963493993177277152e+05
9.841638955499048461e+04
2.002912290741895267e+05
7.347916328815348970e+04
1.195817850068651751e+05
4.923919210570449650e+04
4.939745362587498676e+04
2.348940592407861186e+04
2.734470267404355400e+04
1.233353511308041016e+04
1.213827458921495054e+04
5.375153359800789076e+03
6.687195986004966471e+03
2.958714274033460697e+03
5.968501349869051410e+03
1.882524107173537232e+03
5.887717693675154806e+03
1.860784364192879821e+03
4.947325986539883161e+03
1.603526512054668956e+03
3.860929119376735343e+03
1.295339198195116978e+03
2.376550652760231060e+03
8.491766886855444909e+02
1.518518921755876136e+03
5.722987736513267691e+02
7.421582100203446544e+02
3.020188934513757317e+02
5.764345160881960055e+02
1.776853396674179066e+02
3.922146050882818145e+02
1.340209069021424568e+02
2.730186039951485100e+02
9.681266485497791052e+01
1.511545222653751068e+02
5.669555571080606171e+01
9.219584146449651030e+01
3.610943819214173089e+01
4.369697825983723050e+01
1.816648350143612944e+01
2.419491434487120785e+01
1.050034328679054596e+01
2.332014196457543181e-10
8.703108013634303400e-10
5.795454141157570318e-10
2.162871197575780504e-09
2.024805591696013658e-09
7.556601412594325864e-09
5.091779236562023439e-09
1.900258786790212072e-08
1.813449110502033268e-08
6.767816212226713893e-08
4.638107896238333191e-08
1.730948038874308627e-07
1.699259771365481747e-07
6.341660079034832872e-07
4.458489187426558081e-07
1.663914097724505463e-06
1.705643578326836902e-06
6.365484531564862747e-06
4.650889410062093585e-06
1.735718116841883228e-05
1.889152833297605487e-05
7.050343513100335805e-05
5.380796874812298177e-05
2.008120553985222236e-04
2.324935479958476316e-04
8.676690149462250876e-04
2.878028872780045750e-04
1.074127258074996294e-03
1.236106080568256981e-03
4.613349252914478518e-03
1.236106080568251126e-03
4.613349252914432548e-03
2.878028872780034907e-04
1.074127258074992174e-03
7.085660508654178374e-03
1.046290368100032987e-02
1.649756104852201626e-03
2.436080475649190363e-03
1.649756104852207698e-03
2.436080475649199471e-03
7.085660508654213936e-03
1.046290368100043743e-02
2.324935479958472522e-04
8.676690149462237866e-04
5.380796874812299532e-05
2.008120553985222236e-04
1.889152833297604131e-05
7.050343513100320897e-05
4.650889410062097820e-06
1.735718116841881195e-05
1.705643578326831184e-06
6.365484531564843265e-06
4.458489187426549081e-07
1.663914097724501863e-06
1.699259771365481747e-07
6.341660079034818049e-07
4.638107896238324588e-08
1.730948038874305451e-07
1.813449110502033268e-08
6.767816212226713893e-08
5.091779236562012685e-09
1.900258786790207771e-08
2.024805591696013658e-09
7.556601412594325864e-09
5.795454141157570318e-10
2.162871197575780504e-09
2.332014196457543181e-10
8.703108013634288924e-10
4.495961448943734950e+00
2.525543484642526621e-10
3.110840631821979674e+00
1.025098939353346324e-10
1.761254397749966616e+00
6.501245412850125138e-01
1.111478582580412322e+00
4.224781952749397940e-01
7.092770177482508043e-01
2.223818309210853494e-01
5.125228778674362218e-01
1.773058736542454661e-01
3.092612540420668354e-01
1.103821061795651065e-01
2.712934672228922706e-01
8.549865446985323303e-02
2.712934672228922706e-01
8.549865446985323303e-02
2.712934672228922706e-01
8.549865446985323303e-02
2.712934672228922706e-01
8.549865446985323303e-02
2.698270739003789664e-01
8.506662019771478456e-02
2.516056642569051705e-01
7.968369927068126579e-02
2.272374086406892812e-01
7.244064004256368927e-02
1.847642685583569810e-01
5.967983208109819276e-02
1.513215775771256932e-01
4.948891406144653032e-02
1.081455120629196270e-01
3.609614334357660881e-02
8.091285526920129201e-02
2.747133513315416428e-02
8.091285526920095894e-02
2.747133513315406367e-02
1.081455120629196132e-01
3.609614334357646309e-02
1.513215775771251104e-01
4.948891406144653032e-02
1.847642685583569810e-01
5.967983208109794990e-02
2.272374086406892812e-01
7.244064004256368927e-02
2.516056642569051705e-01
7.968369927068126579e-02
2.698270739003789664e-01
8.506662019771478456e-02
2.712934672228922706e-01
8.549865446985323303e-02
2.712934672228922706e-01
8.549865446985323303e-02
2.712934672228922706e-01
8.549865446985323303e-02
2.712934672228922706e-01
8.549865446985323303e-02
-7.347916328815276211e+04
-2.002912290741885663e+05
-9.841638955499045551e+04
-2.963493993177277152e+05
-8.877805803253053455e+04
-3.059680676690772525e+05
-1.945676001368924917e+05
-4.103534040496984962e+05
-3.378827598740521353e+05
-6.758799119579188991e+05
-6.758799116885899566e+05
-1.186767326989503810e+06
-8.469664564827028662e+05
-1.112438545154569903e+06
-1.112438545608722372e+06
-1.386419438221678836e+06
-1.314703625587595161e+06
-1.563985961051668972e+06
-1.563985960116830887e+06
-1.728874542095132405e+06
-1.314703626766345231e+06
-1.563985961051643128e+06
-2.053179519756751833e+06
-1.728874547880098689e+06
-1.684957225091378437e+06
-1.761643032853076234e+06
-1.761643041483301669e+06
-1.767326258390623610e+06
1.767326314357811818e+06
1.761643056431260658e+06
1.761643047801035689e+06
1.684957228922318202e+06
-2.148262027013527695e+06
-2.472295057206702419e+06
-2.148262027013534680e+06
-2.472295057206702419e+06
-2.148262027013527695e+06
-2.472295057206702419e+06
-2.148262027013534680e+06
-2.472295057206702419e+06
2.472295057206702419e+06
2.148262027013527695e+06
2.472295057206700090e+06
2.148262027013527695e+06
2.472295057206702419e+06
1.563985962328629801e+06
2.472295057206700090e+06
2.148262027013527695e+06
-2.148262027013527695e+06
-2.472295057206702419e+06
-2.148262027013534680e+06
-2.472295057206702419e+06
-2.148262027013527695e+06
-2.472295057206702419e+06
-1.563985960116820876e+06
-2.472295057206702419e+06
2.472295057206702419e+06
2.148262027013527695e+06
2.472295057206700090e+06
2.148262027013527695e+06
2.472295057206702419e+06
2.148262027013527695e+06
2.472295057206700090e+06
2.148262027013527695e+06
1.728874547880098689e+06
2.053179519756753230e+06
1.563985963263449725e+06
1.314703626766350819e+06
1.728874547880135011e+06
1.563985962328637717e+06
1.563985963263485581e+06
1.314703626766345231e+06
1.386419439599881880e+06
1.112438546395335346e+06
1.112438545941183111e+06
8.469664569474445889e+05
-1.684957225091378437e+06
-1.761643032853076234e+06
-1.761643041483301669e+06
-1.767326258391126525e+06
1.767326314357811818e+06
1.761643056431395467e+06
1.761643047800990986e+06
1.684957228922331240e+06
1.186767327899037628e+06
6.758799120072037913e+05
1.565148122654164676e+06
6.562458886704634642e+05
1.444158505594369024e+06
6.286831677341321483e+05
6.758799122765301727e+05
3.778227302380152396e+05
4.103534042006190284e+05
2.001718479043563711e+05
1.945676002384414896e+05
8.877805805293010781e+04
1.098053000781546725e+05
4.939745361743870308e+04
4.939745362587479758e+04
2.200499600995742003e+04
4.292903169802721095e+04
1.213827458760271293e+04
3.362550598140605143e+04
1.120354254697325814e+04
2.392354659392494432e+04
8.462031060261166203e+03
1.255750770605386060e+04
4.915513653962159879e+03
7.071327426903308151e+03
2.995494239310163266e+03
2.958714274355019825e+03
1.370790389638666056e+03
1.628101393173881661e+03
7.278089364638645975e+02
7.197689716418938133e+02
3.181577486287047805e+02
8.001559151424335141e+02
2.525114003559475577e+02
6.995053859974532315e+02
2.242447283793464408e+02
5.764345160881960055e+02
1.889050253129854866e+02
3.922146050882776080e+02
1.340209069021413200e+02
2.730186039951478278e+02
9.681266485497724261e+01
1.511545222653737710e+02
5.669555571080567091e+01
9.219584146449651030e+01
3.610943819214153905e+01
6.043531318691001530e+01
1.816648350143596602e+01
4.466967546220755736e+01
1.529501043616305012e+01
2.710222363740091467e+01
9.677701527304243712e+00
1.774772338382717862e+01
6.552888059364952333e+00
9.284460790406701136e+00
3.595700136193439089e+00
5.522452409481192426e+00
2.525543484642526621e-10
2.332014196457543181e-10
8.703108013634303400e-10
5.795454141157570318e-10
2.162871197575780504e-09
2.024805591696013658e-09
7.556601412594325864e-09
5.091779236562023439e-09
1.900258786790212072e-08
1.813449110502033268e-08
6.767816212226713893e-08
4.638107896238333191e-08
1.730948038874308627e-07
1.699259771365481747e-07
6.341660079034832872e-07
4.458489187426558081e-07
1.663914097724505463e-06
1.705643578326836902e-06
6.365484531564862747e-06
4.650889410062093585e-06
1.735718116841883228e-05
1.889152833297605487e-05
7.050343513100335805e-05
5.380796874812298177e-05
2.008120553985222236e-04
2.324935479958476316e-04
8.676690149462250876e-04
2.878028872780045750e-04
1.074127258074996294e-03
1.236106080568256981e-03
4.613349252914478518e-03
1.236106080568251126e-03
4.613349252914432548e-03
2.878028872780034907e-04
1.074127258074992174e-03
7.085660508654178374e-03
1.046290368100032987e-02
1.649756104852201626e-03
2.436080475649190363e-03
1.649756104852207698e-03
2.436080475649199471e-03
7.085660508654213936e-03
1.046290368100043743e-02
2.324935479958472522e-04
8.676690149462237866e-04
5.380796874812299532e-05
2.008120553985222236e-04
1.889152833297604131e-05
7.050343513100320897e-05
4.650889410062097820e-06
1.735718116841881195e-05
1.705643578326831184e-06
6.365484531564843265e-06
4.458489187426549081e-07
1.663914097724501863e-06
1.699259771365481747e-07
6.341660079034818049e-07
4.638107896238324588e-08
1.730948038874305451e-07
1.813449110502033268e-08
6.767816212226713893e-08
5.091779236562012685e-09
1.900258786790207771e-08
2.024805591696013658e-09
7.556601412594325864e-09
5.795454141157570318e-10
2.162871197575780504e-09
2.332014196457543181e-10
8.703108013634288924e-10
6.767241370244456886e-11
2.525543484642526621e-10
2.746771929752619199e-11
1.025098939353346324e-10
8.053534603519731605e-12
3.005589830990107872e-11
3.290626395316219459e-12
1.228066149616791048e-11
1.108669531423808197e-01
3.629711777518040076e-12
8.091285526920186100e-02
1.490865773720196771e-12
5.142650207519589012e-02
1.791520065205025325e-02
3.548471580567848227e-02
1.261462515939386873e-02
3.671557994949360693e-02
1.157098479014020617e-02
3.671557994949399550e-02
1.157098479014020617e-02
3.671557994949360693e-02
1.157098479014020617e-02
3.653849837531474021e-02
1.151844540828465477e-02
3.432828960061403561e-02
1.086128017156650152e-02
3.134242460797222185e-02
9.969142226306888441e-03
2.604490186966431850e-02
8.372631710775466432e-03
2.177489269804152791e-02
7.071064109128080873e-03
1.609737854181219133e-02
5.315346011283397266e-03
1.239065481041244469e-02
4.149483534046637459e-03
1.239065481041231286e-02
4.149483534046637459e-03
1.609737854181223990e-02
5.315346011283379052e-03
2.177489269804121566e-02
7.071064109128080873e-03
2.604490186966459606e-02
8.372631710775466432e-03
3.134242460797200674e-02
9.969142226306888441e-03
3.432828960061441032e-02
1.086128017156650152e-02
3.653849837531435163e-02
1.151844540828465477e-02
3.671557994949399550e-02
1.157098479014020617e-02
3.671557994949360693e-02
1.157098479014020617e-02
3.671557994949399550e-02
1.157098479014020617e-02
3.671557994949360693e-02
1.157098479014020617e-02
-3.778227302380175097e+05
-6.758799119579201797e+05
-6.286831677341449540e+05
-1.444158505594371585e+06
-6.562458886704726610e+05
-1.565148122654181439e+06
-6.758799116885974072e+05
-1.186767326989512891e+06
-8.469664564827112481e+05
-1.112438545154569205e+06
-1.112438545608730288e+06
-1.386419438221690943e+06
-1.314703625587606337e+06
-1.563985961051668972e+06
-1.563985960116830887e+06
-1.728874542095132405e+06
-1.314703626766339177e+06
-1.563985961051659193e+06
-1.563985960116854403e+06
-1.728874547880098689e+06
-1.684957225091378437e+06
-1.761643032853076234e+06
-1.761643041483211331e+06
-1.767326258390958887e+06
1.767326314357811818e+06
1.761643056431349600e+06
1.761643047801035689e+06
1.684957228922343114e+06
1.728874547880065395e+06
1.563985962328629801e+06
1.563985963263467653e+06
1.314703626766331261e+06
1.728874547880098689e+06
1.563985962328653084e+06
1.563985963263458107e+06
1.314703626766342437e+06
1.386419439599898411e+06
1.112438546395343728e+06
1.112438545941201737e+06
8.469664569474563468e+05
-1.684957225091380533e+06
-1.761643032853054116e+06
-1.761643041483263951e+06
-1.767326258391168434e+06
1.767326314357685857e+06
1.761643056431402219e+06
1.761643047801013337e+06
1.684957228922366165e+06
1.186767327899022261e+06
6.758799120072091464e+05
1.565148122654148843e+06
6.562458886704582255e+05
1.565148122654157225e+06
6.562458886704582255e+05
1.565148122654148843e+06
6.562458886704582255e+05
1.444158505594353657e+06
6.286831677341273753e+05
6.758799122765237698e+05
3.778227302380122128e+05
4.103534042006136151e+05
2.001718479043562256e+05
3.059680676690700348e+05
8.877805805292964214e+04
2.963493993177232333e+05
9.841638955498888390e+04
2.002912290741854231e+05
7.347916328815241286e+04
1.195817850068634289e+05
4.923919210570379801e+04
4.939745362587425916e+04
2.348940592407825898e+04
2.734470267404329206e+04
1.233353511308027373e+04
1.213827458921481411e+04
5.375153359800736325e+03
6.687195986004977385e+03
2.958714274033444781e+03
4.947325986539848600e+03
1.308295909576933809e+03
3.860929119376740346e+03
1.295339198195117206e+03
2.376550652760219691e+03
8.491766886855459688e+02
1.518518921755881593e+03
5.722987736513280197e+02
7.421582100203424943e+02
3.020188934513767549e+02
4.127907861304860830e+02
1.776853396674179066e+02
1.750148512147102338e+02
8.021308983772114232e+01
9.627186595143689374e+01
4.291470338626665182e+01
9.727947655941774485e+01
3.101319726023969992e+01
8.304167729955563004e+01
2.687842925827623120e+01
6.043531318690893528e+01
2.014564919208462968e+01
4.466967546220674024e+01
1.529501043616287959e+01
2.710222363740043150e+01
9.677701527304179763e+00
1.774772338382692993e+01
6.552888059364894602e+00
9.284460790406553699e+00
3.595700136193408003e+00
6.917595288693869193e+00
2.216169446897102269e+00
4.495961448943639915e+00
1.555670070263092120e+00
3.110840631821929492e+00
1.105029044881871592e+00
1.761254397749930423e+00
1.025098939353349684e-10
6.767241370244484028e-11
2.525543484642526621e-10
2.332014196457543181e-10
8.703108013634303400e-10
5.795454141157570318e-10
2.162871197575780504e-09
2.024805591696013658e-09
7.556601412594325864e-09
5.091779236562023439e-09
1.900258786790212072e-08
1.813449110502033268e-08
6.767816212226713893e-08
4.638107896238333191e-08
1.730948038874308627e-07
1.699259771365481747e-07
6.341660079034832872e-07
4.458489187426558081e-07
1.663914097724505463e-06
1.705643578326836902e-06
6.365484531564862747e-06
4.650889410062093585e-06
1.735718116841883228e-05
1.889152833297605487e-05
7.050343513100335805e-05
5.380796874812298177e-05
2.008120553985222236e-04
2.324935479958476316e-04
8.676690149462250876e-04
2.878028872780045750e-04
1.074127258074996294e-03
1.236106080568256981e-03
4.613349252914478518e-03
1.236106080568251126e-03
4.613349252914432548e-03
2.878028872780034907e-04
1.074127258074992174e-03
7.085660508654178374e-03
1.046290368100032987e-02
1.649756104852201626e-03
2.436080475649190363e-03
1.649756104852207698e-03
2.436080475649199471e-03
7.085660508654213936e-03
1.046290368100043743e-02
2.324935479958472522e-04
8.676690149462237866e-04
5.380796874812299532e-05
2.008120553985222236e-04
1.889152833297604131e-05
7.050343513100320897e-05
4.650889410062097820e-06
1.735718116841881195e-05
1.705643578326831184e-06
6.365484531564843265e-06
4.458489187426549081e-07
1.663914097724501863e-06
1.699259771365481747e-07
6.341660079034818049e-07
4.638107896238324588e-08
1.730948038874305451e-07
1.813449110502033268e-08
6.767816212226713893e-08
5.091779236562012685e-09
1.900258786790207771e-08
2.024805591696013658e-09
7.556601412594325864e-09
5.795454141157570318e-10
2.162871197575780504e-09
2.332014196457543181e-10
8.703108013634288924e-10
6.767241370244456886e-11
2.525543484642526621e-10
2.746771929752619199e-11
1.025098939353346324e-10
8.053534603519731605e-12
3.005589830990107872e-11
3.290626395316219459e-12
1.228066149616791048e-11
9.725881123112118980e-13
3.629711777518040076e-12
3.994802941525606406e-13
1.490865773720196771e-12
1.188322496648108515e-13
4.434835370672401636e-13
5.867463964721945403e-03
1.829299748888643616e-13
4.968913443222373882e-03
5.470222848508160145e-14
4.968913443222426791e-03
1.565962507037019745e-03
4.968913443222373882e-03
1.565962507037019745e-03
4.947279191067691789e-03
1.559507075821933925e-03
4.676295073891841014e-03
1.478507211112776998e-03
4.307233707256929826e-03
1.367751183766464018e-03
3.643022651025642784e-03
1.167011708199466435e-03
3.097432913784704377e-03
1.000577442818462561e-03
2.354399275816358109e-03
7.711974074035528922e-04
1.855405246963886482e-03
6.149750149659867016e-04
1.855405246963852872e-03
6.149750149659846416e-04
2.354399275816374589e-03
7.711974074035528922e-04
3.097432913784659275e-03
1.000577442818458875e-03
3.643022651025670106e-03
1.167011708199466435e-03
4.307233707256882989e-03
1.367751183766464018e-03
4.676295073891874841e-03
1.478507211112776998e-03
4.947279191067621533e-03
1.559507075821933925e-03
4.968913443222426791e-03
1.565962507037019745e-03
4.968913443222373882e-03
1.565962507037019745e-03
4.968913443222426791e-03
1.565962507037019745e-03
4.968913443222373882e-03
1.565962507037019745e-03
-8.469664564827102004e+05
-1.112438545154569438e+06
-1.112438545608722139e+06
-1.386419438221690943e+06
-1.314703626766331261e+06
-1.563985961051652674e+06
-1.563985960116830887e+06
-1.728874542095132405e+06
-1.314703626766342437e+06
-1.563985961051649414e+06
-2.053179519756764174e+06
-1.728874547880065395e+06
-1.684957225091378437e+06
-1.761643032852985896e+06
-1.761643041483301669e+06
-1.767326258390623610e+06
1.767326314357476775e+06
1.761643056431260658e+06
1.761643047801124630e+06
1.684957228922318202e+06
-2.148262027013541665e+06
-2.472295057206704747e+06
-2.148262027013541665e+06
-2.472295057206704747e+06
-2.148262027013541665e+06
-2.472295057206704747e+06
-1.563985960116837872e+06
-2.472295057206704747e+06
2.472295057206700090e+06
2.148262027013527695e+06
2.472295057206700090e+06
2.148262027013527695e+06
2.472295057206700090e+06
1.563985962328629801e+06
2.472295057206700090e+06
2.148262027013527695e+06
1.728874547880131751e+06
2.053179519756753230e+06
1.563985963263467653e+06
1.314703626766345231e+06
1.728874547880098689e+06
1.563985962328653084e+06
1.563985963263474405e+06
1.314703626766353147e+06
1.386419439599886304e+06
1.112438546395343728e+06
1.112438545941201737e+06
8.469664569474573946e+05
-1.684957225091405213e+06
-1.761643032853054116e+06
-1.761643041483264184e+06
-1.767326258390833391e+06
1.767326314357685857e+06
1.761643056431402219e+06
1.761643047801103210e+06
1.684957228922366165e+06
1.186767327899022261e+06
6.758799120072143851e+05
6.758799122765331995e+05
3.378827599890636629e+05
4.103534042006199015e+05
1.945676001919202099e+05
3.059680676690723631e+05
8.877805805293173762e+04
3.059680676690723631e+05
1.007387860810640996e+05
3.059680676690723631e+05
1.007387860810649145e+05
2.963493993177230586e+05
9.841638955498888390e+04
2.002912290741867037e+05
7.347916328815283487e+04
1.195817850068638509e+05
4.923919210570396535e+04
4.939745362587461568e+04
2.348940592407857548e+04
4.292903169802650518e+04
1.233353511308032466e+04
3.362550598140575312e+04
1.120354254697326724e+04
2.392354659392455505e+04
8.462031060261091625e+03
1.255750770605377511e+04
4.915513653962156241e+03
7.071327426903221749e+03
2.995494239310146440e+03
2.958714274355002999e+03
1.370790389638666056e+03
1.628101393173866882e+03
7.278089364638598227e+02
7.197689716418971102e+02
3.181577486287047236e+02
5.764345160881960055e+02
1.750148512007625641e+02
3.922146050882818145e+02
1.340209069021436505e+02
2.730186039951485100e+02
9.681266485497791052e+01
1.511545222653753342e+02
5.669555571080643830e+01
9.219584146449651030e+01
3.610943819214173089e+01
4.369697825983731576e+01
1.816648350143628576e+01
2.419491434487120785e+01
1.050034328679052820e+01
1.034486526751168789e+01
4.709865637015943740e+00
1.173452622497726949e+01
3.770394658116583919e+00
8.958476664425747416e+00
2.941655691542319317e+00
6.917595288693854094e+00
2.317725802350465436e+00
4.495961448943663008e+00
1.555670070263103000e+00
3.110840631821929492e+00
1.105029044881871592e+00
1.761254397749942635e+00
6.501245412850080729e-01
1.111478582580396557e+00
4.224781952749323555e-01
7.092770177482384808e-01
1.228066149616791209e-11
8.053534603519731605e-12
3.005589830990107872e-11
2.746771929752628246e-11
1.025098939353349684e-10
6.767241370244484028e-11
2.525543484642526621e-10
2.332014196457543181e-10
8.703108013634303400e-10
5.795454141157570318e-10
2.162871197575780504e-09
2.024805591696013658e-09
7.556601412594325864e-09
5.091779236562023439e-09
1.900258786790212072e-08
1.813449110502033268e-08
6.767816212226713893e-08
4.638107896238333191e-08
1.730948038874308627e-07
1.699259771365481747e-07
6.341660079034832872e-07
4.458489187426558081e-07
1.663914097724505463e-06
1.705643578326836902e-06
6.365484531564862747e-06
4.650889410062093585e-06
1.735718116841883228e-05
1.889152833297605487e-05
7.050343513100335805e-05
5.380796874812298177e-05
2.008120553985222236e-04
2.324935479958476316e-04
8.676690149462250876e-04
2.878028872780045750e-04
1.074127258074996294e-03
1.236106080568256981e-03
4.613349252914478518e-03
1.236106080568251126e-03
4.613349252914432548e-03
2.878028872780034907e-04
1.074127258074992174e-03
7.085660508654178374e-03
1.046290368100032987e-02
1.649756104852201626e-03
2.436080475649190363e-03
1.649756104852207698e-03
2.436080475649199471e-03
7.085660508654213936e-03
1.046290368100043743e-02
2.324935479958472522e-04
8.676690149462237866e-04
5.380796874812299532e-05
2.008120553985222236e-04
1.889152833297604131e-05
7.050343513100320897e-05
4.650889410062097820e-06
1.735718116841881195e-05
1.705643578326831184e-06
6.365484531564843265e-06
4.458489187426549081e-07
1.663914097724501863e-06
1.699259771365481747e-07
6.341660079034818049e-07
4.638107896238324588e-08
1.730948038874305451e-07
1.813449110502033268e-08
6.767816212226713893e-08
5.091779236562012685e-09
1.900258786790207771e-08
2.024805591696013658e-09
7.556601412594325864e-09
5.795454141157570318e-10
2.162871197575780504e-09
2.332014196457543181e-10
8.703108013634288924e-10
6.767241370244456886e-11
2.525543484642526621e-10
2.746771929752619199e-11
1.025098939353346324e-10
8.053534603519731605e-12
3.005589830990107872e-11
3.290626395316219459e-12
1.228066149616791048e-11
9.725881123112118980e-13
3.629711777518040076e-12
3.994802941525606406e-13
1.490865773720196771e-12
1.188322496648108515e-13
4.434835370672401636e-13
4.901643157021006984e-14
1.829299748888643616e-13
1.465756522902261606e-14
5.470222848508160145e-14
6.724693087959048368e-04
2.264295348517813684e-14
6.724693087959048368e-04
2.119299794855473539e-04
6.698010707357525753e-04
2.111300443966419274e-04
6.362823650351240399e-04
2.010666224135620583e-04
5.903286713454448291e-04
1.872241387958678603e-04
5.066482143248418960e-04
1.618690796559157929e-04
4.368353256797209857e-04
1.405506844237965015e-04
3.398494406627591358e-04
1.106372626838640996e-04
2.731712254950525390e-04
8.982722782536610873e-05
2.731712254950514006e-04
8.982722782536643399e-05
3.398494406627579432e-04
1.106372626838625410e-04
4.368353256797193052e-04
1.405506844237974773e-04
5.066482143248418960e-04
1.618690796559146274e-04
5.903286713454448291e-04
1.872241387958691885e-04
6.362823650351240399e-04
2.010666224135605946e-04
6.698010707357525753e-04
2.111300443966441229e-04
6.724693087959048368e-04
2.119299794855458090e-04
6.724693087959048368e-04
2.119299794855473539e-04
6.724693087959048368e-04
2.119299794855458090e-04
6.724693087959048368e-04
2.119299794855473539e-04
1.728874547880168073e+06
2.053179519756756257e+06
1.563985963263467653e+06
1.314703626766345231e+06
1.728874547880135011e+06
1.563985962328663096e+06
1.563985963263458339e+06
1.314703626766342437e+06
1.386419439599898411e+06
1.112438546395335114e+06
1.112438545941193355e+06
8.469664569474563468e+05
-1.684957225091380533e+06
-1.761643032852964010e+06
-1.761643041483353823e+06
-1.767326258391168434e+06
1.767326314358019736e+06
1.761643056431402219e+06
1.761643047801103210e+06
1.684957228922366165e+06
1.186767327899023425e+06
6.758799120072091464e+05
1.565148122654157225e+06
6.562458886704582255e+05
1.444158505594355986e+06
6.286831677341277245e+05
6.758799122765342472e+05
3.778227302380130277e+05
4.103534042006199015e+05
2.001718479043569241e+05
1.945676002384407911e+05
8.877805805293115554e+04
1.098053000781533337e+05
4.939745361743907415e+04
4.939745362587505224e+04
2.200499600995728179e+04
4.376696075576966541e+04
1.213827458760253830e+04
4.376696075576966541e+04
1.387666939419276787e+04
4.292903169802650518e+04
1.366203336122077235e+04
3.362550598140575312e+04
1.120354254697316719e+04
2.392354659392460235e+04
8.462031060261109815e+03
1.255750770605382968e+04
4.915513653962137141e+03
7.071327426903262676e+03
2.995494239310152352e+03
4.947325986539898622e+03
1.370790389638665147e+03
3.860929119376735343e+03
1.295339198195117206e+03
2.376550652760236972e+03
8.491766886855444909e+02
1.518518921755881593e+03
5.722987736513280197e+02
7.421582100203447681e+02
3.020188934513767549e+02
4.127907861304860830e+02
1.776853396674179066e+02
1.750148512147115980e+02
8.021308983772081547e+01
9.627186595143727743e+01
4.291470338626665182e+01
6.043531318691042742e+01
1.880654364059848049e+01
4.466967546220755736e+01
1.529501043616312117e+01
2.710222363740115270e+01
9.677701527304328977e+00
1.774772338382717862e+01
6.552888059364997630e+00
9.284460790406761532e+00
3.595700136193469731e+00
5.522452409481192426e+00
2.216169446897136464e+00
2.573940395483881094e+00
1.084066984524983734e+00
1.422049735708798002e+00
6.200443542247796591e-01
1.296654340313457388e+00
4.216361333503411690e-01
1.034928332915002969e+00
3.418272187635145176e-01
7.092770177482384808e-01
2.402781421814962626e-01
5.125228778674273400e-01
1.773058736542423575e-01
3.092612540420614509e-01
1.103821061795626918e-01
2.049283725105345011e-01
3.629711777518040480e-12
3.290626395316219459e-12
1.228066149616791209e-11
8.053534603519731605e-12
3.005589830990107872e-11
2.746771929752628246e-11
1.025098939353349684e-10
6.767241370244484028e-11
2.525543484642526621e-10
2.332014196457543181e-10
8.703108013634303400e-10
5.795454141157570318e-10
2.162871197575780504e-09
2.024805591696013658e-09
7.556601412594325864e-09
5.091779236562023439e-09
1.900258786790212072e-08
1.813449110502033268e-08
6.767816212226713893e-08
4.638107896238333191e-08
1.730948038874308627e-07
1.699259771365481747e-07
6.341660079034832872e-07
4.458489187426558081e-07
1.663914097724505463e-06
1.705643578326836902e-06
6.365484531564862747e-06
4.650889410062093585e-06
1.735718116841883228e-05
1.889152833297605487e-05
7.050343513100335805e-05
5.380796874812298177e-05
2.008120553985222236e-04
2.324935479958476316e-04
8.676690149462250876e-04
2.878028872780045750e-04
1.074127258074996294e-03
1.236106080568256981e-03
4.613349252914478518e-03
1.236106080568251126e-03
4.613349252914432548e-03
2.878028872780034907e-04
1.074127258074992174e-03
7.085660508654178374e-03
1.046290368100032987e-02
1.649756104852201626e-03
2.436080475649190363e-03
1.649756104852207698e-03
2.436080475649199471e-03
7.085660508654213936e-03
1.046290368100043743e-02
2.324935479958472522e-04
8.676690149462237866e-04
5.380796874812299532e-05
2.008120553985222236e-04
1.889152833297604131e-05
7.050343513100320897e-05
4.650889410062097820e-06
1.735718116841881195e-05
1.705643578326831184e-06
6.365484531564843265e-06
4.458489187426549081e-07
1.663914097724501863e-06
1.699259771365481747e-07
6.341660079034818049e-07
4.638107896238324588e-08
1.730948038874305451e-07
1.813449110502033268e-08
6.767816212226713893e-08
5.091779236562012685e-09
1.900258786790207771e-08
2.024805591696013658e-09
7.556601412594325864e-09
5.795454141157570318e-10
2.162871197575780504e-09
2.332014196457543181e-10
8.703108013634288924e-10
6.767241370244456886e-11
2.525543484642526621e-10
2.746771929752619199e-11
1.025098939353346324e-10
8.053534603519731605e-12
3.005589830990107872e-11
3.290626395316219459e-12
1.228066149616791048e-11
9.725881123112118980e-13
3.629711777518040076e-12
3.994802941525606406e-13
1.490865773720196771e-12
1.188322496648108515e-13
4.434835370672401636e-13
4.901643157021006984e-14
1.829299748888643616e-13
1.465756522902261606e-14
5.470222848508160145e-14
6.067222065317466453e-15
2.264295348517813684e-14
1.822261852435008328e-15
6.800705482393025379e-15
7.565125499779232097e-16
2.823314903541000595e-15
8.650039374289984523e-05
8.511152700431439636e-16
8.074242605971858658e-05
2.558302410646028584e-05
7.015401382859304854e-05
2.236731336335024686e-05
6.120466267931805510e-05
1.963143333279959401e-05
4.856234280240050014e-05
1.573361304504147519e-05
3.969702140093950195e-05
1.297264968012430114e-05
3.969702140093934610e-05
1.297264968012420797e-05
4.856234280240031041e-05
1.573361304504135999e-05
6.120466267931782471e-05
1.963143333279945171e-05
7.015401382859304854e-05
2.236731336335024686e-05
8.074242605971858658e-05
2.558302410646028584e-05
8.650039374289984523e-05
2.732307512689313266e-05
9.067713948823076617e-05
2.858176981374992588e-05
9.100882438455975545e-05
2.868160380110105240e-05
9.100882438455975545e-05
2.868160380110105240e-05
9.100882438455975545e-05
2.868160380110105240e-05
9.100882438455975545e-05
2.868160380110105240e-05
