9.999999999942636997e-01
9.999999999817982266e-01
9.999999999942636997e-01
9.999999999817982266e-01
9.999999999942636997e-01
9.999999999817982266e-01
9.999999999942636997e-01
9.999999999817982266e-01
9.999999999942636997e-01
9.999999999817982266e-01
9.999999999942636997e-01
9.999999999817982266e-01
9.999999999942636997e-01
9.999999999817982266e-01
9.999999999942636997e-01
9.999999999817982266e-01
9.999999999942829065e-01
9.999999999818620644e-01
9.999999999945257123e-01
9.999999999826666430e-01
9.999999999948622209e-01
9.999999999837783093e-01
9.999999999954861662e-01
9.999999999858310007e-01
9.999999999960197394e-01
9.999999999875751611e-01
9.999999999967846831e-01
9.999999999900565095e-01
9.999999999973308018e-01
9.999999999918111060e-01
9.999999999980107024e-01
9.999999999939725992e-01
9.999999999984408028e-01
9.999999999953231855e-01
9.999999999989233057e-01
9.999999999968185449e-01
9.999999999992005284e-01
9.999999999975366372e-01
9.999999999992236210e-01
9.999999999975366372e-01
9.999999999992236210e-01
9.999999999975366372e-01
9.999999999992236210e-01
9.999999999975366372e-01
9.999999999992236210e-01
9.999999999975366372e-01
9.999999999992236210e-01
9.999999999975366372e-01
9.999999999992236210e-01
9.999999999975366372e-01
9.999999999992236210e-01
9.999999999975366372e-01
9.999999999992236210e-01
9.999999999975366372e-01
9.999999999975366372e-01
9.999999999975366372e-01
9.999999999942636997e-01
9.999999999942636997e-01
9.999999999817982266e-01
9.999999999817982266e-01
9.999999999576140164e-01
9.999999999576140164e-01
9.999999998655061395e-01
9.999999998655061395e-01
9.999999996868074170e-01
9.999999996868074170e-01
9.999999990062172772e-01
9.999999990062172772e-01
9.999999976858030548e-01
9.999999976858030548e-01
9.999999926568839959e-01
9.999999926568839959e-01
9.999999829002689244e-01
9.999999829002689244e-01
9.999999457413050186e-01
9.999999457413050186e-01
9.999998736491348961e-01
9.999998736491348961e-01
9.999995990795289558e-01
9.999995990795289558e-01
9.999990663867469598e-01
9.999990663867469598e-01
9.999970375799418498e-01
9.999970375799418498e-01
9.999931014998729717e-01
9.999931014998729717e-01
9.999781107191517693e-01
9.999781107191517693e-01
9.999490277188621823e-01
9.999490277188621823e-01
9.998382701849535259e-01
9.998382701849535259e-01
9.996234242739046039e-01
9.996234242739046039e-01
9.988055864180434007e-01
9.988055864180434007e-01
9.972208041561813063e-01
9.972208041561813063e-01
9.912079578454149331e-01
9.912079578454149331e-01
9.796450814265197371e-01
9.796450814265197371e-01
9.368098915545735039e-01
9.368098915545735039e-01
8.587791593191411721e-01
8.587791593191411721e-01
6.115069506704733371e-01
6.115069506704731150e-01
3.750935731918229044e-01
3.750935731918226823e-01
1.052709588514981476e-01
1.052709588514986749e-01
1.052709588514986749e-01
1.052709588514986749e-01
3.750935731918235705e-01
3.750935731918231264e-01
1.052709588514986749e-01
1.052709588514986749e-01
3.750935731918235705e-01
3.750935731918231264e-01
3.750935731918229044e-01
3.750935731918226823e-01
1.052709588514981476e-01
1.052709588514986749e-01
6.115069506704728930e-01
6.115069506704728930e-01
8.587791593191405060e-01
8.587791593191405060e-01
9.368098915545730598e-01
9.368098915545730598e-01
9.796450814265196261e-01
9.796450814265196261e-01
9.912079578454149331e-01
9.912079578454149331e-01
9.972208041561813063e-01
9.972208041561813063e-01
9.988055864180434007e-01
9.988055864180434007e-01
9.996234242739046039e-01
9.996234242739046039e-01
9.998382701849535259e-01
9.998382701849535259e-01
9.999490277188621823e-01
9.999490277188621823e-01
9.999781107191517693e-01
9.999781107191517693e-01
9.999931014998729717e-01
9.999931014998729717e-01
9.999970375799418498e-01
9.999970375799418498e-01
9.999990663867469598e-01
9.999990663867469598e-01
9.999995990795289558e-01
9.999990262713962519e-01
9.999992886459603270e-01
9.999983905200654499e-01
9.999987067846152211e-01
9.999970740259670476e-01
9.999970740259670476e-01
9.999933798226354753e-01
9.999946806920368969e-01
9.999879647910164815e-01
9.999879707795943373e-01
9.999727698335583170e-01
9.999785937234497712e-01
9.999504970994924635e-01
9.999556034273410221e-01
9.998908202905856246e-01
9.999279467047661463e-01
9.998143187969478207e-01
9.998712123480977265e-01
9.996464107099610752e-01
9.998159684662153435e-01
9.994722287275411565e-01
9.997307604182025242e-01
9.991873949864968907e-01
9.996298895453414879e-01
9.989879280203379786e-01
9.991627987763049834e-01
9.981067832135687157e-01
9.984785195924315016e-01
9.965608636612744986e-01
9.965608636612744986e-01
9.922356072262894511e-01
9.937565569499912099e-01
9.859292978995111145e-01
9.859292978995112255e-01
9.684444961708500443e-01
9.745663376621214180e-01
9.433641631898691537e-01
9.434571954834057861e-01
8.762813818434161961e-01
9.070912052214250565e-01
7.859163980254975090e-01
8.632310946835688448e-01
6.303833700299035225e-01
8.587791593191410611e-01
6.115069506704736702e-01
7.859163980254972870e-01
5.732913917037015805e-01
7.217225366329713676e-01
6.088593665871375737e-01
6.088593665871404603e-01
4.644596108942651291e-01
5.062522295032209074e-01
3.395231008651217741e-01
3.395231008651244387e-01
1.483268858376640964e-01
5.062522295032253483e-01
3.395231008651229399e-01
3.869843137846052383e-01
1.483268858376640964e-01
2.164353341933517583e-01
5.885746129520078723e-02
5.885746129519953129e-02
1.578774817109433390e-02
1.578774817109732803e-02
5.885746129519953823e-02
5.885746129520079417e-02
2.164353341933517583e-01
3.750935731918258464e-01
1.052709588514991884e-01
3.750935731918258464e-01
1.052709588514991884e-01
3.750935731918258464e-01
1.052709588514991884e-01
3.395231008651255489e-01
1.052709588514991884e-01
1.052709588514950112e-01
3.750935731918222382e-01
1.052709588514950112e-01
3.750935731918222382e-01
1.052709588514950112e-01
3.395231008651244387e-01
1.052709588514950112e-01
3.750935731918222382e-01
1.483268858376640964e-01
3.869843137846026848e-01
3.395231008651217741e-01
5.062522295032185760e-01
1.483268858376670385e-01
3.395231008651256044e-01
3.869843137846087355e-01
5.062522295032253483e-01
4.644596108942651291e-01
6.088593665871394611e-01
6.088593665871404603e-01
7.217225366329728109e-01
2.164353341933490660e-01
5.885746129520004477e-02
5.885746129520130071e-02
1.578774817109920153e-02
1.578774817109620393e-02
5.885746129520130071e-02
5.885746129520002395e-02
2.164353341933490660e-01
9.999999999576140164e-01
9.999999998655061395e-01
9.999999999576140164e-01
9.999999998655061395e-01
9.999999999576140164e-01
9.999999998655061395e-01
9.999999999576140164e-01
9.999999998655061395e-01
9.999999999576140164e-01
9.999999998655061395e-01
9.999999999576140164e-01
9.999999998655061395e-01
9.999999999576140164e-01
9.999999998655061395e-01
9.999999999576140164e-01
9.999999998655061395e-01
9.999999999577677823e-01
9.999999998660179523e-01
9.999999999597039002e-01
9.999999998724552475e-01
9.999999999623736535e-01
9.999999998813043911e-01
9.999999999672850581e-01
9.999999998974953286e-01
9.999999999714384025e-01
9.999999999110891213e-01
9.999999999773099280e-01
9.999999999301296683e-01
9.999999999814311868e-01
9.999999999433489828e-01
9.999999999864652711e-01
9.999999999592948940e-01
9.999999999895807790e-01
9.999999999690251107e-01
9.999999999929946037e-01
9.999999999795270433e-01
9.999999999942636997e-01
9.999999999817982266e-01
9.999999999942636997e-01
9.999999999817982266e-01
9.999999999942636997e-01
9.999999999817982266e-01
9.999999999942636997e-01
9.999999999817982266e-01
9.999999999942636997e-01
9.999999999817982266e-01
9.999999999942636997e-01
9.999999999817982266e-01
9.999999999942636997e-01
9.999999999817982266e-01
9.999999999942636997e-01
9.999999999817982266e-01
9.999999999942636997e-01
9.999999999817982266e-01
9.999999999942636997e-01
9.999999999817982266e-01
9.999999999942636997e-01
9.999999999817982266e-01
9.999999999817982266e-01
9.999999999817982266e-01
9.999999999576140164e-01
9.999999999576140164e-01
9.999999998655061395e-01
9.999999998655061395e-01
9.999999996868074170e-01
9.999999996868074170e-01
9.999999990062172772e-01
9.999999990062172772e-01
9.999999976858030548e-01
9.999999976858030548e-01
9.999999926568839959e-01
9.999999926568839959e-01
9.999999829002689244e-01
9.999999829002689244e-01
9.999999457413050186e-01
9.999999457413050186e-01
9.999998736491348961e-01
9.999998736491348961e-01
9.999995990795289558e-01
9.999995990795289558e-01
9.999990663867469598e-01
9.999990663867469598e-01
9.999970375799418498e-01
9.999970375799418498e-01
9.999931014998729717e-01
9.999931014998729717e-01
9.999781107191517693e-01
9.999781107191517693e-01
9.999490277188621823e-01
9.999490277188621823e-01
9.998382701849535259e-01
9.998382701849535259e-01
9.996234242739046039e-01
9.996234242739046039e-01
9.988055864180434007e-01
9.988055864180434007e-01
9.972208041561813063e-01
9.972208041561813063e-01
9.912079578454149331e-01
9.912079578454149331e-01
9.796450814265197371e-01
9.796450814265197371e-01
9.368098915545735039e-01
9.368098915545735039e-01
8.587791593191411721e-01
8.587791593191411721e-01
6.115069506704733371e-01
6.115069506704731150e-01
3.750935731918229044e-01
3.750935731918226823e-01
1.052709588514981476e-01
1.052709588514986749e-01
1.052709588514986749e-01
1.052709588514986749e-01
3.750935731918235705e-01
3.750935731918231264e-01
1.052709588514986749e-01
1.052709588514986749e-01
3.750935731918235705e-01
3.750935731918231264e-01
3.750935731918229044e-01
3.750935731918226823e-01
1.052709588514981476e-01
1.052709588514986749e-01
6.115069506704728930e-01
6.115069506704728930e-01
8.587791593191405060e-01
8.587791593191405060e-01
9.368098915545730598e-01
9.368098915545730598e-01
9.796450814265196261e-01
9.796450814265196261e-01
9.912079578454149331e-01
9.912079578454149331e-01
9.972208041561813063e-01
9.972208041561813063e-01
9.988055864180434007e-01
9.988055864180434007e-01
9.996234242739046039e-01
9.996234242739046039e-01
9.998382701849535259e-01
9.998382701849535259e-01
9.999490277188621823e-01
9.999490277188621823e-01
9.999781107191517693e-01
9.999781107191517693e-01
9.999931014998729717e-01
9.999931014998729717e-01
9.999970375799418498e-01
9.999970375799418498e-01
9.999985284323715806e-01
9.999959278251837613e-01
9.999978826877878868e-01
9.999939679042129104e-01
9.999967573834009915e-01
9.999904197498612479e-01
9.999946806920368969e-01
9.999873339585518828e-01
9.999879647910164815e-01
9.999727698335583170e-01
9.999781205356715885e-01
9.999504970994924635e-01
9.999504970994924635e-01
9.998880002549208612e-01
9.999100073500445385e-01
9.997963978648003458e-01
9.997965303223603772e-01
9.995393973083511741e-01
9.996404806325468462e-01
9.991627987763049834e-01
9.992777990451333636e-01
9.981733348971204567e-01
9.988802689801834500e-01
9.969866737887760344e-01
9.981948113804459677e-01
9.947456856728712493e-01
9.976930980827185547e-01
9.929714621204553948e-01
9.965608636612744986e-01
9.913507494843850631e-01
9.937565569499910989e-01
9.859292978995110035e-01
9.859292978995111145e-01
9.684444961708499333e-01
9.745663376621213070e-01
9.433641631898688207e-01
9.433641631898688207e-01
8.762813818434161961e-01
8.993690273367018762e-01
7.859163980254972870e-01
7.859163980254993964e-01
5.732913917037015805e-01
7.217225366329707015e-01
6.088593665871401273e-01
6.088593665871379068e-01
4.644596108942662949e-01
5.062522295032231279e-01
3.395231008651229399e-01
3.395231008651274363e-01
1.483268858376670385e-01
5.062522295032185760e-01
3.395231008651226068e-01
3.869843137846017966e-01
1.483268858376640964e-01
2.164353341933476782e-01
5.885746129519967701e-02
5.885746129520517261e-02
1.578774817109564535e-02
1.578774817109862560e-02
5.885746129520219583e-02
5.885746129519666553e-02
2.164353341933505370e-01
3.750935731918222382e-01
1.052709588514991884e-01
3.750935731918222382e-01
1.052709588514991884e-01
3.750935731918222382e-01
1.052709588514991884e-01
3.395231008651202198e-01
1.052709588514991884e-01
1.052709588514991884e-01
3.750935731918258464e-01
1.052709588514950112e-01
3.750935731918258464e-01
1.052709588514991884e-01
3.395231008651248272e-01
1.052709588514950112e-01
3.750935731918258464e-01
1.483268858376670385e-01
3.869843137846061820e-01
3.395231008651217741e-01
5.062522295032231279e-01
1.483268858376670385e-01
3.395231008651256044e-01
3.395231008651283244e-01
5.062522295032253483e-01
4.644596108942651291e-01
6.088593665871413485e-01
6.088593665871404603e-01
7.217225366329742542e-01
2.164353341933462072e-01
5.885746129520004477e-02
5.885746129519831699e-02
1.578774817109620740e-02
1.578774817109620393e-02
5.885746129520130071e-02
5.885746129520302156e-02
2.164353341933462072e-01
5.732913917037056883e-01
7.859163980254993964e-01
6.115069506704736702e-01
8.587791593191410611e-01
6.303833700299042997e-01
8.632310946835688448e-01
7.859163980254985082e-01
9.070912052214250565e-01
9.999999996868074170e-01
9.999999990062172772e-01
9.999999996868074170e-01
9.999999990062172772e-01
9.999999996868074170e-01
9.999999990062172772e-01
9.999999996868074170e-01
9.999999990062172772e-01
9.999999996868074170e-01
9.999999990062172772e-01
9.999999996868074170e-01
9.999999990062172772e-01
9.999999996868074170e-01
9.999999990062172772e-01
9.999999996868074170e-01
9.999999990062172772e-01
9.999999996880438724e-01
9.999999990103515257e-01
9.999999997035777799e-01
9.999999990622091550e-01
9.999999997248794070e-01
9.999999991330622562e-01
9.999999997636859206e-01
9.999999992613065602e-01
9.999999997960811182e-01
9.999999993674496546e-01
9.999999998411238655e-01
9.999999995134233322e-01
9.999999998721250671e-01
9.999999996126005541e-01
9.999999999091513381e-01
9.999999997293255172e-01
9.999999999314946875e-01
9.999999997986100952e-01
9.999999999553239594e-01
9.999999998655061395e-01
9.999999999576140164e-01
9.999999998655061395e-01
9.999999999576140164e-01
9.999999998655061395e-01
9.999999999576140164e-01
9.999999998655061395e-01
9.999999999576140164e-01
9.999999998655061395e-01
9.999999999576140164e-01
9.999999998655061395e-01
9.999999999576140164e-01
9.999999998655061395e-01
9.999999999576140164e-01
9.999999998655061395e-01
9.999999999576140164e-01
9.999999998655061395e-01
9.999999999576140164e-01
9.999999998655061395e-01
9.999999999576140164e-01
9.999999998655061395e-01
9.999999999576140164e-01
9.999999998655061395e-01
9.999999999576140164e-01
9.999999998655061395e-01
9.999999999576140164e-01
9.999999998655061395e-01
9.999999998655061395e-01
9.999999998655061395e-01
9.999999996868074170e-01
9.999999996868074170e-01
9.999999990062172772e-01
9.999999990062172772e-01
9.999999976858030548e-01
9.999999976858030548e-01
9.999999926568839959e-01
9.999999926568839959e-01
9.999999829002689244e-01
9.999999829002689244e-01
9.999999457413050186e-01
9.999999457413050186e-01
9.999998736491348961e-01
9.999998736491348961e-01
9.999995990795289558e-01
9.999995990795289558e-01
9.999990663867469598e-01
9.999990663867469598e-01
9.999970375799418498e-01
9.999970375799418498e-01
9.999931014998729717e-01
9.999931014998729717e-01
9.999781107191517693e-01
9.999781107191517693e-01
9.999490277188621823e-01
9.999490277188621823e-01
9.998382701849535259e-01
9.998382701849535259e-01
9.996234242739046039e-01
9.996234242739046039e-01
9.988055864180434007e-01
9.988055864180434007e-01
9.972208041561813063e-01
9.972208041561813063e-01
9.912079578454149331e-01
9.912079578454149331e-01
9.796450814265197371e-01
9.796450814265197371e-01
9.368098915545735039e-01
9.368098915545735039e-01
8.587791593191411721e-01
8.587791593191411721e-01
6.115069506704733371e-01
6.115069506704731150e-01
3.750935731918229044e-01
3.750935731918226823e-01
1.052709588514981476e-01
1.052709588514986749e-01
1.052709588514986749e-01
1.052709588514986749e-01
3.750935731918235705e-01
3.750935731918231264e-01
1.052709588514986749e-01
1.052709588514986749e-01
3.750935731918235705e-01
3.750935731918231264e-01
3.750935731918229044e-01
3.750935731918226823e-01
1.052709588514981476e-01
1.052709588514986749e-01
6.115069506704728930e-01
6.115069506704728930e-01
8.587791593191405060e-01
8.587791593191405060e-01
9.368098915545730598e-01
9.368098915545730598e-01
9.796450814265196261e-01
9.796450814265196261e-01
9.912079578454149331e-01
9.912079578454149331e-01
9.972208041561813063e-01
9.972208041561813063e-01
9.988055864180434007e-01
9.988055864180434007e-01
9.996234242739046039e-01
9.996234242739046039e-01
9.998382701849535259e-01
9.998382701849535259e-01
9.999490277188621823e-01
9.999490277188621823e-01
9.999781107191517693e-01
9.999781107191517693e-01
9.999931014998729717e-01
9.999781107191517693e-01
9.999931014998729717e-01
9.999781107191517693e-01
9.999915509689458748e-01
9.999776845220756938e-01
9.999871810205287481e-01
9.999648696131210324e-01
9.999790128292275204e-01
9.999396789284485942e-01
9.999717039166808874e-01
9.999160905104490515e-01
9.999504970994924635e-01
9.998809564578693410e-01
9.999100073500445385e-01
9.997963978648003458e-01
9.997963978648003458e-01
9.995393973083511741e-01
9.996298895453414879e-01
9.991627987763049834e-01
9.991627987763049834e-01
9.981067832135687157e-01
9.984785195924315016e-01
9.965608636612744986e-01
9.965640896482169664e-01
9.922356072262893401e-01
9.940197057058455243e-01
9.859292978995110035e-01
9.887951209424973298e-01
9.702562471856566173e-01
9.843333628455599449e-01
9.548742924238811103e-01
9.800336655029818766e-01
9.383815129628635399e-01
9.745663376621213070e-01
9.368098915545731709e-01
9.433641631898688207e-01
8.762813818434166402e-01
8.993690273367018762e-01
7.859163980254972870e-01
7.859163980254989523e-01
5.732913917037026907e-01
7.217225366329728109e-01
6.088593665871405713e-01
6.088593665871393501e-01
4.644596108942651291e-01
5.062522295032231279e-01
3.395231008651256044e-01
3.395231008651255489e-01
1.483268858376670385e-01
5.062522295032209074e-01
3.395231008651217741e-01
3.395231008651244387e-01
1.483268858376640964e-01
2.164353341933462072e-01
5.885746129520004477e-02
5.885746129520130071e-02
1.578774817109620740e-02
1.578774817109918419e-02
5.885746129520130071e-02
5.885746129519704717e-02
2.164353341933490660e-01
1.483268858376699528e-01
3.395231008651256044e-01
3.395231008651229399e-01
5.062522295032231279e-01
1.483268858376640964e-01
3.395231008651244387e-01
3.395231008651226068e-01
5.062522295032209074e-01
4.644596108942675161e-01
6.088593665871404603e-01
6.088593665871375737e-01
7.217225366329714786e-01
2.164353341933489272e-01
5.885746129520078723e-02
5.885746129520252196e-02
1.578774817109733150e-02
1.578774817109732803e-02
5.885746129519953823e-02
5.885746129519781739e-02
2.164353341933489550e-01
5.732913917037006923e-01
7.859163980254972870e-01
6.115069506704736702e-01
8.587791593191410611e-01
6.303833700299042997e-01
8.632310946835688448e-01
7.859163980254985082e-01
9.070912052214255006e-01
8.762813818434171953e-01
9.434571954834057861e-01
9.368098915545731709e-01
9.745663376621214180e-01
9.383815129628635399e-01
9.800336655029818766e-01
9.548742924238813323e-01
9.843333628455599449e-01
9.999999976858030548e-01
9.999999926568839959e-01
9.999999976858030548e-01
9.999999926568839959e-01
9.999999976858030548e-01
9.999999926568839959e-01
9.999999976858030548e-01
9.999999926568839959e-01
9.999999976858030548e-01
9.999999926568839959e-01
9.999999976858030548e-01
9.999999926568839959e-01
9.999999976858030548e-01
9.999999926568839959e-01
9.999999976858030548e-01
9.999999926568839959e-01
9.999999976958250381e-01
9.999999926905702718e-01
9.999999978213712781e-01
9.999999931117384833e-01
9.999999979924005800e-01
9.999999936829394587e-01
9.999999983003570181e-01
9.999999947034019510e-01
9.999999985534917535e-01
9.999999955335454604e-01
9.999999988985738275e-01
9.999999966504156124e-01
9.999999991306182112e-01
9.999999973898936467e-01
9.999999994005440707e-01
9.999999982352335559e-01
9.999999995586791313e-01
9.999999987209180485e-01
9.999999996868074170e-01
9.999999990062172772e-01
9.999999996868074170e-01
9.999999990062172772e-01
9.999999996868074170e-01
9.999999990062172772e-01
9.999999996868074170e-01
9.999999990062172772e-01
9.999999996868074170e-01
9.999999990062172772e-01
9.999999996868074170e-01
9.999999990062172772e-01
9.999999996868074170e-01
9.999999990062172772e-01
9.999999996868074170e-01
9.999999990062172772e-01
9.999999996868074170e-01
9.999999990062172772e-01
9.999999996868074170e-01
9.999999990062172772e-01
9.999999996868074170e-01
9.999999990062172772e-01
9.999999996868074170e-01
9.999999990062172772e-01
9.999999996868074170e-01
9.999999990062172772e-01
9.999999996868074170e-01
9.999999990062172772e-01
9.999999996868074170e-01
9.999999990062172772e-01
9.999999996868074170e-01
9.999999990062172772e-01
9.999999990062172772e-01
9.999999989813341816e-01
9.999999976858030548e-01
9.999999976858030548e-01
9.999999926568839959e-01
9.999999926568839959e-01
9.999999829002689244e-01
9.999999829002689244e-01
9.999999457413050186e-01
9.999999457413050186e-01
9.999998736491348961e-01
9.999998736491348961e-01
9.999995990795289558e-01
9.999995990795289558e-01
9.999990663867469598e-01
9.999990663867469598e-01
9.999970375799418498e-01
9.999970375799418498e-01
9.999931014998729717e-01
9.999931014998729717e-01
9.999781107191517693e-01
9.999781107191517693e-01
9.999490277188621823e-01
9.999490277188621823e-01
9.998382701849535259e-01
9.998382701849535259e-01
9.996234242739046039e-01
9.996234242739046039e-01
9.988055864180434007e-01
9.988055864180434007e-01
9.972208041561813063e-01
9.972208041561813063e-01
9.912079578454149331e-01
9.912079578454149331e-01
9.796450814265197371e-01
9.796450814265197371e-01
9.368098915545735039e-01
9.368098915545735039e-01
8.587791593191411721e-01
8.587791593191411721e-01
6.115069506704733371e-01
6.115069506704731150e-01
3.750935731918229044e-01
3.750935731918226823e-01
1.052709588514981476e-01
1.052709588514986749e-01
1.052709588514986749e-01
1.052709588514986749e-01
3.750935731918235705e-01
3.750935731918231264e-01
1.052709588514986749e-01
1.052709588514986749e-01
3.750935731918235705e-01
3.750935731918231264e-01
3.750935731918229044e-01
3.750935731918226823e-01
1.052709588514981476e-01
1.052709588514986749e-01
6.115069506704728930e-01
6.115069506704728930e-01
8.587791593191405060e-01
8.587791593191405060e-01
9.368098915545730598e-01
9.368098915545730598e-01
9.796450814265196261e-01
9.796450814265196261e-01
9.912079578454149331e-01
9.912079578454149331e-01
9.972208041561813063e-01
9.972208041561813063e-01
9.988055864180434007e-01
9.988055864180434007e-01
9.996234242739046039e-01
9.996234242739046039e-01
9.998382701849535259e-01
9.998382701849535259e-01
9.999490277188621823e-01
9.998382701849535259e-01
9.999490277188621823e-01
9.998382701849535259e-01
9.999490277188621823e-01
9.998382701849535259e-01
9.999490277188621823e-01
9.998382701849535259e-01
9.999490277188621823e-01
9.998382701849535259e-01
9.999279467047661463e-01
9.998143187969478207e-01
9.998712123480977265e-01
9.996464107099610752e-01
9.998159684662153435e-01
9.994722287275411565e-01
9.997307604182025242e-01
9.991873949864968907e-01
9.996298895453414879e-01
9.989879280203379786e-01
9.991627987763049834e-01
9.981067832135687157e-01
9.984785195924315016e-01
9.965608636612744986e-01
9.965608636612746096e-01
9.922356072262894511e-01
9.937565569499912099e-01
9.859292978995112255e-01
9.859292978995110035e-01
9.684444961708498223e-01
9.745663376621211960e-01
9.433641631898682656e-01
9.434571954834056751e-01
8.762813818434155300e-01
9.070912052214250565e-01
7.859163980254971760e-01
8.632310946835687337e-01
6.303833700299039666e-01
8.587791593191410611e-01
6.115069506704736702e-01
7.859163980254989523e-01
5.732913917037036899e-01
7.217225366329707015e-01
6.088593665871405713e-01
6.088593665871384619e-01
4.644596108942651291e-01
5.062522295032242381e-01
3.395231008651256044e-01
3.395231008651242166e-01
1.483268858376670385e-01
5.062522295032185760e-01
3.395231008651217741e-01
3.395231008651258264e-01
1.483268858376655674e-01
2.164353341933490660e-01
5.885746129520004477e-02
5.885746129520130071e-02
1.578774817109620740e-02
1.578774817109470860e-02
5.885746129519980191e-02
5.885746129519704717e-02
2.164353341933476227e-01
1.483268858376640964e-01
3.395231008651229399e-01
3.395231008651229399e-01
5.062522295032231279e-01
1.483268858376670385e-01
3.395231008651244387e-01
3.395231008651217741e-01
5.062522295032209074e-01
4.644596108942651291e-01
6.088593665871404603e-01
6.088593665871375737e-01
7.217225366329714786e-01
2.164353341933489272e-01
5.885746129520078723e-02
5.885746129520252196e-02
1.578774817109733150e-02
1.578774817109732803e-02
5.885746129519953823e-02
5.885746129519781739e-02
2.164353341933489550e-01
5.732913917036996931e-01
7.859163980254961768e-01
7.859163980254959547e-01
8.993690273367013210e-01
8.762813818434151969e-01
9.433641631898688207e-01
9.368098915545731709e-01
9.745663376621213070e-01
9.383815129628635399e-01
9.800336655029818766e-01
9.548742924238813323e-01
9.843333628455599449e-01
9.702562471856568393e-01
9.887951209424973298e-01
9.859292978995111145e-01
9.940197057058456354e-01
9.913507494843850631e-01
9.965640896482169664e-01
9.929714621204553948e-01
9.976930980827185547e-01
9.999999829002689244e-01
9.999999457413050186e-01
9.999999829002689244e-01
9.999999457413050186e-01
9.999999829002689244e-01
9.999999457413050186e-01
9.999999829002689244e-01
9.999999457413050186e-01
9.999999829002689244e-01
9.999999457413050186e-01
9.999999829002689244e-01
9.999999457413050186e-01
9.999999829002689244e-01
9.999999457413050186e-01
9.999999829002689244e-01
9.999999457413050186e-01
9.999999829822733277e-01
9.999999460187072309e-01
9.999999840059173861e-01
9.999999494730583693e-01
9.999999853891954338e-01
9.999999541152484461e-01
9.999999878447469737e-01
9.999999622762317797e-01
9.999999898256001218e-01
9.999999687758311939e-01
9.999999924624408676e-01
9.999999772896766004e-01
9.999999941866458686e-01
9.999999827528867069e-01
9.999999961303713825e-01
9.999999887840697044e-01
9.999999972298835305e-01
9.999999921172619821e-01
9.999999976858030548e-01
9.999999926568839959e-01
9.999999976858030548e-01
9.999999926568839959e-01
9.999999976858030548e-01
9.999999926568839959e-01
9.999999976858030548e-01
9.999999926568839959e-01
9.999999976858030548e-01
9.999999926568839959e-01
9.999999976858030548e-01
9.999999926568839959e-01
9.999999976858030548e-01
9.999999926568839959e-01
9.999999976858030548e-01
9.999999926568839959e-01
9.999999976858030548e-01
9.999999926568839959e-01
9.999999976858030548e-01
9.999999926568839959e-01
9.999999976858030548e-01
9.999999926568839959e-01
9.999999976858030548e-01
9.999999926568839959e-01
9.999999976858030548e-01
9.999999926568839959e-01
9.999999976858030548e-01
9.999999926568839959e-01
9.999999976858030548e-01
9.999999926568839959e-01
9.999999976858030548e-01
9.999999926568839959e-01
9.999999976858030548e-01
9.999999926568839959e-01
9.999999966913767357e-01
9.999999926905702718e-01
9.999999915692875385e-01
9.999999835195009235e-01
9.999999829002689244e-01
9.999999670071419988e-01
9.999999457413050186e-01
9.999999167106028430e-01
9.999998736491348961e-01
9.999998389451028036e-01
9.999995990795289558e-01
9.999995990795289558e-01
9.999990663867469598e-01
9.999990663867469598e-01
9.999970375799418498e-01
9.999970375799418498e-01
9.999931014998729717e-01
9.999931014998729717e-01
9.999781107191517693e-01
9.999781107191517693e-01
9.999490277188621823e-01
9.999490277188621823e-01
9.998382701849535259e-01
9.998382701849535259e-01
9.996234242739046039e-01
9.996234242739046039e-01
9.988055864180434007e-01
9.988055864180434007e-01
9.972208041561813063e-01
9.972208041561813063e-01
9.912079578454149331e-01
9.912079578454149331e-01
9.796450814265197371e-01
9.796450814265197371e-01
9.368098915545735039e-01
9.368098915545735039e-01
8.587791593191411721e-01
8.587791593191411721e-01
6.115069506704733371e-01
6.115069506704731150e-01
3.750935731918229044e-01
3.750935731918226823e-01
1.052709588514981476e-01
1.052709588514986749e-01
1.052709588514986749e-01
1.052709588514986749e-01
3.750935731918235705e-01
3.750935731918231264e-01
1.052709588514986749e-01
1.052709588514986749e-01
3.750935731918235705e-01
3.750935731918231264e-01
3.750935731918229044e-01
3.750935731918226823e-01
1.052709588514981476e-01
1.052709588514986749e-01
6.115069506704728930e-01
6.115069506704728930e-01
8.587791593191405060e-01
8.587791593191405060e-01
9.368098915545730598e-01
9.368098915545730598e-01
9.796450814265196261e-01
9.796450814265196261e-01
9.912079578454149331e-01
9.912079578454149331e-01
9.972208041561813063e-01
9.965640896482169664e-01
9.988055864180434007e-01
9.981733348971204567e-01
9.996234242739046039e-01
9.988055864180434007e-01
9.996234242739046039e-01
9.988055864180434007e-01
9.996234242739046039e-01
9.988055864180434007e-01
9.996234242739046039e-01
9.988055864180434007e-01
9.996234242739046039e-01
9.988055864180434007e-01
9.996234242739046039e-01
9.988055864180434007e-01
9.996234242739046039e-01
9.988055864180434007e-01
9.996234242739046039e-01
9.988055864180434007e-01
9.992777990451333636e-01
9.981733348971204567e-01
9.988802689801834500e-01
9.969866737887760344e-01
9.981948113804459677e-01
9.947456856728712493e-01
9.976930980827185547e-01
9.929714621204555058e-01
9.965608636612744986e-01
9.913507494843851742e-01
9.937565569499910989e-01
9.859292978995112255e-01
9.859292978995111145e-01
9.684444961708502664e-01
9.745663376621214180e-01
9.433641631898692648e-01
9.433641631898687097e-01
8.762813818434166402e-01
8.993690273367010990e-01
7.859163980254982862e-01
7.859163980254957327e-01
5.732913917037015805e-01
7.217225366329700353e-01
6.088593665871393501e-01
6.088593665871395721e-01
4.644596108942662949e-01
5.062522295032209074e-01
3.395231008651226068e-01
3.395231008651258264e-01
1.483268858376655674e-01
5.062522295032209074e-01
3.395231008651268811e-01
3.869843137846022407e-01
1.483268858376670385e-01
2.164353341933489272e-01
5.885746129519929537e-02
5.885746129520103009e-02
1.578774817109733150e-02
1.578774817109732803e-02
5.885746129520103009e-02
5.885746129519931619e-02
2.164353341933489550e-01
3.750935731918222382e-01
1.052709588515033795e-01
3.750935731918222382e-01
1.052709588514991884e-01
3.750935731918222382e-01
1.052709588515033795e-01
3.395231008651232174e-01
1.052709588514991884e-01
1.052709588514950112e-01
3.750935731918222382e-01
1.052709588514950112e-01
3.750935731918222382e-01
1.052709588514950112e-01
3.395231008651244387e-01
1.052709588514950112e-01
3.750935731918222382e-01
1.483268858376655674e-01
3.869843137846026848e-01
3.395231008651242166e-01
5.062522295032231279e-01
1.483268858376670385e-01
3.395231008651218296e-01
3.395231008651231619e-01
5.062522295032196862e-01
4.644596108942651291e-01
6.088593665871404603e-01
6.088593665871365745e-01
7.217225366329707015e-01
2.164353341933475117e-01
5.885746129520382647e-02
5.885746129519803943e-02
1.578774817109733150e-02
1.578774817109882336e-02
5.885746129519654757e-02
5.885746129520229991e-02
2.164353341933503427e-01
5.732913917037015805e-01
7.859163980254961768e-01
7.859163980254971760e-01
8.993690273367013210e-01
8.762813818434158630e-01
9.433641631898684876e-01
9.433641631898682656e-01
9.745663376621211960e-01
9.684444961708497113e-01
9.859292978995110035e-01
9.859292978995111145e-01
9.937565569499910989e-01
9.913507494843851742e-01
9.965608636612744986e-01
9.929714621204555058e-01
9.976930980827185547e-01
9.947456856728713603e-01
9.981948113804459677e-01
9.969866737887760344e-01
9.988802689801834500e-01
9.981733348971204567e-01
9.992777990451333636e-01
9.989879280203379786e-01
9.996404806325468462e-01
9.999998736491348961e-01
9.999995990795289558e-01
9.999998736491348961e-01
9.999995990795289558e-01
9.999998736491348961e-01
9.999995990795289558e-01
9.999998736491348961e-01
9.999995990795289558e-01
9.999998736491348961e-01
9.999995990795289558e-01
9.999998736491348961e-01
9.999995990795289558e-01
9.999998736491348961e-01
9.999995990795289558e-01
9.999998736491348961e-01
9.999995990795289558e-01
9.999998743279546742e-01
9.999996013942150652e-01
9.999998827640461663e-01
9.999996300709436126e-01
9.999998940494677635e-01
9.999996681632796758e-01
9.999999137316133435e-01
9.999997337841265432e-01
9.999999292433745524e-01
9.999997846718832184e-01
9.999999492974487314e-01
9.999998491536610246e-01
9.999999619703722198e-01
9.999998889621984910e-01
9.999999757266579969e-01
9.999999310856922952e-01
9.999999829002689244e-01
9.999999457413050186e-01
9.999999829002689244e-01
9.999999457413050186e-01
9.999999829002689244e-01
9.999999457413050186e-01
9.999999829002689244e-01
9.999999457413050186e-01
9.999999829002689244e-01
9.999999457413050186e-01
9.999999829002689244e-01
9.999999457413050186e-01
9.999999829002689244e-01
9.999999457413050186e-01
9.999999829002689244e-01
9.999999457413050186e-01
9.999999829002689244e-01
9.999999457413050186e-01
9.999999829002689244e-01
9.999999457413050186e-01
9.999999829002689244e-01
9.999999457413050186e-01
9.999999829002689244e-01
9.999999457413050186e-01
9.999999829002689244e-01
9.999999457413050186e-01
9.999999829002689244e-01
9.999999457413050186e-01
9.999999829002689244e-01
9.999999457413050186e-01
9.999999829002689244e-01
9.999999457413050186e-01
9.999999829002689244e-01
9.999999457413050186e-01
9.999999829002689244e-01
9.999999457413050186e-01
9.999999829822733277e-01
9.999999460187072309e-01
9.999999738990675846e-01
9.999999494730583693e-01
9.999999467832911826e-01
9.999999024142449677e-01
9.999998620033095920e-01
9.999997375638561836e-01
9.999997274830578764e-01
9.999994665599430954e-01
9.999993282057200172e-01
9.999986277143955160e-01
9.999987292586431931e-01
9.999973154551362597e-01
9.999970375799418498e-01
9.999935095905001514e-01
9.999931014998729717e-01
9.999879707795943373e-01
9.999781107191517693e-01
9.999727698335583170e-01
9.999490277188621823e-01
9.999490277188621823e-01
9.998382701849535259e-01
9.998382701849535259e-01
9.996234242739046039e-01
9.996234242739046039e-01
9.988055864180434007e-01
9.988055864180434007e-01
9.972208041561813063e-01
9.972208041561813063e-01
9.912079578454149331e-01
9.912079578454149331e-01
9.796450814265197371e-01
9.796450814265197371e-01
9.368098915545735039e-01
9.368098915545735039e-01
8.587791593191411721e-01
8.587791593191411721e-01
6.115069506704733371e-01
6.115069506704731150e-01
3.750935731918229044e-01
3.750935731918226823e-01
1.052709588514981476e-01
1.052709588514986749e-01
1.052709588514986749e-01
1.052709588514986749e-01
3.750935731918235705e-01
3.750935731918231264e-01
1.052709588514986749e-01
1.052709588514986749e-01
3.750935731918235705e-01
3.395231008651243831e-01
3.750935731918229044e-01
3.750935731918226823e-01
1.052709588514981476e-01
1.052709588514986749e-01
6.115069506704728930e-01
5.732913917037022467e-01
8.587791593191405060e-01
7.859163980254978421e-01
9.368098915545730598e-01
8.762813818434160851e-01
9.745663376621213070e-01
9.434571954834055640e-01
9.859292978995111145e-01
9.702562471856567283e-01
9.940197057058456354e-01
9.887951209424974408e-01
9.969866737887760344e-01
9.912079578454149331e-01
9.972208041561813063e-01
9.912079578454149331e-01
9.972208041561813063e-01
9.912079578454149331e-01
9.972208041561813063e-01
9.912079578454149331e-01
9.972208041561813063e-01
9.912079578454149331e-01
9.972208041561813063e-01
9.912079578454149331e-01
9.972208041561813063e-01
9.912079578454149331e-01
9.972208041561813063e-01
9.912079578454149331e-01
9.972208041561813063e-01
9.912079578454149331e-01
9.965640896482169664e-01
9.912079578454149331e-01
9.940197057058456354e-01
9.859292978995111145e-01
9.887951209424974408e-01
9.702562471856568393e-01
9.843333628455600559e-01
9.548742924238813323e-01
9.800336655029818766e-01
9.383815129628635399e-01
9.745663376621214180e-01
9.368098915545731709e-01
9.433641631898691537e-01
8.762813818434168622e-01
8.993690273367027643e-01
7.859163980254993964e-01
7.859163980254968429e-01
5.732913917037015805e-01
7.217225366329713676e-01
6.088593665871375737e-01
6.088593665871414595e-01
4.644596108942662949e-01
5.062522295032209074e-01
3.395231008651217741e-01
3.395231008651232174e-01
1.483268858376655674e-01
5.062522295032253483e-01
3.395231008651256044e-01
3.395231008651248272e-01
1.483268858376670385e-01
2.164353341933517583e-01
5.885746129520078723e-02
5.885746129519953129e-02
1.578774817109733150e-02
1.578774817109434431e-02
5.885746129519953823e-02
5.885746129520079417e-02
2.164353341933489550e-01
1.483268858376640964e-01
3.395231008651244387e-01
3.395231008651238835e-01
5.062522295032196862e-01
1.483268858376699528e-01
3.395231008651261040e-01
3.395231008651269367e-01
5.062522295032253483e-01
4.644596108942662949e-01
6.088593665871389060e-01
6.088593665871427918e-01
7.217225366329721448e-01
2.164353341933476782e-01
5.885746129519967701e-02
5.885746129519919823e-02
1.578774817109714415e-02
1.578774817109862560e-02
5.885746129520065539e-02
5.885746129520114112e-02
2.164353341933490937e-01
5.732913917037015805e-01
7.859163980254993964e-01
6.115069506704736702e-01
8.587791593191410611e-01
6.303833700299018572e-01
8.632310946835688448e-01
7.859163980254977311e-01
9.070912052214252785e-01
8.762813818434151969e-01
9.434571954834057861e-01
9.433641631898682656e-01
9.745663376621213070e-01
9.684444961708496002e-01
9.859292978995110035e-01
9.859292978995110035e-01
9.937565569499910989e-01
9.922356072262892290e-01
9.965608636612744986e-01
9.965608636612744986e-01
9.984785195924315016e-01
9.981067832135687157e-01
9.991627987763049834e-01
9.989879280203379786e-01
9.996298895453414879e-01
9.991873949864968907e-01
9.997307604182025242e-01
9.994722287275411565e-01
9.998159684662153435e-01
9.996464107099610752e-01
9.998712123480977265e-01
9.998143187969478207e-01
9.999279467047661463e-01
9.999990663867469598e-01
9.999970375799418498e-01
9.999990663867469598e-01
9.999970375799418498e-01
9.999990663867469598e-01
9.999970375799418498e-01
9.999990663867469598e-01
9.999970375799418498e-01
9.999990663867469598e-01
9.999970375799418498e-01
9.999990663867469598e-01
9.999970375799418498e-01
9.999990663867469598e-01
9.999970375799418498e-01
9.999990663867469598e-01
9.999970375799418498e-01
9.999990720883720208e-01
9.999970572220256981e-01
9.999991425424877844e-01
9.999972989407749369e-01
9.999992355778678510e-01
9.999976151712595129e-01
9.999993942119911328e-01
9.999981457617503899e-01
9.999995155903917965e-01
9.999985433138809388e-01
9.999996668706135905e-01
9.999990262713962519e-01
9.999997584940638617e-01
9.999993102748393481e-01
9.999998534581017173e-01
9.999995954964895351e-01
9.999998736491348961e-01
9.999995990795289558e-01
9.999998736491348961e-01
9.999995990795289558e-01
9.999998736491348961e-01
9.999995990795289558e-01
9.999998736491348961e-01
9.999995990795289558e-01
9.999998736491348961e-01
9.999995990795289558e-01
9.999998736491348961e-01
9.999995990795289558e-01
9.999998736491348961e-01
9.999995990795289558e-01
9.999998736491348961e-01
9.999995990795289558e-01
9.999998736491348961e-01
9.999995990795289558e-01
9.999998736491348961e-01
9.999995990795289558e-01
9.999998736491348961e-01
9.999995990795289558e-01
9.999998736491348961e-01
9.999995990795289558e-01
9.999998736491348961e-01
9.999995990795289558e-01
9.999998736491348961e-01
9.999995990795289558e-01
9.999998736491348961e-01
9.999995990795289558e-01
9.999998736491348961e-01
9.999995990795289558e-01
9.999998736491348961e-01
9.999995990795289558e-01
9.999998736491348961e-01
9.999995990795289558e-01
9.999998743279546742e-01
9.999996013942150652e-01
9.999998827640461663e-01
9.999996300709436126e-01
9.999998534581017173e-01
9.999996681632796758e-01
9.999995954964895351e-01
9.999993102748393481e-01
9.999991604339149021e-01
9.999985284323715806e-01
9.999977716890405821e-01
9.999959278251837613e-01
9.999955306019436829e-01
9.999915509689458748e-01
9.999887852838645896e-01
9.999776845220756938e-01
9.999785937234497712e-01
9.999556034273410221e-01
9.999504970994924635e-01
9.998908202905856246e-01
9.999100073500445385e-01
9.997965303223603772e-01
9.997963978648003458e-01
9.995393973083511741e-01
9.996273221517532059e-01
9.991627987763049834e-01
9.988198527011252770e-01
9.981067832135687157e-01
9.972581991627752496e-01
9.965608636612744986e-01
9.913507494843851742e-01
9.922356072262893401e-01
9.800336655029818766e-01
9.843333628455599449e-01
9.383815129628638729e-01
9.548742924238813323e-01
8.632310946835688448e-01
9.070912052214251675e-01
6.303833700299036336e-01
7.859163980254970649e-01
3.869843137846032954e-01
5.062522295032211295e-01
1.483268858376648736e-01
3.395231008651233284e-01
6.088593665871384619e-01
7.217225366329708125e-01
4.644596108942645185e-01
6.088593665871387950e-01
3.395231008651226623e-01
5.062522295032211295e-01
1.483268858376644572e-01
3.395231008651229954e-01
5.885746129520041253e-02
2.164353341933479280e-01
1.578774817109564188e-02
5.885746129519929537e-02
5.885746129519967007e-02
1.578774817109751885e-02
2.164353341933500652e-01
5.885746129520041253e-02
3.395231008651237170e-01
1.483268858376670385e-01
5.062522295032224617e-01
3.395231008651243831e-01
6.088593665871387950e-01
4.644596108942662949e-01
7.217225366329717007e-01
6.088593665871394611e-01
3.395231008651247162e-01
1.483268858376670385e-01
5.062522295032224617e-01
3.869843137846035175e-01
5.885746129520116887e-02
1.578774817109751885e-02
2.164353341933496766e-01
5.885746129520041253e-02
5.885746129519892761e-02
2.164353341933475949e-01
1.578774817109526718e-02
5.885746129519892761e-02
7.859163980254975090e-01
6.303833700299036336e-01
9.070912052214248344e-01
8.632310946835680676e-01
9.548742924238812213e-01
9.368098915545733929e-01
9.796450814265197371e-01
9.368098915545733929e-01
9.796450814265197371e-01
9.368098915545733929e-01
9.796450814265197371e-01
9.368098915545733929e-01
9.796450814265197371e-01
9.368098915545733929e-01
9.796450814265197371e-01
9.368098915545733929e-01
9.796450814265197371e-01
9.368098915545733929e-01
9.796450814265197371e-01
9.368098915545733929e-01
9.796450814265197371e-01
9.368098915545733929e-01
9.796450814265197371e-01
9.368098915545733929e-01
9.796450814265197371e-01
9.368098915545733929e-01
9.796450814265197371e-01
9.368098915545733929e-01
9.745663376621213070e-01
9.368098915545733929e-01
9.434571954834057861e-01
8.762813818434165292e-01
9.070912052214251675e-01
7.859163980254983972e-01
8.632310946835681786e-01
6.303833700299042997e-01
8.587791593191405060e-01
6.115069506704736702e-01
7.859163980254979531e-01
5.732913917037026907e-01
7.217225366329721448e-01
6.088593665871413485e-01
6.088593665871404603e-01
4.644596108942675161e-01
5.062522295032231279e-01
3.395231008651256044e-01
3.395231008651244387e-01
1.483268858376670385e-01
5.062522295032219066e-01
3.395231008651256044e-01
3.395231008651229399e-01
1.483268858376670385e-01
2.164353341933489272e-01
5.885746129520078723e-02
5.885746129519953129e-02
1.578774817109733150e-02
1.578774817109733844e-02
5.885746129519953823e-02
5.885746129520079417e-02
2.164353341933489550e-01
1.483268858376655674e-01
3.395231008651244387e-01
3.395231008651217741e-01
5.062522295032196862e-01
1.483268858376670385e-01
3.395231008651229399e-01
3.395231008651242166e-01
5.062522295032231279e-01
4.644596108942639079e-01
6.088593665871375737e-01
6.088593665871395721e-01
7.217225366329713676e-01
2.164353341933462072e-01
5.885746129520004477e-02
5.885746129519979497e-02
1.578774817109620740e-02
1.578774817109768885e-02
5.885746129519980191e-02
5.885746129519855291e-02
2.164353341933476227e-01
5.732913917037026907e-01
7.859163980254982862e-01
7.859163980254975090e-01
8.993690273367016541e-01
8.762813818434165292e-01
9.433641631898685986e-01
9.368098915545733929e-01
9.745663376621211960e-01
9.383815129628637619e-01
9.800336655029818766e-01
9.548742924238814433e-01
9.843333628455599449e-01
9.702562471856568393e-01
9.887951209424973298e-01
9.859292978995110035e-01
9.940197057058456354e-01
9.922356072262893401e-01
9.965640896482169664e-01
9.965608636612744986e-01
9.984785195924315016e-01
9.981067832135687157e-01
9.991627987763049834e-01
9.991627987763049834e-01
9.996298895453414879e-01
9.995393973083511741e-01
9.997963978648003458e-01
9.997963978648003458e-01
9.999100073500445385e-01
9.998809564578693410e-01
9.999504970994924635e-01
9.999160905104490515e-01
9.999717039166808874e-01
9.999396789284485942e-01
9.999790128292275204e-01
9.999648696131210324e-01
9.999871810205287481e-01
9.999931014998729717e-01
9.999781107191517693e-01
9.999931014998729717e-01
9.999781107191517693e-01
9.999931014998729717e-01
9.999781107191517693e-01
9.999931014998729717e-01
9.999781107191517693e-01
9.999931014998729717e-01
9.999781107191517693e-01
9.999931014998729717e-01
9.999781107191517693e-01
9.999931014998729717e-01
9.999781107191517693e-01
9.999931014998729717e-01
9.999781107191517693e-01
9.999931503012394751e-01
9.999782811492549106e-01
9.999937487532529756e-01
9.999803592878410141e-01
9.999945254817683704e-01
9.999830220836793959e-01
9.999958110537795486e-01
9.999873339585518828e-01
9.999967573834009915e-01
9.999904197498612479e-01
9.999978826877878868e-01
9.999939679042129104e-01
9.999985284323715806e-01
9.999959278251837613e-01
9.999990663867469598e-01
9.999970375799418498e-01
9.999990663867469598e-01
9.999970375799418498e-01
9.999990663867469598e-01
9.999970375799418498e-01
9.999990663867469598e-01
9.999970375799418498e-01
9.999990663867469598e-01
9.999970375799418498e-01
9.999990663867469598e-01
9.999970375799418498e-01
9.999990663867469598e-01
9.999970375799418498e-01
9.999990663867469598e-01
9.999970375799418498e-01
9.999990663867469598e-01
9.999970375799418498e-01
9.999990663867469598e-01
9.999970375799418498e-01
9.999990663867469598e-01
9.999970375799418498e-01
9.999990663867469598e-01
9.999970375799418498e-01
9.999990663867469598e-01
9.999970375799418498e-01
9.999990663867469598e-01
9.999970375799418498e-01
9.999990663867469598e-01
9.999970375799418498e-01
9.999990663867469598e-01
9.999970375799418498e-01
9.999990663867469598e-01
9.999970375799418498e-01
9.999990663867469598e-01
9.999970375799418498e-01
9.999990663867469598e-01
9.999970375799418498e-01
9.999990720883720208e-01
9.999970572220256981e-01
9.999991425424877844e-01
9.999972989407749369e-01
9.999992355778678510e-01
9.999976151712595129e-01
9.999990262713962519e-01
9.999981457617503899e-01
9.999978826877878868e-01
9.999967573834009915e-01
9.999939679042129104e-01
9.999904197498612479e-01
9.999871810205287481e-01
9.999790128292275204e-01
9.999648696131210324e-01
9.999396789284485942e-01
9.999279467047661463e-01
9.998712123480977265e-01
9.998143187969478207e-01
9.996464107099610752e-01
9.996404806325468462e-01
9.992777990451333636e-01
9.991627987763049834e-01
9.981733348971204567e-01
9.984785195924316126e-01
9.965640896482169664e-01
9.965608636612744986e-01
9.922356072262893401e-01
9.937565569499912099e-01
9.859292978995111145e-01
9.859292978995110035e-01
9.684444961708499333e-01
9.745663376621214180e-01
9.433641631898688207e-01
9.433641631898691537e-01
8.762813818434166402e-01
8.993690273367024313e-01
7.859163980254989523e-01
7.859163980254977311e-01
5.732913917037028018e-01
7.217225366329717007e-01
6.088593665871392391e-01
6.088593665871394611e-01
4.644596108942659063e-01
5.062522295032212405e-01
3.395231008651244387e-01
3.395231008651243831e-01
1.483268858376666499e-01
5.062522295032222397e-01
3.395231008651240501e-01
3.395231008651240501e-01
1.483268858376662891e-01
2.164353341933479280e-01
5.885746129520041253e-02
5.885746129520041253e-02
1.578774817109714415e-02
1.578774817109751191e-02
5.885746129519967701e-02
5.885746129519929537e-02
2.164353341933482611e-01
1.483268858376652066e-01
3.395231008651237170e-01
3.869843137846030734e-01
5.062522295032214625e-01
3.395231008651233284e-01
1.483268858376670385e-01
5.062522295032224617e-01
3.395231008651247162e-01
1.578774817109601658e-02
5.885746129519967701e-02
5.885746129519929537e-02
2.164353341933482611e-01
5.885746129519967007e-02
1.578774817109751885e-02
2.164353341933496766e-01
5.885746129520041253e-02
2.164353341933489827e-01
5.885746129520004477e-02
5.885746129520078723e-02
1.578774817109676945e-02
5.885746129520041253e-02
2.164353341933475949e-01
1.578774817109526718e-02
5.885746129519892761e-02
6.303833700299029674e-01
5.732913917037026907e-01
8.587791593191410611e-01
6.115069506704750024e-01
8.587791593191416162e-01
6.115069506704750024e-01
8.587791593191410611e-01
6.115069506704750024e-01
8.587791593191416162e-01
6.115069506704750024e-01
8.587791593191410611e-01
6.115069506704750024e-01
8.587791593191416162e-01
6.115069506704750024e-01
8.587791593191410611e-01
6.115069506704750024e-01
8.587791593191416162e-01
6.115069506704750024e-01
8.587791593191410611e-01
6.115069506704750024e-01
8.587791593191416162e-01
6.115069506704750024e-01
8.587791593191410611e-01
6.115069506704750024e-01
8.587791593191416162e-01
6.115069506704750024e-01
8.587791593191410611e-01
6.115069506704750024e-01
8.587791593191416162e-01
6.115069506704750024e-01
7.859163980254983972e-01
5.732913917037031348e-01
7.217225366329721448e-01
6.088593665871409044e-01
6.088593665871390170e-01
4.644596108942662949e-01
5.062522295032219066e-01
3.395231008651259930e-01
3.395231008651237170e-01
1.483268858376670385e-01
5.062522295032219066e-01
3.395231008651237170e-01
3.869843137846039061e-01
1.483268858376655674e-01
2.164353341933475949e-01
5.885746129520041253e-02
5.885746129520041253e-02
1.578774817109676945e-02
1.578774817109826131e-02
5.885746129520041253e-02
5.885746129520041253e-02
2.164353341933489827e-01
3.750935731918240701e-01
1.052709588514991884e-01
3.750935731918240701e-01
1.052709588514991884e-01
3.750935731918240701e-01
1.052709588514991884e-01
3.395231008651244387e-01
1.052709588514991884e-01
1.052709588514991884e-01
3.750935731918222382e-01
1.052709588514971067e-01
3.750935731918222382e-01
1.052709588514991884e-01
3.395231008651237170e-01
1.052709588514971067e-01
3.750935731918222382e-01
1.483268858376684818e-01
3.869843137846026848e-01
3.395231008651256044e-01
5.062522295032231279e-01
1.483268858376670662e-01
3.395231008651244387e-01
3.395231008651256044e-01
5.062522295032231279e-01
4.644596108942686263e-01
6.088593665871404603e-01
6.088593665871413485e-01
7.217225366329728109e-01
2.164353341933489272e-01
5.885746129520078723e-02
5.885746129519953129e-02
1.578774817109733150e-02
1.578774817109733844e-02
5.885746129519953823e-02
5.885746129520079417e-02
2.164353341933489550e-01
5.732913917037015805e-01
7.859163980254985082e-01
7.859163980254972870e-01
8.993690273367016541e-01
8.762813818434158630e-01
9.433641631898685986e-01
9.433641631898688207e-01
9.745663376621211960e-01
9.684444961708497113e-01
9.859292978995110035e-01
9.859292978995110035e-01
9.937565569499910989e-01
9.913507494843850631e-01
9.965608636612744986e-01
9.929714621204553948e-01
9.976930980827185547e-01
9.947456856728712493e-01
9.981948113804459677e-01
9.969866737887760344e-01
9.988802689801834500e-01
9.981733348971204567e-01
9.992777990451333636e-01
9.991627987763049834e-01
9.996404806325468462e-01
9.995393973083511741e-01
9.997965303223603772e-01
9.997963978648003458e-01
9.999100073500445385e-01
9.998880002549208612e-01
9.999504970994924635e-01
9.999504970994924635e-01
9.999781205356715885e-01
9.999727698335583170e-01
9.999879647910164815e-01
9.999873339585518828e-01
9.999946806920368969e-01
9.999904197498612479e-01
9.999967573834009915e-01
9.999939679042129104e-01
9.999978826877878868e-01
9.999490277188621823e-01
9.998382701849535259e-01
9.999490277188621823e-01
9.998382701849535259e-01
9.999490277188621823e-01
9.998382701849535259e-01
9.999490277188621823e-01
9.998382701849535259e-01
9.999490277188621823e-01
9.998382701849535259e-01
9.999490277188621823e-01
9.998382701849535259e-01
9.999490277188621823e-01
9.998382701849535259e-01
9.999490277188621823e-01
9.998382701849535259e-01
9.999494561416468752e-01
9.998397950784505550e-01
9.999546540850393628e-01
9.998581422004928498e-01
9.999612399165697108e-01
9.998809564578693410e-01
9.999717039166808874e-01
9.999160905104490515e-01
9.999790128292275204e-01
9.999396789284485942e-01
9.999871810205287481e-01
9.999648696131210324e-01
9.999915509689458748e-01
9.999776845220756938e-01
9.999931014998729717e-01
9.999781107191517693e-01
9.999931014998729717e-01
9.999781107191517693e-01
9.999931014998729717e-01
9.999781107191517693e-01
9.999931014998729717e-01
9.999781107191517693e-01
9.999931014998729717e-01
9.999781107191517693e-01
9.999931014998729717e-01
9.999781107191517693e-01
9.999931014998729717e-01
9.999781107191517693e-01
9.999931014998729717e-01
9.999781107191517693e-01
9.999931014998729717e-01
9.999781107191517693e-01
9.999931014998729717e-01
9.999781107191517693e-01
9.999931014998729717e-01
9.999781107191517693e-01
9.999931014998729717e-01
9.999781107191517693e-01
9.999931014998729717e-01
9.999781107191517693e-01
9.999931014998729717e-01
9.999781107191517693e-01
9.999931014998729717e-01
9.999781107191517693e-01
9.999931014998729717e-01
9.999781107191517693e-01
9.999931014998729717e-01
9.999781107191517693e-01
9.999931014998729717e-01
9.999781107191517693e-01
9.999931014998729717e-01
9.999781107191517693e-01
9.999931503012394751e-01
9.999782811492549106e-01
9.999937487532529756e-01
9.999803592878410141e-01
9.999945254817683704e-01
9.999830220836793959e-01
9.999958110537795486e-01
9.999873339585518828e-01
9.999946806920368969e-01
9.999879707795943373e-01
9.999873339585518828e-01
9.999727698335583170e-01
9.999717039166808874e-01
9.999504970994924635e-01
9.999160905104490515e-01
9.998809564578693410e-01
9.998159684662153435e-01
9.997307604182025242e-01
9.994722287275411565e-01
9.991873949864968907e-01
9.988802689801834500e-01
9.981948113804459677e-01
9.969866737887760344e-01
9.947456856728712493e-01
9.940197057058456354e-01
9.887951209424974408e-01
9.859292978995111145e-01
9.702562471856567283e-01
9.745663376621214180e-01
9.434571954834058971e-01
9.433641631898691537e-01
8.762813818434163071e-01
8.993690273367022092e-01
7.859163980254988413e-01
7.859163980254986193e-01
5.732913917037024687e-01
7.217225366329738101e-01
6.088593665871396832e-01
6.088593665871429028e-01
4.644596108942669610e-01
5.062522295032222397e-01
3.395231008651258264e-01
3.395231008651253268e-01
1.483268858376664556e-01
5.062522295032263475e-01
3.395231008651252713e-01
3.395231008651274363e-01
1.483268858376670385e-01
2.164353341933503427e-01
5.885746129520191133e-02
5.885746129520122438e-02
1.578774817109733150e-02
1.578774817109582923e-02
5.885746129519846964e-02
5.885746129519912190e-02
2.164353341933489550e-01
1.483268858376650123e-01
3.395231008651228288e-01
3.395231008651234395e-01
5.062522295032211295e-01
1.483268858376637078e-01
3.395231008651243276e-01
3.395231008651219962e-01
5.062522295032224617e-01
4.644596108942654067e-01
6.088593665871380178e-01
6.088593665871395721e-01
7.217225366329714786e-01
2.164353341933517305e-01
5.885746129519999620e-02
5.885746129520291747e-02
1.578774817109686313e-02
1.578774817109422635e-02
5.885746129519995457e-02
5.885746129519760922e-02
2.164353341933490105e-01
3.395231008651210525e-01
5.062522295032219066e-01
1.483268858376633748e-01
3.395231008651239391e-01
6.088593665871387950e-01
7.217225366329703684e-01
4.644596108942651291e-01
6.088593665871387950e-01
3.395231008651231619e-01
5.062522295032196862e-01
1.483268858376648736e-01
3.869843137846024628e-01
5.885746129519688064e-02
2.164353341933486774e-01
1.578774817109349082e-02
5.885746129519971864e-02
5.885746129520309095e-02
1.578774817109723783e-02
2.164353341933518693e-01
5.885746129520059988e-02
3.395231008651272697e-01
1.052709588514991884e-01
3.750935731918276783e-01
1.052709588514991884e-01
3.750935731918276783e-01
1.052709588514991884e-01
3.750935731918276783e-01
1.052709588514991884e-01
1.052709588514971067e-01
3.750935731918204064e-01
1.052709588514971067e-01
3.750935731918222382e-01
1.052709588514971067e-01
3.750935731918204064e-01
1.052709588514971067e-01
3.750935731918222382e-01
3.750935731918276783e-01
1.052709588514991884e-01
3.750935731918276783e-01
1.052709588514991884e-01
3.750935731918276783e-01
1.052709588514991884e-01
3.750935731918276783e-01
1.052709588514991884e-01
1.052709588514971067e-01
3.750935731918204064e-01
1.052709588514971067e-01
3.750935731918222382e-01
1.052709588514971067e-01
3.750935731918204064e-01
1.052709588514971067e-01
3.750935731918222382e-01
3.750935731918276783e-01
1.052709588514991884e-01
3.750935731918276783e-01
1.052709588514991884e-01
3.750935731918276783e-01
1.052709588514991884e-01
3.750935731918276783e-01
1.052709588514991884e-01
1.052709588514971067e-01
3.750935731918204064e-01
1.052709588514971067e-01
3.750935731918222382e-01
1.052709588514971067e-01
3.750935731918204064e-01
1.052709588514971067e-01
3.750935731918222382e-01
3.750935731918276783e-01
1.052709588514991884e-01
3.750935731918276783e-01
1.052709588514991884e-01
3.750935731918276783e-01
1.052709588514991884e-01
3.750935731918276783e-01
1.052709588514991884e-01
1.052709588514971067e-01
3.750935731918204064e-01
1.052709588514971067e-01
3.750935731918222382e-01
1.052709588514971067e-01
3.750935731918204064e-01
1.052709588514971067e-01
3.750935731918222382e-01
3.750935731918276783e-01
1.052709588514991884e-01
3.750935731918276783e-01
1.052709588514991884e-01
3.750935731918276783e-01
1.052709588514991884e-01
3.750935731918276783e-01
1.052709588514991884e-01
1.052709588514971067e-01
3.750935731918204064e-01
1.052709588514971067e-01
3.750935731918222382e-01
1.052709588514971067e-01
3.750935731918204064e-01
1.052709588514971067e-01
3.750935731918222382e-01
3.750935731918276783e-01
1.052709588514991884e-01
3.750935731918276783e-01
1.052709588514991884e-01
3.750935731918276783e-01
1.052709588514991884e-01
3.750935731918276783e-01
1.052709588514991884e-01
1.052709588514971067e-01
3.750935731918204064e-01
1.052709588514971067e-01
3.750935731918222382e-01
1.052709588514971067e-01
3.750935731918204064e-01
1.052709588514971067e-01
3.750935731918222382e-01
3.750935731918276783e-01
1.052709588514991884e-01
3.750935731918276783e-01
1.052709588514991884e-01
3.750935731918276783e-01
1.052709588514991884e-01
3.750935731918276783e-01
1.052709588514991884e-01
1.052709588514971067e-01
3.750935731918204064e-01
1.052709588514971067e-01
3.750935731918222382e-01
1.052709588514971067e-01
3.750935731918204064e-01
1.052709588514971067e-01
3.750935731918222382e-01
3.750935731918276783e-01
1.052709588514991884e-01
3.750935731918276783e-01
1.052709588514991884e-01
3.750935731918276783e-01
1.052709588514991884e-01
3.395231008651267701e-01
1.052709588514991884e-01
1.052709588514971067e-01
3.750935731918204064e-01
1.052709588514971067e-01
3.395231008651244387e-01
1.052709588514971067e-01
3.750935731918204064e-01
1.052709588514971067e-01
3.750935731918222382e-01
1.483268858376640964e-01
3.395231008651253823e-01
3.395231008651223292e-01
5.062522295032231279e-01
3.395231008651258264e-01
1.483268858376684818e-01
5.062522295032231279e-01
3.869843137846044057e-01
1.578774817109554821e-02
5.885746129519994069e-02
5.885746129519911496e-02
2.164353341933496766e-01
5.885746129520251502e-02
1.578774817109883030e-02
2.164353341933517583e-01
5.885746129520078723e-02
2.164353341933510921e-01
5.885746129520059988e-02
5.885746129520148112e-02
1.578774817109705048e-02
5.885746129519931619e-02
2.164353341933475117e-01
1.578774817109434431e-02
5.885746129519953823e-02
5.732913917037006923e-01
6.303833700299035225e-01
6.115069506704708946e-01
8.587791593191405060e-01
6.303833700299021903e-01
8.632310946835677345e-01
7.859163980254988413e-01
9.070912052214255006e-01
8.762813818434166402e-01
9.434571954834061192e-01
9.433641631898687097e-01
9.745663376621214180e-01
9.684444961708497113e-01
9.859292978995111145e-01
9.859292978995110035e-01
9.937565569499910989e-01
9.922356072262893401e-01
9.965608636612744986e-01
9.965608636612744986e-01
9.984785195924315016e-01
9.981067832135687157e-01
9.991627987763049834e-01
9.989879280203379786e-01
9.996298895453414879e-01
9.991873949864968907e-01
9.997307604182025242e-01
9.994722287275411565e-01
9.998159684662153435e-01
9.996464107099610752e-01
9.998712123480977265e-01
9.998143187969478207e-01
9.999279467047661463e-01
9.998908202905856246e-01
9.999556034273410221e-01
9.999504970994924635e-01
9.999785937234497712e-01
9.999727698335583170e-01
9.999879707795943373e-01
9.999879647910164815e-01
9.999946806920368969e-01
9.999933798226354753e-01
9.999970740259670476e-01
9.999970740259670476e-01
9.999987067846152211e-01
9.999983905200654499e-01
9.999992886459603270e-01
9.999990262713962519e-01
9.999996668706135905e-01
9.996234242739046039e-01
9.988055864180434007e-01
9.996234242739046039e-01
9.988055864180434007e-01
9.996234242739046039e-01
9.988055864180434007e-01
9.996234242739046039e-01
9.988055864180434007e-01
9.996234242739046039e-01
9.988055864180434007e-01
9.996234242739046039e-01
9.988055864180434007e-01
9.996234242739046039e-01
9.988055864180434007e-01
9.996234242739046039e-01
9.988055864180434007e-01
9.996273221517532059e-01
9.988198527011252770e-01
9.996738637715687492e-01
9.989879280203379786e-01
9.997307604182025242e-01
9.991873949864968907e-01
9.998159684662153435e-01
9.994722287275411565e-01
9.998712123480977265e-01
9.996464107099610752e-01
9.999279467047661463e-01
9.998143187969478207e-01
9.999490277188621823e-01
9.998382701849535259e-01
9.999490277188621823e-01
9.998382701849535259e-01
9.999490277188621823e-01
9.998382701849535259e-01
9.999490277188621823e-01
9.998382701849535259e-01
9.999490277188621823e-01
9.998382701849535259e-01
9.999490277188621823e-01
9.998382701849535259e-01
9.999490277188621823e-01
9.998382701849535259e-01
9.999490277188621823e-01
9.998382701849535259e-01
9.999490277188621823e-01
9.998382701849535259e-01
9.999490277188621823e-01
9.998382701849535259e-01
9.999490277188621823e-01
9.998382701849535259e-01
9.999490277188621823e-01
9.998382701849535259e-01
9.999490277188621823e-01
9.998382701849535259e-01
9.999490277188621823e-01
9.998382701849535259e-01
9.999490277188621823e-01
9.998382701849535259e-01
9.999490277188621823e-01
9.998382701849535259e-01
9.999490277188621823e-01
9.998382701849535259e-01
9.999490277188621823e-01
9.998382701849535259e-01
9.999490277188621823e-01
9.998382701849535259e-01
9.999490277188621823e-01
9.998382701849535259e-01
9.999494561416468752e-01
9.998397950784505550e-01
9.999546540850393628e-01
9.998581422004928498e-01
9.999612399165697108e-01
9.998809564578693410e-01
9.999717039166808874e-01
9.999160905104490515e-01
9.999785937234497712e-01
9.999396789284485942e-01
9.999504970994924635e-01
9.998908202905856246e-01
9.999100073500445385e-01
9.997965303223603772e-01
9.997963978648003458e-01
9.995393973083511741e-01
9.996298895453414879e-01
9.991627987763049834e-01
9.989879280203379786e-01
9.981067832135687157e-01
9.976930980827185547e-01
9.965608636612744986e-01
9.929714621204553948e-01
9.913507494843851742e-01
9.843333628455599449e-01
9.800336655029818766e-01
9.548742924238813323e-01
9.383815129628635399e-01
9.070912052214250565e-01
8.632310946835680676e-01
7.859163980254986193e-01
6.303833700299035225e-01
7.217225366329723668e-01
6.088593665871392391e-01
6.088593665871405713e-01
4.644596108942659063e-01
5.062522295032211295e-01
3.869843137846031844e-01
3.395231008651246052e-01
1.483268858376665666e-01
5.062522295032234609e-01
3.395231008651241056e-01
3.395231008651254379e-01
1.483268858376664556e-01
2.164353341933480113e-01
5.885746129520037090e-02
5.885746129520087744e-02
1.578774817109723783e-02
1.578774817109723089e-02
5.885746129519948966e-02
5.885746129519892761e-02
2.164353341933481223e-01
1.483268858376666499e-01
3.395231008651232729e-01
3.395231008651232174e-01
5.062522295032212405e-01
1.483268858376657617e-01
3.395231008651249383e-01
3.395231008651240501e-01
5.062522295032242381e-01
4.644596108942669610e-01
6.088593665871394611e-01
6.088593665871405713e-01
7.217225366329724778e-01
2.164353341933502872e-01
5.885746129520023212e-02
5.885746129520123132e-02
1.578774817109686313e-02
1.578774817109554821e-02
5.885746129519995457e-02
5.885746129519872638e-02
2.164353341933488439e-01
5.732913917037020246e-01
7.859163980254986193e-01
7.859163980254966209e-01
8.993690273367017651e-01
7.859163980254970649e-01
9.070912052214248344e-01
6.303833700299015241e-01
8.632310946835681786e-01
6.115069506704723379e-01
8.587791593191405060e-01
6.115069506704708946e-01
8.587791593191405060e-01
6.115069506704723379e-01
8.587791593191405060e-01
6.115069506704708946e-01
8.587791593191405060e-01
6.115069506704723379e-01
8.587791593191405060e-01
6.115069506704708946e-01
8.587791593191405060e-01
6.115069506704723379e-01
8.587791593191405060e-01
6.115069506704708946e-01
8.587791593191405060e-01
6.115069506704723379e-01
8.587791593191405060e-01
6.115069506704708946e-01
8.587791593191405060e-01
6.115069506704723379e-01
8.587791593191405060e-01
6.115069506704708946e-01
8.587791593191405060e-01
6.115069506704723379e-01
8.587791593191405060e-01
6.115069506704708946e-01
6.303833700299030784e-01
5.410665712940470051e-01
6.088593665871390170e-01
5.410665712940470051e-01
4.644596108942651291e-01
5.062522295032209074e-01
3.869843137846026848e-01
3.395231008651237170e-01
1.483268858376655674e-01
5.062522295032231279e-01
3.395231008651237170e-01
3.395231008651253823e-01
1.483268858376670385e-01
2.164353341933475949e-01
5.885746129520041253e-02
5.885746129520041253e-02
1.578774817109676945e-02
1.578774817109676598e-02
5.885746129520041253e-02
5.885746129520041253e-02
2.164353341933475949e-01
1.483268858376684818e-01
3.395231008651237170e-01
3.395231008651259375e-01
5.062522295032231279e-01
1.483268858376655674e-01
3.395231008651253823e-01
3.869843137846039061e-01
5.062522295032231279e-01
4.644596108942681267e-01
6.088593665871406824e-01
6.088593665871402383e-01
7.217225366329724778e-01
2.164353341933496488e-01
5.885746129520059988e-02
5.885746129519998232e-02
1.578774817109705048e-02
1.578774817109704701e-02
5.885746129519994069e-02
5.885746129520059988e-02
2.164353341933496766e-01
6.303833700299039666e-01
7.859163980254972870e-01
8.632310946835676235e-01
9.070912052214242793e-01
9.383815129628632068e-01
9.548742924238808882e-01
9.548742924238813323e-01
9.843333628455599449e-01
9.702562471856569504e-01
9.887951209424974408e-01
9.859292978995111145e-01
9.940197057058456354e-01
9.922356072262894511e-01
9.965640896482169664e-01
9.965608636612744986e-01
9.984785195924316126e-01
9.981067832135687157e-01
9.991627987763049834e-01
9.991627987763049834e-01
9.996298895453414879e-01
9.995393973083511741e-01
9.997963978648003458e-01
9.997963978648003458e-01
9.999100073500445385e-01
9.998809564578693410e-01
9.999504970994924635e-01
9.999160905104490515e-01
9.999717039166808874e-01
9.999396789284485942e-01
9.999790128292275204e-01
9.999648696131210324e-01
9.999871810205287481e-01
9.999776845220756938e-01
9.999915509689458748e-01
9.999887852838645896e-01
9.999955306019436829e-01
9.999935095905001514e-01
9.999973154551362597e-01
9.999970740259670476e-01
9.999987292586431931e-01
9.999983905200654499e-01
9.999992889325177714e-01
9.999992886459603270e-01
9.999996855975449295e-01
9.999996087082558827e-01
9.999998270578822623e-01
9.999998270578822623e-01
9.999999235634926542e-01
9.972208041561813063e-01
9.912079578454149331e-01
9.972208041561813063e-01
9.912079578454149331e-01
9.972208041561813063e-01
9.912079578454149331e-01
9.972208041561813063e-01
9.912079578454149331e-01
9.972208041561813063e-01
9.912079578454149331e-01
9.972208041561813063e-01
9.912079578454149331e-01
9.972208041561813063e-01
9.912079578454149331e-01
9.972208041561813063e-01
9.912079578454149331e-01
9.972581991627752496e-01
9.913507494843851742e-01
9.976930980827185547e-01
9.929714621204553948e-01
9.981948113804459677e-01
9.947456856728712493e-01
9.988802689801834500e-01
9.969866737887760344e-01
9.992777990451333636e-01
9.981733348971204567e-01
9.996234242739046039e-01
9.988055864180434007e-01
9.996234242739046039e-01
9.988055864180434007e-01
9.996234242739046039e-01
9.988055864180434007e-01
9.996234242739046039e-01
9.988055864180434007e-01
9.996234242739046039e-01
9.988055864180434007e-01
9.996234242739046039e-01
9.988055864180434007e-01
9.996234242739046039e-01
9.988055864180434007e-01
9.996234242739046039e-01
9.988055864180434007e-01
9.996234242739046039e-01
9.988055864180434007e-01
9.996234242739046039e-01
9.988055864180434007e-01
9.996234242739046039e-01
9.988055864180434007e-01
9.996234242739046039e-01
9.988055864180434007e-01
9.996234242739046039e-01
9.988055864180434007e-01
9.996234242739046039e-01
9.988055864180434007e-01
9.996234242739046039e-01
9.988055864180434007e-01
9.996234242739046039e-01
9.988055864180434007e-01
9.996234242739046039e-01
9.988055864180434007e-01
9.996234242739046039e-01
9.988055864180434007e-01
9.996234242739046039e-01
9.988055864180434007e-01
9.996234242739046039e-01
9.988055864180434007e-01
9.996234242739046039e-01
9.988055864180434007e-01
9.996273221517532059e-01
9.988198527011252770e-01
9.996738637715687492e-01
9.989879280203379786e-01
9.997307604182025242e-01
9.991873949864968907e-01
9.998159684662153435e-01
9.994722287275411565e-01
9.998712123480977265e-01
9.996464107099610752e-01
9.998143187969478207e-01
9.996464107099610752e-01
9.996404806325468462e-01
9.992777990451333636e-01
9.991627987763049834e-01
9.981733348971204567e-01
9.984785195924315016e-01
9.965640896482169664e-01
9.965608636612744986e-01
9.922356072262894511e-01
9.937565569499912099e-01
9.859292978995111145e-01
9.859292978995111145e-01
9.684444961708500443e-01
9.745663376621213070e-01
9.433641631898691537e-01
9.368098915545730598e-01
8.762813818434163071e-01
8.587791593191402839e-01
7.859163980254977311e-01
6.115069506704727820e-01
5.732913917037020246e-01
3.750935731918227933e-01
3.750935731918227933e-01
1.052709588514985362e-01
1.052709588514985362e-01
1.052709588514985362e-01
1.052709588514985362e-01
3.395231008651228843e-01
3.750935731918229044e-01
1.052709588514985362e-01
1.052709588514985362e-01
3.750935731918229044e-01
3.750935731918229044e-01
3.750935731918227933e-01
3.395231008651241056e-01
1.052709588514985362e-01
1.052709588514985362e-01
5.732913917037015805e-01
6.115069506704733371e-01
7.859163980254980642e-01
8.587791593191412831e-01
8.762813818434165292e-01
9.368098915545735039e-01
9.433641631898690427e-01
9.745663376621213070e-01
9.548742924238812213e-01
9.843333628455598339e-01
9.383815129628635399e-01
9.800336655029817656e-01
9.368098915545731709e-01
9.796450814265196261e-01
9.368098915545731709e-01
9.796450814265196261e-01
9.368098915545731709e-01
9.796450814265196261e-01
9.368098915545731709e-01
9.796450814265196261e-01
9.368098915545731709e-01
9.796450814265196261e-01
9.368098915545731709e-01
9.796450814265196261e-01
9.368098915545731709e-01
9.796450814265196261e-01
9.368098915545731709e-01
9.796450814265196261e-01
9.368098915545731709e-01
9.796450814265196261e-01
9.368098915545731709e-01
9.796450814265196261e-01
9.368098915545731709e-01
9.796450814265196261e-01
9.368098915545731709e-01
9.548742924238809993e-01
8.632310946835677345e-01
9.070912052214243904e-01
6.303833700299015241e-01
7.859163980254967319e-01
3.869843137846022407e-01
5.062522295032209074e-01
1.483268858376640964e-01
3.395231008651223292e-01
6.088593665871380178e-01
7.217225366329707015e-01
4.644596108942639079e-01
6.088593665871380178e-01
3.395231008651223292e-01
5.062522295032209074e-01
1.483268858376640964e-01
3.395231008651244387e-01
5.885746129519892761e-02
2.164353341933475949e-01
1.578774817109377185e-02
5.885746129519892761e-02
5.885746129520190439e-02
1.578774817109676945e-02
2.164353341933504260e-01
5.885746129520041253e-02
3.395231008651263260e-01
1.483268858376670385e-01
5.062522295032253483e-01
3.395231008651256044e-01
6.088593665871414595e-01
4.644596108942675161e-01
7.217225366329728109e-01
6.088593665871403493e-01
3.395231008651258264e-01
1.483268858376670385e-01
5.062522295032231279e-01
3.869843137846044057e-01
5.885746129520251502e-02
1.578774817109733150e-02
2.164353341933517583e-01
5.885746129520078723e-02
5.885746129519931619e-02
2.164353341933489550e-01
1.578774817109434431e-02
5.885746129519953823e-02
7.859163980254979531e-01
6.303833700299030784e-01
9.070912052214246124e-01
8.632310946835672905e-01
9.548742924238811103e-01
9.383815129628629848e-01
9.843333628455599449e-01
9.800336655029818766e-01
9.929714621204553948e-01
9.913507494843851742e-01
9.969866737887760344e-01
9.972581991627752496e-01
9.981733348971204567e-01
9.988198527011252770e-01
9.991627987763049834e-01
9.996273221517532059e-01
9.995393973083511741e-01
9.997965303223603772e-01
9.997963978648003458e-01
9.999100073500445385e-01
9.998880002549208612e-01
9.999504970994924635e-01
9.999504970994924635e-01
9.999781205356715885e-01
9.999727698335583170e-01
9.999879647910164815e-01
9.999873339585518828e-01
9.999946806920368969e-01
9.999904197498612479e-01
9.999967573834009915e-01
9.999939679042129104e-01
9.999978826877878868e-01
9.999959278251837613e-01
9.999985284323715806e-01
9.999977716890405821e-01
9.999991604339149021e-01
9.999986277143955160e-01
9.999994665599430954e-01
9.999993282057200172e-01
9.999997274830578764e-01
9.999996149868504158e-01
9.999998389451028036e-01
9.999998270578822623e-01
9.999999246736768210e-01
9.999999048704147908e-01
9.999999579691021268e-01
9.999999579548742856e-01
9.999999814170054124e-01
9.796450814265198481e-01
9.368098915545733929e-01
9.796450814265198481e-01
9.368098915545733929e-01
9.796450814265198481e-01
9.368098915545733929e-01
9.796450814265198481e-01
9.368098915545733929e-01
9.796450814265198481e-01
9.368098915545733929e-01
9.796450814265198481e-01
9.368098915545733929e-01
9.796450814265198481e-01
9.368098915545733929e-01
9.796450814265198481e-01
9.368098915545733929e-01
9.800336655029819877e-01
9.383815129628637619e-01
9.843333628455600559e-01
9.548742924238813323e-01
9.887951209424974408e-01
9.702562471856568393e-01
9.940197057058456354e-01
9.859292978995111145e-01
9.965640896482169664e-01
9.912079578454149331e-01
9.972208041561813063e-01
9.912079578454149331e-01
9.972208041561813063e-01
9.912079578454149331e-01
9.972208041561813063e-01
9.912079578454149331e-01
9.972208041561813063e-01
9.912079578454149331e-01
9.972208041561813063e-01
9.912079578454149331e-01
9.972208041561813063e-01
9.912079578454149331e-01
9.972208041561813063e-01
9.912079578454149331e-01
9.972208041561813063e-01
9.912079578454149331e-01
9.972208041561813063e-01
9.912079578454149331e-01
9.972208041561813063e-01
9.912079578454149331e-01
9.972208041561813063e-01
9.912079578454149331e-01
9.972208041561813063e-01
9.912079578454149331e-01
9.972208041561813063e-01
9.912079578454149331e-01
9.972208041561813063e-01
9.912079578454149331e-01
9.972208041561813063e-01
9.912079578454149331e-01
9.972208041561813063e-01
9.912079578454149331e-01
9.972208041561813063e-01
9.912079578454149331e-01
9.972208041561813063e-01
9.912079578454149331e-01
9.972208041561813063e-01
9.912079578454149331e-01
9.972208041561813063e-01
9.912079578454149331e-01
9.972208041561813063e-01
9.912079578454149331e-01
9.972581991627752496e-01
9.913507494843851742e-01
9.976930980827185547e-01
9.929714621204553948e-01
9.981948113804459677e-01
9.947456856728712493e-01
9.988802689801834500e-01
9.969866737887760344e-01
9.992777990451333636e-01
9.981733348971204567e-01
9.992777990451333636e-01
9.981733348971204567e-01
9.988802689801834500e-01
9.969866737887760344e-01
9.969866737887760344e-01
9.947456856728712493e-01
9.940197057058456354e-01
9.887951209424974408e-01
9.859292978995112255e-01
9.702562471856568393e-01
9.745663376621215290e-01
9.434571954834060081e-01
9.433641631898692648e-01
8.762813818434166402e-01
8.993690273367025423e-01
7.859163980254986193e-01
7.859163980254989523e-01
5.732913917037024687e-01
7.217225366329728109e-01
6.088593665871401273e-01
6.088593665871397942e-01
4.644596108942665169e-01
5.062522295032245712e-01
3.395231008651254379e-01
3.395231008651268811e-01
1.483268858376680654e-01
5.062522295032234609e-01
3.395231008651244942e-01
3.395231008651246052e-01
1.483268858376665666e-01
2.164353341933515917e-01
5.885746129520173092e-02
5.885746129520287584e-02
1.578774817109845560e-02
1.578774817109398002e-02
5.885746129519837250e-02
5.885746129519722758e-02
2.164353341933473174e-01
1.483268858376636523e-01
3.395231008651228843e-01
3.395231008651214410e-01
5.062522295032211295e-01
1.483268858376636523e-01
3.395231008651232729e-01
3.869843137846028513e-01
5.062522295032212405e-01
4.644596108942635748e-01
6.088593665871386840e-01
6.088593665871375737e-01
7.217225366329709235e-01
2.164353341933508978e-01
5.885746129520041253e-02
5.885746129520092601e-02
1.578774817109723783e-02
1.578774817109423675e-02
5.885746129519948966e-02
5.885746129519892761e-02
2.164353341933480390e-01
6.303833700299035225e-01
7.859163980254977311e-01
8.632310946835687337e-01
9.070912052214253896e-01
9.383815129628638729e-01
9.548742924238814433e-01
9.800336655029818766e-01
9.843333628455599449e-01
9.913507494843851742e-01
9.929714621204553948e-01
9.913507494843850631e-01
9.972581991627752496e-01
9.912079578454148221e-01
9.972208041561813063e-01
9.912079578454148221e-01
9.972208041561813063e-01
9.912079578454148221e-01
9.972208041561813063e-01
9.912079578454148221e-01
9.972208041561813063e-01
9.912079578454148221e-01
9.972208041561813063e-01
9.912079578454148221e-01
9.972208041561813063e-01
9.912079578454148221e-01
9.972208041561813063e-01
9.912079578454148221e-01
9.972208041561813063e-01
9.912079578454148221e-01
9.972208041561813063e-01
9.912079578454148221e-01
9.969866737887760344e-01
9.887951209424972188e-01
9.940197057058455243e-01
9.702562471856565063e-01
9.859292978995110035e-01
9.434571954834052310e-01
9.745663376621211960e-01
8.762813818434148638e-01
9.368098915545733929e-01
7.859163980254960657e-01
8.587791593191410611e-01
5.732913917037006923e-01
6.115069506704750024e-01
3.395231008651215521e-01
3.750935731918258464e-01
1.052709588514971067e-01
1.052709588514991884e-01
1.052709588514991884e-01
1.052709588514991884e-01
3.750935731918240701e-01
3.750935731918240701e-01
1.052709588514991884e-01
1.052709588514991884e-01
3.750935731918240701e-01
3.750935731918240701e-01
3.750935731918240701e-01
3.750935731918258464e-01
1.052709588514971067e-01
1.052709588514991884e-01
6.115069506704736702e-01
6.115069506704723379e-01
8.587791593191399508e-01
8.587791593191393957e-01
9.368098915545728378e-01
9.368098915545726157e-01
9.796450814265198481e-01
9.796450814265197371e-01
9.912079578454149331e-01
9.912079578454149331e-01
9.972208041561813063e-01
9.972208041561813063e-01
9.988055864180434007e-01
9.988055864180434007e-01
9.996234242739046039e-01
9.996234242739046039e-01
9.998382701849535259e-01
9.998382701849535259e-01
9.999490277188621823e-01
9.999490277188621823e-01
9.999727698335583170e-01
9.999776845220756938e-01
9.999879647910164815e-01
9.999915509689458748e-01
9.999933798226354753e-01
9.999959278251837613e-01
9.999970740259670476e-01
9.999985284323715806e-01
9.999983905200654499e-01
9.999992886459603270e-01
9.999990262713962519e-01
9.999996668706135905e-01
9.999993102748393481e-01
9.999997584940638617e-01
9.999995954964895351e-01
9.999998534581017173e-01
9.999997375638561836e-01
9.999999024142449677e-01
9.999998620033095920e-01
9.999999467832911826e-01
9.999999167106028430e-01
9.999999670071419988e-01
9.999999599289925989e-01
9.999999835391562009e-01
9.999999771865104581e-01
9.999999903801199963e-01
9.999999897781260971e-01
9.999999955385234784e-01
8.587791593191410611e-01
6.115069506704736702e-01
8.587791593191410611e-01
6.115069506704736702e-01
8.587791593191410611e-01
6.115069506704736702e-01
8.587791593191410611e-01
6.115069506704736702e-01
8.587791593191410611e-01
6.115069506704736702e-01
8.587791593191410611e-01
6.115069506704736702e-01
8.587791593191410611e-01
6.115069506704736702e-01
8.587791593191410611e-01
6.115069506704736702e-01
8.632310946835686227e-01
6.303833700299042997e-01
9.070912052214250565e-01
7.859163980254972870e-01
9.434571954834057861e-01
8.762813818434161961e-01
9.745663376621214180e-01
9.368098915545731709e-01
9.796450814265197371e-01
9.368098915545731709e-01
9.796450814265197371e-01
9.368098915545731709e-01
9.796450814265197371e-01
9.368098915545731709e-01
9.796450814265197371e-01
9.368098915545731709e-01
9.796450814265197371e-01
9.368098915545731709e-01
9.796450814265197371e-01
9.368098915545731709e-01
9.796450814265197371e-01
9.368098915545731709e-01
9.796450814265197371e-01
9.368098915545731709e-01
9.796450814265197371e-01
9.368098915545731709e-01
9.796450814265197371e-01
9.368098915545731709e-01
9.796450814265197371e-01
9.368098915545731709e-01
9.796450814265197371e-01
9.368098915545731709e-01
9.796450814265197371e-01
9.368098915545731709e-01
9.796450814265197371e-01
9.368098915545731709e-01
9.796450814265197371e-01
9.368098915545731709e-01
9.796450814265197371e-01
9.368098915545731709e-01
9.796450814265197371e-01
9.368098915545731709e-01
9.796450814265197371e-01
9.368098915545731709e-01
9.796450814265197371e-01
9.368098915545731709e-01
9.796450814265197371e-01
9.368098915545731709e-01
9.796450814265197371e-01
9.368098915545731709e-01
9.796450814265197371e-01
9.368098915545731709e-01
9.800336655029818766e-01
9.383815129628635399e-01
9.843333628455599449e-01
9.548742924238812213e-01
9.887951209424973298e-01
9.702562471856566173e-01
9.940197057058456354e-01
9.859292978995110035e-01
9.965640896482169664e-01
9.912079578454149331e-01
9.965640896482169664e-01
9.912079578454149331e-01
9.940197057058456354e-01
9.859292978995110035e-01
9.887951209424973298e-01
9.702562471856567283e-01
9.843333628455599449e-01
9.548742924238812213e-01
9.548742924238815544e-01
9.383815129628635399e-01
9.070912052214255006e-01
8.632310946835690668e-01
7.859163980254986193e-01
6.303833700299056320e-01
7.217225366329728109e-01
6.088593665871409044e-01
6.088593665871401273e-01
4.644596108942664614e-01
5.062522295032240160e-01
3.869843137846061820e-01
3.395231008651251603e-01
1.483268858376672328e-01
5.062522295032223507e-01
3.395231008651241611e-01
3.395231008651246052e-01
1.483268858376665666e-01
2.164353341933496766e-01
5.885746129520041253e-02
5.885746129520097458e-02
1.578774817109733150e-02
1.578774817109582923e-02
5.885746129519929537e-02
5.885746129519882353e-02
2.164353341933480113e-01
1.483268858376650123e-01
3.395231008651232174e-01
3.395231008651227733e-01
5.062522295032211295e-01
1.483268858376650956e-01
3.395231008651232729e-01
3.395231008651231619e-01
5.062522295032211295e-01
4.644596108942647961e-01
6.088593665871386840e-01
6.088593665871383509e-01
7.217225366329709235e-01
2.164353341933495101e-01
5.885746129520041253e-02
5.885746129520097458e-02
1.578774817109733150e-02
1.578774817109578413e-02
5.885746129519939945e-02
5.885746129519888598e-02
2.164353341933480113e-01
5.732913917037015805e-01
7.859163980254975090e-01
7.859163980254975090e-01
8.993690273367016541e-01
8.762813818434161961e-01
9.433641631898688207e-01
9.434571954834058971e-01
9.745663376621214180e-01
9.702562471856568393e-01
9.859292978995111145e-01
9.887951209424974408e-01
9.940197057058456354e-01
9.947456856728712493e-01
9.969866737887760344e-01
9.981948113804459677e-01
9.988802689801834500e-01
9.988055864180434007e-01
9.994722287275411565e-01
9.988055864180434007e-01
9.996234242739046039e-01
9.988055864180434007e-01
9.996234242739046039e-01
9.988055864180434007e-01
9.996234242739046039e-01
9.988055864180434007e-01
9.996234242739046039e-01
9.988055864180434007e-01
9.996234242739046039e-01
9.988055864180434007e-01
9.996234242739046039e-01
9.988055864180434007e-01
9.996234242739046039e-01
9.988055864180434007e-01
9.996234242739046039e-01
9.981733348971204567e-01
9.988055864180434007e-01
9.965640896482169664e-01
9.972208041561813063e-01
9.912079578454149331e-01
9.912079578454149331e-01
9.796450814265197371e-01
9.796450814265197371e-01
9.368098915545731709e-01
9.368098915545733929e-01
8.587791593191410611e-01
8.587791593191410611e-01
6.115069506704750024e-01
6.115069506704750024e-01
3.750935731918240701e-01
3.750935731918258464e-01
1.052709588514971067e-01
1.052709588514991884e-01
1.052709588514991884e-01
1.052709588514991884e-01
3.750935731918240701e-01
3.750935731918240701e-01
1.052709588514991884e-01
1.052709588514991884e-01
3.750935731918240701e-01
3.750935731918240701e-01
3.750935731918240701e-01
3.750935731918258464e-01
1.052709588514971067e-01
1.052709588514991884e-01
6.115069506704736702e-01
6.115069506704723379e-01
8.587791593191399508e-01
8.587791593191393957e-01
9.368098915545728378e-01
9.368098915545726157e-01
9.796450814265198481e-01
9.796450814265197371e-01
9.912079578454149331e-01
9.912079578454149331e-01
9.972208041561813063e-01
9.965640896482169664e-01
9.988055864180434007e-01
9.981733348971204567e-01
9.996234242739046039e-01
9.992777990451333636e-01
9.998143187969478207e-01
9.996464107099610752e-01
9.999279467047661463e-01
9.998712123480977265e-01
9.999648696131210324e-01
9.999396789284485942e-01
9.999871810205287481e-01
9.999790128292275204e-01
9.999939679042129104e-01
9.999904197498612479e-01
9.999978826877878868e-01
9.999967573834009915e-01
9.999990262713962519e-01
9.999985433138809388e-01
9.999996668706135905e-01
9.999995155903917965e-01
9.999998491536610246e-01
9.999997846718832184e-01
9.999999310856922952e-01
9.999999292433745524e-01
9.999999533006159735e-01
9.999999687758311939e-01
9.999999738990675846e-01
9.999999898256001218e-01
9.999999835195009235e-01
9.999999937362148428e-01
9.999999915692875385e-01
9.999999966913767357e-01
9.999999949828145551e-01
9.999999979843507969e-01
9.999999976158452375e-01
9.999999990113770387e-01
3.750935731918240701e-01
1.052709588514991884e-01
3.750935731918240701e-01
1.052709588514991884e-01
3.750935731918240701e-01
1.052709588514991884e-01
3.750935731918240701e-01
1.052709588514991884e-01
1.052709588514971067e-01
3.750935731918222382e-01
1.052709588514971067e-01
3.750935731918222382e-01
1.052709588514971067e-01
3.750935731918222382e-01
1.052709588514971067e-01
3.750935731918222382e-01
3.750935731918240701e-01
1.052709588514991884e-01
3.750935731918240701e-01
1.052709588514991884e-01
3.750935731918240701e-01
1.052709588514991884e-01
3.750935731918240701e-01
1.052709588514991884e-01
1.052709588514971067e-01
3.750935731918222382e-01
1.052709588514971067e-01
3.750935731918222382e-01
1.052709588514971067e-01
3.750935731918222382e-01
1.052709588514971067e-01
3.750935731918222382e-01
3.750935731918240701e-01
1.052709588514991884e-01
3.750935731918240701e-01
1.052709588514991884e-01
3.750935731918240701e-01
1.052709588514991884e-01
3.750935731918240701e-01
1.052709588514991884e-01
1.052709588514971067e-01
3.750935731918222382e-01
1.052709588514971067e-01
3.750935731918222382e-01
1.052709588514971067e-01
3.750935731918222382e-01
1.052709588514971067e-01
3.750935731918222382e-01
3.750935731918240701e-01
1.052709588514991884e-01
3.750935731918240701e-01
1.052709588514991884e-01
3.750935731918240701e-01
1.052709588514991884e-01
3.750935731918240701e-01
1.052709588514991884e-01
1.052709588514971067e-01
3.750935731918222382e-01
1.052709588514971067e-01
3.395231008651237170e-01
1.052709588514971067e-01
3.750935731918222382e-01
1.052709588514971067e-01
3.750935731918222382e-01
3.869843137846034620e-01
1.483268858376670385e-01
5.062522295032196862e-01
3.395231008651237170e-01
6.088593665871380178e-01
4.644596108942639079e-01
7.217225366329713676e-01
6.088593665871390170e-01
3.395231008651223292e-01
1.483268858376640964e-01
5.062522295032219066e-01
3.395231008651237170e-01
5.885746129519892761e-02
1.578774817109676945e-02
2.164353341933489827e-01
5.885746129520041253e-02
5.885746129519892761e-02
2.164353341933504260e-01
1.578774817109826131e-02
5.885746129520041253e-02
7.859163980254983972e-01
5.732913917037026907e-01
8.587791593191410611e-01
6.115069506704736702e-01
8.587791593191410611e-01
6.115069506704736702e-01
8.587791593191410611e-01
6.115069506704736702e-01
8.587791593191410611e-01
6.115069506704736702e-01
8.587791593191410611e-01
6.115069506704736702e-01
8.587791593191410611e-01
6.115069506704736702e-01
8.587791593191410611e-01
6.115069506704736702e-01
8.587791593191410611e-01
6.115069506704736702e-01
8.587791593191410611e-01
6.115069506704736702e-01
8.587791593191410611e-01
6.115069506704736702e-01
8.587791593191410611e-01
6.115069506704736702e-01
8.587791593191410611e-01
6.115069506704736702e-01
8.587791593191410611e-01
6.115069506704736702e-01
8.587791593191410611e-01
6.115069506704736702e-01
8.587791593191410611e-01
6.115069506704736702e-01
8.587791593191410611e-01
6.115069506704736702e-01
8.587791593191410611e-01
6.115069506704736702e-01
8.587791593191410611e-01
6.115069506704736702e-01
8.587791593191410611e-01
6.115069506704736702e-01
8.587791593191410611e-01
6.115069506704736702e-01
8.587791593191410611e-01
6.115069506704736702e-01
8.587791593191410611e-01
6.115069506704736702e-01
8.587791593191410611e-01
6.115069506704736702e-01
8.632310946835687337e-01
6.303833700299039666e-01
9.070912052214251675e-01
7.859163980254975090e-01
9.434571954834056751e-01
8.762813818434158630e-01
9.745663376621213070e-01
9.368098915545733929e-01
9.796450814265198481e-01
9.368098915545733929e-01
9.796450814265198481e-01
9.368098915545733929e-01
9.745663376621213070e-01
9.368098915545733929e-01
9.434571954834057861e-01
8.762813818434160851e-01
9.070912052214252785e-01
7.859163980254977311e-01
8.632310946835687337e-01
6.303833700299041887e-01
8.587791593191410611e-01
6.115069506704736702e-01
6.115069506704754465e-01
5.732913917037031348e-01
3.750935731918256244e-01
3.750935731918258464e-01
1.052709588514994521e-01
1.052709588514994521e-01
1.052709588514984113e-01
1.052709588514984113e-01
3.395231008651241056e-01
3.750935731918227933e-01
1.052709588514984113e-01
1.052709588514984113e-01
3.750935731918227933e-01
3.750935731918227933e-01
3.750935731918256244e-01
3.395231008651256044e-01
1.052709588514994521e-01
1.052709588514994521e-01
5.732913917037010254e-01
6.115069506704727820e-01
7.859163980254970649e-01
8.587791593191402839e-01
8.762813818434156410e-01
9.368098915545729488e-01
9.433641631898684876e-01
9.745663376621211960e-01
9.684444961708498223e-01
9.859292978995110035e-01
9.859292978995111145e-01
9.937565569499912099e-01
9.922356072262893401e-01
9.965608636612744986e-01
9.965640896482169664e-01
9.984785195924315016e-01
9.981733348971204567e-01
9.991627987763049834e-01
9.992777990451333636e-01
9.996404806325468462e-01
9.996464107099610752e-01
9.998143187969478207e-01
9.998382701849535259e-01
9.999279467047661463e-01
9.998382701849535259e-01
9.999490277188621823e-01
9.998382701849535259e-01
9.999490277188621823e-01
9.998382701849535259e-01
9.999490277188621823e-01
9.998382701849535259e-01
9.999490277188621823e-01
9.998382701849535259e-01
9.999490277188621823e-01
9.998382701849535259e-01
9.998382701849535259e-01
9.996234242739046039e-01
9.996234242739046039e-01
9.988055864180434007e-01
9.988055864180434007e-01
9.972208041561813063e-01
9.972208041561813063e-01
9.912079578454149331e-01
9.912079578454149331e-01
9.796450814265197371e-01
9.796450814265197371e-01
9.368098915545731709e-01
9.368098915545733929e-01
8.587791593191410611e-01
8.587791593191410611e-01
6.115069506704750024e-01
6.115069506704750024e-01
3.750935731918240701e-01
3.750935731918258464e-01
1.052709588514971067e-01
1.052709588514991884e-01
1.052709588514991884e-01
1.052709588514991884e-01
3.750935731918240701e-01
3.750935731918240701e-01
1.052709588514991884e-01
1.052709588514991884e-01
3.750935731918240701e-01
3.395231008651249938e-01
3.750935731918240701e-01
3.750935731918258464e-01
1.052709588514971067e-01
1.052709588514991884e-01
6.115069506704736702e-01
5.732913917037015805e-01
8.587791593191399508e-01
7.859163980254967319e-01
9.368098915545728378e-01
8.762813818434155300e-01
9.745663376621214180e-01
9.434571954834057861e-01
9.859292978995111145e-01
9.702562471856569504e-01
9.940197057058456354e-01
9.887951209424974408e-01
9.969866737887760344e-01
9.947456856728712493e-01
9.988802689801834500e-01
9.981948113804459677e-01
9.994722287275411565e-01
9.991873949864968907e-01
9.998159684662153435e-01
9.997307604182025242e-01
9.999160905104490515e-01
9.998809564578693410e-01
9.999717039166808874e-01
9.999612399165697108e-01
9.999873339585518828e-01
9.999830220836793959e-01
9.999958110537795486e-01
9.999945254817683704e-01
9.999981457617503899e-01
9.999976151712595129e-01
9.999993942119911328e-01
9.999992355778678510e-01
9.999997337841265432e-01
9.999996681632796758e-01
9.999999137316133435e-01
9.999998940494677635e-01
9.999999622762317797e-01
9.999999541152484461e-01
9.999999878447469737e-01
9.999999853891954338e-01
9.999999947034019510e-01
9.999999936829394587e-01
9.999999983003570181e-01
9.999999979924005800e-01
9.999999989813341816e-01
9.999999991330622562e-01
9.999999994892579958e-01
9.999999997248794070e-01
6.115069506704723379e-01
8.587791593191399508e-01
6.115069506704736702e-01
8.587791593191405060e-01
6.115069506704723379e-01
8.587791593191399508e-01
6.115069506704736702e-01
8.587791593191405060e-01
6.115069506704723379e-01
8.587791593191399508e-01
6.115069506704736702e-01
8.587791593191405060e-01
6.115069506704723379e-01
8.587791593191399508e-01
5.732913917037026907e-01
7.859163980254978421e-01
3.395231008651249938e-01
5.062522295032209074e-01
1.483268858376684818e-01
3.395231008651237170e-01
6.088593665871409044e-01
7.217225366329707015e-01
4.644596108942686263e-01
6.088593665871390170e-01
3.395231008651263260e-01
5.062522295032231279e-01
1.483268858376670385e-01
3.869843137846026848e-01
5.885746129520191133e-02
2.164353341933475949e-01
1.578774817109526718e-02
5.885746129520041253e-02
5.885746129519892761e-02
1.578774817109676945e-02
2.164353341933518693e-01
5.885746129520041253e-02
3.395231008651249938e-01
1.052709588514991884e-01
3.750935731918240701e-01
1.052709588514991884e-01
3.750935731918240701e-01
1.052709588514991884e-01
3.750935731918240701e-01
1.052709588514991884e-01
1.052709588514991884e-01
3.750935731918222382e-01
1.052709588514991884e-01
3.750935731918222382e-01
1.052709588514991884e-01
3.750935731918222382e-01
1.052709588514991884e-01
3.750935731918222382e-01
3.750935731918240701e-01
1.052709588514991884e-01
3.750935731918240701e-01
1.052709588514991884e-01
3.750935731918240701e-01
1.052709588514991884e-01
3.750935731918240701e-01
1.052709588514991884e-01
1.052709588514991884e-01
3.750935731918222382e-01
1.052709588514991884e-01
3.750935731918222382e-01
1.052709588514991884e-01
3.750935731918222382e-01
1.052709588514991884e-01
3.750935731918222382e-01
3.750935731918240701e-01
1.052709588514991884e-01
3.750935731918240701e-01
1.052709588514991884e-01
3.750935731918240701e-01
1.052709588514991884e-01
3.750935731918240701e-01
1.052709588514991884e-01
1.052709588514991884e-01
3.750935731918222382e-01
1.052709588514991884e-01
3.750935731918222382e-01
1.052709588514991884e-01
3.750935731918222382e-01
1.052709588514991884e-01
3.750935731918222382e-01
3.750935731918240701e-01
1.052709588514991884e-01
3.750935731918240701e-01
1.052709588514991884e-01
3.750935731918240701e-01
1.052709588514991884e-01
3.750935731918240701e-01
1.052709588514991884e-01
1.052709588514991884e-01
3.750935731918222382e-01
1.052709588514991884e-01
3.750935731918222382e-01
1.052709588514991884e-01
3.750935731918222382e-01
1.052709588514991884e-01
3.750935731918222382e-01
3.750935731918240701e-01
1.052709588514991884e-01
3.750935731918240701e-01
1.052709588514991884e-01
3.750935731918240701e-01
1.052709588514991884e-01
3.750935731918240701e-01
1.052709588514991884e-01
1.052709588514991884e-01
3.750935731918222382e-01
1.052709588514991884e-01
3.750935731918222382e-01
1.052709588514991884e-01
3.750935731918222382e-01
1.052709588514991884e-01
3.750935731918222382e-01
3.750935731918240701e-01
1.052709588514991884e-01
3.750935731918240701e-01
1.052709588514991884e-01
3.750935731918240701e-01
1.052709588514991884e-01
3.750935731918240701e-01
1.052709588514991884e-01
1.052709588514991884e-01
3.750935731918222382e-01
1.052709588514991884e-01
3.750935731918222382e-01
1.052709588514991884e-01
3.750935731918222382e-01
1.052709588514991884e-01
3.750935731918222382e-01
3.750935731918240701e-01
1.052709588514991884e-01
3.750935731918240701e-01
1.052709588514991884e-01
3.750935731918240701e-01
1.052709588514991884e-01
3.750935731918240701e-01
1.052709588514991884e-01
1.052709588514991884e-01
3.750935731918222382e-01
1.052709588514991884e-01
3.750935731918222382e-01
1.052709588514991884e-01
3.750935731918222382e-01
1.052709588514991884e-01
3.750935731918222382e-01
3.750935731918240701e-01
1.052709588514991884e-01
3.750935731918240701e-01
1.052709588514991884e-01
3.750935731918240701e-01
1.052709588514991884e-01
3.750935731918240701e-01
1.052709588514991884e-01
1.052709588514991884e-01
3.750935731918222382e-01
1.052709588514991884e-01
3.750935731918222382e-01
1.052709588514991884e-01
3.750935731918222382e-01
1.052709588514991884e-01
3.750935731918222382e-01
3.750935731918240701e-01
1.052709588514991884e-01
3.750935731918240701e-01
1.052709588514991884e-01
3.750935731918240701e-01
1.052709588514991884e-01
3.750935731918240701e-01
1.052709588514991884e-01
1.052709588514991884e-01
3.750935731918222382e-01
1.052709588514991884e-01
3.750935731918222382e-01
1.052709588514991884e-01
3.750935731918222382e-01
1.052709588514991884e-01
3.750935731918222382e-01
3.750935731918240701e-01
1.052709588514991884e-01
3.750935731918240701e-01
1.052709588514991884e-01
3.750935731918240701e-01
1.052709588514991884e-01
3.750935731918240701e-01
1.052709588514991884e-01
1.052709588514991884e-01
3.750935731918222382e-01
1.052709588514991884e-01
3.750935731918222382e-01
1.052709588514991884e-01
3.750935731918222382e-01
1.052709588514991884e-01
3.750935731918222382e-01
3.750935731918240701e-01
1.052709588514991884e-01
3.750935731918240701e-01
1.052709588514991884e-01
3.750935731918240701e-01
1.052709588514991884e-01
3.750935731918240701e-01
1.052709588514991884e-01
1.052709588514991884e-01
3.750935731918222382e-01
1.052709588514991884e-01
3.750935731918222382e-01
1.052709588514991884e-01
3.750935731918222382e-01
1.052709588514991884e-01
3.750935731918222382e-01
3.750935731918240701e-01
1.052709588514991884e-01
3.750935731918240701e-01
1.052709588514991884e-01
3.750935731918240701e-01
1.052709588514991884e-01
3.750935731918240701e-01
1.052709588514991884e-01
1.052709588514991884e-01
3.750935731918222382e-01
1.052709588514991884e-01
3.395231008651237170e-01
1.052709588514991884e-01
3.750935731918222382e-01
1.052709588514991884e-01
3.750935731918222382e-01
3.869843137846039061e-01
1.483268858376662891e-01
5.062522295032214625e-01
3.395231008651237170e-01
6.088593665871390170e-01
4.644596108942651291e-01
7.217225366329713676e-01
6.088593665871390170e-01
3.395231008651223292e-01
1.483268858376655674e-01
5.062522295032209074e-01
3.395231008651240501e-01
5.885746129519892761e-02
1.578774817109676945e-02
2.164353341933468455e-01
5.885746129520041253e-02
5.885746129520116887e-02
2.164353341933482611e-01
1.578774817109751191e-02
5.885746129519967701e-02
7.859163980254971760e-01
5.732913917037022467e-01
8.587791593191405060e-01
6.115069506704736702e-01
8.587791593191410611e-01
6.115069506704750024e-01
8.587791593191405060e-01
6.115069506704736702e-01
8.587791593191410611e-01
6.115069506704750024e-01
7.859163980254969539e-01
5.732913917037015805e-01
7.217225366329717007e-01
6.088593665871394611e-01
6.088593665871397942e-01
4.644596108942659063e-01
5.062522295032214625e-01
3.395231008651247162e-01
3.395231008651233284e-01
1.483268858376666499e-01
5.062522295032224617e-01
3.395231008651243831e-01
3.869843137846043502e-01
1.483268858376666499e-01
2.164353341933482611e-01
5.885746129520041253e-02
5.885746129519967007e-02
1.578774817109751885e-02
1.578774817109714068e-02
5.885746129519929537e-02
5.885746129520004477e-02
2.164353341933479280e-01
3.750935731918240701e-01
1.052709588514991884e-01
3.750935731918240701e-01
1.052709588514991884e-01
3.750935731918240701e-01
1.052709588514991884e-01
3.395231008651253268e-01
1.052709588514991884e-01
1.052709588514991884e-01
3.750935731918222382e-01
1.052709588514991884e-01
3.750935731918222382e-01
1.052709588514991884e-01
3.395231008651229954e-01
1.052709588514991884e-01
3.750935731918222382e-01
1.483268858376672328e-01
3.869843137846026848e-01
3.395231008651253823e-01
5.062522295032229058e-01
1.483268858376650123e-01
3.395231008651239391e-01
3.869843137846027403e-01
5.062522295032211295e-01
4.644596108942669610e-01
6.088593665871402383e-01
6.088593665871396832e-01
7.217225366329717007e-01
2.164353341933503427e-01
5.885746129520078723e-02
5.885746129520122438e-02
1.578774817109733150e-02
1.578774817109582923e-02
5.885746129519953823e-02
5.885746129519912190e-02
2.164353341933489550e-01
6.303833700299031895e-01
7.859163980254970649e-01
8.632310946835680676e-01
9.070912052214248344e-01
9.383815129628634288e-01
9.548742924238809993e-01
9.800336655029817656e-01
9.843333628455598339e-01
9.913507494843850631e-01
9.929714621204553948e-01
9.965608636612744986e-01
9.976930980827185547e-01
9.981067832135687157e-01
9.989879280203379786e-01
9.991627987763049834e-01
9.996298895453414879e-01
9.995393973083511741e-01
9.997963978648003458e-01
9.997965303223603772e-01
9.999100073500445385e-01
9.998908202905856246e-01
9.999504970994924635e-01
9.999556034273410221e-01
9.999785937234497712e-01
9.999776845220756938e-01
9.999887852838645896e-01
9.999781107191517693e-01
9.999931014998729717e-01
9.999781107191517693e-01
9.999931014998729717e-01
9.999781107191517693e-01
9.999803592878410141e-01
9.999494561416468752e-01
9.999546540850393628e-01
9.998397950784505550e-01
9.998581422004928498e-01
9.996273221517532059e-01
9.996738637715687492e-01
9.988198527011252770e-01
9.989879280203379786e-01
9.972581991627752496e-01
9.976930980827185547e-01
9.913507494843851742e-01
9.929714621204553948e-01
9.800336655029818766e-01
9.843333628455599449e-01
9.383815129628635399e-01
9.548742924238814433e-01
8.632310946835687337e-01
9.070912052214250565e-01
6.303833700299055209e-01
7.859163980254983972e-01
3.869843137846039061e-01
5.062522295032231279e-01
1.483268858376640964e-01
3.395231008651237170e-01
6.088593665871400162e-01
7.217225366329721448e-01
4.644596108942651291e-01
6.088593665871390170e-01
3.395231008651237170e-01
5.062522295032209074e-01
1.483268858376655674e-01
3.395231008651223292e-01
5.885746129519743575e-02
2.164353341933475949e-01
1.578774817109377185e-02
5.885746129519892761e-02
5.885746129520190439e-02
1.578774817109676945e-02
2.164353341933504260e-01
5.885746129520191827e-02
3.395231008651249938e-01
1.483268858376670385e-01
5.062522295032231279e-01
3.395231008651249938e-01
6.088593665871400162e-01
4.644596108942662949e-01
7.217225366329707015e-01
6.088593665871371297e-01
3.395231008651237170e-01
1.483268858376670385e-01
5.062522295032196862e-01
3.869843137845991876e-01
5.885746129520041253e-02
1.578774817109826478e-02
2.164353341933489827e-01
5.885746129520041253e-02
5.885746129519892761e-02
2.164353341933475949e-01
1.578774817109526718e-02
5.885746129519892761e-02
7.859163980254971760e-01
6.303833700299018572e-01
9.070912052214253896e-01
8.632310946835687337e-01
9.548742924238815544e-01
9.383815129628640950e-01
9.843333628455599449e-01
9.800336655029818766e-01
9.929714621204553948e-01
9.913507494843851742e-01
9.976930980827185547e-01
9.972581991627752496e-01
9.989879280203379786e-01
9.988198527011252770e-01
9.996738637715687492e-01
9.996273221517530949e-01
9.998581422004928498e-01
9.998397950784505550e-01
9.999546540850393628e-01
9.999494561416468752e-01
9.999803592878410141e-01
9.999782811492549106e-01
9.999937487532529756e-01
9.999931503012394751e-01
9.999972989407749369e-01
9.999970572220256981e-01
9.999991425424877844e-01
9.999990720883720208e-01
9.999996300709436126e-01
9.999996013942150652e-01
9.999998827640461663e-01
9.999998743279546742e-01
9.999999494730583693e-01
9.999999460187072309e-01
9.999999840059173861e-01
9.999999829822733277e-01
9.999999931117384833e-01
9.999999926905702718e-01
9.999999978213712781e-01
9.999999976958250381e-01
9.999999990622091550e-01
9.999999990103515257e-01
9.999999997035777799e-01
9.999999996880438724e-01
9.368098915545728378e-01
9.796450814265196261e-01
9.368098915545728378e-01
9.796450814265196261e-01
9.368098915545728378e-01
9.796450814265196261e-01
9.368098915545728378e-01
9.796450814265196261e-01
9.368098915545728378e-01
9.796450814265196261e-01
9.368098915545728378e-01
9.796450814265196261e-01
9.368098915545728378e-01
9.745663376621213070e-01
8.762813818434158630e-01
9.434571954834056751e-01
7.859163980254978421e-01
9.070912052214247234e-01
6.303833700299030784e-01
8.632310946835682897e-01
6.115069506704723379e-01
8.587791593191405060e-01
6.115069506704723379e-01
8.587791593191405060e-01
6.115069506704723379e-01
8.587791593191405060e-01
6.115069506704723379e-01
8.587791593191405060e-01
6.115069506704723379e-01
8.587791593191405060e-01
6.115069506704723379e-01
8.587791593191405060e-01
6.115069506704723379e-01
8.587791593191405060e-01
6.115069506704723379e-01
8.587791593191405060e-01
6.115069506704723379e-01
8.587791593191405060e-01
6.115069506704723379e-01
8.587791593191405060e-01
6.115069506704723379e-01
8.587791593191405060e-01
6.115069506704723379e-01
8.587791593191405060e-01
6.115069506704723379e-01
8.587791593191405060e-01
6.115069506704723379e-01
8.587791593191405060e-01
6.115069506704723379e-01
8.587791593191405060e-01
6.115069506704723379e-01
8.587791593191405060e-01
6.115069506704723379e-01
8.587791593191405060e-01
6.115069506704723379e-01
8.587791593191405060e-01
6.115069506704723379e-01
8.587791593191405060e-01
6.115069506704723379e-01
8.587791593191405060e-01
6.115069506704723379e-01
8.587791593191405060e-01
6.115069506704723379e-01
8.587791593191405060e-01
6.115069506704723379e-01
8.587791593191405060e-01
5.732913917037015805e-01
7.859163980254977311e-01
3.395231008651237170e-01
5.062522295032224617e-01
1.483268858376677601e-01
3.395231008651246607e-01
6.088593665871402383e-01
7.217225366329714786e-01
4.644596108942669055e-01
6.088593665871392391e-01
3.395231008651247162e-01
5.062522295032219066e-01
1.483268858376662891e-01
3.869843137846026848e-01
5.885746129519872638e-02
2.164353341933497599e-01
1.578774817109722048e-02
5.885746129520083580e-02
5.885746129520086356e-02
1.578774817109648843e-02
2.164353341933482888e-01
5.885746129520023212e-02
3.395231008651253268e-01
1.052709588514991884e-01
3.750935731918240701e-01
1.052709588514991884e-01
3.750935731918258464e-01
1.052709588514991884e-01
3.750935731918240701e-01
1.052709588514991884e-01
1.052709588514981476e-01
3.750935731918222382e-01
1.052709588514981476e-01
3.750935731918222382e-01
1.052709588514981476e-01
3.750935731918222382e-01
1.052709588514981476e-01
3.750935731918222382e-01
3.750935731918258464e-01
1.052709588514991884e-01
3.750935731918240701e-01
1.052709588514991884e-01
3.750935731918258464e-01
1.052709588514991884e-01
3.750935731918240701e-01
1.052709588514991884e-01
1.052709588514981476e-01
3.750935731918222382e-01
1.052709588514981476e-01
3.750935731918222382e-01
1.052709588514981476e-01
3.750935731918222382e-01
1.052709588514981476e-01
3.750935731918222382e-01
3.750935731918258464e-01
1.052709588514991884e-01
3.750935731918240701e-01
1.052709588514991884e-01
3.750935731918258464e-01
1.052709588514991884e-01
3.395231008651246052e-01
1.052709588514991884e-01
1.052709588514981476e-01
3.750935731918222382e-01
1.052709588514981476e-01
3.395231008651237170e-01
1.052709588514981476e-01
3.750935731918222382e-01
1.052709588514981476e-01
3.750935731918222382e-01
1.483268858376648736e-01
3.395231008651239391e-01
3.395231008651240501e-01
5.062522295032222397e-01
3.395231008651237170e-01
1.483268858376662891e-01
5.062522295032216846e-01
3.869843137846031289e-01
1.578774817109498615e-02
5.885746129519971864e-02
5.885746129519984354e-02
2.164353341933486774e-01
5.885746129520004477e-02
1.578774817109714415e-02
2.164353341933486219e-01
5.885746129520041253e-02
2.164353341933504260e-01
5.885746129520023212e-02
5.885746129520010722e-02
1.578774817109723783e-02
5.885746129520004477e-02
2.164353341933482611e-01
1.578774817109676598e-02
5.885746129519967701e-02
5.732913917037009144e-01
6.303833700299034115e-01
6.115069506704723379e-01
8.587791593191405060e-01
6.303833700299029674e-01
8.632310946835682897e-01
7.859163980254978421e-01
9.070912052214251675e-01
8.762813818434159741e-01
9.434571954834058971e-01
9.434571954834054530e-01
9.745663376621213070e-01
9.702562471856566173e-01
9.859292978995110035e-01
9.887951209424973298e-01
9.940197057058455243e-01
9.947456856728712493e-01
9.969866737887760344e-01
9.981948113804459677e-01
9.988802689801834500e-01
9.991873949864968907e-01
9.994722287275411565e-01
9.997307604182025242e-01
9.998159684662153435e-01
9.998809564578693410e-01
9.999160905104490515e-01
9.999504970994924635e-01
9.999717039166808874e-01
9.999727698335583170e-01
9.999873339585518828e-01
9.999879707795943373e-01
9.999946806920368969e-01
9.999935095905001514e-01
9.999970740259670476e-01
9.999970375799418498e-01
9.999981457617503899e-01
9.999945254817683704e-01
9.999958110537795486e-01
9.999830220836793959e-01
9.999873339585518828e-01
9.999612399165697108e-01
9.999717039166808874e-01
9.998809564578693410e-01
9.999160905104490515e-01
9.997307604182025242e-01
9.998159684662153435e-01
9.991873949864968907e-01
9.994722287275411565e-01
9.981948113804459677e-01
9.988802689801834500e-01
9.947456856728712493e-01
9.969866737887760344e-01
9.887951209424973298e-01
9.940197057058456354e-01
9.702562471856566173e-01
9.859292978995111145e-01
9.434571954834056751e-01
9.745663376621213070e-01
8.762813818434161961e-01
9.368098915545733929e-01
7.859163980254978421e-01
8.587791593191410611e-01
5.732913917037006923e-01
6.115069506704736702e-01
3.395231008651223292e-01
3.750935731918222382e-01
1.052709588514971067e-01
1.052709588514971067e-01
1.052709588514991884e-01
1.052709588514991884e-01
3.750935731918204064e-01
3.750935731918185745e-01
1.052709588514991884e-01
1.052709588514991884e-01
3.750935731918204064e-01
3.750935731918185745e-01
3.750935731918222382e-01
3.750935731918222382e-01
1.052709588514971067e-01
1.052709588514971067e-01
6.115069506704723379e-01
6.115069506704708946e-01
8.587791593191416162e-01
8.587791593191410611e-01
9.368098915545736149e-01
9.368098915545736149e-01
9.796450814265198481e-01
9.796450814265198481e-01
9.912079578454149331e-01
9.912079578454149331e-01
9.972208041561813063e-01
9.972208041561813063e-01
9.988055864180434007e-01
9.988055864180434007e-01
9.996234242739046039e-01
9.996234242739046039e-01
9.998382701849535259e-01
9.998382701849535259e-01
9.999490277188621823e-01
9.999490277188621823e-01
9.999781107191517693e-01
9.999781107191517693e-01
9.999931014998729717e-01
9.999931014998729717e-01
9.999970375799418498e-01
9.999970375799418498e-01
9.999990663867469598e-01
9.999990663867469598e-01
9.999995990795289558e-01
9.999995990795289558e-01
9.999998736491348961e-01
9.999998736491348961e-01
9.999999457413050186e-01
9.999999457413050186e-01
9.999999829002689244e-01
9.999999829002689244e-01
9.999999926568839959e-01
9.999999926568839959e-01
9.999999976858030548e-01
9.999999976858030548e-01
9.999999990062172772e-01
9.999999990062172772e-01
9.999999996868074170e-01
9.999999996868074170e-01
9.912079578454149331e-01
9.972208041561813063e-01
9.912079578454149331e-01
9.972208041561813063e-01
9.912079578454149331e-01
9.972208041561813063e-01
9.912079578454149331e-01
9.972208041561813063e-01
9.912079578454149331e-01
9.972208041561813063e-01
9.912079578454149331e-01
9.965640896482169664e-01
9.859292978995111145e-01
9.940197057058456354e-01
9.702562471856567283e-01
9.887951209424974408e-01
9.548742924238813323e-01
9.843333628455599449e-01
9.383815129628635399e-01
9.800336655029818766e-01
9.368098915545731709e-01
9.796450814265197371e-01
9.368098915545731709e-01
9.796450814265197371e-01
9.368098915545731709e-01
9.796450814265197371e-01
9.368098915545731709e-01
9.796450814265197371e-01
9.368098915545731709e-01
9.796450814265197371e-01
9.368098915545731709e-01
9.796450814265197371e-01
9.368098915545731709e-01
9.796450814265197371e-01
9.368098915545731709e-01
9.796450814265197371e-01
9.368098915545731709e-01
9.796450814265197371e-01
9.368098915545731709e-01
9.796450814265197371e-01
9.368098915545731709e-01
9.796450814265197371e-01
9.368098915545731709e-01
9.796450814265197371e-01
9.368098915545731709e-01
9.796450814265197371e-01
9.368098915545731709e-01
9.796450814265197371e-01
9.368098915545731709e-01
9.796450814265197371e-01
9.368098915545731709e-01
9.796450814265197371e-01
9.368098915545731709e-01
9.796450814265197371e-01
9.368098915545731709e-01
9.796450814265197371e-01
9.368098915545731709e-01
9.796450814265197371e-01
9.368098915545731709e-01
9.796450814265197371e-01
9.368098915545731709e-01
9.796450814265197371e-01
9.368098915545731709e-01
9.796450814265197371e-01
9.368098915545731709e-01
9.745663376621213070e-01
8.762813818434160851e-01
9.434571954834057861e-01
7.859163980254972870e-01
9.070912052214251675e-01
6.303833700299028564e-01
8.632310946835685117e-01
6.115069506704723379e-01
8.587791593191408390e-01
6.115069506704723379e-01
8.587791593191408390e-01
6.115069506704723379e-01
8.587791593191408390e-01
6.115069506704723379e-01
8.587791593191408390e-01
6.115069506704723379e-01
8.587791593191405060e-01
5.732913917037012475e-01
6.115069506704728930e-01
3.395231008651229954e-01
3.750935731918231264e-01
1.052709588514986749e-01
1.052709588514986749e-01
1.052709588514981476e-01
1.052709588514981476e-01
3.750935731918226823e-01
3.750935731918226823e-01
1.052709588514981476e-01
1.052709588514981476e-01
3.750935731918226823e-01
3.395231008651247162e-01
3.750935731918231264e-01
3.750935731918231264e-01
1.052709588514986749e-01
1.052709588514986749e-01
6.115069506704725599e-01
5.732913917037013585e-01
8.587791593191402839e-01
7.859163980254972870e-01
9.368098915545730598e-01
8.762813818434159741e-01
9.548742924238813323e-01
9.434571954834057861e-01
9.702562471856568393e-01
9.702562471856568393e-01
9.859292978995111145e-01
9.887951209424973298e-01
9.922356072262893401e-01
9.947456856728712493e-01
9.965640896482169664e-01
9.981948113804459677e-01
9.981733348971204567e-01
9.991627987763049834e-01
9.992777990451333636e-01
9.996404806325468462e-01
9.996464107099610752e-01
9.998143187969478207e-01
9.998712123480977265e-01
9.999279467047661463e-01
9.999396789284485942e-01
9.999648696131210324e-01
9.999790128292275204e-01
9.999871810205287481e-01
9.999904197498612479e-01
9.999939679042129104e-01
9.999967573834009915e-01
9.999978826877878868e-01
9.999983905200654499e-01
9.999990262713962519e-01
9.999985433138809388e-01
9.999990262713962519e-01
9.999967573834009915e-01
9.999978826877878868e-01
9.999904197498612479e-01
9.999939679042129104e-01
9.999790128292275204e-01
9.999871810205287481e-01
9.999396789284485942e-01
9.999648696131210324e-01
9.998712123480977265e-01
9.999279467047661463e-01
9.996464107099610752e-01
9.998143187969478207e-01
9.992777990451333636e-01
9.996234242739046039e-01
9.981733348971204567e-01
9.988055864180434007e-01
9.965640896482169664e-01
9.972208041561813063e-01
9.912079578454149331e-01
9.912079578454149331e-01
9.796450814265197371e-01
9.796450814265197371e-01
9.368098915545733929e-01
9.368098915545733929e-01
8.587791593191410611e-01
8.587791593191410611e-01
6.115069506704723379e-01
6.115069506704736702e-01
3.750935731918222382e-01
3.750935731918222382e-01
1.052709588514971067e-01
1.052709588514971067e-01
1.052709588514991884e-01
1.052709588514991884e-01
3.750935731918204064e-01
3.750935731918185745e-01
1.052709588514991884e-01
1.052709588514991884e-01
3.750935731918204064e-01
3.750935731918185745e-01
3.750935731918222382e-01
3.750935731918222382e-01
1.052709588514971067e-01
1.052709588514971067e-01
6.115069506704723379e-01
6.115069506704708946e-01
8.587791593191416162e-01
8.587791593191410611e-01
9.368098915545736149e-01
9.368098915545736149e-01
9.796450814265198481e-01
9.796450814265198481e-01
9.912079578454149331e-01
9.912079578454149331e-01
9.972208041561813063e-01
9.972208041561813063e-01
9.988055864180434007e-01
9.988055864180434007e-01
9.996234242739046039e-01
9.996234242739046039e-01
9.998382701849535259e-01
9.998382701849535259e-01
9.999490277188621823e-01
9.999490277188621823e-01
9.999781107191517693e-01
9.999781107191517693e-01
9.999931014998729717e-01
9.999931014998729717e-01
9.999970375799418498e-01
9.999970375799418498e-01
9.999990663867469598e-01
9.999990663867469598e-01
9.999995990795289558e-01
9.999995990795289558e-01
9.999998736491348961e-01
9.999998736491348961e-01
9.999999457413050186e-01
9.999999457413050186e-01
9.999999829002689244e-01
9.999999829002689244e-01
9.999999926568839959e-01
9.999999926568839959e-01
9.999999976858030548e-01
9.999999976858030548e-01
9.999999990062172772e-01
9.999999990062172772e-01
9.999999996868074170e-01
9.999999996868074170e-01
9.988055864180434007e-01
9.996234242739046039e-01
9.988055864180434007e-01
9.996234242739046039e-01
9.988055864180434007e-01
9.996234242739046039e-01
9.988055864180434007e-01
9.996234242739046039e-01
9.988055864180434007e-01
9.996234242739046039e-01
9.981733348971204567e-01
9.992777990451333636e-01
9.969866737887760344e-01
9.988802689801834500e-01
9.947456856728712493e-01
9.981948113804459677e-01
9.929714621204553948e-01
9.976930980827185547e-01
9.913507494843851742e-01
9.972581991627752496e-01
9.912079578454149331e-01
9.972208041561813063e-01
9.912079578454149331e-01
9.972208041561813063e-01
9.912079578454149331e-01
9.972208041561813063e-01
9.912079578454149331e-01
9.972208041561813063e-01
9.912079578454149331e-01
9.972208041561813063e-01
9.912079578454149331e-01
9.972208041561813063e-01
9.912079578454149331e-01
9.972208041561813063e-01
9.912079578454149331e-01
9.972208041561813063e-01
9.912079578454149331e-01
9.972208041561813063e-01
9.912079578454149331e-01
9.972208041561813063e-01
9.912079578454149331e-01
9.972208041561813063e-01
9.912079578454149331e-01
9.972208041561813063e-01
9.912079578454149331e-01
9.972208041561813063e-01
9.912079578454149331e-01
9.972208041561813063e-01
9.912079578454149331e-01
9.972208041561813063e-01
9.912079578454149331e-01
9.972208041561813063e-01
9.912079578454149331e-01
9.972208041561813063e-01
9.912079578454149331e-01
9.972208041561813063e-01
9.912079578454149331e-01
9.972208041561813063e-01
9.912079578454149331e-01
9.972208041561813063e-01
9.912079578454149331e-01
9.972208041561813063e-01
9.912079578454149331e-01
9.965640896482169664e-01
9.859292978995111145e-01
9.940197057058456354e-01
9.702562471856567283e-01
9.887951209424973298e-01
9.548742924238812213e-01
9.843333628455598339e-01
9.383815129628635399e-01
9.800336655029817656e-01
9.368098915545731709e-01
9.796450814265197371e-01
9.368098915545731709e-01
9.796450814265197371e-01
9.368098915545731709e-01
9.796450814265197371e-01
9.368098915545731709e-01
9.548742924238811103e-01
8.632310946835681786e-01
9.070912052214248344e-01
6.303833700299033005e-01
7.859163980254971760e-01
3.869843137846030734e-01
5.062522295032214625e-01
1.483268858376659283e-01
3.395231008651233284e-01
6.088593665871390170e-01
7.217225366329710345e-01
4.644596108942654067e-01
6.088593665871387950e-01
3.395231008651237170e-01
5.062522295032214625e-01
1.483268858376659283e-01
3.395231008651233284e-01
5.885746129519929537e-02
2.164353341933482611e-01
1.578774817109714068e-02
5.885746129519967701e-02
5.885746129520041253e-02
1.578774817109714415e-02
2.164353341933486219e-01
5.885746129520041253e-02
3.395231008651243831e-01
1.483268858376662891e-01
5.062522295032216846e-01
3.395231008651240501e-01
6.088593665871397942e-01
4.644596108942656842e-01
7.217225366329713676e-01
6.088593665871392391e-01
3.395231008651240501e-01
1.483268858376662891e-01
5.062522295032217956e-01
3.869843137846031289e-01
5.885746129519967007e-02
1.578774817109714415e-02
2.164353341933486219e-01
5.885746129520041253e-02
5.885746129519967701e-02
2.164353341933482611e-01
1.578774817109676598e-02
5.885746129519967701e-02
7.859163980254977311e-01
6.303833700299038556e-01
9.070912052214252785e-01
8.632310946835688448e-01
9.548742924238814433e-01
9.383815129628638729e-01
9.843333628455599449e-01
9.800336655029818766e-01
9.929714621204553948e-01
9.913507494843851742e-01
9.976930980827185547e-01
9.972581991627752496e-01
9.989879280203379786e-01
9.988198527011252770e-01
9.996738637715687492e-01
9.996273221517532059e-01
9.998581422004928498e-01
9.998397950784505550e-01
9.999546540850393628e-01
9.999494561416468752e-01
9.999776845220756938e-01
9.999776845220756938e-01
9.999915509689458748e-01
9.999915509689458748e-01
9.999959278251837613e-01
9.999959278251837613e-01
9.999985284323715806e-01
9.999985284323715806e-01
9.999993102748393481e-01
9.999993102748393481e-01
9.999993102748393481e-01
9.999995954964895351e-01
9.999985284323715806e-01
9.999990663867469598e-01
9.999959278251837613e-01
9.999970375799418498e-01
9.999915509689458748e-01
9.999931014998729717e-01
9.999776845220756938e-01
9.999781107191517693e-01
9.999490277188621823e-01
9.999490277188621823e-01
9.998382701849535259e-01
9.998382701849535259e-01
9.996234242739046039e-01
9.996234242739046039e-01
9.988055864180434007e-01
9.988055864180434007e-01
9.972208041561813063e-01
9.972208041561813063e-01
9.912079578454149331e-01
9.912079578454149331e-01
9.796450814265197371e-01
9.796450814265197371e-01
9.368098915545733929e-01
9.368098915545733929e-01
8.587791593191410611e-01
8.587791593191410611e-01
6.115069506704723379e-01
6.115069506704736702e-01
3.750935731918222382e-01
3.750935731918222382e-01
1.052709588514971067e-01
1.052709588514971067e-01
1.052709588514991884e-01
1.052709588514991884e-01
3.750935731918204064e-01
3.750935731918185745e-01
1.052709588514991884e-01
1.052709588514991884e-01
3.750935731918204064e-01
3.750935731918185745e-01
3.750935731918222382e-01
3.750935731918222382e-01
1.052709588514971067e-01
1.052709588514971067e-01
6.115069506704723379e-01
6.115069506704708946e-01
8.587791593191416162e-01
8.587791593191410611e-01
9.368098915545736149e-01
9.368098915545736149e-01
9.796450814265198481e-01
9.796450814265198481e-01
9.912079578454149331e-01
9.912079578454149331e-01
9.972208041561813063e-01
9.972208041561813063e-01
9.988055864180434007e-01
9.988055864180434007e-01
9.996234242739046039e-01
9.996234242739046039e-01
9.998382701849535259e-01
9.998382701849535259e-01
9.999490277188621823e-01
9.999490277188621823e-01
9.999781107191517693e-01
9.999781107191517693e-01
9.999931014998729717e-01
9.999931014998729717e-01
9.999970375799418498e-01
9.999970375799418498e-01
9.999990663867469598e-01
9.999990663867469598e-01
9.999995990795289558e-01
9.999995990795289558e-01
9.999998736491348961e-01
9.999998736491348961e-01
9.999999457413050186e-01
9.999999457413050186e-01
9.999999829002689244e-01
9.999999829002689244e-01
9.999999926568839959e-01
9.999999926568839959e-01
9.999999976858030548e-01
9.999999976858030548e-01
9.999999990062172772e-01
9.999999990062172772e-01
9.999999996868074170e-01
9.999999996868074170e-01
9.998382701849535259e-01
9.999490277188621823e-01
9.998382701849535259e-01
9.999490277188621823e-01
9.998382701849535259e-01
9.999490277188621823e-01
9.998382701849535259e-01
9.999490277188621823e-01
9.998143187969478207e-01
9.999279467047661463e-01
9.996464107099610752e-01
9.998712123480977265e-01
9.994722287275411565e-01
9.998159684662153435e-01
9.991873949864968907e-01
9.997307604182025242e-01
9.989879280203379786e-01
9.996738637715687492e-01
9.988198527011252770e-01
9.996273221517532059e-01
9.988055864180434007e-01
9.996234242739046039e-01
9.988055864180434007e-01
9.996234242739046039e-01
9.988055864180434007e-01
9.996234242739046039e-01
9.988055864180434007e-01
9.996234242739046039e-01
9.988055864180434007e-01
9.996234242739046039e-01
9.988055864180434007e-01
9.996234242739046039e-01
9.988055864180434007e-01
9.996234242739046039e-01
9.988055864180434007e-01
9.996234242739046039e-01
9.988055864180434007e-01
9.996234242739046039e-01
9.988055864180434007e-01
9.996234242739046039e-01
9.988055864180434007e-01
9.996234242739046039e-01
9.988055864180434007e-01
9.996234242739046039e-01
9.988055864180434007e-01
9.996234242739046039e-01
9.988055864180434007e-01
9.996234242739046039e-01
9.988055864180434007e-01
9.996234242739046039e-01
9.988055864180434007e-01
9.996234242739046039e-01
9.988055864180434007e-01
9.996234242739046039e-01
9.988055864180434007e-01
9.996234242739046039e-01
9.988055864180434007e-01
9.996234242739046039e-01
9.988055864180434007e-01
9.996234242739046039e-01
9.988055864180434007e-01
9.996234242739046039e-01
9.981733348971204567e-01
9.992777990451333636e-01
9.969866737887760344e-01
9.988802689801834500e-01
9.947456856728712493e-01
9.981948113804459677e-01
9.929714621204553948e-01
9.976930980827185547e-01
9.913507494843850631e-01
9.972581991627752496e-01
9.912079578454149331e-01
9.972208041561813063e-01
9.912079578454149331e-01
9.969866737887760344e-01
9.887951209424973298e-01
9.940197057058455243e-01
9.702562471856566173e-01
9.859292978995110035e-01
9.434571954834055640e-01
9.745663376621211960e-01
8.762813818434156410e-01
9.368098915545730598e-01
7.859163980254971760e-01
8.587791593191403949e-01
5.732913917037013585e-01
6.115069506704728930e-01
3.395231008651229954e-01
3.750935731918231264e-01
1.052709588514986749e-01
1.052709588514986749e-01
1.052709588514986749e-01
1.052709588514981476e-01
3.750935731918229044e-01
3.750935731918226823e-01
1.052709588514986749e-01
1.052709588514981476e-01
3.750935731918229044e-01
3.750935731918226823e-01
3.750935731918231264e-01
3.750935731918231264e-01
1.052709588514986749e-01
1.052709588514986749e-01
6.115069506704733371e-01
6.115069506704733371e-01
8.587791593191411721e-01
8.587791593191411721e-01
9.368098915545735039e-01
9.368098915545735039e-01
9.796450814265197371e-01
9.796450814265197371e-01
9.912079578454149331e-01
9.912079578454149331e-01
9.972208041561813063e-01
9.965640896482169664e-01
9.988055864180434007e-01
9.981733348971204567e-01
9.996234242739046039e-01
9.992777990451333636e-01
9.998143187969478207e-01
9.996464107099610752e-01
9.999279467047661463e-01
9.998712123480977265e-01
9.999648696131210324e-01
9.999396789284485942e-01
9.999871810205287481e-01
9.999790128292275204e-01
9.999939679042129104e-01
9.999904197498612479e-01
9.999978826877878868e-01
9.999967573834009915e-01
9.999990262713962519e-01
9.999985433138809388e-01
9.999995990795289558e-01
9.999995155903917965e-01
9.999990663867469598e-01
9.999990663867469598e-01
9.999970375799418498e-01
9.999970375799418498e-01
9.999931014998729717e-01
9.999931014998729717e-01
9.999781107191517693e-01
9.999781107191517693e-01
9.999490277188621823e-01
9.999490277188621823e-01
9.998382701849535259e-01
9.998382701849535259e-01
9.996234242739046039e-01
9.996234242739046039e-01
9.988055864180434007e-01
9.988055864180434007e-01
9.972208041561813063e-01
9.972208041561813063e-01
9.912079578454149331e-01
9.912079578454149331e-01
9.796450814265197371e-01
9.796450814265197371e-01
9.368098915545733929e-01
9.368098915545733929e-01
8.587791593191410611e-01
8.587791593191410611e-01
6.115069506704723379e-01
6.115069506704736702e-01
3.750935731918222382e-01
3.750935731918222382e-01
1.052709588514971067e-01
1.052709588514971067e-01
1.052709588514991884e-01
1.052709588514991884e-01
3.750935731918204064e-01
3.750935731918185745e-01
1.052709588514991884e-01
1.052709588514991884e-01
3.750935731918204064e-01
3.750935731918185745e-01
3.750935731918222382e-01
3.750935731918222382e-01
1.052709588514971067e-01
1.052709588514971067e-01
6.115069506704723379e-01
6.115069506704708946e-01
8.587791593191416162e-01
8.587791593191410611e-01
9.368098915545736149e-01
9.368098915545736149e-01
9.796450814265198481e-01
9.796450814265198481e-01
9.912079578454149331e-01
9.912079578454149331e-01
9.972208041561813063e-01
9.972208041561813063e-01
9.988055864180434007e-01
9.988055864180434007e-01
9.996234242739046039e-01
9.996234242739046039e-01
9.998382701849535259e-01
9.998382701849535259e-01
9.999490277188621823e-01
9.999490277188621823e-01
9.999781107191517693e-01
9.999781107191517693e-01
9.999931014998729717e-01
9.999931014998729717e-01
9.999970375799418498e-01
9.999970375799418498e-01
9.999990663867469598e-01
9.999990663867469598e-01
9.999995990795289558e-01
9.999995990795289558e-01
9.999998736491348961e-01
9.999998736491348961e-01
9.999999457413050186e-01
9.999999457413050186e-01
9.999999829002689244e-01
9.999999829002689244e-01
9.999999926568839959e-01
9.999999926568839959e-01
9.999999976858030548e-01
9.999999976858030548e-01
9.999999990062172772e-01
9.999999989813341816e-01
9.999999996868074170e-01
9.999999996061341712e-01
9.999781107191517693e-01
9.999931014998729717e-01
9.999781107191517693e-01
9.999931014998729717e-01
9.999781107191517693e-01
9.999931014998729717e-01
9.999776845220756938e-01
9.999915509689458748e-01
9.999648696131210324e-01
9.999871810205287481e-01
9.999396789284485942e-01
9.999790128292275204e-01
9.999160905104490515e-01
9.999717039166808874e-01
9.998809564578693410e-01
9.999612399165697108e-01
9.998581422004928498e-01
9.999546540850393628e-01
9.998397950784505550e-01
9.999494561416468752e-01
9.998382701849535259e-01
9.999490277188621823e-01
9.998382701849535259e-01
9.999490277188621823e-01
9.998382701849535259e-01
9.999490277188621823e-01
9.998382701849535259e-01
9.999490277188621823e-01
9.998382701849535259e-01
9.999490277188621823e-01
9.998382701849535259e-01
9.999490277188621823e-01
9.998382701849535259e-01
9.999490277188621823e-01
9.998382701849535259e-01
9.999490277188621823e-01
9.998382701849535259e-01
9.999490277188621823e-01
9.998382701849535259e-01
9.999490277188621823e-01
9.998382701849535259e-01
9.999490277188621823e-01
9.998382701849535259e-01
9.999490277188621823e-01
9.998382701849535259e-01
9.999490277188621823e-01
9.998382701849535259e-01
9.999490277188621823e-01
9.998382701849535259e-01
9.999490277188621823e-01
9.998382701849535259e-01
9.999490277188621823e-01
9.998382701849535259e-01
9.999490277188621823e-01
9.998382701849535259e-01
9.999490277188621823e-01
9.998382701849535259e-01
9.999490277188621823e-01
9.998382701849535259e-01
9.999490277188621823e-01
9.998143187969478207e-01
9.999279467047661463e-01
9.996464107099610752e-01
9.998712123480977265e-01
9.994722287275411565e-01
9.998159684662153435e-01
9.991873949864968907e-01
9.997307604182025242e-01
9.989879280203379786e-01
9.996738637715687492e-01
9.988198527011252770e-01
9.996273221517532059e-01
9.988055864180434007e-01
9.996234242739046039e-01
9.981733348971204567e-01
9.988055864180434007e-01
9.965640896482169664e-01
9.972208041561813063e-01
9.912079578454149331e-01
9.912079578454149331e-01
9.796450814265196261e-01
9.796450814265196261e-01
9.368098915545730598e-01
9.368098915545730598e-01
8.587791593191405060e-01
8.587791593191403949e-01
6.115069506704733371e-01
6.115069506704728930e-01
3.750935731918231264e-01
3.750935731918231264e-01
1.052709588514986749e-01
1.052709588514986749e-01
1.052709588514986749e-01
1.052709588514981476e-01
3.750935731918229044e-01
3.750935731918226823e-01
1.052709588514986749e-01
1.052709588514981476e-01
3.750935731918229044e-01
3.395231008651240501e-01
3.750935731918231264e-01
3.750935731918231264e-01
1.052709588514986749e-01
1.052709588514986749e-01
6.115069506704733371e-01
5.732913917037024687e-01
8.587791593191411721e-01
7.859163980254980642e-01
9.368098915545735039e-01
8.762813818434163071e-01
9.745663376621213070e-01
9.434571954834055640e-01
9.859292978995110035e-01
9.702562471856566173e-01
9.940197057058455243e-01
9.887951209424973298e-01
9.969866737887760344e-01
9.947456856728712493e-01
9.988802689801834500e-01
9.981948113804459677e-01
9.994722287275411565e-01
9.991873949864968907e-01
9.998159684662153435e-01
9.997307604182025242e-01
9.999160905104490515e-01
9.998809564578693410e-01
9.999717039166808874e-01
9.999612399165697108e-01
9.999873339585518828e-01
9.999830220836793959e-01
9.999958110537795486e-01
9.999945254817683704e-01
9.999981457617503899e-01
9.999976151712595129e-01
9.999993942119911328e-01
9.999992355778678510e-01
9.999990663867469598e-01
9.999990663867469598e-01
9.999970375799418498e-01
9.999970375799418498e-01
9.999931014998729717e-01
9.999931014998729717e-01
9.999781107191517693e-01
9.999781107191517693e-01
9.999490277188621823e-01
9.999490277188621823e-01
9.998382701849535259e-01
9.998382701849535259e-01
9.996234242739046039e-01
9.996234242739046039e-01
9.988055864180434007e-01
9.988055864180434007e-01
9.972208041561813063e-01
9.972208041561813063e-01
9.912079578454149331e-01
9.912079578454149331e-01
9.796450814265197371e-01
9.796450814265197371e-01
9.368098915545733929e-01
9.368098915545733929e-01
8.587791593191410611e-01
8.587791593191410611e-01
6.115069506704723379e-01
6.115069506704736702e-01
3.750935731918222382e-01
3.750935731918222382e-01
1.052709588514971067e-01
1.052709588514971067e-01
1.052709588514991884e-01
1.052709588514991884e-01
3.750935731918204064e-01
3.750935731918185745e-01
1.052709588514991884e-01
1.052709588514991884e-01
3.750935731918204064e-01
3.750935731918185745e-01
3.750935731918222382e-01
3.750935731918222382e-01
1.052709588514971067e-01
1.052709588514971067e-01
6.115069506704723379e-01
6.115069506704708946e-01
8.587791593191416162e-01
8.587791593191410611e-01
9.368098915545736149e-01
9.368098915545736149e-01
9.796450814265198481e-01
9.796450814265198481e-01
9.912079578454149331e-01
9.912079578454149331e-01
9.972208041561813063e-01
9.972208041561813063e-01
9.988055864180434007e-01
9.988055864180434007e-01
9.996234242739046039e-01
9.996234242739046039e-01
9.998382701849535259e-01
9.998382701849535259e-01
9.999490277188621823e-01
9.999490277188621823e-01
9.999781107191517693e-01
9.999781107191517693e-01
9.999931014998729717e-01
9.999931014998729717e-01
9.999970375799418498e-01
9.999970375799418498e-01
9.999990663867469598e-01
9.999990663867469598e-01
9.999995990795289558e-01
9.999995990795289558e-01
9.999998736491348961e-01
9.999998389451028036e-01
9.999999457413050186e-01
9.999999167106028430e-01
9.999999829002689244e-01
9.999999670071419988e-01
9.999999915692875385e-01
9.999999835195009235e-01
9.999999966913767357e-01
9.999999937362148428e-01
9.999999983547207538e-01
9.999999969529078658e-01
9.999999993769634887e-01
9.999999988781100857e-01
9.999970375799418498e-01
9.999990663867469598e-01
9.999970375799418498e-01
9.999990663867469598e-01
9.999970375799418498e-01
9.999990663867469598e-01
9.999959278251837613e-01
9.999985284323715806e-01
9.999939679042129104e-01
9.999978826877878868e-01
9.999904197498612479e-01
9.999967573834009915e-01
9.999873339585518828e-01
9.999958110537795486e-01
9.999830220836793959e-01
9.999945254817683704e-01
9.999803592878410141e-01
9.999937487532529756e-01
9.999782811492549106e-01
9.999931503012394751e-01
9.999781107191517693e-01
9.999931014998729717e-01
9.999781107191517693e-01
9.999931014998729717e-01
9.999781107191517693e-01
9.999931014998729717e-01
9.999781107191517693e-01
9.999931014998729717e-01
9.999781107191517693e-01
9.999931014998729717e-01
9.999781107191517693e-01
9.999931014998729717e-01
9.999781107191517693e-01
9.999931014998729717e-01
9.999781107191517693e-01
9.999931014998729717e-01
9.999781107191517693e-01
9.999931014998729717e-01
9.999781107191517693e-01
9.999931014998729717e-01
9.999781107191517693e-01
9.999931014998729717e-01
9.999781107191517693e-01
9.999931014998729717e-01
9.999781107191517693e-01
9.999931014998729717e-01
9.999781107191517693e-01
9.999931014998729717e-01
9.999781107191517693e-01
9.999931014998729717e-01
9.999781107191517693e-01
9.999931014998729717e-01
9.999781107191517693e-01
9.999931014998729717e-01
9.999781107191517693e-01
9.999931014998729717e-01
9.999781107191517693e-01
9.999931014998729717e-01
9.999776845220756938e-01
9.999915509689458748e-01
9.999648696131210324e-01
9.999871810205287481e-01
9.999396789284485942e-01
9.999790128292275204e-01
9.999160905104490515e-01
9.999717039166808874e-01
9.998809564578693410e-01
9.999612399165697108e-01
9.998581422004928498e-01
9.999546540850393628e-01
9.998397950784505550e-01
9.998581422004928498e-01
9.996273221517532059e-01
9.996738637715687492e-01
9.988198527011252770e-01
9.989879280203379786e-01
9.972581991627752496e-01
9.976930980827185547e-01
9.913507494843850631e-01
9.929714621204553948e-01
9.800336655029817656e-01
9.843333628455598339e-01
9.383815129628634288e-01
9.548742924238811103e-01
8.632310946835682897e-01
9.070912052214248344e-01
6.303833700299038556e-01
7.859163980254971760e-01
3.869843137846032954e-01
5.062522295032214625e-01
1.483268858376666499e-01
3.395231008651233284e-01
6.088593665871390170e-01
7.217225366329711456e-01
4.644596108942654067e-01
6.088593665871390170e-01
3.395231008651233284e-01
5.062522295032216846e-01
1.483268858376657617e-01
3.395231008651244387e-01
5.885746129519967701e-02
2.164353341933482611e-01
1.578774817109751191e-02
5.885746129519967701e-02
5.885746129520022518e-02
1.578774817109714415e-02
2.164353341933481223e-01
5.885746129520041253e-02
3.395231008651244942e-01
1.483268858376670385e-01
5.062522295032229058e-01
3.395231008651253823e-01
6.088593665871405713e-01
4.644596108942669610e-01
7.217225366329717007e-01
6.088593665871396832e-01
3.395231008651246052e-01
1.483268858376661226e-01
5.062522295032217956e-01
3.869843137846031289e-01
5.885746129520046804e-02
1.578774817109695680e-02
2.164353341933496211e-01
5.885746129520027375e-02
5.885746129519987130e-02
2.164353341933492880e-01
1.578774817109657516e-02
5.885746129520027375e-02
7.859163980254972870e-01
6.303833700299034115e-01
9.070912052214247234e-01
8.632310946835680676e-01
9.548742924238811103e-01
9.383815129628634288e-01
9.843333628455598339e-01
9.800336655029817656e-01
9.929714621204553948e-01
9.913507494843850631e-01
9.976930980827185547e-01
9.972581991627752496e-01
9.989879280203379786e-01
9.988198527011252770e-01
9.996738637715687492e-01
9.996273221517532059e-01
9.998581422004928498e-01
9.998397950784505550e-01
9.999546540850393628e-01
9.999494561416468752e-01
9.999803592878410141e-01
9.999782811492549106e-01
9.999937487532529756e-01
9.999931503012394751e-01
9.999972989407749369e-01
9.999970572220256981e-01
9.999990720883720208e-01
9.999970572220256981e-01
9.999987292586431931e-01
9.999970375799418498e-01
9.999970375799418498e-01
9.999935095905001514e-01
9.999931014998729717e-01
9.999887852838645896e-01
9.999781107191517693e-01
9.999776845220756938e-01
9.999490277188621823e-01
9.999490277188621823e-01
9.998382701849535259e-01
9.998382701849535259e-01
9.996234242739046039e-01
9.996234242739046039e-01
9.988055864180434007e-01
9.988055864180434007e-01
9.972208041561813063e-01
9.972208041561813063e-01
9.912079578454149331e-01
9.912079578454149331e-01
9.796450814265197371e-01
9.796450814265197371e-01
9.368098915545733929e-01
9.368098915545733929e-01
8.587791593191410611e-01
8.587791593191410611e-01
6.115069506704723379e-01
6.115069506704736702e-01
3.750935731918222382e-01
3.750935731918222382e-01
1.052709588514971067e-01
1.052709588514971067e-01
1.052709588514991884e-01
1.052709588514991884e-01
3.750935731918204064e-01
3.750935731918185745e-01
1.052709588514991884e-01
1.052709588514991884e-01
3.750935731918204064e-01
3.750935731918185745e-01
3.750935731918222382e-01
3.750935731918222382e-01
1.052709588514971067e-01
1.052709588514971067e-01
6.115069506704723379e-01
6.115069506704708946e-01
8.587791593191416162e-01
8.587791593191410611e-01
9.368098915545736149e-01
9.368098915545736149e-01
9.796450814265198481e-01
9.796450814265198481e-01
9.912079578454149331e-01
9.912079578454149331e-01
9.972208041561813063e-01
9.972208041561813063e-01
9.988055864180434007e-01
9.988055864180434007e-01
9.996234242739046039e-01
9.996234242739046039e-01
9.998382701849535259e-01
9.998382701849535259e-01
9.999490277188621823e-01
9.999490277188621823e-01
9.999781107191517693e-01
9.999727698335583170e-01
9.999931014998729717e-01
9.999879707795943373e-01
9.999970375799418498e-01
9.999935095905001514e-01
9.999987292586431931e-01
9.999973154551362597e-01
9.999993282057200172e-01
9.999986277143955160e-01
9.999997274830578764e-01
9.999994665599430954e-01
9.999998620033095920e-01
9.999997375638561836e-01
9.999999467832911826e-01
9.999999024142449677e-01
9.999999738990675846e-01
9.999999533006159735e-01
9.999999903077111396e-01
9.999999831883755741e-01
9.999999953591154345e-01
9.999999921172619821e-01
9.999999983253408109e-01
9.999999972298835305e-01
9.999995990795289558e-01
9.999998736491348961e-01
9.999995990795289558e-01
9.999998736491348961e-01
9.999995954964895351e-01
9.999998534581017173e-01
9.999993102748393481e-01
9.999997584940638617e-01
9.999990262713962519e-01
9.999996668706135905e-01
9.999985433138809388e-01
9.999995155903917965e-01
9.999981457617503899e-01
9.999993942119911328e-01
9.999976151712595129e-01
9.999992355778678510e-01
9.999972989407749369e-01
9.999991425424877844e-01
9.999970572220256981e-01
9.999990720883720208e-01
9.999970375799418498e-01
9.999990663867469598e-01
9.999970375799418498e-01
9.999990663867469598e-01
9.999970375799418498e-01
9.999990663867469598e-01
9.999970375799418498e-01
9.999990663867469598e-01
9.999970375799418498e-01
9.999990663867469598e-01
9.999970375799418498e-01
9.999990663867469598e-01
9.999970375799418498e-01
9.999990663867469598e-01
9.999970375799418498e-01
9.999990663867469598e-01
9.999970375799418498e-01
9.999990663867469598e-01
9.999970375799418498e-01
9.999990663867469598e-01
9.999970375799418498e-01
9.999990663867469598e-01
9.999970375799418498e-01
9.999990663867469598e-01
9.999970375799418498e-01
9.999990663867469598e-01
9.999970375799418498e-01
9.999990663867469598e-01
9.999970375799418498e-01
9.999990663867469598e-01
9.999970375799418498e-01
9.999990663867469598e-01
9.999970375799418498e-01
9.999990663867469598e-01
9.999970375799418498e-01
9.999990663867469598e-01
9.999970375799418498e-01
9.999990663867469598e-01
9.999959278251837613e-01
9.999985284323715806e-01
9.999939679042129104e-01
9.999978826877878868e-01
9.999904197498612479e-01
9.999967573834009915e-01
9.999873339585518828e-01
9.999958110537795486e-01
9.999830220836793959e-01
9.999873339585518828e-01
9.999612399165697108e-01
9.999717039166808874e-01
9.998809564578693410e-01
9.999160905104490515e-01
9.997307604182025242e-01
9.998159684662153435e-01
9.991873949864968907e-01
9.994722287275411565e-01
9.981948113804459677e-01
9.988802689801834500e-01
9.947456856728712493e-01
9.969866737887759234e-01
9.887951209424973298e-01
9.940197057058455243e-01
9.702562471856566173e-01
9.859292978995110035e-01
9.434571954834055640e-01
9.745663376621211960e-01
8.762813818434158630e-01
9.368098915545735039e-01
7.859163980254971760e-01
8.587791593191415052e-01
5.732913917037022467e-01
6.115069506704754465e-01
3.395231008651247717e-01
3.750935731918258464e-01
1.052709588514994521e-01
1.052709588514994521e-01
1.052709588514984113e-01
1.052709588514984113e-01
3.750935731918227933e-01
3.750935731918227933e-01
1.052709588514984113e-01
1.052709588514984113e-01
3.750935731918227933e-01
3.750935731918227933e-01
3.750935731918256244e-01
3.750935731918258464e-01
1.052709588514994521e-01
1.052709588514994521e-01
6.115069506704727820e-01
6.115069506704727820e-01
8.587791593191402839e-01
8.587791593191402839e-01
9.368098915545729488e-01
9.368098915545729488e-01
9.796450814265196261e-01
9.796450814265196261e-01
9.912079578454149331e-01
9.912079578454149331e-01
9.972208041561813063e-01
9.972208041561813063e-01
9.988055864180434007e-01
9.988055864180434007e-01
9.996234242739046039e-01
9.996234242739046039e-01
9.998382701849535259e-01
9.998382701849535259e-01
9.999490277188621823e-01
9.999490277188621823e-01
9.999781107191517693e-01
9.999776845220756938e-01
9.999931014998729717e-01
9.999830220836793959e-01
9.999937487532529756e-01
9.999803592878410141e-01
9.999931503012394751e-01
9.999782811492549106e-01
9.999931014998729717e-01
9.999781107191517693e-01
9.999879707795943373e-01
9.999727698335583170e-01
9.999785937234497712e-01
9.999504970994924635e-01
9.999556034273410221e-01
9.998908202905856246e-01
9.999279467047661463e-01
9.998143187969478207e-01
9.998382701849535259e-01
9.996464107099610752e-01
9.996234242739046039e-01
9.994722287275411565e-01
9.988055864180434007e-01
9.988055864180434007e-01
9.972208041561813063e-01
9.972208041561813063e-01
9.912079578454149331e-01
9.912079578454149331e-01
9.796450814265197371e-01
9.796450814265197371e-01
9.368098915545733929e-01
9.368098915545733929e-01
8.587791593191410611e-01
8.587791593191410611e-01
6.115069506704723379e-01
6.115069506704736702e-01
3.750935731918222382e-01
3.750935731918222382e-01
1.052709588514971067e-01
1.052709588514971067e-01
1.052709588514991884e-01
1.052709588514991884e-01
3.750935731918204064e-01
3.750935731918185745e-01
1.052709588514991884e-01
1.052709588514991884e-01
3.750935731918204064e-01
3.750935731918185745e-01
3.750935731918222382e-01
3.750935731918222382e-01
1.052709588514971067e-01
1.052709588514971067e-01
6.115069506704723379e-01
6.115069506704708946e-01
8.587791593191416162e-01
8.587791593191410611e-01
9.368098915545736149e-01
9.368098915545736149e-01
9.796450814265198481e-01
9.796450814265198481e-01
9.912079578454149331e-01
9.912079578454149331e-01
9.972208041561813063e-01
9.965608636612744986e-01
9.988055864180434007e-01
9.981067832135687157e-01
9.996234242739046039e-01
9.991627987763049834e-01
9.997963978648003458e-01
9.995393973083511741e-01
9.999100073500445385e-01
9.997965303223603772e-01
9.999504970994924635e-01
9.998908202905856246e-01
9.999785937234497712e-01
9.999556034273410221e-01
9.999887852838645896e-01
9.999776845220756938e-01
9.999955306019436829e-01
9.999915509689458748e-01
9.999977716890405821e-01
9.999959278251837613e-01
9.999991604339149021e-01
9.999985284323715806e-01
9.999995954964895351e-01
9.999993102748393481e-01
9.999998534581017173e-01
9.999997584940638617e-01
9.999999310856922952e-01
9.999998889621984910e-01
9.999999757266579969e-01
9.999999579691021268e-01
9.999999887840697044e-01
9.999999771865104581e-01
9.999999955385234784e-01
9.999999903801199963e-01
9.999999457413050186e-01
9.999999829002689244e-01
9.999999457413050186e-01
9.999999829002689244e-01
9.999999310856922952e-01
9.999999757266579969e-01
9.999998889621984910e-01
9.999999619703722198e-01
9.999998491536610246e-01
9.999999492974487314e-01
9.999997846718832184e-01
9.999999292433745524e-01
9.999997337841265432e-01
9.999999137316133435e-01
9.999996681632796758e-01
9.999998940494677635e-01
9.999996300709436126e-01
9.999998827640461663e-01
9.999996013942150652e-01
9.999998743279546742e-01
9.999995990795289558e-01
9.999998736491348961e-01
9.999995990795289558e-01
9.999998736491348961e-01
9.999995990795289558e-01
9.999998736491348961e-01
9.999995990795289558e-01
9.999998736491348961e-01
9.999995990795289558e-01
9.999998736491348961e-01
9.999995990795289558e-01
9.999998736491348961e-01
9.999995990795289558e-01
9.999998736491348961e-01
9.999995990795289558e-01
9.999998736491348961e-01
9.999995990795289558e-01
9.999998736491348961e-01
9.999995990795289558e-01
9.999998736491348961e-01
9.999995990795289558e-01
9.999998736491348961e-01
9.999995990795289558e-01
9.999998736491348961e-01
9.999995990795289558e-01
9.999998736491348961e-01
9.999995990795289558e-01
9.999998736491348961e-01
9.999995990795289558e-01
9.999998736491348961e-01
9.999995990795289558e-01
9.999998736491348961e-01
9.999995990795289558e-01
9.999998736491348961e-01
9.999995990795289558e-01
9.999998736491348961e-01
9.999995954964895351e-01
9.999998534581017173e-01
9.999993102748393481e-01
9.999997584940638617e-01
9.999990262713962519e-01
9.999996668706135905e-01
9.999985433138809388e-01
9.999990262713962519e-01
9.999967573834009915e-01
9.999978826877878868e-01
9.999904197498612479e-01
9.999939679042129104e-01
9.999790128292275204e-01
9.999871810205287481e-01
9.999396789284485942e-01
9.999648696131210324e-01
9.998712123480977265e-01
9.999279467047661463e-01
9.996464107099610752e-01
9.998143187969478207e-01
9.992777990451333636e-01
9.996234242739046039e-01
9.981733348971204567e-01
9.988055864180434007e-01
9.965640896482169664e-01
9.972208041561813063e-01
9.912079578454149331e-01
9.912079578454149331e-01
9.796450814265198481e-01
9.796450814265197371e-01
9.368098915545736149e-01
9.368098915545735039e-01
8.587791593191415052e-01
8.587791593191415052e-01
6.115069506704754465e-01
6.115069506704754465e-01
3.750935731918256244e-01
3.750935731918258464e-01
1.052709588514994521e-01
1.052709588514994521e-01
1.052709588514984113e-01
1.052709588514984113e-01
3.750935731918227933e-01
3.750935731918227933e-01
1.052709588514984113e-01
1.052709588514984113e-01
3.750935731918227933e-01
3.750935731918227933e-01
3.750935731918256244e-01
3.750935731918258464e-01
1.052709588514994521e-01
1.052709588514994521e-01
6.115069506704727820e-01
6.115069506704727820e-01
8.587791593191402839e-01
8.587791593191402839e-01
9.368098915545729488e-01
9.368098915545729488e-01
9.796450814265196261e-01
9.796450814265196261e-01
9.912079578454149331e-01
9.912079578454149331e-01
9.972208041561813063e-01
9.965640896482169664e-01
9.988055864180434007e-01
9.981733348971204567e-01
9.996234242739046039e-01
9.992777990451333636e-01
9.998143187969478207e-01
9.996464107099610752e-01
9.999279467047661463e-01
9.998712123480977265e-01
9.999648696131210324e-01
9.999160905104490515e-01
9.999612399165697108e-01
9.998809564578693410e-01
9.999546540850393628e-01
9.998581422004928498e-01
9.999494561416468752e-01
9.998397950784505550e-01
9.999490277188621823e-01
9.998382701849535259e-01
9.999490277188621823e-01
9.998382701849535259e-01
9.999100073500445385e-01
9.997965303223603772e-01
9.997965303223603772e-01
9.995393973083511741e-01
9.996404806325468462e-01
9.991627987763049834e-01
9.992777990451333636e-01
9.981733348971204567e-01
9.988802689801834500e-01
9.969866737887760344e-01
9.981948113804459677e-01
9.947456856728712493e-01
9.972208041561813063e-01
9.929714621204553948e-01
9.912079578454149331e-01
9.912079578454149331e-01
9.796450814265197371e-01
9.796450814265197371e-01
9.368098915545733929e-01
9.368098915545733929e-01
8.587791593191410611e-01
8.587791593191410611e-01
6.115069506704723379e-01
6.115069506704736702e-01
3.750935731918222382e-01
3.750935731918222382e-01
1.052709588514971067e-01
1.052709588514971067e-01
1.052709588514991884e-01
1.052709588514991884e-01
3.750935731918204064e-01
3.750935731918185745e-01
1.052709588514991884e-01
1.052709588514991884e-01
3.750935731918204064e-01
3.395231008651222737e-01
3.750935731918222382e-01
3.750935731918222382e-01
1.052709588514971067e-01
1.052709588514971067e-01
6.115069506704723379e-01
5.732913917037022467e-01
8.587791593191416162e-01
7.859163980255003956e-01
9.368098915545736149e-01
8.762813818434177504e-01
9.745663376621216401e-01
9.433641631898692648e-01
9.859292978995112255e-01
9.684444961708500443e-01
9.937565569499912099e-01
9.859292978995111145e-01
9.965608636612744986e-01
9.922356072262894511e-01
9.984785195924315016e-01
9.965640896482169664e-01
9.991627987763049834e-01
9.981733348971204567e-01
9.996404806325468462e-01
9.992777990451333636e-01
9.998143187969478207e-01
9.996464107099610752e-01
9.999279467047661463e-01
9.998712123480977265e-01
9.999648696131210324e-01
9.999396789284485942e-01
9.999871810205287481e-01
9.999790128292275204e-01
9.999939679042129104e-01
9.999904197498612479e-01
9.999978826877878868e-01
9.999967573834009915e-01
9.999990262713962519e-01
9.999983905200654499e-01
9.999996668706135905e-01
9.999992889325177714e-01
9.999998270578822623e-01
9.999996149868504158e-01
9.999999246736768210e-01
9.999998389451028036e-01
9.999999599289925989e-01
9.999999167106028430e-01
9.999999835391562009e-01
9.999999670071419988e-01
9.999999926568839959e-01
9.999999976858030548e-01
9.999999921172619821e-01
9.999999972298835305e-01
9.999999887840697044e-01
9.999999961303713825e-01
9.999999827528867069e-01
9.999999941866458686e-01
9.999999772896766004e-01
9.999999924624408676e-01
9.999999687758311939e-01
9.999999898256001218e-01
9.999999622762317797e-01
9.999999878447469737e-01
9.999999541152484461e-01
9.999999853891954338e-01
9.999999494730583693e-01
9.999999840059173861e-01
9.999999460187072309e-01
9.999999829822733277e-01
9.999999457413050186e-01
9.999999829002689244e-01
9.999999457413050186e-01
9.999999829002689244e-01
9.999999457413050186e-01
9.999999829002689244e-01
9.999999457413050186e-01
9.999999829002689244e-01
9.999999457413050186e-01
9.999999829002689244e-01
9.999999457413050186e-01
9.999999829002689244e-01
9.999999457413050186e-01
9.999999829002689244e-01
9.999999457413050186e-01
9.999999829002689244e-01
9.999999457413050186e-01
9.999999829002689244e-01
9.999999457413050186e-01
9.999999829002689244e-01
9.999999457413050186e-01
9.999999829002689244e-01
9.999999457413050186e-01
9.999999829002689244e-01
9.999999457413050186e-01
9.999999829002689244e-01
9.999999457413050186e-01
9.999999829002689244e-01
9.999999457413050186e-01
9.999999829002689244e-01
9.999999457413050186e-01
9.999999829002689244e-01
9.999999457413050186e-01
9.999999829002689244e-01
9.999999457413050186e-01
9.999999829002689244e-01
9.999999310856922952e-01
9.999999757266579969e-01
9.999998889621984910e-01
9.999999310856922952e-01
9.999997584940638617e-01
9.999998534581017173e-01
9.999993102748393481e-01
9.999995954964895351e-01
9.999985284323715806e-01
9.999990663867469598e-01
9.999959278251837613e-01
9.999970375799418498e-01
9.999915509689458748e-01
9.999931014998729717e-01
9.999776845220756938e-01
9.999781107191517693e-01
9.999490277188621823e-01
9.999490277188621823e-01
9.998382701849535259e-01
9.998382701849535259e-01
9.996234242739046039e-01
9.996234242739046039e-01
9.988055864180434007e-01
9.988055864180434007e-01
9.972208041561813063e-01
9.972208041561813063e-01
9.912079578454149331e-01
9.912079578454149331e-01
9.796450814265198481e-01
9.796450814265197371e-01
9.368098915545736149e-01
9.368098915545735039e-01
8.587791593191415052e-01
8.587791593191415052e-01
6.115069506704754465e-01
6.115069506704754465e-01
3.750935731918256244e-01
3.750935731918258464e-01
1.052709588514994521e-01
1.052709588514994521e-01
1.052709588514984113e-01
1.052709588514984113e-01
3.750935731918227933e-01
3.750935731918227933e-01
1.052709588514984113e-01
1.052709588514984113e-01
3.750935731918227933e-01
3.395231008651237725e-01
3.750935731918256244e-01
3.750935731918258464e-01
1.052709588514994521e-01
1.052709588514994521e-01
6.115069506704727820e-01
5.732913917037019136e-01
8.587791593191402839e-01
7.859163980254975090e-01
9.368098915545729488e-01
8.762813818434159741e-01
9.745663376621213070e-01
9.434571954834055640e-01
9.859292978995111145e-01
9.702562471856567283e-01
9.940197057058456354e-01
9.887951209424973298e-01
9.969866737887760344e-01
9.947456856728712493e-01
9.988802689801834500e-01
9.981948113804459677e-01
9.994722287275411565e-01
9.991873949864968907e-01
9.998159684662153435e-01
9.996464107099610752e-01
9.998159684662153435e-01
9.994722287275411565e-01
9.997307604182025242e-01
9.991873949864968907e-01
9.996738637715687492e-01
9.989879280203379786e-01
9.996273221517532059e-01
9.988198527011252770e-01
9.996234242739046039e-01
9.988055864180434007e-01
9.996234242739046039e-01
9.988055864180434007e-01
9.996234242739046039e-01
9.988055864180434007e-01
9.991627987763049834e-01
9.981733348971204567e-01
9.984785195924315016e-01
9.965640896482169664e-01
9.965640896482169664e-01
9.922356072262893401e-01
9.940197057058456354e-01
9.859292978995110035e-01
9.887951209424973298e-01
9.702562471856566173e-01
9.843333628455599449e-01
9.548742924238811103e-01
9.800336655029818766e-01
9.383815129628634288e-01
9.796450814265197371e-01
9.368098915545730598e-01
9.383815129628637619e-01
9.368098915545730598e-01
8.632310946835687337e-01
9.070912052214255006e-01
6.303833700299029674e-01
7.859163980254982862e-01
3.869843137846027403e-01
5.062522295032227948e-01
1.483268858376657617e-01
3.395231008651231619e-01
6.088593665871397942e-01
7.217225366329708125e-01
4.644596108942646295e-01
6.088593665871371297e-01
3.395231008651220517e-01
5.062522295032189090e-01
1.483268858376650123e-01
3.395231008651247717e-01
5.885746129519685982e-02
2.164353341933473174e-01
1.578774817109432002e-02
5.885746129519878189e-02
5.885746129520199460e-02
1.578774817109751885e-02
2.164353341933488994e-01
5.885746129520004477e-02
3.395231008651259375e-01
1.483268858376673993e-01
5.062522295032263475e-01
3.395231008651258819e-01
6.088593665871432359e-01
4.644596108942677382e-01
7.217225366329749203e-01
6.088593665871414595e-01
3.395231008651262705e-01
1.483268858376666499e-01
5.062522295032245712e-01
3.395231008651252713e-01
5.885746129520159214e-02
1.578774817109695680e-02
2.164353341933508978e-01
5.885746129520041253e-02
5.885746129519875414e-02
2.164353341933492880e-01
1.578774817109526718e-02
5.885746129519994069e-02
7.859163980254998405e-01
5.732913917037034679e-01
8.993690273367022092e-01
7.859163980254978421e-01
9.433641631898689317e-01
8.762813818434165292e-01
9.745663376621214180e-01
9.434571954834060081e-01
9.859292978995111145e-01
9.702562471856569504e-01
9.940197057058456354e-01
9.887951209424973298e-01
9.969866737887760344e-01
9.947456856728712493e-01
9.988802689801834500e-01
9.981948113804459677e-01
9.994722287275411565e-01
9.991873949864968907e-01
9.998159684662153435e-01
9.997307604182025242e-01
9.999160905104490515e-01
9.998809564578693410e-01
9.999717039166808874e-01
9.999504970994924635e-01
9.999873339585518828e-01
9.999727698335583170e-01
9.999946806920368969e-01
9.999879707795943373e-01
9.999970740259670476e-01
9.999935095905001514e-01
9.999987292586431931e-01
9.999973154551362597e-01
9.999993282057200172e-01
9.999986277143955160e-01
9.999997274830578764e-01
9.999994665599430954e-01
9.999998620033095920e-01
9.999997375638561836e-01
9.999999467832911826e-01
9.999999024142449677e-01
9.999999990062172772e-01
9.999999996868074170e-01
9.999999987209180485e-01
9.999999995586791313e-01
9.999999982352335559e-01
9.999999994005440707e-01
9.999999973898936467e-01
9.999999991306182112e-01
9.999999966504156124e-01
9.999999988985738275e-01
9.999999955335454604e-01
9.999999985534917535e-01
9.999999947034019510e-01
9.999999983003570181e-01
9.999999936829394587e-01
9.999999979924005800e-01
9.999999931117384833e-01
9.999999978213712781e-01
9.999999926905702718e-01
9.999999976958250381e-01
9.999999926568839959e-01
9.999999976858030548e-01
9.999999926568839959e-01
9.999999976858030548e-01
9.999999926568839959e-01
9.999999976858030548e-01
9.999999926568839959e-01
9.999999976858030548e-01
9.999999926568839959e-01
9.999999976858030548e-01
9.999999926568839959e-01
9.999999976858030548e-01
9.999999926568839959e-01
9.999999976858030548e-01
9.999999926568839959e-01
9.999999976858030548e-01
9.999999926568839959e-01
9.999999976858030548e-01
9.999999926568839959e-01
9.999999976858030548e-01
9.999999926568839959e-01
9.999999976858030548e-01
9.999999926568839959e-01
9.999999976858030548e-01
9.999999926568839959e-01
9.999999976858030548e-01
9.999999926568839959e-01
9.999999976858030548e-01
9.999999926568839959e-01
9.999999976858030548e-01
9.999999926568839959e-01
9.999999976858030548e-01
9.999999926568839959e-01
9.999999976858030548e-01
9.999999921172619821e-01
9.999999931117384833e-01
9.999999829822733277e-01
9.999999840059173861e-01
9.999999460187072309e-01
9.999999494730583693e-01
9.999998743279546742e-01
9.999998827640461663e-01
9.999996013942150652e-01
9.999996300709436126e-01
9.999990720883720208e-01
9.999991425424877844e-01
9.999970572220256981e-01
9.999972989407749369e-01
9.999931503012394751e-01
9.999937487532529756e-01
9.999782811492549106e-01
9.999803592878410141e-01
9.999494561416468752e-01
9.999546540850393628e-01
9.998397950784505550e-01
9.998581422004928498e-01
9.996273221517532059e-01
9.996738637715687492e-01
9.988198527011252770e-01
9.989879280203379786e-01
9.972581991627752496e-01
9.976930980827185547e-01
9.913507494843851742e-01
9.929714621204553948e-01
9.800336655029818766e-01
9.843333628455599449e-01
9.383815129628639840e-01
9.548742924238814433e-01
8.632310946835691778e-01
9.070912052214253896e-01
6.303833700299057430e-01
7.859163980254983972e-01
3.869843137846057934e-01
5.062522295032234609e-01
1.483268858376667609e-01
3.395231008651242166e-01
6.088593665871404603e-01
7.217225366329723668e-01
4.644596108942661283e-01
6.088593665871394611e-01
3.395231008651237725e-01
5.062522295032215736e-01
1.483268858376661226e-01
3.395231008651237170e-01
5.885746129519994069e-02
2.164353341933485386e-01
1.578774817109685966e-02
5.885746129519994069e-02
5.885746129519976722e-02
1.578774817109676945e-02
2.164353341933485386e-01
5.885746129519995457e-02
3.395231008651236060e-01
1.483268858376660393e-01
5.062522295032215736e-01
3.395231008651237170e-01
6.088593665871390170e-01
4.644596108942655732e-01
7.217225366329711456e-01
6.088593665871390170e-01
3.395231008651237170e-01
1.483268858376661226e-01
5.062522295032215736e-01
3.869843137846030734e-01
5.885746129519986436e-02
1.578774817109676945e-02
2.164353341933484554e-01
5.885746129519995457e-02
5.885746129519994069e-02
2.164353341933485386e-01
1.578774817109676598e-02
5.885746129519994069e-02
7.859163980254971760e-01
6.303833700299033005e-01
9.070912052214247234e-01
8.632310946835680676e-01
9.548742924238812213e-01
9.383815129628634288e-01
9.843333628455599449e-01
9.800336655029818766e-01
9.929714621204553948e-01
9.913507494843851742e-01
9.976930980827185547e-01
9.972581991627752496e-01
9.989879280203379786e-01
9.988198527011252770e-01
9.992777990451333636e-01
9.981733348971204567e-01
9.988802689801834500e-01
9.969866737887760344e-01
9.981948113804459677e-01
9.947456856728712493e-01
9.976930980827185547e-01
9.929714621204553948e-01
9.972581991627752496e-01
9.913507494843851742e-01
9.972208041561813063e-01
9.912079578454149331e-01
9.972208041561813063e-01
9.912079578454149331e-01
9.972208041561813063e-01
9.912079578454149331e-01
9.969866737887760344e-01
9.912079578454149331e-01
9.940197057058456354e-01
9.887951209424973298e-01
9.859292978995110035e-01
9.702562471856566173e-01
9.745663376621211960e-01
9.434571954834054530e-01
9.434571954834054530e-01
8.762813818434156410e-01
9.070912052214246124e-01
7.859163980254968429e-01
8.632310946835679566e-01
6.303833700299031895e-01
8.587791593191402839e-01
6.115069506704727820e-01
8.587791593191402839e-01
6.115069506704727820e-01
8.587791593191402839e-01
6.115069506704727820e-01
8.587791593191402839e-01
6.115069506704727820e-01
7.859163980254959547e-01
6.115069506704727820e-01
5.732913917037010254e-01
6.115069506704727820e-01
3.395231008651238280e-01
5.062522295032234609e-01
1.483268858376650956e-01
3.395231008651248827e-01
6.088593665871401273e-01
5.410665712940481153e-01
4.644596108942659063e-01
5.410665712940481153e-01
3.395231008651238280e-01
5.062522295032234609e-01
1.483268858376650956e-01
3.395231008651233284e-01
5.885746129519884434e-02
2.164353341933493435e-01
1.578774817109537473e-02
5.885746129519999620e-02
5.885746129520150888e-02
1.578774817109686313e-02
2.164353341933507868e-01
5.885746129520032233e-02
3.395231008651248272e-01
1.483268858376665666e-01
5.062522295032201303e-01
3.395231008651227178e-01
6.088593665871377958e-01
4.644596108942647961e-01
7.217225366329717007e-01
6.088593665871402383e-01
3.395231008651233284e-01
1.483268858376665666e-01
5.062522295032234609e-01
3.869843137846059600e-01
5.885746129520026682e-02
1.578774817109723783e-02
2.164353341933480390e-01
5.885746129519957986e-02
5.885746129519808106e-02
2.164353341933466235e-01
1.578774817109572168e-02
5.885746129519873332e-02
7.859163980254986193e-01
6.303833700299065201e-01
9.070912052214255006e-01
8.632310946835692889e-01
9.548742924238815544e-01
9.383815129628639840e-01
9.843333628455599449e-01
9.800336655029818766e-01
9.929714621204553948e-01
9.913507494843851742e-01
9.976930980827185547e-01
9.965608636612744986e-01
9.989879280203379786e-01
9.981067832135687157e-01
9.996298895453414879e-01
9.991627987763049834e-01
9.997963978648003458e-01
9.995393973083511741e-01
9.999100073500445385e-01
9.997965303223603772e-01
9.999504970994924635e-01
9.998908202905856246e-01
9.999785937234497712e-01
9.999556034273410221e-01
9.999887852838645896e-01
9.999776845220756938e-01
9.999955306019436829e-01
9.999915509689458748e-01
9.999977716890405821e-01
9.999959278251837613e-01
9.999991604339149021e-01
9.999985284323715806e-01
9.999995954964895351e-01
9.999993102748393481e-01
9.999998534581017173e-01
9.999997584940638617e-01
9.999999998655061395e-01
9.999999999553239594e-01
9.999999997986100952e-01
9.999999999314946875e-01
9.999999997293255172e-01
9.999999999091513381e-01
9.999999996126005541e-01
9.999999998721250671e-01
9.999999995134233322e-01
9.999999998411238655e-01
9.999999993674496546e-01
9.999999997960811182e-01
9.999999992613065602e-01
9.999999997636859206e-01
9.999999991330622562e-01
9.999999997248794070e-01
9.999999990622091550e-01
9.999999997035777799e-01
9.999999990103515257e-01
9.999999996880438724e-01
9.999999990062172772e-01
9.999999996868074170e-01
9.999999990062172772e-01
9.999999996868074170e-01
9.999999990062172772e-01
9.999999996868074170e-01
9.999999990062172772e-01
9.999999996868074170e-01
9.999999990062172772e-01
9.999999996868074170e-01
9.999999990062172772e-01
9.999999996868074170e-01
9.999999990062172772e-01
9.999999996868074170e-01
9.999999990062172772e-01
9.999999996868074170e-01
9.999999990062172772e-01
9.999999996868074170e-01
9.999999990062172772e-01
9.999999996868074170e-01
9.999999990062172772e-01
9.999999996868074170e-01
9.999999990062172772e-01
9.999999996868074170e-01
9.999999990062172772e-01
9.999999996868074170e-01
9.999999990062172772e-01
9.999999996868074170e-01
9.999999990062172772e-01
9.999999996868074170e-01
9.999999990062172772e-01
9.999999992613065602e-01
9.999999979924005800e-01
9.999999983003570181e-01
9.999999936829394587e-01
9.999999947034019510e-01
9.999999853891954338e-01
9.999999878447469737e-01
9.999999541152484461e-01
9.999999622762317797e-01
9.999998940494677635e-01
9.999999137316133435e-01
9.999996681632796758e-01
9.999997337841265432e-01
9.999992355778678510e-01
9.999993942119911328e-01
9.999976151712595129e-01
9.999981457617503899e-01
9.999945254817683704e-01
9.999958110537795486e-01
9.999830220836793959e-01
9.999873339585518828e-01
9.999612399165697108e-01
9.999717039166808874e-01
9.998809564578693410e-01
9.999160905104490515e-01
9.997307604182025242e-01
9.998159684662153435e-01
9.991873949864968907e-01
9.994722287275411565e-01
9.981948113804459677e-01
9.988802689801834500e-01
9.947456856728712493e-01
9.969866737887760344e-01
9.887951209424974408e-01
9.940197057058456354e-01
9.702562471856568393e-01
9.859292978995111145e-01
9.434571954834058971e-01
9.745663376621213070e-01
8.762813818434165292e-01
9.368098915545735039e-01
7.859163980254981752e-01
8.587791593191411721e-01
5.732913917037019136e-01
6.115069506704734481e-01
3.395231008651237725e-01
3.750935731918229044e-01
1.052709588514985362e-01
1.052709588514985362e-01
1.052709588514985362e-01
1.052709588514985362e-01
3.750935731918227933e-01
3.750935731918227933e-01
1.052709588514985362e-01
1.052709588514985362e-01
3.750935731918227933e-01
3.750935731918227933e-01
3.750935731918229044e-01
3.750935731918229044e-01
1.052709588514985362e-01
1.052709588514985362e-01
6.115069506704727820e-01
6.115069506704727820e-01
8.587791593191402839e-01
8.587791593191402839e-01
9.368098915545730598e-01
9.368098915545730598e-01
9.796450814265197371e-01
9.796450814265197371e-01
9.912079578454149331e-01
9.912079578454149331e-01
9.972208041561813063e-01
9.965640896482169664e-01
9.984785195924315016e-01
9.965608636612744986e-01
9.965640896482169664e-01
9.922356072262894511e-01
9.940197057058456354e-01
9.859292978995111145e-01
9.887951209424974408e-01
9.702562471856569504e-01
9.843333628455599449e-01
9.548742924238815544e-01
9.800336655029818766e-01
9.383815129628638729e-01
9.796450814265197371e-01
9.368098915545735039e-01
9.796450814265197371e-01
9.368098915545735039e-01
9.796450814265197371e-01
9.368098915545735039e-01
9.796450814265197371e-01
9.368098915545735039e-01
9.796450814265197371e-01
9.368098915545735039e-01
9.548742924238811103e-01
9.368098915545735039e-01
9.070912052214247234e-01
8.632310946835679566e-01
7.859163980254970649e-01
6.303833700299028564e-01
7.217225366329709235e-01
6.088593665871386840e-01
6.088593665871392391e-01
4.644596108942659063e-01
5.062522295032211295e-01
3.869843137846025183e-01
3.395231008651241056e-01
1.483268858376664556e-01
5.062522295032211295e-01
3.395231008651232729e-01
3.869843137846027403e-01
1.483268858376650956e-01
2.164353341933480113e-01
5.885746129519986436e-02
5.885746129519790065e-02
1.578774817109620740e-02
1.578774817109779641e-02
5.885746129520097458e-02
5.885746129520144643e-02
2.164353341933495101e-01
3.750935731918227933e-01
1.052709588514985362e-01
3.750935731918227933e-01
1.052709588514985362e-01
3.750935731918227933e-01
1.052709588514985362e-01
3.750935731918227933e-01
1.052709588514985362e-01
1.052709588514985362e-01
3.750935731918229044e-01
1.052709588514985362e-01
3.750935731918229044e-01
1.052709588514985362e-01
3.395231008651241611e-01
1.052709588514985362e-01
3.750935731918229044e-01
3.750935731918227933e-01
1.052709588514985362e-01
3.750935731918227933e-01
1.052709588514985362e-01
3.750935731918227933e-01
1.052709588514985362e-01
3.750935731918227933e-01
1.052709588514985362e-01
1.052709588514985362e-01
3.750935731918229044e-01
1.052709588514985362e-01
3.750935731918229044e-01
1.052709588514985362e-01
3.750935731918229044e-01
1.052709588514985362e-01
3.750935731918229044e-01
3.750935731918227933e-01
1.052709588514985362e-01
3.750935731918227933e-01
1.052709588514985362e-01
3.750935731918227933e-01
1.052709588514985362e-01
3.750935731918227933e-01
1.052709588514985362e-01
1.052709588514985362e-01
3.750935731918229044e-01
1.052709588514985362e-01
3.750935731918229044e-01
1.052709588514985362e-01
3.750935731918229044e-01
1.052709588514985362e-01
3.750935731918229044e-01
3.750935731918227933e-01
1.052709588514985362e-01
3.750935731918227933e-01
1.052709588514985362e-01
3.750935731918227933e-01
1.052709588514985362e-01
3.395231008651219962e-01
1.052709588514985362e-01
1.052709588514985362e-01
3.750935731918229044e-01
1.052709588514985362e-01
3.395231008651234395e-01
1.052709588514985362e-01
3.750935731918229044e-01
1.052709588514985362e-01
3.750935731918229044e-01
1.483268858376665666e-01
3.395231008651233284e-01
3.869843137846059600e-01
5.062522295032234609e-01
3.395231008651233284e-01
1.483268858376664556e-01
5.062522295032234609e-01
3.395231008651250493e-01
1.578774817109723089e-02
5.885746129520027375e-02
5.885746129519957293e-02
2.164353341933480945e-01
5.885746129520026682e-02
1.578774817109714415e-02
2.164353341933480390e-01
5.885746129519948966e-02
2.164353341933466235e-01
5.885746129519957986e-02
5.885746129519877495e-02
1.578774817109574249e-02
5.885746129519808106e-02
2.164353341933467068e-01
1.578774817109572168e-02
5.885746129519888598e-02
6.303833700299065201e-01
5.732913917037031348e-01
8.632310946835692889e-01
7.859163980254976201e-01
9.383815129628639840e-01
8.762813818434166402e-01
9.745663376621213070e-01
9.433641631898690427e-01
9.859292978995112255e-01
9.684444961708500443e-01
9.937565569499912099e-01
9.859292978995111145e-01
9.965608636612744986e-01
9.922356072262894511e-01
9.984785195924315016e-01
9.965640896482169664e-01
9.991627987763049834e-01
9.981733348971204567e-01
9.996404806325468462e-01
9.992777990451333636e-01
9.998143187969478207e-01
9.996464107099610752e-01
9.999279467047661463e-01
9.998712123480977265e-01
9.999648696131210324e-01
9.999396789284485942e-01
9.999871810205287481e-01
9.999790128292275204e-01
9.999939679042129104e-01
9.999904197498612479e-01
9.999978826877878868e-01
9.999967573834009915e-01
9.999990262713962519e-01
9.999985433138809388e-01
9.999996668706135905e-01
9.999995155903917965e-01
9.999999999795270433e-01
9.999999999929946037e-01
9.999999999690251107e-01
9.999999999895807790e-01
9.999999999592948940e-01
9.999999999864652711e-01
9.999999999433489828e-01
9.999999999814311868e-01
9.999999999301296683e-01
9.999999999773099280e-01
9.999999999110891213e-01
9.999999999714384025e-01
9.999999998974953286e-01
9.999999999672850581e-01
9.999999998813043911e-01
9.999999999623736535e-01
9.999999998724552475e-01
9.999999999597039002e-01
9.999999998660179523e-01
9.999999999577677823e-01
9.999999998655061395e-01
9.999999999576140164e-01
9.999999998655061395e-01
9.999999999576140164e-01
9.999999998655061395e-01
9.999999999576140164e-01
9.999999998655061395e-01
9.999999999576140164e-01
9.999999998655061395e-01
9.999999999576140164e-01
9.999999998655061395e-01
9.999999999576140164e-01
9.999999998655061395e-01
9.999999999576140164e-01
9.999999998655061395e-01
9.999999999576140164e-01
9.999999998655061395e-01
9.999999999576140164e-01
9.999999998655061395e-01
9.999999999576140164e-01
9.999999998655061395e-01
9.999999999576140164e-01
9.999999998655061395e-01
9.999999999576140164e-01
9.999999998655061395e-01
9.999999999576140164e-01
9.999999998655061395e-01
9.999999999301296683e-01
9.999999997960811182e-01
9.999999998411238655e-01
9.999999993674496546e-01
9.999999995134233322e-01
9.999999985534917535e-01
9.999999988985738275e-01
9.999999955335454604e-01
9.999999966504156124e-01
9.999999898256001218e-01
9.999999924624408676e-01
9.999999687758311939e-01
9.999999772896766004e-01
9.999999292433745524e-01
9.999999492974487314e-01
9.999997846718832184e-01
9.999998491536610246e-01
9.999995155903917965e-01
9.999996668706135905e-01
9.999985433138809388e-01
9.999990262713962519e-01
9.999967573834009915e-01
9.999978826877878868e-01
9.999904197498612479e-01
9.999939679042129104e-01
9.999790128292275204e-01
9.999871810205287481e-01
9.999396789284485942e-01
9.999648696131210324e-01
9.998712123480977265e-01
9.999279467047661463e-01
9.996464107099610752e-01
9.998143187969478207e-01
9.992777990451333636e-01
9.996234242739046039e-01
9.981733348971204567e-01
9.988055864180434007e-01
9.965640896482169664e-01
9.972208041561813063e-01
9.912079578454149331e-01
9.912079578454149331e-01
9.796450814265197371e-01
9.796450814265197371e-01
9.368098915545735039e-01
9.368098915545735039e-01
8.587791593191411721e-01
8.587791593191411721e-01
6.115069506704734481e-01
6.115069506704734481e-01
3.750935731918229044e-01
3.750935731918229044e-01
1.052709588514985362e-01
1.052709588514985362e-01
1.052709588514985362e-01
1.052709588514985362e-01
3.750935731918227933e-01
3.750935731918227933e-01
1.052709588514985362e-01
1.052709588514985362e-01
3.750935731918227933e-01
3.395231008651241056e-01
3.750935731918229044e-01
3.750935731918229044e-01
1.052709588514985362e-01
1.052709588514985362e-01
6.115069506704727820e-01
5.732913917037018026e-01
8.587791593191402839e-01
7.859163980254975090e-01
9.368098915545730598e-01
8.762813818434160851e-01
9.745663376621214180e-01
9.434571954834058971e-01
9.859292978995111145e-01
9.702562471856568393e-01
9.940197057058456354e-01
9.887951209424974408e-01
9.937565569499912099e-01
9.859292978995110035e-01
9.859292978995111145e-01
9.684444961708498223e-01
9.745663376621214180e-01
9.433641631898688207e-01
9.434571954834061192e-01
8.762813818434166402e-01
9.070912052214255006e-01
7.859163980254982862e-01
8.632310946835689558e-01
6.303833700299038556e-01
8.587791593191411721e-01
6.115069506704733371e-01
8.587791593191411721e-01
6.115069506704733371e-01
8.587791593191411721e-01
6.115069506704733371e-01
8.587791593191411721e-01
6.115069506704733371e-01
8.587791593191411721e-01
6.115069506704733371e-01
8.587791593191411721e-01
6.115069506704733371e-01
8.587791593191402839e-01
6.115069506704733371e-01
6.115069506704723379e-01
5.732913917037013585e-01
3.750935731918222382e-01
3.750935731918222382e-01
1.052709588514991884e-01
1.052709588514991884e-01
1.052709588514991884e-01
1.052709588514991884e-01
3.395231008651246052e-01
3.750935731918240701e-01
1.052709588514991884e-01
1.052709588514991884e-01
3.750935731918240701e-01
3.750935731918240701e-01
3.750935731918222382e-01
3.395231008651237170e-01
1.052709588514991884e-01
1.052709588514991884e-01
5.732913917037024687e-01
6.115069506704736702e-01
6.115069506704733371e-01
8.587791593191405060e-01
6.115069506704733371e-01
8.587791593191411721e-01
6.115069506704733371e-01
8.587791593191411721e-01
6.115069506704733371e-01
8.587791593191411721e-01
6.115069506704733371e-01
8.587791593191411721e-01
6.115069506704733371e-01
8.587791593191411721e-01
5.732913917037004703e-01
7.859163980254975090e-01
3.395231008651213855e-01
5.062522295032190200e-01
1.483268858376650956e-01
3.395231008651236060e-01
6.088593665871375737e-01
7.217225366329714786e-01
4.644596108942664614e-01
6.088593665871414595e-01
3.395231008651257154e-01
5.062522295032253483e-01
1.483268858376672328e-01
3.395231008651248272e-01
5.885746129520032927e-02
2.164353341933494546e-01
1.578774817109685966e-02
5.885746129520013498e-02
5.885746129520000314e-02
1.578774817109676945e-02
2.164353341933493990e-01
5.885746129520022518e-02
3.395231008651248272e-01
1.483268858376664556e-01
5.062522295032201303e-01
3.395231008651233284e-01
6.088593665871401273e-01
4.644596108942669610e-01
7.217225366329730329e-01
6.088593665871415705e-01
3.395231008651272697e-01
1.483268858376684818e-01
5.062522295032263475e-01
3.395231008651256044e-01
5.885746129520199460e-02
1.578774817109863948e-02
2.164353341933488994e-01
5.885746129519967701e-02
5.885746129519983660e-02
2.164353341933476782e-01
1.578774817109731415e-02
5.885746129519916353e-02
7.859163980254995074e-01
5.732913917037033569e-01
8.993690273367022092e-01
7.859163980254971760e-01
9.433641631898689317e-01
8.762813818434165292e-01
9.745663376621214180e-01
9.434571954834060081e-01
9.859292978995111145e-01
9.702562471856569504e-01
9.940197057058456354e-01
9.887951209424974408e-01
9.969866737887760344e-01
9.947456856728712493e-01
9.988802689801834500e-01
9.981948113804459677e-01
9.994722287275411565e-01
9.991873949864968907e-01
9.998159684662153435e-01
9.997307604182025242e-01
9.999160905104490515e-01
9.998809564578693410e-01
9.999717039166808874e-01
9.999612399165697108e-01
9.999873339585518828e-01
9.999830220836793959e-01
9.999958110537795486e-01
9.999945254817683704e-01
9.999981457617503899e-01
9.999976151712595129e-01
9.999993942119911328e-01
9.999992355778678510e-01
9.999999999968185449e-01
9.999999999989233057e-01
9.999999999953231855e-01
9.999999999984408028e-01
9.999999999939725992e-01
9.999999999980107024e-01
9.999999999918111060e-01
9.999999999973308018e-01
9.999999999900565095e-01
9.999999999967846831e-01
9.999999999875751611e-01
9.999999999960197394e-01
9.999999999858310007e-01
9.999999999954861662e-01
9.999999999837783093e-01
9.999999999948622209e-01
9.999999999826666430e-01
9.999999999945257123e-01
9.999999999818620644e-01
9.999999999942829065e-01
9.999999999817982266e-01
9.999999999942636997e-01
9.999999999817982266e-01
9.999999999942636997e-01
9.999999999817982266e-01
9.999999999942636997e-01
9.999999999817982266e-01
9.999999999942636997e-01
9.999999999817982266e-01
9.999999999942636997e-01
9.999999999817982266e-01
9.999999999942636997e-01
9.999999999817982266e-01
9.999999999942636997e-01
9.999999999817982266e-01
9.999999999942636997e-01
9.999999999817982266e-01
9.999999999942636997e-01
9.999999999817982266e-01
9.999999999942636997e-01
9.999999999817982266e-01
9.999999999942636997e-01
9.999999999817982266e-01
9.999999999939725992e-01
9.999999999814311868e-01
9.999999999864652711e-01
9.999999999433489828e-01
9.999999999592948940e-01
9.999999998721250671e-01
9.999999999091513381e-01
9.999999996126005541e-01
9.999999997293255172e-01
9.999999991306182112e-01
9.999999994005440707e-01
9.999999973898936467e-01
9.999999982352335559e-01
9.999999941866458686e-01
9.999999961303713825e-01
9.999999827528867069e-01
9.999999887840697044e-01
9.999999619703722198e-01
9.999999757266579969e-01
9.999998889621984910e-01
9.999999310856922952e-01
9.999997584940638617e-01
9.999998534581017173e-01
9.999993102748393481e-01
9.999995954964895351e-01
9.999985284323715806e-01
9.999991425424877844e-01
9.999959278251837613e-01
9.999972989407749369e-01
9.999915509689458748e-01
9.999937487532529756e-01
9.999776845220756938e-01
9.999803592878410141e-01
9.999494561416468752e-01
9.999546540850393628e-01
9.998397950784505550e-01
9.998581422004928498e-01
9.996273221517532059e-01
9.996738637715687492e-01
9.988198527011252770e-01
9.989879280203379786e-01
9.972581991627752496e-01
9.976930980827185547e-01
9.913507494843851742e-01
9.929714621204553948e-01
9.800336655029818766e-01
9.843333628455599449e-01
9.383815129628638729e-01
9.548742924238814433e-01
8.632310946835688448e-01
9.070912052214252785e-01
6.303833700299039666e-01
7.859163980254977311e-01
3.869843137846031844e-01
5.062522295032217956e-01
1.483268858376660393e-01
3.395231008651239391e-01
6.088593665871391281e-01
7.217225366329713676e-01
4.644596108942656842e-01
6.088593665871392391e-01
3.395231008651237725e-01
5.062522295032217956e-01
1.483268858376662336e-01
3.395231008651239391e-01
5.885746129520004477e-02
2.164353341933487607e-01
1.578774817109667231e-02
5.885746129520022518e-02
5.885746129519980191e-02
1.578774817109648843e-02
2.164353341933485386e-01
5.885746129519967701e-02
3.395231008651236060e-01
1.483268858376658172e-01
5.062522295032215736e-01
3.395231008651234395e-01
6.088593665871389060e-01
4.644596108942652957e-01
7.217225366329711456e-01
6.088593665871389060e-01
3.395231008651236060e-01
1.483268858376658172e-01
5.062522295032215736e-01
3.869843137846030734e-01
5.885746129519982967e-02
1.578774817109653700e-02
2.164353341933483443e-01
5.885746129519967701e-02
5.885746129520002395e-02
2.164353341933487329e-01
1.578774817109688047e-02
5.885746129520018355e-02
7.859163980254975090e-01
6.303833700299037446e-01
9.070912052214252785e-01
8.632310946835689558e-01
9.548742924238814433e-01
9.368098915545729488e-01
9.796450814265196261e-01
9.368098915545728378e-01
9.745663376621211960e-01
9.368098915545729488e-01
9.433641631898684876e-01
8.762813818434155300e-01
8.993690273367016541e-01
7.859163980254971760e-01
7.859163980254985082e-01
5.732913917037022467e-01
7.217225366329722558e-01
6.088593665871404603e-01
6.088593665871393501e-01
4.644596108942656842e-01
5.062522295032234609e-01
3.395231008651248827e-01
3.395231008651240501e-01
1.483268858376662891e-01
5.062522295032211295e-01
3.395231008651229954e-01
3.869843137846030734e-01
1.483268858376655674e-01
2.164353341933479280e-01
5.885746129519967701e-02
5.885746129519929537e-02
1.578774817109602005e-02
1.578774817109714068e-02
5.885746129520041253e-02
5.885746129520078723e-02
2.164353341933489827e-01
3.750935731918226823e-01
1.052709588514981476e-01
3.750935731918229044e-01
1.052709588514981476e-01
3.750935731918226823e-01
1.052709588514981476e-01
3.750935731918229044e-01
1.052709588514981476e-01
1.052709588514986749e-01
3.750935731918231264e-01
1.052709588514986749e-01
3.750935731918231264e-01
1.052709588514986749e-01
3.395231008651243831e-01
1.052709588514986749e-01
3.750935731918231264e-01
3.750935731918226823e-01
1.052709588514981476e-01
3.750935731918229044e-01
1.052709588514981476e-01
3.750935731918226823e-01
1.052709588514981476e-01
3.750935731918229044e-01
1.052709588514981476e-01
1.052709588514986749e-01
3.750935731918231264e-01
1.052709588514986749e-01
3.750935731918231264e-01
1.052709588514986749e-01
3.750935731918231264e-01
1.052709588514986749e-01
3.750935731918231264e-01
3.750935731918226823e-01
1.052709588514981476e-01
3.750935731918229044e-01
1.052709588514981476e-01
3.750935731918226823e-01
1.052709588514981476e-01
3.750935731918229044e-01
1.052709588514981476e-01
1.052709588514986749e-01
3.750935731918231264e-01
1.052709588514986749e-01
3.750935731918231264e-01
1.052709588514986749e-01
3.750935731918231264e-01
1.052709588514986749e-01
3.750935731918231264e-01
3.750935731918226823e-01
1.052709588514981476e-01
3.750935731918229044e-01
1.052709588514981476e-01
3.750935731918226823e-01
1.052709588514981476e-01
3.395231008651228843e-01
1.052709588514981476e-01
1.052709588514986749e-01
3.750935731918231264e-01
1.052709588514986749e-01
3.750935731918231264e-01
1.052709588514986749e-01
3.750935731918231264e-01
1.052709588514986749e-01
3.750935731918231264e-01
1.483268858376666499e-01
3.869843137846035175e-01
3.395231008651233284e-01
5.062522295032214625e-01
1.483268858376666499e-01
3.395231008651243831e-01
3.869843137846042391e-01
5.062522295032224617e-01
4.644596108942659063e-01
6.088593665871394611e-01
6.088593665871397942e-01
7.217225366329717007e-01
2.164353341933479280e-01
5.885746129519967701e-02
5.885746129520097458e-02
1.578774817109602005e-02
1.578774817109639128e-02
5.885746129520116887e-02
5.885746129519986436e-02
2.164353341933482611e-01
6.303833700299039666e-01
7.859163980254977311e-01
8.632310946835681786e-01
9.070912052214249455e-01
9.368098915545735039e-01
9.548742924238812213e-01
9.368098915545735039e-01
9.796450814265198481e-01
9.368098915545735039e-01
9.796450814265197371e-01
9.368098915545735039e-01
9.796450814265198481e-01
9.368098915545735039e-01
9.745663376621215290e-01
8.762813818434159741e-01
9.433641631898690427e-01
7.859163980254979531e-01
8.993690273367012100e-01
5.732913917037010254e-01
7.859163980254961768e-01
3.395231008651222737e-01
5.062522295032192421e-01
1.483268858376650123e-01
3.395231008651237725e-01
6.088593665871372407e-01
7.217225366329703684e-01
4.644596108942660173e-01
6.088593665871400162e-01
3.395231008651226068e-01
5.062522295032224617e-01
1.483268858376652066e-01
3.395231008651236060e-01
5.885746129519744269e-02
2.164353341933481778e-01
1.578774817109526718e-02
5.885746129520032233e-02
5.885746129520289666e-02
1.578774817109808090e-02
2.164353341933508978e-01
5.885746129520008640e-02
3.395231008651248272e-01
1.483268858376662891e-01
5.062522295032201303e-01
3.395231008651211080e-01
6.088593665871386840e-01
4.644596108942645185e-01
7.217225366329723668e-01
6.088593665871400162e-01
3.395231008651246052e-01
1.483268858376662891e-01
5.062522295032244601e-01
3.869843137846059600e-01
5.885746129520166153e-02
1.578774817109695680e-02
2.164353341933479558e-01
5.885746129519929537e-02
5.885746129519668635e-02
2.164353341933469010e-01
1.578774817109432002e-02
5.885746129519906639e-02
7.859163980254986193e-01
6.303833700299065201e-01
9.070912052214255006e-01
8.632310946835692889e-01
9.548742924238815544e-01
9.383815129628639840e-01
9.843333628455599449e-01
9.800336655029819877e-01
9.929714621204553948e-01
9.913507494843851742e-01
9.976930980827185547e-01
9.972581991627752496e-01
9.989879280203379786e-01
9.988198527011252770e-01
9.996738637715687492e-01
9.996273221517532059e-01
9.998581422004928498e-01
9.998397950784505550e-01
9.999546540850393628e-01
9.999494561416468752e-01
9.999803592878410141e-01
9.999727698335583170e-01
9.999937487532529756e-01
9.999879707795943373e-01
9.999970740259670476e-01
9.999935095905001514e-01
9.999987292586431931e-01
9.999973154551362597e-01
9.999999999995146105e-01
9.999999999998372413e-01
9.999999999993042232e-01
9.999999999997697397e-01
9.999999999991184829e-01
9.999999999997107869e-01
9.999999999988271604e-01
9.999999999996194155e-01
9.999999999985949017e-01
9.999999999995472511e-01
9.999999999982716048e-01
9.999999999994475530e-01
9.999999999980473397e-01
9.999999999993788302e-01
9.999999999977862153e-01
9.999999999992993382e-01
9.999999999976457721e-01
9.999999999992567057e-01
9.999999999975446308e-01
9.999999999992260635e-01
9.999999999975366372e-01
9.999999999992236210e-01
9.999999999975366372e-01
9.999999999992236210e-01
9.999999999975366372e-01
9.999999999992236210e-01
9.999999999975366372e-01
9.999999999989708233e-01
9.999999999975366372e-01
9.999999999985237364e-01
9.999999999975366372e-01
9.999999999976650900e-01
9.999999999975366372e-01
9.999999999968185449e-01
9.999999999975366372e-01
9.999999999953231855e-01
9.999999999975366372e-01
9.999999999939725992e-01
9.999999999973308018e-01
9.999999999918111060e-01
9.999999999961628472e-01
9.999999999900565095e-01
9.999999999913182780e-01
9.999999999803571571e-01
9.999999999842169585e-01
9.999999999642900095e-01
9.999999999642900095e-01
9.999999999192039635e-01
9.999999999314946875e-01
9.999999998531157175e-01
9.999999997986100952e-01
9.999999996676657288e-01
9.999999995586791313e-01
9.999999993958285094e-01
9.999999987209180485e-01
9.999999986491195925e-01
9.999999972298835305e-01
9.999999976158452375e-01
9.999999921172619821e-01
9.999999947034019510e-01
9.999999831883755741e-01
9.999999878447469737e-01
9.999999533006159735e-01
9.999999622762317797e-01
9.999998940494677635e-01
9.999999137316133435e-01
9.999996681632796758e-01
9.999997337841265432e-01
9.999992355778678510e-01
9.999993942119911328e-01
9.999976151712595129e-01
9.999981457617503899e-01
9.999945254817683704e-01
9.999958110537795486e-01
9.999830220836793959e-01
9.999873339585518828e-01
9.999612399165697108e-01
9.999717039166808874e-01
9.998809564578693410e-01
9.999160905104490515e-01
9.997307604182025242e-01
9.998159684662153435e-01
9.991873949864968907e-01
9.994722287275411565e-01
9.981948113804459677e-01
9.988802689801834500e-01
9.947456856728712493e-01
9.969866737887760344e-01
9.887951209424974408e-01
9.940197057058456354e-01
9.702562471856568393e-01
9.859292978995111145e-01
9.434571954834057861e-01
9.745663376621213070e-01
8.762813818434159741e-01
9.368098915545730598e-01
7.859163980254972870e-01
8.587791593191402839e-01
5.732913917037015805e-01
6.115069506704727820e-01
3.395231008651237725e-01
3.750935731918227933e-01
1.052709588514985362e-01
1.052709588514985362e-01
1.052709588514985362e-01
1.052709588514985362e-01
3.750935731918229044e-01
3.750935731918229044e-01
1.052709588514985362e-01
1.052709588514985362e-01
3.750935731918229044e-01
3.750935731918229044e-01
3.750935731918227933e-01
3.750935731918227933e-01
1.052709588514985362e-01
1.052709588514985362e-01
6.115069506704734481e-01
6.115069506704733371e-01
8.587791593191411721e-01
6.303833700299033005e-01
8.587791593191402839e-01
6.115069506704725599e-01
8.587791593191402839e-01
6.115069506704725599e-01
8.587791593191402839e-01
6.115069506704725599e-01
7.859163980254969539e-01
5.732913917037009144e-01
7.217225366329708125e-01
6.088593665871387950e-01
6.088593665871382399e-01
4.644596108942651291e-01
5.062522295032209074e-01
3.395231008651233284e-01
3.395231008651226623e-01
1.483268858376655674e-01
5.062522295032211295e-01
3.395231008651229954e-01
3.395231008651244387e-01
1.483268858376655674e-01
2.164353341933475949e-01
5.885746129519929537e-02
5.885746129519967007e-02
1.578774817109602005e-02
1.578774817109751191e-02
5.885746129520041253e-02
5.885746129520041253e-02
2.164353341933489827e-01
1.483268858376670385e-01
3.395231008651243831e-01
3.395231008651256044e-01
5.062522295032236830e-01
1.483268858376666499e-01
3.395231008651251048e-01
3.395231008651243831e-01
5.062522295032219066e-01
4.644596108942675161e-01
6.088593665871410154e-01
6.088593665871397942e-01
7.217225366329721448e-01
2.164353341933492880e-01
5.885746129520008640e-02
5.885746129519953129e-02
1.578774817109658210e-02
1.578774817109694986e-02
5.885746129520032233e-02
5.885746129520079417e-02
2.164353341933496211e-01
5.732913917037022467e-01
7.859163980254977311e-01
6.115069506704728930e-01
8.587791593191403949e-01
6.115069506704728930e-01
8.587791593191403949e-01
6.115069506704728930e-01
8.587791593191403949e-01
6.115069506704728930e-01
8.587791593191403949e-01
6.115069506704728930e-01
8.587791593191403949e-01
6.115069506704728930e-01
8.587791593191403949e-01
6.115069506704728930e-01
8.587791593191403949e-01
6.303833700299036336e-01
8.632310946835681786e-01
7.859163980254980642e-01
9.070912052214249455e-01
8.762813818434160851e-01
9.434571954834056751e-01
9.434571954834055640e-01
9.745663376621211960e-01
9.702562471856567283e-01
9.859292978995110035e-01
9.887951209424974408e-01
9.940197057058456354e-01
9.912079578454149331e-01
9.969866737887760344e-01
9.912079578454149331e-01
9.965608636612746096e-01
9.859292978995111145e-01
9.937565569499912099e-01
9.684444961708497113e-01
9.859292978995108925e-01
9.433641631898682656e-01
9.745663376621210849e-01
8.762813818434153079e-01
9.368098915545723937e-01
7.859163980254968429e-01
8.587791593191388406e-01
5.732913917037002483e-01
6.115069506704695623e-01
3.395231008651214966e-01
3.750935731918185745e-01
1.052709588514971067e-01
1.052709588514991884e-01
1.052709588515012978e-01
1.052709588514991884e-01
3.750935731918276783e-01
3.750935731918258464e-01
1.052709588515012978e-01
1.052709588514991884e-01
3.750935731918276783e-01
3.750935731918258464e-01
3.750935731918185745e-01
3.750935731918185745e-01
1.052709588514971067e-01
1.052709588514991884e-01
6.115069506704762237e-01
6.115069506704762237e-01
8.587791593191416162e-01
8.587791593191416162e-01
9.368098915545736149e-01
9.368098915545736149e-01
9.796450814265197371e-01
9.796450814265198481e-01
9.912079578454149331e-01
9.912079578454149331e-01
9.972208041561813063e-01
9.965608636612744986e-01
9.988055864180434007e-01
9.981067832135687157e-01
9.996234242739046039e-01
9.991627987763049834e-01
9.997963978648003458e-01
9.995393973083511741e-01
9.999100073500445385e-01
9.997965303223603772e-01
9.999504970994924635e-01
9.998908202905856246e-01
9.999785937234497712e-01
9.999556034273410221e-01
9.999887852838645896e-01
9.999776845220756938e-01
9.999955306019436829e-01
9.999915509689458748e-01
9.999999999999270583e-01
9.999999999999756861e-01
9.999999999998977485e-01
9.999999999999663602e-01
9.999999999998723244e-01
9.999999999999583666e-01
9.999999999998332445e-01
9.999999999999460432e-01
9.999999999998026023e-01
9.999999999999364952e-01
9.999999999997604139e-01
9.999999999999235056e-01
9.999999999997315481e-01
9.999999999998895328e-01
9.999999999996982414e-01
9.999999999997712941e-01
9.999999999996803668e-01
9.999999999996171951e-01
9.999999999996675992e-01
9.999999999992458255e-01
9.999999999995388134e-01
9.999999999987851940e-01
9.999999999991584509e-01
9.999999999977358112e-01
9.999999999987212451e-01
9.999999999965066833e-01
9.999999999978060883e-01
9.999999999938827822e-01
9.999999999968210984e-01
9.999999999910066384e-01
9.999999999949056306e-01
9.999999999853089738e-01
9.999999999929946037e-01
9.999999999795270433e-01
9.999999999895807790e-01
9.999999999690251107e-01
9.999999999864652711e-01
9.999999999592948940e-01
9.999999999814311868e-01
9.999999999433489828e-01
9.999999999773099280e-01
9.999999999301296683e-01
9.999999999642900095e-01
9.999999999099271619e-01
9.999999999350804858e-01
9.999999998531157175e-01
9.999999998531157175e-01
9.999999996676657288e-01
9.999999997329698243e-01
9.999999993958285094e-01
9.999999993958285094e-01
9.999999986330262436e-01
9.999999989016381541e-01
9.999999975148913256e-01
9.999999975156163012e-01
9.999999943772945876e-01
9.999999955385234784e-01
9.999999897781260971e-01
9.999999903801199963e-01
9.999999771865104581e-01
9.999999835391562009e-01
9.999999599289925989e-01
9.999999670071419988e-01
9.999999167106028430e-01
9.999999292433745524e-01
9.999998620033095920e-01
9.999997846718832184e-01
9.999997375638561836e-01
9.999995155903917965e-01
9.999995954964895351e-01
9.999985433138809388e-01
9.999990262713962519e-01
9.999967573834009915e-01
9.999978826877878868e-01
9.999904197498612479e-01
9.999939679042129104e-01
9.999790128292275204e-01
9.999871810205287481e-01
9.999396789284485942e-01
9.999648696131210324e-01
9.998712123480977265e-01
9.999279467047661463e-01
9.996464107099610752e-01
9.998143187969478207e-01
9.992777990451333636e-01
9.996234242739046039e-01
9.981733348971204567e-01
9.988055864180434007e-01
9.965640896482169664e-01
9.972208041561813063e-01
9.912079578454149331e-01
9.912079578454149331e-01
9.796450814265197371e-01
9.796450814265197371e-01
9.368098915545730598e-01
9.368098915545730598e-01
8.587791593191402839e-01
8.587791593191402839e-01
6.115069506704727820e-01
6.115069506704727820e-01
3.750935731918227933e-01
3.750935731918227933e-01
1.052709588514985362e-01
1.052709588514985362e-01
1.052709588514985362e-01
1.052709588514985362e-01
3.750935731918229044e-01
3.750935731918229044e-01
1.052709588514985362e-01
1.052709588514985362e-01
3.750935731918229044e-01
3.750935731918229044e-01
3.750935731918227933e-01
3.750935731918227933e-01
1.052709588514985362e-01
1.052709588514985362e-01
5.410665712940482264e-01
5.410665712940481153e-01
6.088593665871403493e-01
4.644596108942664614e-01
5.062522295032214625e-01
3.869843137846029624e-01
3.395231008651242166e-01
1.483268858376657617e-01
5.062522295032229058e-01
3.395231008651244942e-01
3.869843137846031844e-01
1.483268858376662891e-01
2.164353341933492880e-01
5.885746129519967701e-02
5.885746129520008640e-02
1.578774817109658210e-02
1.578774817109694986e-02
5.885746129520069703e-02
5.885746129520023906e-02
2.164353341933496211e-01
3.750935731918222382e-01
1.052709588514981476e-01
3.750935731918226823e-01
1.052709588514981476e-01
3.750935731918222382e-01
1.052709588514981476e-01
3.750935731918226823e-01
1.052709588514981476e-01
1.052709588514986749e-01
3.750935731918231264e-01
1.052709588514986749e-01
3.750935731918231264e-01
1.052709588514986749e-01
3.395231008651247717e-01
1.052709588514986749e-01
3.750935731918231264e-01
3.750935731918222382e-01
1.052709588514981476e-01
3.750935731918226823e-01
1.052709588514981476e-01
3.750935731918222382e-01
1.052709588514981476e-01
3.395231008651233284e-01
1.052709588514981476e-01
1.052709588514986749e-01
3.750935731918231264e-01
1.052709588514986749e-01
3.750935731918231264e-01
1.052709588514986749e-01
3.750935731918231264e-01
1.052709588514986749e-01
3.750935731918231264e-01
1.483268858376666499e-01
3.869843137846034065e-01
3.395231008651243831e-01
5.062522295032219066e-01
1.483268858376670385e-01
3.395231008651243831e-01
3.395231008651233284e-01
5.062522295032219066e-01
4.644596108942659063e-01
6.088593665871394611e-01
6.088593665871387950e-01
7.217225366329713676e-01
2.164353341933475949e-01
5.885746129519967701e-02
5.885746129519929537e-02
1.578774817109639475e-02
1.578774817109751191e-02
5.885746129520041253e-02
5.885746129520041253e-02
2.164353341933489827e-01
5.732913917037022467e-01
7.859163980254978421e-01
7.859163980254979531e-01
8.993690273367018762e-01
8.762813818434163071e-01
9.433641631898690427e-01
9.368098915545730598e-01
9.745663376621213070e-01
9.368098915545730598e-01
9.796450814265196261e-01
9.368098915545730598e-01
9.796450814265196261e-01
9.368098915545730598e-01
9.796450814265196261e-01
9.368098915545730598e-01
9.796450814265196261e-01
9.368098915545730598e-01
9.796450814265196261e-01
9.368098915545730598e-01
9.796450814265196261e-01
9.383815129628634288e-01
9.800336655029817656e-01
9.548742924238812213e-01
9.843333628455598339e-01
9.702562471856566173e-01
9.887951209424973298e-01
9.859292978995110035e-01
9.940197057058455243e-01
9.922356072262893401e-01
9.965640896482169664e-01
9.965640896482169664e-01
9.984785195924315016e-01
9.981733348971204567e-01
9.991627987763049834e-01
9.981067832135687157e-01
9.988055864180434007e-01
9.965608636612744986e-01
9.972208041561813063e-01
9.912079578454148221e-01
9.912079578454148221e-01
9.796450814265194040e-01
9.796450814265194040e-01
9.368098915545723937e-01
9.368098915545723937e-01
8.587791593191388406e-01
8.587791593191388406e-01
6.115069506704695623e-01
6.115069506704695623e-01
3.750935731918185745e-01
3.750935731918185745e-01
1.052709588514971067e-01
1.052709588514991884e-01
1.052709588515012978e-01
1.052709588514991884e-01
3.750935731918276783e-01
3.750935731918258464e-01
1.052709588515012978e-01
1.052709588514991884e-01
3.750935731918276783e-01
3.395231008651257154e-01
3.750935731918185745e-01
3.750935731918185745e-01
1.052709588514971067e-01
1.052709588514991884e-01
6.115069506704762237e-01
5.732913917037036899e-01
8.587791593191416162e-01
7.859163980254986193e-01
9.368098915545736149e-01
8.762813818434161961e-01
9.745663376621211960e-01
9.433641631898688207e-01
9.859292978995110035e-01
9.684444961708498223e-01
9.937565569499910989e-01
9.859292978995111145e-01
9.965608636612744986e-01
9.922356072262894511e-01
9.984785195924316126e-01
9.965640896482169664e-01
9.991627987763049834e-01
9.981733348971204567e-01
9.996404806325468462e-01
9.992777990451333636e-01
9.998143187969478207e-01
9.996464107099610752e-01
9.999279467047661463e-01
9.998712123480977265e-01
9.999648696131210324e-01
9.999396789284485942e-01
9.999871810205287481e-01
9.999790128292275204e-01
9.999999999999892308e-01
9.999999999999767963e-01
9.999999999999819034e-01
9.999999999999535927e-01
9.999999999999710232e-01
9.999999999999245048e-01
9.999999999999459321e-01
9.999999999998565592e-01
9.999999999999164002e-01
9.999999999997749578e-01
9.999999999998525624e-01
9.999999999995953237e-01
9.999999999997813971e-01
9.999999999993915978e-01
9.999999999995576871e-01
9.999999999989279686e-01
9.999999999992508215e-01
9.999999999981534771e-01
9.999999999984996446e-01
9.999999999962153607e-01
9.999999999975540677e-01
9.999999999937239092e-01
9.999999999953664842e-01
9.999999999878305124e-01
9.999999999927663419e-01
9.999999999806766793e-01
9.999999999871309608e-01
9.999999999648283566e-01
9.999999999808651951e-01
9.999999999468405232e-01
9.999999999682733787e-01
9.999999999099271619e-01
9.999999999553239594e-01
9.999999998712184590e-01
9.999999999314946875e-01
9.999999997986100952e-01
9.999999999091513381e-01
9.999999997293255172e-01
9.999999998721250671e-01
9.999999996126005541e-01
9.999999998411238655e-01
9.999999995134233322e-01
9.999999997960811182e-01
9.999999993674496546e-01
9.999999997221207249e-01
9.999999992127314163e-01
9.999999993958285094e-01
9.999999986330262436e-01
9.999999989016381541e-01
9.999999975148913256e-01
9.999999975148913256e-01
9.999999943772945876e-01
9.999999954821630066e-01
9.999999897781260971e-01
9.999999897781260971e-01
9.999999768724050497e-01
9.999999814170054124e-01
9.999999579548742856e-01
9.999999579691021268e-01
9.999999048704147908e-01
9.999999246736768210e-01
9.999998270578822623e-01
9.999998389451028036e-01
9.999996149868504158e-01
9.999997274830578764e-01
9.999993282057200172e-01
9.999994665599430954e-01
9.999986277143955160e-01
9.999991604339149021e-01
9.999977716890405821e-01
9.999985284323715806e-01
9.999959278251837613e-01
9.999978826877878868e-01
9.999939679042129104e-01
9.999959278251837613e-01
9.999904197498612479e-01
9.999915509689458748e-01
9.999873339585518828e-01
9.999776845220756938e-01
9.999781107191517693e-01
9.999490277188621823e-01
9.999490277188621823e-01
9.998382701849535259e-01
9.998382701849535259e-01
9.996234242739046039e-01
9.996234242739046039e-01
9.988055864180434007e-01
9.988055864180434007e-01
9.972208041561813063e-01
9.972208041561813063e-01
9.912079578454149331e-01
9.912079578454149331e-01
9.796450814265197371e-01
9.796450814265197371e-01
9.368098915545730598e-01
9.368098915545730598e-01
8.587791593191402839e-01
8.587791593191402839e-01
6.115069506704727820e-01
6.115069506704727820e-01
3.750935731918227933e-01
3.750935731918227933e-01
1.052709588514985362e-01
1.052709588514985362e-01
1.052709588514985362e-01
1.052709588514985362e-01
3.750935731918229044e-01
3.750935731918229044e-01
1.052709588514985362e-01
1.052709588514985362e-01
3.750935731918229044e-01
3.395231008651228843e-01
3.750935731918227933e-01
3.750935731918227933e-01
1.052709588514985362e-01
1.052709588514985362e-01
3.750935731918226823e-01
3.750935731918227933e-01
1.052709588514984113e-01
1.052709588514984113e-01
1.052709588514994521e-01
1.052709588514997158e-01
3.395231008651260485e-01
3.750935731918258464e-01
1.052709588514994521e-01
1.052709588514997158e-01
3.750935731918256244e-01
3.750935731918258464e-01
3.750935731918226823e-01
3.395231008651234395e-01
1.052709588514984113e-01
1.052709588514984113e-01
5.732913917037031348e-01
6.115069506704755575e-01
6.115069506704736702e-01
8.587791593191415052e-01
6.115069506704736702e-01
8.587791593191413941e-01
6.115069506704736702e-01
8.587791593191416162e-01
6.303833700299041887e-01
8.632310946835690668e-01
7.859163980254975090e-01
9.070912052214255006e-01
8.762813818434161961e-01
9.434571954834058971e-01
9.433641631898688207e-01
9.745663376621215290e-01
9.684444961708500443e-01
9.859292978995112255e-01
9.859292978995111145e-01
9.937565569499912099e-01
9.912079578454149331e-01
9.965608636612744986e-01
9.912079578454149331e-01
9.972208041561813063e-01
9.912079578454149331e-01
9.972208041561813063e-01
9.912079578454149331e-01
9.972208041561813063e-01
9.912079578454149331e-01
9.972208041561813063e-01
9.912079578454149331e-01
9.972208041561813063e-01
9.913507494843850631e-01
9.972581991627752496e-01
9.929714621204553948e-01
9.976930980827185547e-01
9.947456856728712493e-01
9.981948113804459677e-01
9.969866737887760344e-01
9.988802689801834500e-01
9.981733348971204567e-01
9.992777990451333636e-01
9.991627987763049834e-01
9.996404806325468462e-01
9.995393973083511741e-01
9.996738637715687492e-01
9.988198527011252770e-01
9.989879280203379786e-01
9.972581991627752496e-01
9.976930980827185547e-01
9.913507494843849521e-01
9.929714621204553948e-01
9.800336655029815436e-01
9.843333628455597228e-01
9.383815129628627627e-01
9.548742924238808882e-01
8.632310946835666243e-01
9.070912052214242793e-01
6.303833700299006360e-01
7.859163980254972870e-01
3.869843137845991876e-01
5.062522295032209074e-01
1.483268858376662891e-01
3.395231008651263260e-01
6.088593665871390170e-01
7.217225366329710345e-01
4.644596108942675161e-01
6.088593665871419036e-01
3.395231008651249938e-01
5.062522295032236830e-01
1.483268858376655674e-01
3.395231008651257154e-01
5.885746129519892761e-02
2.164353341933504260e-01
1.578774817109601658e-02
5.885746129520041253e-02
5.885746129520191133e-02
1.578774817109676945e-02
2.164353341933511199e-01
5.885746129520041253e-02
3.395231008651277138e-01
1.483268858376670385e-01
5.062522295032257924e-01
3.395231008651256044e-01
6.088593665871423477e-01
4.644596108942675161e-01
7.217225366329717007e-01
6.088593665871384619e-01
3.395231008651244387e-01
1.483268858376662891e-01
5.062522295032196862e-01
3.395231008651217741e-01
5.885746129520103703e-02
1.578774817109658210e-02
2.164353341933503982e-01
5.885746129519929537e-02
5.885746129519929537e-02
2.164353341933496211e-01
1.578774817109582923e-02
5.885746129520107173e-02
7.859163980254972870e-01
5.732913917037012475e-01
8.993690273367013210e-01
7.859163980254977311e-01
9.433641631898688207e-01
8.762813818434156410e-01
9.745663376621211960e-01
9.434571954834053420e-01
9.859292978995110035e-01
9.702562471856567283e-01
9.940197057058456354e-01
9.887951209424973298e-01
9.969866737887760344e-01
9.947456856728712493e-01
9.988802689801834500e-01
9.981948113804459677e-01
9.994722287275411565e-01
9.991873949864968907e-01
9.998159684662153435e-01
9.997307604182025242e-01
9.999160905104490515e-01
9.998809564578693410e-01
9.999717039166808874e-01
9.999504970994924635e-01
9.999999999999548139e-01
9.999999999998723244e-01
9.999999999999085176e-01
9.999999999997712941e-01
9.999999999998492317e-01
9.999999999996171951e-01
9.999999999997091216e-01
9.999999999992458255e-01
9.999999999995388134e-01
9.999999999987851940e-01
9.999999999991584509e-01
9.999999999977358112e-01
9.999999999987212451e-01
9.999999999965066833e-01
9.999999999978060883e-01
9.999999999938827822e-01
9.999999999964694908e-01
9.999999999910066384e-01
9.999999999926345584e-01
9.999999999820228247e-01
9.999999999876256762e-01
9.999999999692307240e-01
9.999999999755728730e-01
9.999999999376861792e-01
9.999999999607033230e-01
9.999999998978532645e-01
9.999999999271977913e-01
9.999999998058657358e-01
9.999999998885554797e-01
9.999999996972850358e-01
9.999999998079481811e-01
9.999999994653097080e-01
9.999999997221207249e-01
9.999999992127314163e-01
9.999999995586791313e-01
9.999999987209180485e-01
9.999999994005440707e-01
9.999999982352335559e-01
9.999999991306182112e-01
9.999999973898936467e-01
9.999999988985738275e-01
9.999999966504156124e-01
9.999999985534917535e-01
9.999999955335454604e-01
9.999999983003570181e-01
9.999999947034019510e-01
9.999999972298835305e-01
9.999999921172619821e-01
9.999999954821630066e-01
9.999999887840697044e-01
9.999999897781260971e-01
9.999999768724050497e-01
9.999999814170054124e-01
9.999999579548742856e-01
9.999999579548742856e-01
9.999999048704147908e-01
9.999999235634926542e-01
9.999998270578822623e-01
9.999998270578822623e-01
9.999996087082558827e-01
9.999996855975449295e-01
9.999992886459603270e-01
9.999992889325177714e-01
9.999983905200654499e-01
9.999987292586431931e-01
9.999970740259670476e-01
9.999973154551362597e-01
9.999935095905001514e-01
9.999955306019436829e-01
9.999887852838645896e-01
9.999915509689458748e-01
9.999776845220756938e-01
9.999871810205287481e-01
9.999648696131210324e-01
9.999790128292275204e-01
9.999396789284485942e-01
9.999717039166808874e-01
9.999160905104490515e-01
9.999612399165697108e-01
9.998809564578693410e-01
9.999494561416468752e-01
9.998581422004928498e-01
9.998397950784505550e-01
9.998397950784505550e-01
9.996273221517532059e-01
9.996273221517532059e-01
9.988198527011252770e-01
9.988198527011252770e-01
9.972581991627752496e-01
9.972581991627752496e-01
9.913507494843851742e-01
9.913507494843851742e-01
9.800336655029818766e-01
9.800336655029818766e-01
9.383815129628635399e-01
9.383815129628634288e-01
8.632310946835680676e-01
8.632310946835680676e-01
6.303833700299035225e-01
6.303833700299031895e-01
3.869843137846031844e-01
5.062522295032217956e-01
1.483268858376665666e-01
3.395231008651239391e-01
5.062522295032211295e-01
3.869843137846029624e-01
3.395231008651232729e-01
1.483268858376658172e-01
5.885746129520041253e-02
2.164353341933487329e-01
1.578774817109727946e-02
5.885746129520013498e-02
2.164353341933480113e-01
5.885746129519962150e-02
5.885746129519939945e-02
1.578774817109648843e-02
5.885746129519948966e-02
1.578774817109658210e-02
2.164353341933481223e-01
5.885746129519967701e-02
1.578774817109723089e-02
5.885746129520022518e-02
5.885746129520041253e-02
2.164353341933488162e-01
1.483268858376666499e-01
3.395231008651239391e-01
3.395231008651242166e-01
5.062522295032217956e-01
1.483268858376672328e-01
3.395231008651247162e-01
3.869843137846059600e-01
5.062522295032236830e-01
4.644596108942664614e-01
6.088593665871396832e-01
6.088593665871406824e-01
7.217225366329724778e-01
2.164353341933481223e-01
5.885746129519967701e-02
5.885746129519929537e-02
1.578774817109639475e-02
1.578774817109732803e-02
5.885746129520022518e-02
5.885746129520041253e-02
2.164353341933488162e-01
6.303833700299058540e-01
7.859163980254986193e-01
8.632310946835691778e-01
9.070912052214255006e-01
9.368098915545735039e-01
9.548742924238814433e-01
9.368098915545736149e-01
9.796450814265198481e-01
9.383815129628638729e-01
9.800336655029818766e-01
9.548742924238815544e-01
9.843333628455599449e-01
9.702562471856568393e-01
9.887951209424974408e-01
9.859292978995111145e-01
9.940197057058456354e-01
9.922356072262894511e-01
9.965640896482169664e-01
9.965608636612744986e-01
9.984785195924316126e-01
9.981067832135687157e-01
9.991627987763049834e-01
9.988055864180434007e-01
9.996234242739046039e-01
9.988055864180434007e-01
9.996234242739046039e-01
9.988055864180434007e-01
9.996234242739046039e-01
9.988055864180434007e-01
9.996234242739046039e-01
9.988055864180434007e-01
9.996234242739046039e-01
9.988198527011252770e-01
9.996273221517532059e-01
9.989879280203379786e-01
9.996738637715687492e-01
9.991873949864968907e-01
9.997307604182025242e-01
9.994722287275411565e-01
9.998159684662153435e-01
9.996464107099610752e-01
9.998382701849535259e-01
9.998143187969478207e-01
9.998382701849535259e-01
9.997307604182025242e-01
9.998159684662153435e-01
9.991873949864968907e-01
9.994722287275411565e-01
9.981948113804459677e-01
9.988802689801834500e-01
9.947456856728712493e-01
9.969866737887760344e-01
9.887951209424972188e-01
9.940197057058455243e-01
9.702562471856565063e-01
9.859292978995110035e-01
9.434571954834053420e-01
9.745663376621211960e-01
8.762813818434158630e-01
9.433641631898685986e-01
7.859163980254969539e-01
8.993690273367016541e-01
5.732913917037026907e-01
7.859163980254989523e-01
3.395231008651242166e-01
5.062522295032236830e-01
1.483268858376655674e-01
3.395231008651236060e-01
6.088593665871395721e-01
7.217225366329717007e-01
4.644596108942639079e-01
6.088593665871379068e-01
3.395231008651217741e-01
5.062522295032192421e-01
1.483268858376655674e-01
3.395231008651237725e-01
5.885746129519855291e-02
2.164353341933469010e-01
1.578774817109620393e-02
5.885746129519906639e-02
5.885746129519980191e-02
1.578774817109695680e-02
2.164353341933476227e-01
5.885746129519929537e-02
3.395231008651229399e-01
1.483268858376662891e-01
5.062522295032231279e-01
3.395231008651248827e-01
6.088593665871404603e-01
4.644596108942669055e-01
7.217225366329713676e-01
6.088593665871389060e-01
3.395231008651244387e-01
1.483268858376662891e-01
5.062522295032209074e-01
3.869843137846024628e-01
5.885746129519953129e-02
1.578774817109658210e-02
2.164353341933489272e-01
5.885746129520008640e-02
5.885746129520079417e-02
2.164353341933496211e-01
1.578774817109732803e-02
5.885746129520032233e-02
7.859163980254965098e-01
6.303833700299015241e-01
9.070912052214238352e-01
8.632310946835677345e-01
9.548742924238808882e-01
9.383815129628635399e-01
9.843333628455599449e-01
9.800336655029818766e-01
9.929714621204553948e-01
9.913507494843851742e-01
9.976930980827185547e-01
9.965608636612744986e-01
9.989879280203379786e-01
9.981067832135687157e-01
9.996298895453414879e-01
9.991627987763049834e-01
9.997963978648003458e-01
9.995393973083511741e-01
9.999100073500445385e-01
9.997963978648003458e-01
9.999999999997107869e-01
9.999999999991184829e-01
9.999999999995576871e-01
9.999999999988271604e-01
9.999999999992508215e-01
9.999999999981534771e-01
9.999999999984996446e-01
9.999999999962153607e-01
9.999999999975540677e-01
9.999999999937239092e-01
9.999999999953664842e-01
9.999999999878305124e-01
9.999999999927663419e-01
9.999999999806766793e-01
9.999999999871309608e-01
9.999999999648283566e-01
9.999999999808651951e-01
9.999999999468405232e-01
9.999999999659245908e-01
9.999999999099271619e-01
9.999999999408448748e-01
9.999999998583737337e-01
9.999999998778271726e-01
9.999999996992010587e-01
9.999999997968146426e-01
9.999999994892579958e-01
9.999999996061341712e-01
9.999999989813341816e-01
9.999999993769634887e-01
9.999999983547207538e-01
9.999999988781100857e-01
9.999999969529078658e-01
9.999999983253408109e-01
9.999999953591154345e-01
9.999999972298835305e-01
9.999999921172619821e-01
9.999999961303713825e-01
9.999999887840697044e-01
9.999999941866458686e-01
9.999999827528867069e-01
9.999999924624408676e-01
9.999999772896766004e-01
9.999999898256001218e-01
9.999999687758311939e-01
9.999999878447469737e-01
9.999999622762317797e-01
9.999999831883755741e-01
9.999999533006159735e-01
9.999999757266579969e-01
9.999999310856922952e-01
9.999999579548742856e-01
9.999998889621984910e-01
9.999999235634926542e-01
9.999998270578822623e-01
9.999998270578822623e-01
9.999996087082558827e-01
9.999996855975449295e-01
9.999992886459603270e-01
9.999992886459603270e-01
9.999983905200654499e-01
9.999987067846152211e-01
9.999970740259670476e-01
9.999970740259670476e-01
9.999933798226354753e-01
9.999946806920368969e-01
9.999879647910164815e-01
9.999879707795943373e-01
9.999727698335583170e-01
9.999785937234497712e-01
9.999504970994924635e-01
9.999556034273410221e-01
9.998908202905856246e-01
9.999279467047661463e-01
9.998143187969478207e-01
9.998712123480977265e-01
9.996464107099610752e-01
9.998159684662153435e-01
9.994722287275411565e-01
9.997307604182025242e-01
9.991873949864968907e-01
9.996738637715687492e-01
9.989879280203379786e-01
9.996273221517530949e-01
9.988198527011252770e-01
9.996234242739046039e-01
9.988055864180434007e-01
9.988055864180434007e-01
9.981067832135687157e-01
9.972208041561813063e-01
9.965608636612744986e-01
9.912079578454149331e-01
9.912079578454149331e-01
9.796450814265197371e-01
9.796450814265197371e-01
9.368098915545730598e-01
9.368098915545730598e-01
8.587791593191402839e-01
8.587791593191402839e-01
6.115069506704727820e-01
6.115069506704727820e-01
3.750935731918227933e-01
3.750935731918227933e-01
1.052709588514985362e-01
1.052709588514985362e-01
1.052709588514985362e-01
1.052709588514985362e-01
3.395231008651248272e-01
3.750935731918229044e-01
1.052709588514985362e-01
1.052709588514985362e-01
3.750935731918229044e-01
3.750935731918229044e-01
3.750935731918227933e-01
3.750935731918227933e-01
1.052709588514985362e-01
1.052709588514985362e-01
5.732913917037024687e-01
6.115069506704733371e-01
7.859163980254986193e-01
8.587791593191412831e-01
8.762813818434166402e-01
9.368098915545735039e-01
9.434571954834060081e-01
9.745663376621213070e-01
9.702562471856568393e-01
9.859292978995111145e-01
9.887951209424974408e-01
9.940197057058456354e-01
9.913507494843851742e-01
9.969866737887760344e-01
9.929714621204553948e-01
9.976930980827185547e-01
9.947456856728712493e-01
9.981948113804459677e-01
9.969866737887760344e-01
9.988802689801834500e-01
9.981733348971204567e-01
9.992777990451333636e-01
9.991627987763049834e-01
9.996404806325468462e-01
9.995393973083511741e-01
9.997965303223603772e-01
9.997963978648003458e-01
9.998809564578693410e-01
9.998382701849535259e-01
9.998143187969478207e-01
9.998382701849535259e-01
9.996464107099610752e-01
9.998159684662153435e-01
9.994722287275411565e-01
9.997307604182025242e-01
9.991873949864968907e-01
9.996738637715687492e-01
9.989879280203379786e-01
9.996273221517530949e-01
9.988198527011252770e-01
9.996234242739046039e-01
9.988055864180434007e-01
9.996234242739046039e-01
9.988055864180434007e-01
9.996234242739046039e-01
9.988055864180434007e-01
9.996234242739046039e-01
9.988055864180434007e-01
9.996234242739046039e-01
9.988055864180434007e-01
9.996234242739046039e-01
9.988055864180434007e-01
9.992777990451333636e-01
9.988055864180434007e-01
9.981733348971204567e-01
9.981733348971204567e-01
9.965640896482169664e-01
9.969866737887760344e-01
9.922356072262893401e-01
9.947456856728712493e-01
9.859292978995110035e-01
9.929714621204553948e-01
9.684444961708498223e-01
9.859292978995110035e-01
9.433641631898688207e-01
9.745663376621211960e-01
8.762813818434161961e-01
9.368098915545736149e-01
7.859163980254972870e-01
8.587791593191410611e-01
5.732913917037026907e-01
6.115069506704750024e-01
3.395231008651256044e-01
3.750935731918258464e-01
1.052709588514991884e-01
1.052709588514991884e-01
1.052709588514991884e-01
1.052709588514991884e-01
3.750935731918222382e-01
3.750935731918222382e-01
1.052709588514991884e-01
1.052709588514991884e-01
3.750935731918222382e-01
3.395231008651238280e-01
3.750935731918258464e-01
3.750935731918258464e-01
1.052709588514991884e-01
1.052709588514991884e-01
6.115069506704708946e-01
5.732913917037006923e-01
8.587791593191388406e-01
7.859163980254978421e-01
9.368098915545726157e-01
8.762813818434166402e-01
9.745663376621214180e-01
9.433641631898690427e-01
9.859292978995111145e-01
9.684444961708502664e-01
9.937565569499912099e-01
9.859292978995112255e-01
9.965608636612746096e-01
9.922356072262894511e-01
9.984785195924316126e-01
9.965608636612744986e-01
9.991627987763049834e-01
9.981067832135687157e-01
9.996234242739046039e-01
9.988055864180434007e-01
9.999999999980107024e-01
9.999999999939725992e-01
9.999999999973308018e-01
9.999999999918111060e-01
9.999999999964694908e-01
9.999999999900565095e-01
9.999999999926345584e-01
9.999999999820228247e-01
9.999999999876256762e-01
9.999999999692307240e-01
9.999999999755728730e-01
9.999999999376861792e-01
9.999999999607033230e-01
9.999999998978532645e-01
9.999999999271977913e-01
9.999999998058657358e-01
9.999999998885554797e-01
9.999999996972850358e-01
9.999999998079481811e-01
9.999999994653097080e-01
9.999999997221207249e-01
9.999999992127314163e-01
9.999999994269507253e-01
9.999999986491195925e-01
9.999999990113770387e-01
9.999999976158452375e-01
9.999999979843507969e-01
9.999999949828145551e-01
9.999999966913767357e-01
9.999999915692875385e-01
9.999999937362148428e-01
9.999999835195009235e-01
9.999999903077111396e-01
9.999999738990675846e-01
9.999999831883755741e-01
9.999999533006159735e-01
9.999999757266579969e-01
9.999999310856922952e-01
9.999999619703722198e-01
9.999998889621984910e-01
9.999999492974487314e-01
9.999998491536610246e-01
9.999999292433745524e-01
9.999997846718832184e-01
9.999999137316133435e-01
9.999997337841265432e-01
9.999998940494677635e-01
9.999996681632796758e-01
9.999998534581017173e-01
9.999995954964895351e-01
9.999997584940638617e-01
9.999993102748393481e-01
9.999996668706135905e-01
9.999990262713962519e-01
9.999992886459603270e-01
9.999983905200654499e-01
9.999987067846152211e-01
9.999970740259670476e-01
9.999970740259670476e-01
9.999933798226354753e-01
9.999946806920368969e-01
9.999879647910164815e-01
9.999879647910164815e-01
9.999727698335583170e-01
9.999781205356715885e-01
9.999504970994924635e-01
9.999504970994924635e-01
9.998880002549208612e-01
9.999100073500445385e-01
9.997963978648003458e-01
9.997965303223603772e-01
9.995393973083511741e-01
9.996404806325468462e-01
9.991627987763049834e-01
9.992777990451333636e-01
9.981733348971204567e-01
9.988802689801834500e-01
9.969866737887760344e-01
9.981948113804459677e-01
9.947456856728712493e-01
9.976930980827185547e-01
9.929714621204553948e-01
9.972581991627752496e-01
9.913507494843850631e-01
9.972208041561813063e-01
9.912079578454149331e-01
9.965608636612744986e-01
9.912079578454149331e-01
9.937565569499912099e-01
9.859292978995111145e-01
9.859292978995111145e-01
9.684444961708499333e-01
9.745663376621214180e-01
9.433641631898688207e-01
9.368098915545730598e-01
8.762813818434161961e-01
8.587791593191402839e-01
7.859163980254972870e-01
6.115069506704727820e-01
5.732913917037020246e-01
3.750935731918227933e-01
3.750935731918227933e-01
1.052709588514985362e-01
1.052709588514985362e-01
1.052709588514985362e-01
1.052709588514985362e-01
3.750935731918229044e-01
3.750935731918229044e-01
1.052709588514985362e-01
1.052709588514985362e-01
3.750935731918229044e-01
3.750935731918229044e-01
3.750935731918227933e-01
3.395231008651241056e-01
1.052709588514985362e-01
1.052709588514985362e-01
6.115069506704734481e-01
6.115069506704733371e-01
8.587791593191411721e-01
8.587791593191412831e-01
9.368098915545735039e-01
9.368098915545735039e-01
9.796450814265197371e-01
9.796450814265197371e-01
9.912079578454149331e-01
9.912079578454149331e-01
9.965640896482169664e-01
9.965640896482169664e-01
9.981733348971204567e-01
9.981733348971204567e-01
9.989879280203379786e-01
9.992777990451333636e-01
9.991873949864968907e-01
9.996464107099610752e-01
9.994722287275411565e-01
9.998159684662153435e-01
9.996464107099610752e-01
9.998143187969478207e-01
9.998143187969478207e-01
9.996464107099610752e-01
9.998159684662153435e-01
9.994722287275411565e-01
9.997307604182025242e-01
9.991873949864968907e-01
9.996404806325468462e-01
9.989879280203379786e-01
9.992777990451333636e-01
9.981733348971204567e-01
9.988802689801834500e-01
9.969866737887759234e-01
9.981948113804459677e-01
9.947456856728712493e-01
9.976930980827185547e-01
9.929714621204553948e-01
9.972581991627752496e-01
9.913507494843850631e-01
9.972208041561813063e-01
9.912079578454149331e-01
9.972208041561813063e-01
9.912079578454149331e-01
9.972208041561813063e-01
9.912079578454149331e-01
9.972208041561813063e-01
9.912079578454149331e-01
9.972208041561813063e-01
9.912079578454149331e-01
9.972208041561813063e-01
9.912079578454149331e-01
9.972208041561813063e-01
9.912079578454149331e-01
9.965640896482169664e-01
9.912079578454149331e-01
9.940197057058455243e-01
9.859292978995110035e-01
9.887951209424973298e-01
9.702562471856566173e-01
9.843333628455599449e-01
9.548742924238811103e-01
9.800336655029818766e-01
9.383815129628635399e-01
9.796450814265197371e-01
9.368098915545730598e-01
9.383815129628637619e-01
9.368098915545731709e-01
8.632310946835688448e-01
9.070912052214255006e-01
6.303833700299055209e-01
7.859163980254988413e-01
3.869843137846061820e-01
5.062522295032236830e-01
1.483268858376670385e-01
3.395231008651229399e-01
6.088593665871404603e-01
7.217225366329728109e-01
4.644596108942651291e-01
6.088593665871394611e-01
3.395231008651217741e-01
5.062522295032209074e-01
1.483268858376640964e-01
3.395231008651237170e-01
5.885746129520002395e-02
2.164353341933469010e-01
1.578774817109620393e-02
5.885746129519827535e-02
5.885746129520130071e-02
1.578774817109845560e-02
2.164353341933462072e-01
5.885746129520004477e-02
3.395231008651256044e-01
1.483268858376692312e-01
5.062522295032231279e-01
3.395231008651263260e-01
6.088593665871409044e-01
4.644596108942681267e-01
7.217225366329721448e-01
6.088593665871409044e-01
3.395231008651263260e-01
1.483268858376670385e-01
5.062522295032231279e-01
3.395231008651244387e-01
5.885746129520340320e-02
1.578774817109676945e-02
2.164353341933504260e-01
5.885746129520041253e-02
5.885746129519743575e-02
2.164353341933504260e-01
1.578774817109676598e-02
5.885746129520041253e-02
7.859163980254971760e-01
5.732913917037031348e-01
8.993690273367024313e-01
7.859163980254993964e-01
9.433641631898695978e-01
8.762813818434170843e-01
9.745663376621216401e-01
9.433641631898691537e-01
9.859292978995112255e-01
9.684444961708499333e-01
9.937565569499912099e-01
9.859292978995111145e-01
9.965608636612744986e-01
9.912079578454149331e-01
9.972208041561813063e-01
9.912079578454149331e-01
9.999999999864652711e-01
9.999999999592948940e-01
9.999999999814311868e-01
9.999999999433489828e-01
9.999999999773099280e-01
9.999999999301296683e-01
9.999999999659245908e-01
9.999999999099271619e-01
9.999999999408448748e-01
9.999999998583737337e-01
9.999999998778271726e-01
9.999999996992010587e-01
9.999999997968146426e-01
9.999999994892579958e-01
9.999999996061341712e-01
9.999999989813341816e-01
9.999999993769634887e-01
9.999999983547207538e-01
9.999999988781100857e-01
9.999999969529078658e-01
9.999999983253408109e-01
9.999999953591154345e-01
9.999999972298835305e-01
9.999999921172619821e-01
9.999999955385234784e-01
9.999999887840697044e-01
9.999999903801199963e-01
9.999999771865104581e-01
9.999999835391562009e-01
9.999999599289925989e-01
9.999999670071419988e-01
9.999999167106028430e-01
9.999999467832911826e-01
9.999998620033095920e-01
9.999999024142449677e-01
9.999997375638561836e-01
9.999998534581017173e-01
9.999995954964895351e-01
9.999997584940638617e-01
9.999993102748393481e-01
9.999996668706135905e-01
9.999990262713962519e-01
9.999995155903917965e-01
9.999985433138809388e-01
9.999993942119911328e-01
9.999981457617503899e-01
9.999992355778678510e-01
9.999976151712595129e-01
9.999991425424877844e-01
9.999972989407749369e-01
9.999985284323715806e-01
9.999959278251837613e-01
9.999978826877878868e-01
9.999939679042129104e-01
9.999967573834009915e-01
9.999904197498612479e-01
9.999946806920368969e-01
9.999873339585518828e-01
9.999879647910164815e-01
9.999727698335583170e-01
9.999781205356715885e-01
9.999504970994924635e-01
9.999504970994924635e-01
9.998880002549208612e-01
9.999100073500445385e-01
9.997963978648003458e-01
9.997963978648003458e-01
9.995393973083511741e-01
9.996298895453414879e-01
9.991627987763049834e-01
9.991627987763049834e-01
9.981067832135687157e-01
9.984785195924315016e-01
9.965608636612744986e-01
9.965640896482169664e-01
9.922356072262893401e-01
9.940197057058455243e-01
9.859292978995110035e-01
9.887951209424973298e-01
9.702562471856566173e-01
9.843333628455598339e-01
9.548742924238811103e-01
9.800336655029817656e-01
9.383815129628632068e-01
9.796450814265196261e-01
9.368098915545728378e-01
9.796450814265196261e-01
9.368098915545728378e-01
9.745663376621213070e-01
9.368098915545728378e-01
9.433641631898688207e-01
8.762813818434163071e-01
8.993690273367017651e-01
7.859163980254979531e-01
7.859163980254975090e-01
5.732913917037015805e-01
7.217225366329709235e-01
6.088593665871384619e-01
6.088593665871392391e-01
4.644596108942647961e-01
5.062522295032212405e-01
3.395231008651241611e-01
3.395231008651232729e-01
1.483268858376665666e-01
5.062522295032211295e-01
3.395231008651227733e-01
3.395231008651239391e-01
1.483268858376650956e-01
2.164353341933480113e-01
5.885746129520041253e-02
5.885746129519946884e-02
1.578774817109723783e-02
1.578774817109725517e-02
5.885746129519944109e-02
5.885746129520039865e-02
2.164353341933480390e-01
1.483268858376665666e-01
3.395231008651246052e-01
3.869843137846030734e-01
5.062522295032223507e-01
3.395231008651232729e-01
1.483268858376665666e-01
5.062522295032212405e-01
3.395231008651241611e-01
1.578774817109723089e-02
5.885746129520097458e-02
5.885746129519967701e-02
2.164353341933494823e-01
5.885746129519946884e-02
1.578774817109728293e-02
2.164353341933480113e-01
5.885746129520041253e-02
2.164353341933480113e-01
5.885746129519892761e-02
5.885746129520018355e-02
1.578774817109574249e-02
5.885746129520039865e-02
2.164353341933480390e-01
1.578774817109725517e-02
5.885746129519944109e-02
6.303833700299039666e-01
5.732913917037013585e-01
8.632310946835689558e-01
7.859163980254980642e-01
9.383815129628638729e-01
8.762813818434164181e-01
9.745663376621213070e-01
9.434571954834057861e-01
9.859292978995111145e-01
9.702562471856568393e-01
9.940197057058456354e-01
9.887951209424974408e-01
9.969866737887760344e-01
9.947456856728712493e-01
9.988802689801834500e-01
9.981948113804459677e-01
9.994722287275411565e-01
9.988055864180434007e-01
9.996234242739046039e-01
9.988055864180434007e-01
9.996234242739046039e-01
9.988055864180434007e-01
9.992777990451333636e-01
9.981733348971204567e-01
9.988802689801834500e-01
9.969866737887760344e-01
9.981948113804459677e-01
9.947456856728712493e-01
9.976930980827185547e-01
9.929714621204553948e-01
9.965640896482169664e-01
9.913507494843851742e-01
9.940197057058455243e-01
9.859292978995110035e-01
9.887951209424973298e-01
9.702562471856565063e-01
9.843333628455598339e-01
9.548742924238809993e-01
9.800336655029816546e-01
9.383815129628632068e-01
9.796450814265196261e-01
9.368098915545728378e-01
9.796450814265196261e-01
9.368098915545728378e-01
9.796450814265196261e-01
9.368098915545728378e-01
9.796450814265196261e-01
9.368098915545728378e-01
9.796450814265196261e-01
9.368098915545728378e-01
9.796450814265196261e-01
9.368098915545728378e-01
9.796450814265196261e-01
9.368098915545728378e-01
9.796450814265196261e-01
9.368098915545728378e-01
9.745663376621210849e-01
9.368098915545728378e-01
9.434571954834054530e-01
8.762813818434151969e-01
9.070912052214246124e-01
7.859163980254966209e-01
8.632310946835679566e-01
6.303833700299026344e-01
8.587791593191402839e-01
6.115069506704723379e-01
8.587791593191402839e-01
6.115069506704723379e-01
8.587791593191402839e-01
6.115069506704723379e-01
8.587791593191402839e-01
6.115069506704723379e-01
7.859163980254981752e-01
6.115069506704723379e-01
5.732913917037041340e-01
5.732913917037006923e-01
3.395231008651237170e-01
5.062522295032219066e-01
1.483268858376662891e-01
3.395231008651242166e-01
5.062522295032209074e-01
3.395231008651229399e-01
3.395231008651229399e-01
1.483268858376670385e-01
5.885746129519704717e-02
2.164353341933476227e-01
1.578774817109544412e-02
5.885746129519980191e-02
2.164353341933462072e-01
5.885746129520004477e-02
5.885746129520130071e-02
1.578774817109620740e-02
5.885746129520130071e-02
1.578774817109471207e-02
2.164353341933469010e-01
5.885746129519855985e-02
1.578774817109918419e-02
5.885746129520130071e-02
5.885746129520002395e-02
2.164353341933490660e-01
3.395231008651229399e-01
1.483268858376655674e-01
5.062522295032236830e-01
3.395231008651242166e-01
6.088593665871404603e-01
4.644596108942686263e-01
7.217225366329745873e-01
6.088593665871403493e-01
3.395231008651244387e-01
1.483268858376699528e-01
5.062522295032253483e-01
3.395231008651256044e-01
5.885746129519953129e-02
1.578774817109733150e-02
2.164353341933517583e-01
5.885746129520078723e-02
5.885746129520079417e-02
2.164353341933489550e-01
1.578774817109732803e-02
5.885746129519953823e-02
7.859163980254988413e-01
5.732913917037026907e-01
8.993690273367019872e-01
7.859163980254979531e-01
9.433641631898690427e-01
8.762813818434161961e-01
9.745663376621213070e-01
9.368098915545728378e-01
9.796450814265196261e-01
9.368098915545728378e-01
9.796450814265196261e-01
9.368098915545728378e-01
9.999999999091513381e-01
9.999999997293255172e-01
9.999999998721250671e-01
9.999999996126005541e-01
9.999999998411238655e-01
9.999999995134233322e-01
9.999999997960811182e-01
9.999999993674496546e-01
9.999999997221207249e-01
9.999999992127314163e-01
9.999999994269507253e-01
9.999999986491195925e-01
9.999999990113770387e-01
9.999999976158452375e-01
9.999999979843507969e-01
9.999999949828145551e-01
9.999999966913767357e-01
9.999999915692875385e-01
9.999999937362148428e-01
9.999999835195009235e-01
9.999999903077111396e-01
9.999999738990675846e-01
9.999999831883755741e-01
9.999999533006159735e-01
9.999999757266579969e-01
9.999999310856922952e-01
9.999999579691021268e-01
9.999998889621984910e-01
9.999999246736768210e-01
9.999998270578822623e-01
9.999998389451028036e-01
9.999996149868504158e-01
9.999997274830578764e-01
9.999993282057200172e-01
9.999994665599430954e-01
9.999986277143955160e-01
9.999991604339149021e-01
9.999977716890405821e-01
9.999985284323715806e-01
9.999959278251837613e-01
9.999978826877878868e-01
9.999939679042129104e-01
9.999967573834009915e-01
9.999904197498612479e-01
9.999958110537795486e-01
9.999873339585518828e-01
9.999945254817683704e-01
9.999830220836793959e-01
9.999937487532529756e-01
9.999803592878410141e-01
9.999915509689458748e-01
9.999776845220756938e-01
9.999871810205287481e-01
9.999648696131210324e-01
9.999790128292275204e-01
9.999396789284485942e-01
9.999717039166808874e-01
9.999160905104490515e-01
9.999504970994924635e-01
9.998809564578693410e-01
9.999100073500445385e-01
9.997963978648003458e-01
9.997963978648003458e-01
9.995393973083511741e-01
9.996298895453414879e-01
9.991627987763049834e-01
9.991627987763049834e-01
9.981067832135687157e-01
9.984785195924315016e-01
9.965608636612744986e-01
9.965608636612744986e-01
9.922356072262893401e-01
9.937565569499912099e-01
9.859292978995111145e-01
9.859292978995110035e-01
9.684444961708499333e-01
9.745663376621211960e-01
9.433641631898687097e-01
9.434571954834054530e-01
8.762813818434156410e-01
9.070912052214246124e-01
7.859163980254972870e-01
8.632310946835677345e-01
6.303833700299028564e-01
8.587791593191399508e-01
6.115069506704723379e-01
8.587791593191399508e-01
6.115069506704723379e-01
8.587791593191399508e-01
6.115069506704723379e-01
7.859163980254980642e-01
5.732913917037020246e-01
7.217225366329720337e-01
6.088593665871409044e-01
6.088593665871381289e-01
4.644596108942652957e-01
5.062522295032229058e-01
3.395231008651242166e-01
3.395231008651238835e-01
1.483268858376657617e-01
5.062522295032212405e-01
3.395231008651241611e-01
3.395231008651219407e-01
1.483268858376650956e-01
2.164353341933482611e-01
5.885746129519892761e-02
5.885746129519948966e-02
1.578774817109583270e-02
1.578774817109732803e-02
5.885746129520078723e-02
5.885746129520032233e-02
2.164353341933494268e-01
1.483268858376664556e-01
3.395231008651244942e-01
3.395231008651241056e-01
5.062522295032222397e-01
1.483268858376665666e-01
3.395231008651232729e-01
3.395231008651253823e-01
5.062522295032222397e-01
4.644596108942659063e-01
6.088593665871396832e-01
6.088593665871392391e-01
7.217225366329717007e-01
2.164353341933481223e-01
5.885746129520041253e-02
5.885746129519799780e-02
1.578774817109583270e-02
1.578774817109727946e-02
5.885746129519939945e-02
5.885746129520186276e-02
2.164353341933494268e-01
3.395231008651241056e-01
5.062522295032211295e-01
1.483268858376680377e-01
3.395231008651246052e-01
6.088593665871392391e-01
7.217225366329717007e-01
4.644596108942659063e-01
6.088593665871396832e-01
3.395231008651241056e-01
5.062522295032222397e-01
1.483268858376664556e-01
3.395231008651244942e-01
5.885746129520041253e-02
2.164353341933480113e-01
1.578774817109877826e-02
5.885746129520087744e-02
5.885746129519948966e-02
1.578774817109733150e-02
2.164353341933466512e-01
5.885746129519892761e-02
3.395231008651233284e-01
1.483268858376665666e-01
5.062522295032201303e-01
3.395231008651228843e-01
6.088593665871391281e-01
4.644596108942666279e-01
7.217225366329713676e-01
6.088593665871400162e-01
3.395231008651238835e-01
1.483268858376659283e-01
5.062522295032229058e-01
3.869843137846056824e-01
5.885746129519948966e-02
1.578774817109583270e-02
2.164353341933481223e-01
5.885746129519892761e-02
5.885746129520041253e-02
2.164353341933494268e-01
1.578774817109732803e-02
5.885746129520078723e-02
7.859163980254980642e-01
6.303833700299058540e-01
9.070912052214252785e-01
8.632310946835690668e-01
9.548742924238814433e-01
9.383815129628638729e-01
9.843333628455599449e-01
9.800336655029818766e-01
9.929714621204553948e-01
9.912079578454149331e-01
9.972208041561813063e-01
9.912079578454149331e-01
9.972208041561813063e-01
9.912079578454149331e-01
9.972208041561813063e-01
9.912079578454149331e-01
9.972208041561813063e-01
9.912079578454149331e-01
9.965640896482169664e-01
9.912079578454149331e-01
9.940197057058456354e-01
9.859292978995111145e-01
9.887951209424974408e-01
9.702562471856568393e-01
9.843333628455599449e-01
9.548742924238814433e-01
9.800336655029818766e-01
9.383815129628637619e-01
9.745663376621210849e-01
9.368098915545733929e-01
9.434571954834053420e-01
8.762813818434155300e-01
9.070912052214243904e-01
7.859163980254967319e-01
8.632310946835676235e-01
6.303833700299026344e-01
8.587791593191399508e-01
6.115069506704723379e-01
8.587791593191399508e-01
6.115069506704723379e-01
8.587791593191399508e-01
6.115069506704723379e-01
8.587791593191399508e-01
6.115069506704723379e-01
8.587791593191399508e-01
6.115069506704723379e-01
8.587791593191399508e-01
6.115069506704723379e-01
8.587791593191399508e-01
6.115069506704723379e-01
8.587791593191399508e-01
6.115069506704723379e-01
8.587791593191399508e-01
6.115069506704723379e-01
7.859163980254957327e-01
5.732913917036996931e-01
7.217225366329700353e-01
6.088593665871375737e-01
6.088593665871385729e-01
4.644596108942651291e-01
5.062522295032185760e-01
3.395231008651204418e-01
3.395231008651232174e-01
1.483268858376640964e-01
5.062522295032209074e-01
3.395231008651242166e-01
3.869843137846005199e-01
1.483268858376655674e-01
2.164353341933460406e-01
5.885746129519781045e-02
5.885746129519803943e-02
1.578774817109583270e-02
1.578774817110033257e-02
5.885746129520251502e-02
5.885746129520229991e-02
2.164353341933503427e-01
3.750935731918222382e-01
1.052709588514991884e-01
3.750935731918204064e-01
1.052709588514971067e-01
3.750935731918222382e-01
1.052709588514991884e-01
3.750935731918204064e-01
1.052709588514971067e-01
1.052709588514991884e-01
3.750935731918240701e-01
1.052709588514991884e-01
3.750935731918240701e-01
1.052709588514991884e-01
3.395231008651257154e-01
1.052709588514991884e-01
3.750935731918240701e-01
3.750935731918222382e-01
1.052709588514991884e-01
3.750935731918204064e-01
1.052709588514971067e-01
3.750935731918222382e-01
1.052709588514991884e-01
3.750935731918204064e-01
1.052709588514971067e-01
1.052709588514991884e-01
3.750935731918240701e-01
1.052709588514991884e-01
3.750935731918240701e-01
1.052709588514991884e-01
3.750935731918240701e-01
1.052709588514991884e-01
3.750935731918240701e-01
3.750935731918222382e-01
1.052709588514991884e-01
3.750935731918204064e-01
1.052709588514971067e-01
3.750935731918222382e-01
1.052709588514991884e-01
3.395231008651204974e-01
1.052709588514971067e-01
1.052709588514991884e-01
3.750935731918240701e-01
1.052709588514991884e-01
3.750935731918240701e-01
1.052709588514991884e-01
3.750935731918240701e-01
1.052709588514991884e-01
3.750935731918240701e-01
1.483268858376699528e-01
3.869843137846052938e-01
3.395231008651256044e-01
5.062522295032242381e-01
1.483268858376670385e-01
3.395231008651244387e-01
3.395231008651257154e-01
5.062522295032219066e-01
4.644596108942675161e-01
6.088593665871414595e-01
6.088593665871393501e-01
7.217225366329721448e-01
2.164353341933460406e-01
5.885746129520078723e-02
5.885746129519805331e-02
1.578774817109583270e-02
1.578774817110033257e-02
5.885746129519953823e-02
5.885746129520229991e-02
2.164353341933503427e-01
3.395231008651256044e-01
5.062522295032231279e-01
1.483268858376684818e-01
3.395231008651257154e-01
6.088593665871413485e-01
7.217225366329734770e-01
4.644596108942675161e-01
6.088593665871414595e-01
3.395231008651256044e-01
5.062522295032219066e-01
1.483268858376640964e-01
3.395231008651242166e-01
5.885746129520079417e-02
2.164353341933489550e-01
1.578774817109582923e-02
5.885746129520107173e-02
5.885746129519953129e-02
1.578774817109733150e-02
2.164353341933503427e-01
5.885746129519929537e-02
3.395231008651244387e-01
1.483268858376670385e-01
5.062522295032196862e-01
3.395231008651231619e-01
6.088593665871375737e-01
4.644596108942675161e-01
7.217225366329721448e-01
6.088593665871414595e-01
3.395231008651229399e-01
1.483268858376684818e-01
5.062522295032253483e-01
3.395231008651268811e-01
5.885746129520130071e-02
1.578774817109471207e-02
2.164353341933490660e-01
5.885746129520154357e-02
5.885746129520002395e-02
2.164353341933476227e-01
1.578774817109320633e-02
5.885746129519980191e-02
7.859163980254993964e-01
5.732913917037026907e-01
8.587791593191399508e-01
6.115069506704723379e-01
8.587791593191399508e-01
6.115069506704723379e-01
8.587791593191399508e-01
6.115069506704723379e-01
9.999999994005440707e-01
9.999999982352335559e-01
9.999999991306182112e-01
9.999999973898936467e-01
9.999999988985738275e-01
9.999999966504156124e-01
9.999999985534917535e-01
9.999999955335454604e-01
9.999999983003570181e-01
9.999999947034019510e-01
9.999999972298835305e-01
9.999999921172619821e-01
9.999999955385234784e-01
9.999999887840697044e-01
9.999999903801199963e-01
9.999999771865104581e-01
9.999999835391562009e-01
9.999999599289925989e-01
9.999999670071419988e-01
9.999999167106028430e-01
9.999999467832911826e-01
9.999998620033095920e-01
9.999999024142449677e-01
9.999997375638561836e-01
9.999998534581017173e-01
9.999995954964895351e-01
9.999997584940638617e-01
9.999993102748393481e-01
9.999996668706135905e-01
9.999990262713962519e-01
9.999992889325177714e-01
9.999983905200654499e-01
9.999987292586431931e-01
9.999970740259670476e-01
9.999973154551362597e-01
9.999935095905001514e-01
9.999955306019436829e-01
9.999887852838645896e-01
9.999915509689458748e-01
9.999776845220756938e-01
9.999871810205287481e-01
9.999648696131210324e-01
9.999790128292275204e-01
9.999396789284485942e-01
9.999717039166808874e-01
9.999160905104490515e-01
9.999612399165697108e-01
9.998809564578693410e-01
9.999546540850393628e-01
9.998581422004928498e-01
9.999494561416468752e-01
9.998397950784505550e-01
9.999279467047661463e-01
9.998143187969478207e-01
9.998712123480977265e-01
9.996464107099610752e-01
9.998159684662153435e-01
9.994722287275411565e-01
9.997307604182025242e-01
9.991873949864968907e-01
9.996298895453414879e-01
9.989879280203379786e-01
9.991627987763049834e-01
9.981067832135687157e-01
9.984785195924315016e-01
9.965608636612744986e-01
9.965608636612744986e-01
9.922356072262893401e-01
9.937565569499912099e-01
9.859292978995111145e-01
9.859292978995110035e-01
9.684444961708499333e-01
9.745663376621214180e-01
9.433641631898689317e-01
9.433641631898690427e-01
8.762813818434163071e-01
8.993690273367017651e-01
7.859163980254986193e-01
7.859163980254971760e-01
5.732913917037022467e-01
7.217225366329710345e-01
6.088593665871394611e-01
6.088593665871387950e-01
4.644596108942659063e-01
5.062522295032214625e-01
3.395231008651251048e-01
3.395231008651219962e-01
1.483268858376652066e-01
5.062522295032214625e-01
3.395231008651243831e-01
3.869843137846026848e-01
1.483268858376670385e-01
2.164353341933482611e-01
5.885746129520078723e-02
5.885746129519855985e-02
1.578774817109602005e-02
1.578774817109676598e-02
5.885746129519929537e-02
5.885746129520154357e-02
2.164353341933489827e-01
3.750935731918222382e-01
1.052709588514991884e-01
3.750935731918222382e-01
1.052709588514991884e-01
3.750935731918222382e-01
1.052709588514991884e-01
3.750935731918222382e-01
1.052709588514991884e-01
1.052709588514991884e-01
3.750935731918222382e-01
1.052709588515012978e-01
3.750935731918240701e-01
1.052709588514991884e-01
3.395231008651229954e-01
1.052709588515012978e-01
3.750935731918240701e-01
3.750935731918222382e-01
1.052709588514991884e-01
3.750935731918222382e-01
1.052709588514991884e-01
3.750935731918222382e-01
1.052709588514991884e-01
3.395231008651239391e-01
1.052709588514991884e-01
1.052709588514991884e-01
3.750935731918222382e-01
1.052709588515012978e-01
3.750935731918240701e-01
1.052709588514991884e-01
3.750935731918222382e-01
1.052709588515012978e-01
3.750935731918240701e-01
1.483268858376672328e-01
3.869843137846026848e-01
3.395231008651267701e-01
5.062522295032240160e-01
1.483268858376664556e-01
3.395231008651239391e-01
3.395231008651241056e-01
5.062522295032211295e-01
4.644596108942669610e-01
6.088593665871402383e-01
6.088593665871405713e-01
7.217225366329722558e-01
2.164353341933489272e-01
5.885746129520078723e-02
5.885746129519972558e-02
1.578774817109733150e-02
1.578774817109732803e-02
5.885746129519953823e-02
5.885746129520061376e-02
2.164353341933489550e-01
5.732913917037020246e-01
7.859163980254975090e-01
7.859163980254975090e-01
8.993690273367014321e-01
7.859163980254975090e-01
8.587791593191402839e-01
5.732913917037020246e-01
6.115069506704727820e-01
3.395231008651240501e-01
3.750935731918227933e-01
1.052709588514984113e-01
1.052709588514984113e-01
1.052709588514994521e-01
1.052709588514997158e-01
3.750935731918256244e-01
3.750935731918258464e-01
1.052709588514994521e-01
1.052709588514997158e-01
3.750935731918256244e-01
3.395231008651249938e-01
3.750935731918226823e-01
3.750935731918227933e-01
1.052709588514984113e-01
1.052709588514984113e-01
6.115069506704754465e-01
5.732913917037031348e-01
8.587791593191415052e-01
7.859163980254982862e-01
9.368098915545735039e-01
8.762813818434164181e-01
9.745663376621213070e-01
9.383815129628637619e-01
9.796450814265197371e-01
9.368098915545733929e-01
9.796450814265197371e-01
9.368098915545733929e-01
9.796450814265197371e-01
9.368098915545733929e-01
9.796450814265197371e-01
9.368098915545733929e-01
9.796450814265197371e-01
9.368098915545733929e-01
9.796450814265197371e-01
9.368098915545733929e-01
9.745663376621213070e-01
9.368098915545733929e-01
9.434571954834060081e-01
8.762813818434166402e-01
9.070912052214255006e-01
7.859163980254989523e-01
8.632310946835687337e-01
6.303833700299054099e-01
8.587791593191410611e-01
6.115069506704750024e-01
7.859163980254967319e-01
5.732913917037015805e-01
7.217225366329707015e-01
6.088593665871390170e-01
6.088593665871390170e-01
4.644596108942662949e-01
5.062522295032209074e-01
3.395231008651244387e-01
3.395231008651223292e-01
1.483268858376655674e-01
5.062522295032209074e-01
3.395231008651237170e-01
3.869843137846022407e-01
1.483268858376655674e-01
2.164353341933475949e-01
5.885746129520041253e-02
5.885746129519594388e-02
1.578774817109527065e-02
1.578774817109826131e-02
5.885746129520041253e-02
5.885746129520340320e-02
2.164353341933504260e-01
3.750935731918222382e-01
1.052709588514991884e-01
3.750935731918222382e-01
1.052709588514991884e-01
3.750935731918222382e-01
1.052709588514991884e-01
3.750935731918222382e-01
1.052709588514991884e-01
1.052709588514991884e-01
3.750935731918222382e-01
1.052709588515012978e-01
3.750935731918240701e-01
1.052709588514991884e-01
3.395231008651237170e-01
1.052709588515012978e-01
3.750935731918240701e-01
3.750935731918222382e-01
1.052709588514991884e-01
3.750935731918222382e-01
1.052709588514991884e-01
3.750935731918222382e-01
1.052709588514991884e-01
3.750935731918222382e-01
1.052709588514991884e-01
1.052709588514991884e-01
3.750935731918222382e-01
1.052709588515012978e-01
3.750935731918240701e-01
1.052709588514991884e-01
3.750935731918222382e-01
1.052709588515012978e-01
3.750935731918240701e-01
3.750935731918222382e-01
1.052709588514991884e-01
3.750935731918222382e-01
1.052709588514991884e-01
3.750935731918222382e-01
1.052709588514991884e-01
3.750935731918222382e-01
1.052709588514991884e-01
1.052709588514991884e-01
3.750935731918222382e-01
1.052709588515012978e-01
3.750935731918240701e-01
1.052709588514991884e-01
3.750935731918222382e-01
1.052709588515012978e-01
3.750935731918240701e-01
3.750935731918222382e-01
1.052709588514991884e-01
3.750935731918222382e-01
1.052709588514991884e-01
3.750935731918222382e-01
1.052709588514991884e-01
3.750935731918222382e-01
1.052709588514991884e-01
1.052709588514991884e-01
3.750935731918222382e-01
1.052709588515012978e-01
3.750935731918240701e-01
1.052709588514991884e-01
3.750935731918222382e-01
1.052709588515012978e-01
3.750935731918240701e-01
3.750935731918222382e-01
1.052709588514991884e-01
3.750935731918222382e-01
1.052709588514991884e-01
3.750935731918222382e-01
1.052709588514991884e-01
3.395231008651229399e-01
1.052709588514991884e-01
1.052709588514991884e-01
3.750935731918222382e-01
1.052709588515012978e-01
3.750935731918240701e-01
1.052709588514991884e-01
3.750935731918222382e-01
1.052709588515012978e-01
3.750935731918240701e-01
1.483268858376670385e-01
3.869843137846026848e-01
3.395231008651244387e-01
5.062522295032209074e-01
1.483268858376699528e-01
3.395231008651242166e-01
3.395231008651269367e-01
5.062522295032231279e-01
4.644596108942675161e-01
6.088593665871384619e-01
6.088593665871423477e-01
7.217225366329721448e-01
2.164353341933462072e-01
5.885746129520004477e-02
5.885746129519831699e-02
1.578774817109770620e-02
1.578774817109918419e-02
5.885746129519980191e-02
5.885746129520152276e-02
2.164353341933476227e-01
5.732913917037036899e-01
7.859163980254989523e-01
6.115069506704736702e-01
8.587791593191405060e-01
6.115069506704736702e-01
8.587791593191405060e-01
6.115069506704736702e-01
8.587791593191405060e-01
6.115069506704736702e-01
8.587791593191405060e-01
6.115069506704736702e-01
8.587791593191405060e-01
6.303833700299042997e-01
8.632310946835682897e-01
7.859163980254971760e-01
9.070912052214251675e-01
7.859163980254993964e-01
8.993690273367016541e-01
5.732913917037015805e-01
7.859163980254968429e-01
3.395231008651217741e-01
5.062522295032185760e-01
1.483268858376640964e-01
3.395231008651218296e-01
6.088593665871375737e-01
7.217225366329700353e-01
4.644596108942662949e-01
6.088593665871395721e-01
3.395231008651256044e-01
5.062522295032209074e-01
1.483268858376655674e-01
3.869843137846034620e-01
5.885746129520079417e-02
2.164353341933489550e-01
1.578774817109433043e-02
5.885746129519953823e-02
5.885746129519953129e-02
1.578774817109733150e-02
2.164353341933517583e-01
5.885746129520377790e-02
3.395231008651270477e-01
1.052709588514991884e-01
3.750935731918222382e-01
1.052709588514991884e-01
3.750935731918222382e-01
1.052709588514991884e-01
3.750935731918222382e-01
1.052709588514991884e-01
1.052709588514991884e-01
3.750935731918222382e-01
1.052709588515012978e-01
3.750935731918240701e-01
1.052709588514991884e-01
3.750935731918222382e-01
1.052709588515012978e-01
3.750935731918240701e-01
3.750935731918222382e-01
1.052709588514991884e-01
3.750935731918222382e-01
1.052709588514991884e-01
3.750935731918222382e-01
1.052709588514991884e-01
3.750935731918222382e-01
1.052709588514991884e-01
1.052709588514991884e-01
3.750935731918222382e-01
1.052709588515012978e-01
3.750935731918240701e-01
1.052709588514991884e-01
3.750935731918222382e-01
1.052709588515012978e-01
3.750935731918240701e-01
9.999999961303713825e-01
9.999999887840697044e-01
9.999999941866458686e-01
9.999999827528867069e-01
9.999999924624408676e-01
9.999999772896766004e-01
9.999999898256001218e-01
9.999999687758311939e-01
9.999999878447469737e-01
9.999999622762317797e-01
9.999999831883755741e-01
9.999999533006159735e-01
9.999999757266579969e-01
9.999999310856922952e-01
9.999999579691021268e-01
9.999998889621984910e-01
9.999999246736768210e-01
9.999998270578822623e-01
9.999998389451028036e-01
9.999996149868504158e-01
9.999997274830578764e-01
9.999993282057200172e-01
9.999994665599430954e-01
9.999986277143955160e-01
9.999991604339149021e-01
9.999977716890405821e-01
9.999985284323715806e-01
9.999959278251837613e-01
9.999978826877878868e-01
9.999939679042129104e-01
9.999967573834009915e-01
9.999904197498612479e-01
9.999946806920368969e-01
9.999873339585518828e-01
9.999879707795943373e-01
9.999727698335583170e-01
9.999785937234497712e-01
9.999504970994924635e-01
9.999556034273410221e-01
9.998908202905856246e-01
9.999279467047661463e-01
9.998143187969478207e-01
9.998712123480977265e-01
9.996464107099610752e-01
9.998159684662153435e-01
9.994722287275411565e-01
9.997307604182025242e-01
9.991873949864968907e-01
9.996738637715687492e-01
9.989879280203379786e-01
9.996273221517530949e-01
9.988198527011252770e-01
9.996234242739046039e-01
9.988055864180434007e-01
9.992777990451333636e-01
9.981733348971204567e-01
9.988802689801834500e-01
9.969866737887760344e-01
9.981948113804459677e-01
9.947456856728712493e-01
9.976930980827185547e-01
9.929714621204553948e-01
9.965608636612744986e-01
9.913507494843850631e-01
9.937565569499910989e-01
9.859292978995110035e-01
9.859292978995110035e-01
9.684444961708496002e-01
9.745663376621213070e-01
9.433641631898683766e-01
9.433641631898689317e-01
8.762813818434155300e-01
8.993690273367019872e-01
7.859163980254982862e-01
7.859163980254979531e-01
5.732913917037006923e-01
7.217225366329724778e-01
6.088593665871393501e-01
6.088593665871414595e-01
4.644596108942669055e-01
5.062522295032192421e-01
3.395231008651240501e-01
3.395231008651232174e-01
1.483268858376648736e-01
5.062522295032253483e-01
3.395231008651256044e-01
3.395231008651248827e-01
1.483268858376670385e-01
2.164353341933475117e-01
5.885746129520078723e-02
5.885746129519880271e-02
1.578774817109583270e-02
1.578774817109882336e-02
5.885746129519953823e-02
5.885746129520155051e-02
2.164353341933503427e-01
1.483268858376677601e-01
3.395231008651238280e-01
3.395231008651261040e-01
5.062522295032222397e-01
1.483268858376662891e-01
3.395231008651248827e-01
3.395231008651249938e-01
5.062522295032231279e-01
4.644596108942681267e-01
6.088593665871389060e-01
6.088593665871414595e-01
7.217225366329721448e-01
2.164353341933497599e-01
5.885746129520004477e-02
5.885746129519906639e-02
1.578774817109695680e-02
1.578774817109656475e-02
5.885746129519976722e-02
5.885746129520115499e-02
2.164353341933493435e-01
5.732913917037015805e-01
7.859163980254979531e-01
6.115069506704736702e-01
8.587791593191416162e-01
6.115069506704736702e-01
8.587791593191410611e-01
6.115069506704736702e-01
8.587791593191416162e-01
6.303833700299041887e-01
8.632310946835687337e-01
7.859163980254983972e-01
9.070912052214258336e-01
8.762813818434163071e-01
9.434571954834061192e-01
9.383815129628634288e-01
9.548742924238812213e-01
8.632310946835680676e-01
9.070912052214250565e-01
6.303833700299035225e-01
7.859163980254986193e-01
3.869843137846031289e-01
5.062522295032234609e-01
1.483268858376679544e-01
3.395231008651258264e-01
6.088593665871420146e-01
7.217225366329723668e-01
4.644596108942692925e-01
6.088593665871414595e-01
3.395231008651274918e-01
5.062522295032227948e-01
1.483268858376686483e-01
3.395231008651249938e-01
5.885746129520022518e-02
2.164353341933502317e-01
1.578774817109826131e-02
5.885746129520041253e-02
5.885746129520059988e-02
1.578774817109676945e-02
2.164353341933489827e-01
5.885746129520041253e-02
3.395231008651258264e-01
1.483268858376666499e-01
5.062522295032224617e-01
3.395231008651240501e-01
6.088593665871405713e-01
4.644596108942659063e-01
7.217225366329719227e-01
6.088593665871394611e-01
3.395231008651219962e-01
1.483268858376666499e-01
5.062522295032205744e-01
3.395231008651229954e-01
5.885746129519781045e-02
1.578774817109751885e-02
2.164353341933468455e-01
5.885746129519892761e-02
5.885746129520191133e-02
2.164353341933479280e-01
1.578774817109882336e-02
5.885746129520078723e-02
7.859163980254980642e-01
5.732913917037022467e-01
8.632310946835687337e-01
6.303833700299026344e-01
8.587791593191410611e-01
6.115069506704736702e-01
8.587791593191410611e-01
6.115069506704723379e-01
8.587791593191410611e-01
6.115069506704736702e-01
8.587791593191410611e-01
6.115069506704723379e-01
8.587791593191410611e-01
6.115069506704736702e-01
8.587791593191410611e-01
6.115069506704723379e-01
8.587791593191410611e-01
6.115069506704736702e-01
7.859163980254979531e-01
5.732913917037006923e-01
7.217225366329728109e-01
6.088593665871393501e-01
6.088593665871409044e-01
4.644596108942669055e-01
5.062522295032196862e-01
3.395231008651237170e-01
3.395231008651223847e-01
1.483268858376648736e-01
5.062522295032253483e-01
3.395231008651256044e-01
3.869843137846044057e-01
1.483268858376670385e-01
2.164353341933475117e-01
5.885746129520078723e-02
5.885746129519805331e-02
1.578774817109583270e-02
1.578774817109882336e-02
5.885746129519953823e-02
5.885746129520229991e-02
2.164353341933503427e-01
3.750935731918258464e-01
1.052709588514991884e-01
3.750935731918240701e-01
1.052709588514991884e-01
3.750935731918258464e-01
1.052709588514991884e-01
3.395231008651228843e-01
1.052709588514991884e-01
1.052709588515012978e-01
3.750935731918222382e-01
1.052709588515012978e-01
3.750935731918240701e-01
1.052709588515012978e-01
3.395231008651244387e-01
1.052709588515012978e-01
3.750935731918240701e-01
1.483268858376684818e-01
3.869843137846026848e-01
3.395231008651258264e-01
5.062522295032219066e-01
1.483268858376670385e-01
3.395231008651256044e-01
3.395231008651263260e-01
5.062522295032242381e-01
4.644596108942686263e-01
6.088593665871393501e-01
6.088593665871424587e-01
7.217225366329728109e-01
2.164353341933490660e-01
5.885746129520004477e-02
5.885746129519980191e-02
1.578774817109620740e-02
1.578774817109620393e-02
5.885746129520130071e-02
5.885746129520152276e-02
2.164353341933490937e-01
5.732913917037026907e-01
7.859163980254982862e-01
6.115069506704736702e-01
8.587791593191416162e-01
6.115069506704736702e-01
8.587791593191410611e-01
6.115069506704736702e-01
8.587791593191416162e-01
6.115069506704736702e-01
8.587791593191410611e-01
6.115069506704736702e-01
8.587791593191416162e-01
6.115069506704736702e-01
8.587791593191410611e-01
6.115069506704736702e-01
8.587791593191416162e-01
6.115069506704736702e-01
8.587791593191410611e-01
6.115069506704736702e-01
8.587791593191416162e-01
6.303833700299042997e-01
8.632310946835688448e-01
7.859163980254979531e-01
9.070912052214256116e-01
8.762813818434166402e-01
9.434571954834057861e-01
9.368098915545731709e-01
9.745663376621214180e-01
9.368098915545731709e-01
9.796450814265197371e-01
9.368098915545731709e-01
9.796450814265198481e-01
9.368098915545731709e-01
9.796450814265197371e-01
9.368098915545731709e-01
9.796450814265198481e-01
9.383815129628635399e-01
9.800336655029818766e-01
9.548742924238811103e-01
9.843333628455599449e-01
9.433641631898689317e-01
9.745663376621213070e-01
8.762813818434158630e-01
9.434571954834060081e-01
7.859163980254971760e-01
9.070912052214250565e-01
6.303833700299035225e-01
8.632310946835691778e-01
6.115069506704736702e-01
8.587791593191410611e-01
6.115069506704736702e-01
8.587791593191416162e-01
6.115069506704736702e-01
8.587791593191410611e-01
6.115069506704736702e-01
8.587791593191416162e-01
9.999999757266579969e-01
9.999999310856922952e-01
9.999999619703722198e-01
9.999998889621984910e-01
9.999999492974487314e-01
9.999998491536610246e-01
9.999999292433745524e-01
9.999997846718832184e-01
9.999999137316133435e-01
9.999997337841265432e-01
9.999998940494677635e-01
9.999996681632796758e-01
9.999998534581017173e-01
9.999995954964895351e-01
9.999997584940638617e-01
9.999993102748393481e-01
9.999996668706135905e-01
9.999990262713962519e-01
9.999992889325177714e-01
9.999983905200654499e-01
9.999987292586431931e-01
9.999970740259670476e-01
9.999973154551362597e-01
9.999935095905001514e-01
9.999955306019436829e-01
9.999887852838645896e-01
9.999915509689458748e-01
9.999776845220756938e-01
9.999871810205287481e-01
9.999648696131210324e-01
9.999790128292275204e-01
9.999396789284485942e-01
9.999717039166808874e-01
9.999160905104490515e-01
9.999504970994924635e-01
9.998809564578693410e-01
9.999100073500445385e-01
9.997963978648003458e-01
9.997965303223603772e-01
9.995393973083511741e-01
9.996404806325468462e-01
9.991627987763049834e-01
9.992777990451333636e-01
9.981733348971204567e-01
9.988802689801834500e-01
9.969866737887760344e-01
9.981948113804459677e-01
9.947456856728712493e-01
9.976930980827184436e-01
9.929714621204553948e-01
9.972581991627752496e-01
9.913507494843850631e-01
9.972208041561811953e-01
9.912079578454149331e-01
9.965640896482169664e-01
9.912079578454149331e-01
9.940197057058455243e-01
9.859292978995111145e-01
9.887951209424973298e-01
9.702562471856568393e-01
9.843333628455598339e-01
9.548742924238814433e-01
9.800336655029816546e-01
9.383815129628635399e-01
9.745663376621213070e-01
9.368098915545733929e-01
9.433641631898684876e-01
8.762813818434166402e-01
8.993690273367010990e-01
7.859163980254985082e-01
7.859163980254959547e-01
5.732913917037012475e-01
7.217225366329707015e-01
6.088593665871371297e-01
6.088593665871384619e-01
4.644596108942656842e-01
5.062522295032180208e-01
3.395231008651237725e-01
3.395231008651208304e-01
1.483268858376655674e-01
5.062522295032224617e-01
3.395231008651225513e-01
3.395231008651219407e-01
1.483268858376670385e-01
2.164353341933460129e-01
5.885746129519953823e-02
5.885746129519760922e-02
1.578774817109686313e-02
1.578774817109911480e-02
5.885746129519980191e-02
5.885746129520173786e-02
2.164353341933481500e-01
1.483268858376677601e-01
3.395231008651222182e-01
3.395231008651240501e-01
5.062522295032192421e-01
1.483268858376670385e-01
3.395231008651246052e-01
3.395231008651262150e-01
5.062522295032231279e-01
4.644596108942669055e-01
6.088593665871372407e-01
6.088593665871411265e-01
7.217225366329710345e-01
2.164353341933475949e-01
5.885746129519873332e-02
5.885746129519862924e-02
1.578774817109723783e-02
1.578774817109723089e-02
5.885746129520083580e-02
5.885746129520096764e-02
2.164353341933475949e-01
5.732913917037026907e-01
7.859163980254971760e-01
7.859163980254976201e-01
8.993690273367014321e-01
8.762813818434161961e-01
9.433641631898682656e-01
9.368098915545736149e-01
9.745663376621211960e-01
9.368098915545736149e-01
9.796450814265196261e-01
9.368098915545736149e-01
9.796450814265197371e-01
9.383815129628640950e-01
9.800336655029817656e-01
9.548742924238816654e-01
9.843333628455599449e-01
9.702562471856570614e-01
9.887951209424973298e-01
9.702562471856568393e-01
9.859292978995110035e-01
9.434571954834058971e-01
9.745663376621211960e-01
8.762813818434166402e-01
9.433641631898688207e-01
7.859163980254985082e-01
8.993690273367014321e-01
5.732913917037024687e-01
7.859163980254970649e-01
3.395231008651242166e-01
5.062522295032222397e-01
1.483268858376677601e-01
3.395231008651233284e-01
6.088593665871402383e-01
7.217225366329701464e-01
4.644596108942669055e-01
6.088593665871379068e-01
3.395231008651253268e-01
5.062522295032199082e-01
1.483268858376673993e-01
3.395231008651224958e-01
5.885746129520041253e-02
2.164353341933493158e-01
1.578774817109863601e-02
5.885746129519929537e-02
5.885746129519967007e-02
1.578774817109602005e-02
2.164353341933471786e-01
5.885746129520041253e-02
3.395231008651237170e-01
1.483268858376655674e-01
5.062522295032203523e-01
3.395231008651236060e-01
5.062522295032211295e-01
3.395231008651216076e-01
3.869843137846006864e-01
1.483268858376662891e-01
5.885746129519730391e-02
1.578774817109658210e-02
2.164353341933453467e-01
5.885746129519929537e-02
2.164353341933449859e-01
5.885746129519929537e-02
5.885746129519692921e-02
1.578774817109620740e-02
5.885746129520229991e-02
2.164353341933475117e-01
1.578774817109883377e-02
5.885746129519957986e-02
1.578774817109957276e-02
5.885746129520027375e-02
5.885746129520266767e-02
2.164353341933482333e-01
3.750935731918222382e-01
1.052709588514971067e-01
3.750935731918204064e-01
1.052709588514991884e-01
3.750935731918222382e-01
1.052709588514971067e-01
3.750935731918204064e-01
1.052709588514991884e-01
1.052709588515012978e-01
3.750935731918204064e-01
1.052709588515012978e-01
3.750935731918204064e-01
1.052709588515012978e-01
3.395231008651228288e-01
1.052709588515012978e-01
3.750935731918204064e-01
3.750935731918222382e-01
1.052709588514971067e-01
3.750935731918204064e-01
1.052709588514991884e-01
3.750935731918222382e-01
1.052709588514971067e-01
3.750935731918204064e-01
1.052709588514991884e-01
1.052709588515012978e-01
3.750935731918204064e-01
1.052709588515012978e-01
3.750935731918204064e-01
1.052709588515012978e-01
3.750935731918204064e-01
1.052709588515012978e-01
3.750935731918204064e-01
3.750935731918222382e-01
1.052709588514971067e-01
3.750935731918204064e-01
1.052709588514991884e-01
3.750935731918222382e-01
1.052709588514971067e-01
3.750935731918204064e-01
1.052709588514991884e-01
1.052709588515012978e-01
3.750935731918204064e-01
1.052709588515012978e-01
3.750935731918204064e-01
1.052709588515012978e-01
3.750935731918204064e-01
1.052709588515012978e-01
3.750935731918204064e-01
3.750935731918222382e-01
1.052709588514971067e-01
3.750935731918204064e-01
1.052709588514991884e-01
3.750935731918222382e-01
1.052709588514971067e-01
3.395231008651210525e-01
1.052709588514991884e-01
1.052709588515012978e-01
3.750935731918204064e-01
1.052709588515012978e-01
3.750935731918204064e-01
1.052709588515012978e-01
3.750935731918204064e-01
1.052709588515012978e-01
3.750935731918204064e-01
1.483268858376684818e-01
3.869843137846009085e-01
3.395231008651257154e-01
5.062522295032203523e-01
1.483268858376670385e-01
3.395231008651249938e-01
3.395231008651268811e-01
5.062522295032231279e-01
4.644596108942675161e-01
6.088593665871380178e-01
6.088593665871419036e-01
7.217225366329713676e-01
2.164353341933475949e-01
5.885746129519892761e-02
5.885746129519743575e-02
1.578774817109676945e-02
1.578774817109751191e-02
5.885746129520116887e-02
5.885746129520191133e-02
2.164353341933482611e-01
5.732913917037031348e-01
7.859163980254975090e-01
6.115069506704736702e-01
8.587791593191399508e-01
6.303833700299042997e-01
8.632310946835672905e-01
7.859163980254985082e-01
9.070912052214246124e-01
8.762813818434166402e-01
9.434571954834053420e-01
9.368098915545736149e-01
9.745663376621211960e-01
9.368098915545736149e-01
9.796450814265196261e-01
9.368098915545736149e-01
9.796450814265197371e-01
9.368098915545736149e-01
9.796450814265196261e-01
9.368098915545736149e-01
9.796450814265197371e-01
9.368098915545736149e-01
9.796450814265196261e-01
9.368098915545736149e-01
9.796450814265197371e-01
9.368098915545736149e-01
9.796450814265196261e-01
9.368098915545736149e-01
9.796450814265197371e-01
9.383815129628640950e-01
9.800336655029817656e-01
9.548742924238815544e-01
9.843333628455599449e-01
9.702562471856569504e-01
9.887951209424973298e-01
9.859292978995111145e-01
9.940197057058455243e-01
9.912079578454149331e-01
9.965640896482169664e-01
9.912079578454149331e-01
9.972208041561813063e-01
9.912079578454149331e-01
9.972208041561813063e-01
9.912079578454149331e-01
9.972208041561813063e-01
9.913507494843851742e-01
9.972581991627752496e-01
9.922356072262894511e-01
9.965640896482169664e-01
9.859292978995112255e-01
9.940197057058456354e-01
9.702562471856569504e-01
9.887951209424973298e-01
9.548742924238814433e-01
9.843333628455598339e-01
9.383815129628639840e-01
9.800336655029817656e-01
9.368098915545736149e-01
9.796450814265196261e-01
9.368098915545736149e-01
9.796450814265197371e-01
9.368098915545736149e-01
9.796450814265196261e-01
9.368098915545736149e-01
9.796450814265197371e-01
9.999998534581017173e-01
9.999995954964895351e-01
9.999997584940638617e-01
9.999993102748393481e-01
9.999996668706135905e-01
9.999990262713962519e-01
9.999995155903917965e-01
9.999985433138809388e-01
9.999993942119911328e-01
9.999981457617503899e-01
9.999992355778678510e-01
9.999976151712595129e-01
9.999991425424877844e-01
9.999972989407749369e-01
9.999985284323715806e-01
9.999959278251837613e-01
9.999978826877878868e-01
9.999939679042129104e-01
9.999967573834009915e-01
9.999904197498612479e-01
9.999946806920368969e-01
9.999873339585518828e-01
9.999879707795943373e-01
9.999727698335583170e-01
9.999785937234497712e-01
9.999504970994924635e-01
9.999556034273410221e-01
9.998908202905856246e-01
9.999279467047661463e-01
9.998143187969478207e-01
9.998712123480977265e-01
9.996464107099610752e-01
9.998159684662153435e-01
9.994722287275411565e-01
9.997307604182025242e-01
9.991873949864968907e-01
9.996298895453414879e-01
9.989879280203379786e-01
9.991627987763049834e-01
9.981067832135687157e-01
9.984785195924315016e-01
9.965608636612744986e-01
9.965640896482169664e-01
9.922356072262893401e-01
9.940197057058456354e-01
9.859292978995110035e-01
9.887951209424973298e-01
9.702562471856565063e-01
9.843333628455598339e-01
9.548742924238808882e-01
9.800336655029817656e-01
9.383815129628629848e-01
9.796450814265196261e-01
9.368098915545726157e-01
9.796450814265196261e-01
9.368098915545726157e-01
9.745663376621214180e-01
9.368098915545726157e-01
9.434571954834057861e-01
8.762813818434161961e-01
9.070912052214251675e-01
7.859163980254968429e-01
8.632310946835682897e-01
6.303833700299018572e-01
8.587791593191405060e-01
6.115069506704708946e-01
7.859163980254989523e-01
5.732913917037015805e-01
7.217225366329728109e-01
6.088593665871410154e-01
6.088593665871409044e-01
4.644596108942675161e-01
5.062522295032231279e-01
3.395231008651236060e-01
3.395231008651248827e-01
1.483268858376670385e-01
5.062522295032231279e-01
3.395231008651257154e-01
3.395231008651242166e-01
1.483268858376670385e-01
2.164353341933490937e-01
5.885746129520074560e-02
5.885746129519906639e-02
1.578774817109770620e-02
1.578774817109768885e-02
5.885746129519976722e-02
5.885746129520078029e-02
2.164353341933490937e-01
1.483268858376677601e-01
3.395231008651248827e-01
3.395231008651258264e-01
5.062522295032231279e-01
1.483268858376677601e-01
3.395231008651256044e-01
3.395231008651251603e-01
5.062522295032242381e-01
4.644596108942681267e-01
6.088593665871413485e-01
6.088593665871424587e-01
7.217225366329734770e-01
2.164353341933483443e-01
5.885746129520004477e-02
5.885746129519906639e-02
1.578774817109695680e-02
1.578774817109768885e-02
5.885746129519976722e-02
5.885746129520078029e-02
2.164353341933490937e-01
5.732913917037026907e-01
7.859163980254997295e-01
7.859163980254972870e-01
8.993690273367024313e-01
8.762813818434160851e-01
9.433641631898689317e-01
9.433641631898688207e-01
9.745663376621214180e-01
9.684444961708497113e-01
9.859292978995111145e-01
9.859292978995110035e-01
9.937565569499912099e-01
9.912079578454149331e-01
9.965608636612744986e-01
9.912079578454149331e-01
9.972208041561813063e-01
9.913507494843851742e-01
9.972581991627752496e-01
9.929714621204553948e-01
9.976930980827185547e-01
9.947456856728712493e-01
9.981948113804459677e-01
9.922356072262893401e-01
9.965608636612744986e-01
9.859292978995110035e-01
9.937565569499912099e-01
9.684444961708499333e-01
9.859292978995111145e-01
9.433641631898688207e-01
9.745663376621214180e-01
8.762813818434158630e-01
9.368098915545730598e-01
7.859163980254970649e-01
8.587791593191402839e-01
5.732913917037019136e-01
6.115069506704725599e-01
3.395231008651242166e-01
3.750935731918222382e-01
1.052709588514981476e-01
1.052709588514981476e-01
1.052709588514986749e-01
1.052709588514991884e-01
3.395231008651248827e-01
3.750935731918231264e-01
1.052709588514986749e-01
1.052709588514991884e-01
3.750935731918231264e-01
3.750935731918231264e-01
3.750935731918222382e-01
3.750935731918222382e-01
1.052709588514981476e-01
1.052709588514981476e-01
5.732913917037022467e-01
6.115069506704728930e-01
6.115069506704723379e-01
8.587791593191402839e-01
6.115069506704723379e-01
8.587791593191410611e-01
6.115069506704723379e-01
8.587791593191410611e-01
6.115069506704723379e-01
8.587791593191410611e-01
6.115069506704723379e-01
8.587791593191410611e-01
6.115069506704723379e-01
8.587791593191410611e-01
6.115069506704723379e-01
8.587791593191410611e-01
6.303833700299030784e-01
8.632310946835688448e-01
7.859163980254980642e-01
9.070912052214255006e-01
8.762813818434164181e-01
9.434571954834061192e-01
9.368098915545728378e-01
9.745663376621214180e-01
9.383815129628633178e-01
9.800336655029818766e-01
9.548742924238811103e-01
9.843333628455599449e-01
9.702562471856566173e-01
9.887951209424973298e-01
9.859292978995110035e-01
9.940197057058456354e-01
9.912079578454149331e-01
9.965640896482169664e-01
9.912079578454149331e-01
9.972208041561813063e-01
9.912079578454149331e-01
9.972208041561813063e-01
9.912079578454149331e-01
9.972208041561813063e-01
9.912079578454149331e-01
9.972208041561813063e-01
9.912079578454149331e-01
9.972208041561813063e-01
9.912079578454149331e-01
9.972208041561813063e-01
9.912079578454149331e-01
9.972208041561813063e-01
9.913507494843851742e-01
9.972581991627752496e-01
9.929714621204553948e-01
9.976930980827185547e-01
9.947456856728712493e-01
9.981948113804459677e-01
9.969866737887760344e-01
9.988802689801834500e-01
9.981733348971204567e-01
9.992777990451333636e-01
9.988055864180434007e-01
9.996234242739046039e-01
9.988055864180434007e-01
9.996234242739046039e-01
9.988055864180434007e-01
9.996234242739046039e-01
9.988198527011252770e-01
9.996273221517532059e-01
9.981733348971204567e-01
9.992777990451333636e-01
9.969866737887760344e-01
9.988802689801834500e-01
9.947456856728712493e-01
9.981948113804459677e-01
9.929714621204553948e-01
9.976930980827185547e-01
9.913507494843851742e-01
9.972581991627752496e-01
9.912079578454149331e-01
9.972208041561813063e-01
9.912079578454149331e-01
9.972208041561813063e-01
9.912079578454149331e-01
9.972208041561813063e-01
9.912079578454149331e-01
9.972208041561813063e-01
9.999991604339149021e-01
9.999977716890405821e-01
9.999985284323715806e-01
9.999959278251837613e-01
9.999978826877878868e-01
9.999939679042129104e-01
9.999967573834009915e-01
9.999904197498612479e-01
9.999958110537795486e-01
9.999873339585518828e-01
9.999945254817683704e-01
9.999830220836793959e-01
9.999937487532529756e-01
9.999803592878410141e-01
9.999915509689458748e-01
9.999776845220756938e-01
9.999871810205287481e-01
9.999648696131210324e-01
9.999790128292275204e-01
9.999396789284485942e-01
9.999717039166808874e-01
9.999160905104490515e-01
9.999504970994924635e-01
9.998809564578693410e-01
9.999100073500445385e-01
9.997963978648003458e-01
9.997965303223603772e-01
9.995393973083511741e-01
9.996404806325468462e-01
9.991627987763049834e-01
9.992777990451333636e-01
9.981733348971204567e-01
9.988802689801834500e-01
9.969866737887760344e-01
9.981948113804459677e-01
9.947456856728712493e-01
9.976930980827185547e-01
9.929714621204553948e-01
9.965608636612744986e-01
9.913507494843851742e-01
9.937565569499910989e-01
9.859292978995110035e-01
9.859292978995110035e-01
9.684444961708497113e-01
9.745663376621211960e-01
9.433641631898687097e-01
9.434571954834053420e-01
8.762813818434155300e-01
9.070912052214241683e-01
7.859163980254961768e-01
8.632310946835666243e-01
6.303833700299006360e-01
8.587791593191388406e-01
6.115069506704695623e-01
8.587791593191388406e-01
6.115069506704695623e-01
8.587791593191388406e-01
6.115069506704695623e-01
7.859163980254977311e-01
5.732913917037012475e-01
7.217225366329707015e-01
6.088593665871405713e-01
6.088593665871375737e-01
4.644596108942662949e-01
5.062522295032242381e-01
3.395231008651238835e-01
3.395231008651256044e-01
1.483268858376670385e-01
5.062522295032192421e-01
3.395231008651237725e-01
3.869843137845991876e-01
1.483268858376648736e-01
2.164353341933497599e-01
5.885746129520004477e-02
5.885746129520054437e-02
1.578774817109695680e-02
1.578774817109620393e-02
5.885746129520055825e-02
5.885746129519928843e-02
2.164353341933497599e-01
3.750935731918185745e-01
1.052709588514971067e-01
3.750935731918185745e-01
1.052709588514971067e-01
3.750935731918185745e-01
1.052709588514971067e-01
3.395231008651217741e-01
1.052709588514971067e-01
1.052709588514991884e-01
3.750935731918258464e-01
1.052709588514991884e-01
3.750935731918258464e-01
1.052709588514991884e-01
3.395231008651248827e-01
1.052709588514991884e-01
3.750935731918258464e-01
1.483268858376655674e-01
3.869843137846059600e-01
3.395231008651222737e-01
5.062522295032231279e-01
1.483268858376655674e-01
3.395231008651217741e-01
3.395231008651244387e-01
5.062522295032196862e-01
4.644596108942639079e-01
6.088593665871395721e-01
6.088593665871375737e-01
7.217225366329714786e-01
2.164353341933475117e-01
5.885746129519929537e-02
5.885746129519953129e-02
1.578774817109658210e-02
1.578774817109732803e-02
5.885746129519957986e-02
5.885746129520005865e-02
2.164353341933475117e-01
5.732913917037026907e-01
7.859163980254972870e-01
7.859163980254990634e-01
8.993690273367019872e-01
8.762813818434175284e-01
9.433641631898691537e-01
9.433641631898695978e-01
9.745663376621215290e-01
9.684444961708501554e-01
9.859292978995112255e-01
9.859292978995111145e-01
9.937565569499912099e-01
9.922356072262894511e-01
9.965608636612744986e-01
9.965608636612744986e-01
9.984785195924315016e-01
9.981067832135687157e-01
9.991627987763049834e-01
9.988055864180434007e-01
9.996234242739046039e-01
9.988198527011252770e-01
9.996273221517532059e-01
9.989879280203379786e-01
9.996738637715687492e-01
9.991627987763049834e-01
9.996234242739046039e-01
9.981067832135687157e-01
9.988055864180434007e-01
9.965608636612744986e-01
9.972208041561813063e-01
9.912079578454149331e-01
9.912079578454149331e-01
9.796450814265197371e-01
9.796450814265197371e-01
9.368098915545730598e-01
9.368098915545730598e-01
8.587791593191402839e-01
8.587791593191402839e-01
6.115069506704725599e-01
6.115069506704725599e-01
3.750935731918222382e-01
3.750935731918222382e-01
1.052709588514981476e-01
1.052709588514981476e-01
1.052709588514986749e-01
1.052709588514991884e-01
3.750935731918231264e-01
3.750935731918231264e-01
1.052709588514986749e-01
1.052709588514991884e-01
3.750935731918231264e-01
3.750935731918231264e-01
3.750935731918222382e-01
3.750935731918222382e-01
1.052709588514981476e-01
1.052709588514981476e-01
6.115069506704728930e-01
6.115069506704728930e-01
8.587791593191402839e-01
8.587791593191402839e-01
9.368098915545731709e-01
9.368098915545731709e-01
9.368098915545736149e-01
9.796450814265197371e-01
9.368098915545736149e-01
9.796450814265198481e-01
9.368098915545736149e-01
9.796450814265198481e-01
9.368098915545736149e-01
9.796450814265198481e-01
9.368098915545736149e-01
9.796450814265198481e-01
9.383815129628640950e-01
9.800336655029818766e-01
9.548742924238816654e-01
9.843333628455600559e-01
9.702562471856570614e-01
9.887951209424974408e-01
9.859292978995112255e-01
9.940197057058456354e-01
9.913507494843851742e-01
9.965640896482169664e-01
9.929714621204555058e-01
9.976930980827185547e-01
9.947456856728712493e-01
9.981948113804459677e-01
9.969866737887760344e-01
9.988802689801834500e-01
9.981733348971204567e-01
9.992777990451333636e-01
9.988055864180434007e-01
9.996234242739046039e-01
9.988055864180434007e-01
9.996234242739046039e-01
9.988055864180434007e-01
9.996234242739046039e-01
9.988055864180434007e-01
9.996234242739046039e-01
9.988055864180434007e-01
9.996234242739046039e-01
9.988055864180434007e-01
9.996234242739046039e-01
9.988055864180434007e-01
9.996234242739046039e-01
9.988198527011252770e-01
9.996273221517532059e-01
9.989879280203379786e-01
9.996738637715687492e-01
9.991873949864968907e-01
9.997307604182025242e-01
9.994722287275411565e-01
9.998159684662153435e-01
9.996464107099610752e-01
9.998712123480977265e-01
9.998143187969478207e-01
9.999279467047661463e-01
9.998382701849535259e-01
9.999490277188621823e-01
9.998382701849535259e-01
9.999490277188621823e-01
9.998143187969478207e-01
9.999279467047661463e-01
9.996464107099610752e-01
9.998712123480977265e-01
9.994722287275411565e-01
9.998159684662153435e-01
9.991873949864968907e-01
9.997307604182025242e-01
9.989879280203379786e-01
9.996738637715687492e-01
9.988198527011252770e-01
9.996273221517532059e-01
9.988055864180434007e-01
9.996234242739046039e-01
9.988055864180434007e-01
9.996234242739046039e-01
9.988055864180434007e-01
9.996234242739046039e-01
9.988055864180434007e-01
9.996234242739046039e-01
9.999955306019436829e-01
9.999887852838645896e-01
9.999915509689458748e-01
9.999776845220756938e-01
9.999871810205287481e-01
9.999648696131210324e-01
9.999790128292275204e-01
9.999396789284485942e-01
9.999717039166808874e-01
9.999160905104490515e-01
9.999612399165697108e-01
9.998809564578693410e-01
9.999546540850393628e-01
9.998581422004928498e-01
9.999494561416468752e-01
9.998397950784505550e-01
9.999279467047661463e-01
9.998143187969478207e-01
9.998712123480977265e-01
9.996464107099610752e-01
9.998159684662153435e-01
9.994722287275411565e-01
9.997307604182025242e-01
9.991873949864968907e-01
9.996298895453414879e-01
9.989879280203379786e-01
9.991627987763049834e-01
9.981067832135687157e-01
9.984785195924315016e-01
9.965608636612744986e-01
9.965640896482169664e-01
9.922356072262893401e-01
9.940197057058456354e-01
9.859292978995111145e-01
9.887951209424974408e-01
9.702562471856568393e-01
9.843333628455599449e-01
9.548742924238813323e-01
9.800336655029818766e-01
9.383815129628635399e-01
9.745663376621211960e-01
9.368098915545731709e-01
9.433641631898685986e-01
8.762813818434153079e-01
8.993690273367013210e-01
7.859163980254961768e-01
7.859163980254982862e-01
5.732913917036996931e-01
7.217225366329707015e-01
6.088593665871395721e-01
6.088593665871393501e-01
4.644596108942651291e-01
5.062522295032219066e-01
3.395231008651229399e-01
3.395231008651256044e-01
1.483268858376670385e-01
5.062522295032196862e-01
3.395231008651231619e-01
3.869843137846009085e-01
1.483268858376640964e-01
2.164353341933476227e-01
5.885746129520004477e-02
5.885746129519980191e-02
1.578774817109770620e-02
1.578774817109919806e-02
5.885746129520130071e-02
5.885746129520152276e-02
2.164353341933490937e-01
3.750935731918185745e-01
1.052709588514950112e-01
3.750935731918204064e-01
1.052709588514950112e-01
3.750935731918185745e-01
1.052709588514950112e-01
3.750935731918204064e-01
1.052709588514950112e-01
1.052709588515033795e-01
3.750935731918276783e-01
1.052709588515012978e-01
3.750935731918258464e-01
1.052709588515033795e-01
3.395231008651268811e-01
1.052709588515012978e-01
3.750935731918258464e-01
3.750935731918185745e-01
1.052709588514950112e-01
3.750935731918204064e-01
1.052709588514950112e-01
3.750935731918185745e-01
1.052709588514950112e-01
3.395231008651234950e-01
1.052709588514950112e-01
1.052709588515033795e-01
3.750935731918276783e-01
1.052709588515012978e-01
3.750935731918258464e-01
1.052709588515033795e-01
3.750935731918276783e-01
1.052709588515012978e-01
3.750935731918258464e-01
1.483268858376699528e-01
3.869843137846079029e-01
3.395231008651251603e-01
5.062522295032242381e-01
1.483268858376662891e-01
3.395231008651241611e-01
3.395231008651232174e-01
5.062522295032214625e-01
4.644596108942675161e-01
6.088593665871416816e-01
6.088593665871386840e-01
7.217225366329721448e-01
2.164353341933467900e-01
5.885746129519799780e-02
5.885746129520058600e-02
1.578774817109461492e-02
1.578774817109761947e-02
5.885746129520210562e-02
5.885746129519950354e-02
2.164353341933495933e-01
5.732913917037026907e-01
7.859163980254981752e-01
6.115069506704750024e-01
8.587791593191421713e-01
6.303833700299064091e-01
8.632310946835697330e-01
7.859163980254980642e-01
9.070912052214258336e-01
8.762813818434161961e-01
9.434571954834060081e-01
9.433641631898685986e-01
9.745663376621214180e-01
9.684444961708499333e-01
9.859292978995111145e-01
9.859292978995111145e-01
9.937565569499912099e-01
9.922356072262894511e-01
9.965608636612744986e-01
9.965608636612744986e-01
9.984785195924316126e-01
9.981067832135687157e-01
9.991627987763049834e-01
9.991627987763049834e-01
9.996298895453414879e-01
9.995393973083511741e-01
9.997963978648003458e-01
9.997963978648003458e-01
9.999100073500445385e-01
9.998397950784505550e-01
9.999490277188621823e-01
9.998382701849535259e-01
9.998382701849535259e-01
9.996234242739046039e-01
9.996234242739046039e-01
9.988055864180434007e-01
9.988055864180434007e-01
9.972208041561813063e-01
9.972208041561813063e-01
9.912079578454149331e-01
9.912079578454149331e-01
9.796450814265197371e-01
9.796450814265197371e-01
9.368098915545730598e-01
9.368098915545730598e-01
8.587791593191402839e-01
8.587791593191402839e-01
6.115069506704725599e-01
6.115069506704725599e-01
3.750935731918222382e-01
3.750935731918222382e-01
1.052709588514981476e-01
1.052709588514981476e-01
1.052709588514986749e-01
1.052709588514991884e-01
3.750935731918231264e-01
3.750935731918231264e-01
1.052709588514986749e-01
1.052709588514991884e-01
3.750935731918231264e-01
3.750935731918231264e-01
3.750935731918222382e-01
3.750935731918222382e-01
1.052709588514981476e-01
1.052709588514981476e-01
6.115069506704728930e-01
6.115069506704728930e-01
8.587791593191402839e-01
8.587791593191402839e-01
9.368098915545731709e-01
9.368098915545731709e-01
9.796450814265197371e-01
9.796450814265197371e-01
9.912079578454149331e-01
9.912079578454149331e-01
9.912079578454149331e-01
9.972208041561813063e-01
9.912079578454149331e-01
9.972208041561813063e-01
9.912079578454149331e-01
9.972208041561813063e-01
9.913507494843851742e-01
9.972581991627752496e-01
9.929714621204553948e-01
9.976930980827185547e-01
9.947456856728713603e-01
9.981948113804459677e-01
9.969866737887760344e-01
9.988802689801834500e-01
9.981733348971204567e-01
9.992777990451333636e-01
9.989879280203379786e-01
9.996404806325468462e-01
9.991873949864968907e-01
9.997307604182025242e-01
9.994722287275411565e-01
9.998159684662153435e-01
9.996464107099610752e-01
9.998712123480977265e-01
9.998143187969478207e-01
9.999279467047661463e-01
9.998382701849535259e-01
9.999490277188621823e-01
9.998382701849535259e-01
9.999490277188621823e-01
9.998382701849535259e-01
9.999490277188621823e-01
9.998382701849535259e-01
9.999490277188621823e-01
9.998382701849535259e-01
9.999490277188621823e-01
9.998382701849535259e-01
9.999490277188621823e-01
9.998397950784505550e-01
9.999494561416468752e-01
9.998581422004928498e-01
9.999546540850393628e-01
9.998809564578693410e-01
9.999612399165697108e-01
9.999160905104490515e-01
9.999717039166808874e-01
9.999396789284485942e-01
9.999790128292275204e-01
9.999648696131210324e-01
9.999871810205287481e-01
9.999776845220756938e-01
9.999915509689458748e-01
9.999776845220756938e-01
9.999915509689458748e-01
9.999648696131210324e-01
9.999871810205287481e-01
9.999396789284485942e-01
9.999790128292275204e-01
9.999160905104490515e-01
9.999717039166808874e-01
9.998809564578693410e-01
9.999612399165697108e-01
9.998581422004928498e-01
9.999546540850393628e-01
9.998397950784505550e-01
9.999494561416468752e-01
9.998382701849535259e-01
9.999490277188621823e-01
9.998382701849535259e-01
9.999490277188621823e-01
9.998382701849535259e-01
9.999490277188621823e-01
9.998382701849535259e-01
9.999490277188621823e-01
9.999785937234497712e-01
9.999504970994924635e-01
9.999556034273410221e-01
9.998908202905856246e-01
9.999279467047661463e-01
9.998143187969478207e-01
9.998712123480977265e-01
9.996464107099610752e-01
9.998159684662153435e-01
9.994722287275411565e-01
9.997307604182025242e-01
9.991873949864968907e-01
9.996738637715687492e-01
9.989879280203379786e-01
9.996273221517530949e-01
9.988198527011252770e-01
9.996234242739046039e-01
9.988055864180434007e-01
9.992777990451333636e-01
9.981733348971204567e-01
9.988802689801834500e-01
9.969866737887760344e-01
9.981948113804459677e-01
9.947456856728712493e-01
9.976930980827185547e-01
9.929714621204553948e-01
9.965608636612744986e-01
9.913507494843850631e-01
9.937565569499910989e-01
9.859292978995111145e-01
9.859292978995111145e-01
9.684444961708499333e-01
9.745663376621214180e-01
9.433641631898688207e-01
9.434571954834060081e-01
8.762813818434166402e-01
9.070912052214251675e-01
7.859163980254988413e-01
8.632310946835684007e-01
6.303833700299042997e-01
8.587791593191405060e-01
6.115069506704750024e-01
7.859163980254967319e-01
5.732913917037015805e-01
7.217225366329703684e-01
6.088593665871397942e-01
6.088593665871382399e-01
4.644596108942656842e-01
5.062522295032231279e-01
3.395231008651244387e-01
3.395231008651259375e-01
1.483268858376670385e-01
5.062522295032209074e-01
3.395231008651240501e-01
3.395231008651217741e-01
1.483268858376655674e-01
2.164353341933511476e-01
5.885746129520022518e-02
5.885746129519935782e-02
1.578774817109648843e-02
1.578774817109648496e-02
5.885746129519939945e-02
5.885746129520022518e-02
2.164353341933482888e-01
1.483268858376670662e-01
3.395231008651246607e-01
3.395231008651229399e-01
5.062522295032231279e-01
1.483268858376670385e-01
3.395231008651217741e-01
3.395231008651258264e-01
5.062522295032209074e-01
4.644596108942651291e-01
6.088593665871395721e-01
6.088593665871384619e-01
7.217225366329714786e-01
2.164353341933460406e-01
5.885746129520083580e-02
5.885746129519953129e-02
1.578774817109583270e-02
1.578774817109733844e-02
5.885746129519957986e-02
5.885746129520079417e-02
2.164353341933489272e-01
5.732913917037036899e-01
7.859163980254972870e-01
6.115069506704775559e-01
8.587791593191421713e-01
6.115069506704775559e-01
8.587791593191416162e-01
6.115069506704775559e-01
8.587791593191421713e-01
6.303833700299076304e-01
8.632310946835693999e-01
7.859163980254993964e-01
9.070912052214259447e-01
8.762813818434167512e-01
9.434571954834061192e-01
9.368098915545739480e-01
9.745663376621214180e-01
9.383815129628643170e-01
9.800336655029818766e-01
9.548742924238816654e-01
9.843333628455600559e-01
9.702562471856569504e-01
9.887951209424974408e-01
9.859292978995111145e-01
9.940197057058456354e-01
9.922356072262894511e-01
9.965640896482169664e-01
9.965608636612744986e-01
9.984785195924316126e-01
9.981067832135687157e-01
9.991627987763049834e-01
9.991627987763049834e-01
9.996298895453414879e-01
9.995393973083511741e-01
9.997963978648003458e-01
9.997963978648003458e-01
9.999100073500445385e-01
9.998880002549208612e-01
9.999504970994924635e-01
9.999504970994924635e-01
9.999781107191517693e-01
9.999490277188621823e-01
9.999490277188621823e-01
9.998382701849535259e-01
9.998382701849535259e-01
9.996234242739046039e-01
9.996234242739046039e-01
9.988055864180434007e-01
9.988055864180434007e-01
9.972208041561813063e-01
9.972208041561813063e-01
9.912079578454149331e-01
9.912079578454149331e-01
9.796450814265197371e-01
9.796450814265197371e-01
9.368098915545730598e-01
9.368098915545730598e-01
8.587791593191402839e-01
8.587791593191402839e-01
6.115069506704725599e-01
6.115069506704725599e-01
3.750935731918222382e-01
3.750935731918222382e-01
1.052709588514981476e-01
1.052709588514981476e-01
1.052709588514986749e-01
1.052709588514991884e-01
3.750935731918231264e-01
3.750935731918231264e-01
1.052709588514986749e-01
1.052709588514991884e-01
3.750935731918231264e-01
3.750935731918231264e-01
3.750935731918222382e-01
3.750935731918222382e-01
1.052709588514981476e-01
1.052709588514981476e-01
6.115069506704728930e-01
6.115069506704728930e-01
8.587791593191402839e-01
8.587791593191402839e-01
9.368098915545731709e-01
9.368098915545731709e-01
9.796450814265197371e-01
9.796450814265197371e-01
9.912079578454149331e-01
9.912079578454149331e-01
9.972208041561813063e-01
9.972208041561813063e-01
9.988055864180434007e-01
9.988055864180434007e-01
9.988055864180434007e-01
9.996234242739046039e-01
9.988198527011252770e-01
9.996273221517532059e-01
9.989879280203379786e-01
9.996738637715687492e-01
9.991873949864968907e-01
9.997307604182025242e-01
9.994722287275411565e-01
9.998159684662153435e-01
9.996464107099610752e-01
9.998712123480977265e-01
9.998143187969478207e-01
9.999279467047661463e-01
9.998809564578693410e-01
9.999556034273410221e-01
9.999160905104490515e-01
9.999717039166808874e-01
9.999396789284485942e-01
9.999790128292275204e-01
9.999648696131210324e-01
9.999871810205287481e-01
9.999776845220756938e-01
9.999915509689458748e-01
9.999781107191517693e-01
9.999931014998729717e-01
9.999781107191517693e-01
9.999931014998729717e-01
9.999781107191517693e-01
9.999931014998729717e-01
9.999781107191517693e-01
9.999931014998729717e-01
9.999781107191517693e-01
9.999931014998729717e-01
9.999782811492549106e-01
9.999931503012394751e-01
9.999803592878410141e-01
9.999937487532529756e-01
9.999830220836793959e-01
9.999945254817683704e-01
9.999873339585518828e-01
9.999958110537795486e-01
9.999904197498612479e-01
9.999967573834009915e-01
9.999939679042129104e-01
9.999978826877878868e-01
9.999959278251837613e-01
9.999985284323715806e-01
9.999959278251837613e-01
9.999985284323715806e-01
9.999939679042129104e-01
9.999978826877878868e-01
9.999904197498612479e-01
9.999967573834009915e-01
9.999873339585518828e-01
9.999958110537795486e-01
9.999830220836793959e-01
9.999945254817683704e-01
9.999803592878410141e-01
9.999937487532529756e-01
9.999782811492549106e-01
9.999931503012394751e-01
9.999781107191517693e-01
9.999931014998729717e-01
9.999781107191517693e-01
9.999931014998729717e-01
9.999781107191517693e-01
9.999931014998729717e-01
9.999781107191517693e-01
9.999931014998729717e-01
9.999100073500445385e-01
9.997963978648003458e-01
9.997965303223603772e-01
9.995393973083511741e-01
9.996404806325468462e-01
9.991627987763049834e-01
9.992777990451333636e-01
9.981733348971204567e-01
9.988802689801834500e-01
9.969866737887760344e-01
9.981948113804459677e-01
9.947456856728712493e-01
9.976930980827185547e-01
9.929714621204553948e-01
9.972581991627752496e-01
9.913507494843851742e-01
9.972208041561813063e-01
9.912079578454149331e-01
9.965640896482169664e-01
9.912079578454149331e-01
9.940197057058456354e-01
9.859292978995111145e-01
9.887951209424973298e-01
9.702562471856568393e-01
9.843333628455599449e-01
9.548742924238814433e-01
9.800336655029818766e-01
9.383815129628637619e-01
9.745663376621213070e-01
9.368098915545733929e-01
9.433641631898691537e-01
8.762813818434165292e-01
8.993690273367023202e-01
7.859163980254988413e-01
7.859163980254985082e-01
5.732913917037041340e-01
7.217225366329721448e-01
6.088593665871394611e-01
6.088593665871395721e-01
4.644596108942651291e-01
5.062522295032209074e-01
3.395231008651253823e-01
3.395231008651217741e-01
1.483268858376655674e-01
5.062522295032219066e-01
3.395231008651229399e-01
3.869843137846049053e-01
1.483268858376670385e-01
2.164353341933460406e-01
5.885746129519929537e-02
5.885746129519953129e-02
1.578774817109583270e-02
1.578774817109732803e-02
5.885746129519957986e-02
5.885746129519931619e-02
2.164353341933475117e-01
3.750935731918240701e-01
1.052709588514991884e-01
3.750935731918240701e-01
1.052709588514991884e-01
3.750935731918240701e-01
1.052709588514991884e-01
3.395231008651242166e-01
1.052709588514991884e-01
1.052709588514991884e-01
3.750935731918204064e-01
1.052709588514991884e-01
3.750935731918204064e-01
1.052709588514991884e-01
3.395231008651217741e-01
1.052709588514991884e-01
3.750935731918204064e-01
1.483268858376655674e-01
3.869843137846009085e-01
3.395231008651232174e-01
5.062522295032196862e-01
1.483268858376655674e-01
3.395231008651256044e-01
3.395231008651253823e-01
5.062522295032231279e-01
4.644596108942651291e-01
6.088593665871384619e-01
6.088593665871404603e-01
7.217225366329707015e-01
2.164353341933490937e-01
5.885746129520004477e-02
5.885746129519980191e-02
1.578774817109770620e-02
1.578774817109619352e-02
5.885746129519831699e-02
5.885746129520002395e-02
2.164353341933490937e-01
5.732913917037022467e-01
7.859163980254977311e-01
7.859163980254982862e-01
8.993690273367017651e-01
8.762813818434161961e-01
9.433641631898688207e-01
9.368098915545736149e-01
9.745663376621213070e-01
9.368098915545736149e-01
9.796450814265198481e-01
9.368098915545736149e-01
9.796450814265198481e-01
9.383815129628639840e-01
9.800336655029818766e-01
9.548742924238815544e-01
9.843333628455599449e-01
9.702562471856569504e-01
9.887951209424974408e-01
9.859292978995111145e-01
9.940197057058456354e-01
9.913507494843851742e-01
9.965640896482169664e-01
9.929714621204553948e-01
9.976930980827185547e-01
9.947456856728712493e-01
9.981948113804459677e-01
9.969866737887760344e-01
9.988802689801834500e-01
9.981733348971204567e-01
9.992777990451333636e-01
9.991627987763049834e-01
9.996404806325468462e-01
9.995393973083511741e-01
9.997965303223603772e-01
9.997963978648003458e-01
9.999100073500445385e-01
9.998880002549208612e-01
9.999504970994924635e-01
9.999504970994924635e-01
9.999781205356715885e-01
9.999727698335583170e-01
9.999879647910164815e-01
9.999781107191517693e-01
9.999781107191517693e-01
9.999490277188621823e-01
9.999490277188621823e-01
9.998382701849535259e-01
9.998382701849535259e-01
9.996234242739046039e-01
9.996234242739046039e-01
9.988055864180434007e-01
9.988055864180434007e-01
9.972208041561813063e-01
9.972208041561813063e-01
9.912079578454149331e-01
9.912079578454149331e-01
9.796450814265197371e-01
9.796450814265197371e-01
9.368098915545730598e-01
9.368098915545730598e-01
8.587791593191402839e-01
8.587791593191402839e-01
6.115069506704725599e-01
6.115069506704725599e-01
3.750935731918222382e-01
3.750935731918222382e-01
1.052709588514981476e-01
1.052709588514981476e-01
1.052709588514986749e-01
1.052709588514991884e-01
3.750935731918231264e-01
3.750935731918231264e-01
1.052709588514986749e-01
1.052709588514991884e-01
3.750935731918231264e-01
3.750935731918231264e-01
3.750935731918222382e-01
3.750935731918222382e-01
1.052709588514981476e-01
1.052709588514981476e-01
6.115069506704728930e-01
6.115069506704728930e-01
8.587791593191402839e-01
8.587791593191402839e-01
9.368098915545731709e-01
9.368098915545731709e-01
9.796450814265197371e-01
9.796450814265197371e-01
9.912079578454149331e-01
9.912079578454149331e-01
9.972208041561813063e-01
9.972208041561813063e-01
9.988055864180434007e-01
9.988055864180434007e-01
9.996234242739046039e-01
9.996234242739046039e-01
9.998382701849535259e-01
9.998382701849535259e-01
9.998581422004928498e-01
9.999490277188621823e-01
9.998809564578693410e-01
9.999612399165697108e-01
9.999160905104490515e-01
9.999717039166808874e-01
9.999396789284485942e-01
9.999790128292275204e-01
9.999648696131210324e-01
9.999871810205287481e-01
9.999776845220756938e-01
9.999915509689458748e-01
9.999873339585518828e-01
9.999955306019436829e-01
9.999904197498612479e-01
9.999967573834009915e-01
9.999939679042129104e-01
9.999978826877878868e-01
9.999959278251837613e-01
9.999985284323715806e-01
9.999970375799418498e-01
9.999990663867469598e-01
9.999970375799418498e-01
9.999990663867469598e-01
9.999970375799418498e-01
9.999990663867469598e-01
9.999970375799418498e-01
9.999990663867469598e-01
9.999970375799418498e-01
9.999990663867469598e-01
9.999970572220256981e-01
9.999990720883720208e-01
9.999972989407749369e-01
9.999991425424877844e-01
9.999976151712595129e-01
9.999992355778678510e-01
9.999981457617503899e-01
9.999993942119911328e-01
9.999985433138809388e-01
9.999995155903917965e-01
9.999990262713962519e-01
9.999996668706135905e-01
9.999993102748393481e-01
9.999997584940638617e-01
9.999993102748393481e-01
9.999997584940638617e-01
9.999990262713962519e-01
9.999996668706135905e-01
9.999985433138809388e-01
9.999995155903917965e-01
9.999981457617503899e-01
9.999993942119911328e-01
9.999976151712595129e-01
9.999992355778678510e-01
9.999972989407749369e-01
9.999991425424877844e-01
9.999970572220256981e-01
9.999990720883720208e-01
9.999970375799418498e-01
9.999990663867469598e-01
9.999970375799418498e-01
9.999990663867469598e-01
9.999970375799418498e-01
9.999990663867469598e-01
9.999970375799418498e-01
9.999990663867469598e-01
9.996298895453414879e-01
9.989879280203379786e-01
9.991627987763049834e-01
9.981067832135687157e-01
9.984785195924315016e-01
9.965608636612744986e-01
9.965640896482169664e-01
9.922356072262893401e-01
9.940197057058456354e-01
9.859292978995111145e-01
9.887951209424974408e-01
9.702562471856567283e-01
9.843333628455599449e-01
9.548742924238813323e-01
9.800336655029819877e-01
9.383815129628635399e-01
9.796450814265197371e-01
9.368098915545731709e-01
9.796450814265198481e-01
9.368098915545731709e-01
9.745663376621213070e-01
9.368098915545731709e-01
9.434571954834062302e-01
8.762813818434158630e-01
9.070912052214252785e-01
7.859163980254977311e-01
8.632310946835698440e-01
6.303833700299039666e-01
8.587791593191410611e-01
6.115069506704736702e-01
7.859163980254996185e-01
5.732913917037020246e-01
7.217225366329734770e-01
6.088593665871394611e-01
6.088593665871414595e-01
4.644596108942639079e-01
5.062522295032219066e-01
3.395231008651240501e-01
3.395231008651257154e-01
1.483268858376625976e-01
5.062522295032242381e-01
3.395231008651242166e-01
3.395231008651272697e-01
1.483268858376684818e-01
2.164353341933475117e-01
5.885746129519785902e-02
5.885746129520401382e-02
1.578774817109583270e-02
1.578774817109583964e-02
5.885746129520103009e-02
5.885746129519632552e-02
2.164353341933475117e-01
1.483268858376655674e-01
3.395231008651231619e-01
3.395231008651227178e-01
5.062522295032219066e-01
1.483268858376670385e-01
3.395231008651259930e-01
3.395231008651216076e-01
5.062522295032231279e-01
4.644596108942681267e-01
6.088593665871402383e-01
6.088593665871379068e-01
7.217225366329717007e-01
2.164353341933511199e-01
5.885746129520173092e-02
5.885746129520085662e-02
1.578774817109798723e-02
1.578774817109648496e-02
5.885746129519939945e-02
5.885746129520022518e-02
2.164353341933497599e-01
5.732913917036996931e-01
7.859163980254971760e-01
6.115069506704682301e-01
8.587791593191399508e-01
6.303833700299015241e-01
8.632310946835677345e-01
7.859163980254950665e-01
9.070912052214246124e-01
8.762813818434155300e-01
9.434571954834054530e-01
9.433641631898683766e-01
9.745663376621211960e-01
9.684444961708499333e-01
9.859292978995110035e-01
9.859292978995110035e-01
9.937565569499912099e-01
9.912079578454149331e-01
9.965608636612744986e-01
9.912079578454149331e-01
9.972208041561813063e-01
9.913507494843851742e-01
9.972581991627752496e-01
9.929714621204553948e-01
9.976930980827185547e-01
9.947456856728712493e-01
9.981948113804459677e-01
9.969866737887760344e-01
9.988802689801834500e-01
9.981733348971204567e-01
9.992777990451333636e-01
9.989879280203379786e-01
9.996404806325468462e-01
9.991873949864968907e-01
9.997307604182025242e-01
9.994722287275411565e-01
9.998159684662153435e-01
9.996464107099610752e-01
9.998712123480977265e-01
9.998143187969478207e-01
9.999279467047661463e-01
9.998908202905856246e-01
9.999556034273410221e-01
9.999504970994924635e-01
9.999785937234497712e-01
9.999727698335583170e-01
9.999879707795943373e-01
9.999879647910164815e-01
9.999946806920368969e-01
9.999931014998729717e-01
9.999931014998729717e-01
9.999781107191517693e-01
9.999781107191517693e-01
9.999490277188621823e-01
9.999490277188621823e-01
9.998382701849535259e-01
9.998382701849535259e-01
9.996234242739046039e-01
9.996234242739046039e-01
9.988055864180434007e-01
9.988055864180434007e-01
9.972208041561813063e-01
9.972208041561813063e-01
9.912079578454149331e-01
9.912079578454149331e-01
9.796450814265197371e-01
9.796450814265197371e-01
9.368098915545730598e-01
9.368098915545730598e-01
8.587791593191402839e-01
8.587791593191402839e-01
6.115069506704725599e-01
6.115069506704725599e-01
3.750935731918222382e-01
3.750935731918222382e-01
1.052709588514981476e-01
1.052709588514981476e-01
1.052709588514986749e-01
1.052709588514991884e-01
3.750935731918231264e-01
3.750935731918231264e-01
1.052709588514986749e-01
1.052709588514991884e-01
3.750935731918231264e-01
3.750935731918231264e-01
3.750935731918222382e-01
3.750935731918222382e-01
1.052709588514981476e-01
1.052709588514981476e-01
6.115069506704728930e-01
6.115069506704728930e-01
8.587791593191402839e-01
8.587791593191402839e-01
9.368098915545731709e-01
9.368098915545731709e-01
9.796450814265197371e-01
9.796450814265197371e-01
9.912079578454149331e-01
9.912079578454149331e-01
9.972208041561813063e-01
9.972208041561813063e-01
9.988055864180434007e-01
9.988055864180434007e-01
9.996234242739046039e-01
9.996234242739046039e-01
9.998382701849535259e-01
9.998382701849535259e-01
9.999490277188621823e-01
9.999490277188621823e-01
9.999781107191517693e-01
9.999781107191517693e-01
9.999873339585518828e-01
9.999931014998729717e-01
9.999904197498612479e-01
9.999967573834009915e-01
9.999939679042129104e-01
9.999978826877878868e-01
9.999959278251837613e-01
9.999985284323715806e-01
9.999977716890405821e-01
9.999991604339149021e-01
9.999985433138809388e-01
9.999994665599430954e-01
9.999990262713962519e-01
9.999996668706135905e-01
9.999993102748393481e-01
9.999997584940638617e-01
9.999995954964895351e-01
9.999998534581017173e-01
9.999995990795289558e-01
9.999998736491348961e-01
9.999995990795289558e-01
9.999998736491348961e-01
9.999995990795289558e-01
9.999998736491348961e-01
9.999995990795289558e-01
9.999998736491348961e-01
9.999996013942150652e-01
9.999998743279546742e-01
9.999996300709436126e-01
9.999998827640461663e-01
9.999996681632796758e-01
9.999998940494677635e-01
9.999997337841265432e-01
9.999999137316133435e-01
9.999997846718832184e-01
9.999999292433745524e-01
9.999998491536610246e-01
9.999999492974487314e-01
9.999998889621984910e-01
9.999999619703722198e-01
9.999998889621984910e-01
9.999999619703722198e-01
9.999998491536610246e-01
9.999999492974487314e-01
9.999997846718832184e-01
9.999999292433745524e-01
9.999997337841265432e-01
9.999999137316133435e-01
9.999996681632796758e-01
9.999998940494677635e-01
9.999996300709436126e-01
9.999998827640461663e-01
9.999996013942150652e-01
9.999998743279546742e-01
9.999995990795289558e-01
9.999998736491348961e-01
9.999995990795289558e-01
9.999998736491348961e-01
9.999995990795289558e-01
9.999998736491348961e-01
9.999995990795289558e-01
9.999998736491348961e-01
9.976930980827185547e-01
9.929714621204553948e-01
9.965608636612744986e-01
9.913507494843850631e-01
9.937565569499912099e-01
9.859292978995111145e-01
9.859292978995111145e-01
9.684444961708499333e-01
9.745663376621214180e-01
9.433641631898691537e-01
9.434571954834061192e-01
8.762813818434166402e-01
9.070912052214255006e-01
7.859163980254985082e-01
8.632310946835688448e-01
6.303833700299042997e-01
8.587791593191410611e-01
6.115069506704736702e-01
8.587791593191410611e-01
6.115069506704736702e-01
8.587791593191410611e-01
6.115069506704736702e-01
7.859163980254972870e-01
5.732913917037015805e-01
7.217225366329700353e-01
6.088593665871356864e-01
6.088593665871395721e-01
4.644596108942662949e-01
5.062522295032185760e-01
3.395231008651218296e-01
3.395231008651231619e-01
1.483268858376655674e-01
5.062522295032231279e-01
3.395231008651216076e-01
3.869843137846031289e-01
1.483268858376670385e-01
2.164353341933489272e-01
5.885746129519929537e-02
5.885746129520103703e-02
1.578774817109733150e-02
1.578774817109732803e-02
5.885746129520103009e-02
5.885746129519931619e-02
2.164353341933489272e-01
3.750935731918222382e-01
1.052709588514950112e-01
3.750935731918222382e-01
1.052709588514991884e-01
3.750935731918222382e-01
1.052709588514950112e-01
3.395231008651246607e-01
1.052709588514991884e-01
1.052709588514991884e-01
3.750935731918222382e-01
1.052709588514991884e-01
3.750935731918222382e-01
1.052709588514991884e-01
3.395231008651231619e-01
1.052709588514991884e-01
3.750935731918222382e-01
1.483268858376640964e-01
3.869843137846022407e-01
3.395231008651240501e-01
5.062522295032231279e-01
1.483268858376684818e-01
3.395231008651272697e-01
3.395231008651242166e-01
5.062522295032219066e-01
4.644596108942669055e-01
6.088593665871392391e-01
6.088593665871397942e-01
7.217225366329710345e-01
2.164353341933497321e-01
5.885746129519869169e-02
5.885746129519787984e-02
1.578774817109648843e-02
1.578774817109798029e-02
5.885746129520233461e-02
5.885746129520172398e-02
2.164353341933511476e-01
5.732913917037006923e-01
7.859163980254978421e-01
7.859163980254961768e-01
8.993690273367016541e-01
8.762813818434153079e-01
9.433641631898683766e-01
9.368098915545726157e-01
9.745663376621211960e-01
9.383815129628629848e-01
9.800336655029816546e-01
9.548742924238807772e-01
9.843333628455597228e-01
9.702562471856563953e-01
9.887951209424973298e-01
9.859292978995110035e-01
9.940197057058455243e-01
9.922356072262893401e-01
9.965640896482169664e-01
9.965608636612744986e-01
9.984785195924315016e-01
9.981067832135687157e-01
9.991627987763049834e-01
9.988055864180434007e-01
9.996234242739046039e-01
9.988198527011252770e-01
9.996273221517532059e-01
9.989879280203379786e-01
9.996738637715687492e-01
9.991873949864968907e-01
9.997307604182025242e-01
9.994722287275411565e-01
9.998159684662153435e-01
9.996464107099610752e-01
9.998712123480977265e-01
9.998143187969478207e-01
9.999279467047661463e-01
9.998809564578693410e-01
9.999556034273410221e-01
9.999160905104490515e-01
9.999717039166808874e-01
9.999396789284485942e-01
9.999790128292275204e-01
9.999648696131210324e-01
9.999871810205287481e-01
9.999776845220756938e-01
9.999915509689458748e-01
9.999887852838645896e-01
9.999955306019436829e-01
9.999935095905001514e-01
9.999973154551362597e-01
9.999970375799418498e-01
9.999970375799418498e-01
9.999931014998729717e-01
9.999931014998729717e-01
9.999781107191517693e-01
9.999781107191517693e-01
9.999490277188621823e-01
9.999490277188621823e-01
9.998382701849535259e-01
9.998382701849535259e-01
9.996234242739046039e-01
9.996234242739046039e-01
9.988055864180434007e-01
9.988055864180434007e-01
9.972208041561813063e-01
9.972208041561813063e-01
9.912079578454149331e-01
9.912079578454149331e-01
9.796450814265197371e-01
9.796450814265197371e-01
9.368098915545730598e-01
9.368098915545730598e-01
8.587791593191402839e-01
8.587791593191402839e-01
6.115069506704725599e-01
6.115069506704725599e-01
3.750935731918222382e-01
3.750935731918222382e-01
1.052709588514981476e-01
1.052709588514981476e-01
1.052709588514986749e-01
1.052709588514991884e-01
3.750935731918231264e-01
3.750935731918231264e-01
1.052709588514986749e-01
1.052709588514991884e-01
3.750935731918231264e-01
3.750935731918231264e-01
3.750935731918222382e-01
3.750935731918222382e-01
1.052709588514981476e-01
1.052709588514981476e-01
6.115069506704728930e-01
6.115069506704728930e-01
8.587791593191402839e-01
8.587791593191402839e-01
9.368098915545731709e-01
9.368098915545731709e-01
9.796450814265197371e-01
9.796450814265197371e-01
9.912079578454149331e-01
9.912079578454149331e-01
9.972208041561813063e-01
9.972208041561813063e-01
9.988055864180434007e-01
9.988055864180434007e-01
9.996234242739046039e-01
9.996234242739046039e-01
9.998382701849535259e-01
9.998382701849535259e-01
9.999490277188621823e-01
9.999490277188621823e-01
9.999781107191517693e-01
9.999781107191517693e-01
9.999931014998729717e-01
9.999931014998729717e-01
9.999970375799418498e-01
9.999970375799418498e-01
9.999990262713962519e-01
9.999990663867469598e-01
9.999993102748393481e-01
9.999995990795289558e-01
9.999995954964895351e-01
9.999998534581017173e-01
9.999997375638561836e-01
9.999999024142449677e-01
9.999998491536610246e-01
9.999999467832911826e-01
9.999998889621984910e-01
9.999999619703722198e-01
9.999999310856922952e-01
9.999999757266579969e-01
9.999999457413050186e-01
9.999999829002689244e-01
9.999999457413050186e-01
9.999999829002689244e-01
9.999999457413050186e-01
9.999999829002689244e-01
9.999999457413050186e-01
9.999999829002689244e-01
9.999999460187072309e-01
9.999999829822733277e-01
9.999999494730583693e-01
9.999999840059173861e-01
9.999999541152484461e-01
9.999999853891954338e-01
9.999999622762317797e-01
9.999999878447469737e-01
9.999999687758311939e-01
9.999999898256001218e-01
9.999999772896766004e-01
9.999999924624408676e-01
9.999999827528867069e-01
9.999999941866458686e-01
9.999999827528867069e-01
9.999999941866458686e-01
9.999999772896766004e-01
9.999999924624408676e-01
9.999999687758311939e-01
9.999999898256001218e-01
9.999999622762317797e-01
9.999999878447469737e-01
9.999999541152484461e-01
9.999999853891954338e-01
9.999999494730583693e-01
9.999999840059173861e-01
9.999999460187072309e-01
9.999999829822733277e-01
9.999999457413050186e-01
9.999999829002689244e-01
9.999999457413050186e-01
9.999999829002689244e-01
9.999999457413050186e-01
9.999999829002689244e-01
9.999999457413050186e-01
9.999999829002689244e-01
9.843333628455599449e-01
9.548742924238809993e-01
9.800336655029816546e-01
9.383815129628629848e-01
9.745663376621214180e-01
9.368098915545726157e-01
9.433641631898685986e-01
8.762813818434158630e-01
8.993690273367024313e-01
7.859163980254972870e-01
7.859163980254993964e-01
5.732913917037015805e-01
7.217225366329742542e-01
6.088593665871404603e-01
6.088593665871413485e-01
4.644596108942675161e-01
5.062522295032253483e-01
3.395231008651229399e-01
3.395231008651256044e-01
1.483268858376670385e-01
5.062522295032231279e-01
3.395231008651271032e-01
3.869843137846035730e-01
1.483268858376670385e-01
2.164353341933490660e-01
5.885746129520004477e-02
5.885746129519831699e-02
1.578774817109620740e-02
1.578774817109620393e-02
5.885746129519831699e-02
5.885746129520003783e-02
2.164353341933490937e-01
3.750935731918258464e-01
1.052709588514991884e-01
3.750935731918222382e-01
1.052709588514991884e-01
3.750935731918258464e-01
1.052709588514991884e-01
3.750935731918222382e-01
1.052709588514991884e-01
1.052709588514991884e-01
3.750935731918258464e-01
1.052709588515033795e-01
3.750935731918258464e-01
1.052709588514991884e-01
3.395231008651256044e-01
1.052709588515033795e-01
3.750935731918258464e-01
3.750935731918258464e-01
1.052709588514991884e-01
3.750935731918222382e-01
1.052709588514991884e-01
3.750935731918258464e-01
1.052709588514991884e-01
3.395231008651229399e-01
1.052709588514991884e-01
1.052709588514991884e-01
3.750935731918258464e-01
1.052709588515033795e-01
3.750935731918258464e-01
1.052709588514991884e-01
3.750935731918258464e-01
1.052709588515033795e-01
3.750935731918258464e-01
1.483268858376670385e-01
3.869843137846061820e-01
3.395231008651257154e-01
5.062522295032219066e-01
1.483268858376640964e-01
3.395231008651242166e-01
3.395231008651242166e-01
5.062522295032231279e-01
4.644596108942651291e-01
6.088593665871403493e-01
6.088593665871414595e-01
7.217225366329728109e-01
2.164353341933490660e-01
5.885746129520004477e-02
5.885746129519831699e-02
1.578774817109770620e-02
1.578774817109620393e-02
5.885746129519976722e-02
5.885746129520152969e-02
2.164353341933476227e-01
5.732913917037006923e-01
7.859163980254988413e-01
6.115069506704736702e-01
8.587791593191410611e-01
6.303833700299011911e-01
8.632310946835687337e-01
7.859163980254972870e-01
9.070912052214250565e-01
8.762813818434156410e-01
9.434571954834057861e-01
9.433641631898688207e-01
9.745663376621214180e-01
9.684444961708496002e-01
9.859292978995111145e-01
9.859292978995110035e-01
9.937565569499912099e-01
9.913507494843850631e-01
9.965608636612744986e-01
9.929714621204553948e-01
9.976930980827185547e-01
9.947456856728712493e-01
9.981948113804459677e-01
9.969866737887760344e-01
9.988802689801834500e-01
9.981733348971204567e-01
9.992777990451333636e-01
9.991627987763049834e-01
9.996404806325468462e-01
9.995393973083511741e-01
9.997965303223603772e-01
9.997963978648003458e-01
9.999100073500445385e-01
9.998397950784505550e-01
9.999494561416468752e-01
9.998581422004928498e-01
9.999546540850393628e-01
9.998809564578693410e-01
9.999612399165697108e-01
9.999160905104490515e-01
9.999717039166808874e-01
9.999396789284485942e-01
9.999790128292275204e-01
9.999648696131210324e-01
9.999871810205287481e-01
9.999776845220756938e-01
9.999915509689458748e-01
9.999873339585518828e-01
9.999955306019436829e-01
9.999904197498612479e-01
9.999967573834009915e-01
9.999939679042129104e-01
9.999978826877878868e-01
9.999959278251837613e-01
9.999985284323715806e-01
9.999977716890405821e-01
9.999991604339149021e-01
9.999986277143955160e-01
9.999990663867469598e-01
9.999970375799418498e-01
9.999970375799418498e-01
9.999931014998729717e-01
9.999931014998729717e-01
9.999781107191517693e-01
9.999781107191517693e-01
9.999490277188621823e-01
9.999490277188621823e-01
9.998382701849535259e-01
9.998382701849535259e-01
9.996234242739046039e-01
9.996234242739046039e-01
9.988055864180434007e-01
9.988055864180434007e-01
9.972208041561813063e-01
9.972208041561813063e-01
9.912079578454149331e-01
9.912079578454149331e-01
9.796450814265197371e-01
9.796450814265197371e-01
9.368098915545730598e-01
9.368098915545730598e-01
8.587791593191402839e-01
8.587791593191402839e-01
6.115069506704725599e-01
6.115069506704725599e-01
3.750935731918222382e-01
3.750935731918222382e-01
1.052709588514981476e-01
1.052709588514981476e-01
1.052709588514986749e-01
1.052709588514991884e-01
3.750935731918231264e-01
3.750935731918231264e-01
1.052709588514986749e-01
1.052709588514991884e-01
3.750935731918231264e-01
3.750935731918231264e-01
3.750935731918222382e-01
3.750935731918222382e-01
1.052709588514981476e-01
1.052709588514981476e-01
6.115069506704728930e-01
6.115069506704728930e-01
8.587791593191402839e-01
8.587791593191402839e-01
9.368098915545731709e-01
9.368098915545731709e-01
9.796450814265197371e-01
9.796450814265197371e-01
9.912079578454149331e-01
9.912079578454149331e-01
9.972208041561813063e-01
9.972208041561813063e-01
9.988055864180434007e-01
9.988055864180434007e-01
9.996234242739046039e-01
9.996234242739046039e-01
9.998382701849535259e-01
9.998382701849535259e-01
9.999490277188621823e-01
9.999490277188621823e-01
9.999781107191517693e-01
9.999781107191517693e-01
9.999931014998729717e-01
9.999931014998729717e-01
9.999970375799418498e-01
9.999970375799418498e-01
9.999990663867469598e-01
9.999990663867469598e-01
9.999995990795289558e-01
9.999995990795289558e-01
9.999998736491348961e-01
9.999998736491348961e-01
9.999999457413050186e-01
9.999999457413050186e-01
9.999999738990675846e-01
9.999999829002689244e-01
9.999999827528867069e-01
9.999999926568839959e-01
9.999999887840697044e-01
9.999999961303713825e-01
9.999999921172619821e-01
9.999999972298835305e-01
9.999999926568839959e-01
9.999999976858030548e-01
9.999999926568839959e-01
9.999999976858030548e-01
9.999999926568839959e-01
9.999999976858030548e-01
9.999999926905702718e-01
9.999999976958250381e-01
9.999999931117384833e-01
9.999999978213712781e-01
9.999999936829394587e-01
9.999999979924005800e-01
9.999999947034019510e-01
9.999999983003570181e-01
9.999999955335454604e-01
9.999999985534917535e-01
9.999999966504156124e-01
9.999999988985738275e-01
9.999999973898936467e-01
9.999999991306182112e-01
9.999999973898936467e-01
9.999999991306182112e-01
9.999999966504156124e-01
9.999999988985738275e-01
9.999999955335454604e-01
9.999999985534917535e-01
9.999999947034019510e-01
9.999999983003570181e-01
9.999999936829394587e-01
9.999999979924005800e-01
9.999999931117384833e-01
9.999999978213712781e-01
9.999999926905702718e-01
9.999999976958250381e-01
9.999999926568839959e-01
9.999999976858030548e-01
9.999999926568839959e-01
9.999999976858030548e-01
9.999999926568839959e-01
9.999999976858030548e-01
9.999999926568839959e-01
9.999999976858030548e-01
9.070912052214241683e-01
7.859163980254961768e-01
8.632310946835656251e-01
6.303833700298994147e-01
8.587791593191388406e-01
6.115069506704682301e-01
7.859163980254960657e-01
5.732913917036996931e-01
7.217225366329700353e-01
6.088593665871385729e-01
6.088593665871375737e-01
4.644596108942651291e-01
5.062522295032231279e-01
3.395231008651229399e-01
3.395231008651256044e-01
1.483268858376670385e-01
5.062522295032185760e-01
3.395231008651244387e-01
3.395231008651218296e-01
1.483268858376670385e-01
2.164353341933490660e-01
5.885746129520004477e-02
5.885746129520129377e-02
1.578774817109920153e-02
1.578774817109620393e-02
5.885746129520130071e-02
5.885746129520003783e-02
2.164353341933462072e-01
1.483268858376640964e-01
3.395231008651256044e-01
3.395231008651229399e-01
5.062522295032231279e-01
1.483268858376670385e-01
3.395231008651218296e-01
3.395231008651244387e-01
5.062522295032209074e-01
4.644596108942651291e-01
6.088593665871385729e-01
6.088593665871375737e-01
7.217225366329714786e-01
2.164353341933489272e-01
5.885746129520078723e-02
5.885746129519953823e-02
1.578774817109733150e-02
1.578774817109732803e-02
5.885746129519953823e-02
5.885746129520079417e-02
2.164353341933489272e-01
5.732913917037015805e-01
7.859163980254985082e-01
6.115069506704788882e-01
8.587791593191421713e-01
6.115069506704762237e-01
8.587791593191421713e-01
6.115069506704788882e-01
8.587791593191421713e-01
6.303833700299064091e-01
8.632310946835697330e-01
7.859163980254996185e-01
9.070912052214259447e-01
8.762813818434168622e-01
9.434571954834060081e-01
9.368098915545741701e-01
9.745663376621214180e-01
9.383815129628639840e-01
9.800336655029819877e-01
9.548742924238817764e-01
9.843333628455600559e-01
9.702562471856569504e-01
9.887951209424974408e-01
9.859292978995112255e-01
9.940197057058456354e-01
9.922356072262894511e-01
9.965640896482169664e-01
9.965608636612746096e-01
9.984785195924316126e-01
9.981067832135687157e-01
9.991627987763049834e-01
9.989879280203379786e-01
9.996298895453414879e-01
9.991873949864968907e-01
9.997307604182025242e-01
9.994722287275411565e-01
9.998159684662153435e-01
9.996464107099610752e-01
9.998712123480977265e-01
9.998143187969478207e-01
9.999279467047661463e-01
9.998908202905856246e-01
9.999556034273410221e-01
9.999504970994924635e-01
9.999785937234497712e-01
9.999727698335583170e-01
9.999879707795943373e-01
9.999803592878410141e-01
9.999937487532529756e-01
9.999830220836793959e-01
9.999945254817683704e-01
9.999873339585518828e-01
9.999958110537795486e-01
9.999904197498612479e-01
9.999967573834009915e-01
9.999939679042129104e-01
9.999978826877878868e-01
9.999959278251837613e-01
9.999985284323715806e-01
9.999977716890405821e-01
9.999991604339149021e-01
9.999985433138809388e-01
9.999994665599430954e-01
9.999990262713962519e-01
9.999996668706135905e-01
9.999993102748393481e-01
9.999997584940638617e-01
9.999995954964895351e-01
9.999995990795289558e-01
9.999990663867469598e-01
9.999990663867469598e-01
9.999970375799418498e-01
9.999970375799418498e-01
9.999931014998729717e-01
9.999931014998729717e-01
9.999781107191517693e-01
9.999781107191517693e-01
9.999490277188621823e-01
9.999490277188621823e-01
9.998382701849535259e-01
9.998382701849535259e-01
9.996234242739046039e-01
9.996234242739046039e-01
9.988055864180434007e-01
9.988055864180434007e-01
9.972208041561813063e-01
9.972208041561813063e-01
9.912079578454149331e-01
9.912079578454149331e-01
9.796450814265197371e-01
9.796450814265197371e-01
9.368098915545730598e-01
9.368098915545730598e-01
8.587791593191402839e-01
8.587791593191402839e-01
6.115069506704725599e-01
6.115069506704725599e-01
3.750935731918222382e-01
3.750935731918222382e-01
1.052709588514981476e-01
1.052709588514981476e-01
1.052709588514986749e-01
1.052709588514991884e-01
3.750935731918231264e-01
3.750935731918231264e-01
1.052709588514986749e-01
1.052709588514991884e-01
3.750935731918231264e-01
3.750935731918231264e-01
3.750935731918222382e-01
3.750935731918222382e-01
1.052709588514981476e-01
1.052709588514981476e-01
6.115069506704728930e-01
6.115069506704728930e-01
8.587791593191402839e-01
8.587791593191402839e-01
9.368098915545731709e-01
9.368098915545731709e-01
9.796450814265197371e-01
9.796450814265197371e-01
9.912079578454149331e-01
9.912079578454149331e-01
9.972208041561813063e-01
9.972208041561813063e-01
9.988055864180434007e-01
9.988055864180434007e-01
9.996234242739046039e-01
9.996234242739046039e-01
9.998382701849535259e-01
9.998382701849535259e-01
9.999490277188621823e-01
9.999490277188621823e-01
9.999781107191517693e-01
9.999781107191517693e-01
9.999931014998729717e-01
9.999931014998729717e-01
9.999970375799418498e-01
9.999970375799418498e-01
9.999990663867469598e-01
9.999990663867469598e-01
9.999995990795289558e-01
9.999995990795289558e-01
9.999998736491348961e-01
9.999998736491348961e-01
9.999999457413050186e-01
9.999999457413050186e-01
9.999999829002689244e-01
9.999999829002689244e-01
9.999999926568839959e-01
9.999999926568839959e-01
9.999999976858030548e-01
9.999999976858030548e-01
9.999999987209180485e-01
9.999999990062172772e-01
9.999999990062172772e-01
9.999999996868074170e-01
9.999999990062172772e-01
9.999999996868074170e-01
9.999999990062172772e-01
9.999999996868074170e-01
9.999999990103515257e-01
9.999999996880438724e-01
9.999999990622091550e-01
9.999999997035777799e-01
9.999999991330622562e-01
9.999999997248794070e-01
9.999999992613065602e-01
9.999999997636859206e-01
9.999999993674496546e-01
9.999999997960811182e-01
9.999999995134233322e-01
9.999999998411238655e-01
9.999999996126005541e-01
9.999999998721250671e-01
9.999999996126005541e-01
9.999999998721250671e-01
9.999999995134233322e-01
9.999999998411238655e-01
9.999999993674496546e-01
9.999999997960811182e-01
9.999999992613065602e-01
9.999999997636859206e-01
9.999999991330622562e-01
9.999999997248794070e-01
9.999999990622091550e-01
9.999999997035777799e-01
9.999999990103515257e-01
9.999999996880438724e-01
9.999999990062172772e-01
9.999999996868074170e-01
9.999999990062172772e-01
9.999999996868074170e-01
9.999999990062172772e-01
9.999999996868074170e-01
9.999999990062172772e-01
9.999999996868074170e-01
7.217225366329714786e-01
6.088593665871405713e-01
6.088593665871393501e-01
4.644596108942651291e-01
5.062522295032231279e-01
3.395231008651256044e-01
3.395231008651256044e-01
1.483268858376670385e-01
5.062522295032209074e-01
3.395231008651218296e-01
3.869843137845991876e-01
1.483268858376640964e-01
2.164353341933490937e-01
5.885746129520302850e-02
5.885746129519831699e-02
1.578774817109620740e-02
1.578774817109919806e-02
5.885746129519831699e-02
5.885746129520302156e-02
2.164353341933490937e-01
3.750935731918185745e-01
1.052709588514950112e-01
3.750935731918185745e-01
1.052709588514950112e-01
3.750935731918185745e-01
1.052709588514950112e-01
3.395231008651244387e-01
1.052709588514950112e-01
1.052709588515033795e-01
3.750935731918258464e-01
1.052709588515033795e-01
3.750935731918258464e-01
1.052709588515033795e-01
3.395231008651256044e-01
1.052709588515033795e-01
3.750935731918258464e-01
1.483268858376699528e-01
3.869843137846061820e-01
3.395231008651229399e-01
5.062522295032231279e-01
1.483268858376670385e-01
3.395231008651218296e-01
3.395231008651218296e-01
5.062522295032185760e-01
4.644596108942675161e-01
6.088593665871385729e-01
6.088593665871375737e-01
7.217225366329700353e-01
2.164353341933460406e-01
5.885746129520078723e-02
5.885746129519953129e-02
1.578774817109433390e-02
1.578774817109732803e-02
5.885746129519953823e-02
5.885746129519782432e-02
2.164353341933489272e-01
5.732913917037015805e-01
7.859163980254972870e-01
7.859163980254982862e-01
8.993690273367013210e-01
8.762813818434158630e-01
9.433641631898691537e-01
9.368098915545736149e-01
9.745663376621211960e-01
9.368098915545736149e-01
9.796450814265198481e-01
9.368098915545736149e-01
9.796450814265197371e-01
9.383815129628639840e-01
9.800336655029819877e-01
9.548742924238814433e-01
9.843333628455599449e-01
9.702562471856568393e-01
9.887951209424974408e-01
9.859292978995110035e-01
9.940197057058455243e-01
9.913507494843851742e-01
9.965640896482169664e-01
9.929714621204553948e-01
9.976930980827185547e-01
9.947456856728712493e-01
9.981948113804459677e-01
9.969866737887760344e-01
9.988802689801834500e-01
9.981733348971204567e-01
9.992777990451333636e-01
9.991627987763049834e-01
9.996404806325468462e-01
9.995393973083511741e-01
9.997965303223603772e-01
9.997963978648003458e-01
9.999100073500445385e-01
9.998809564578693410e-01
9.999504970994924635e-01
9.999160905104490515e-01
9.999717039166808874e-01
9.999396789284485942e-01
9.999790128292275204e-01
9.999648696131210324e-01
9.999871810205287481e-01
9.999776845220756938e-01
9.999915509689458748e-01
9.999887852838645896e-01
9.999955306019436829e-01
9.999935095905001514e-01
9.999973154551362597e-01
9.999970740259670476e-01
9.999987292586431931e-01
9.999976151712595129e-01
9.999992355778678510e-01
9.999981457617503899e-01
9.999993942119911328e-01
9.999985433138809388e-01
9.999995155903917965e-01
9.999990262713962519e-01
9.999996668706135905e-01
9.999993102748393481e-01
9.999997584940638617e-01
9.999995954964895351e-01
9.999998534581017173e-01
9.999997375638561836e-01
9.999999024142449677e-01
9.999998491536610246e-01
9.999999457413050186e-01
9.999998736491348961e-01
9.999998736491348961e-01
9.999995990795289558e-01
9.999995990795289558e-01
9.999990663867469598e-01
9.999990663867469598e-01
9.999970375799418498e-01
9.999970375799418498e-01
9.999931014998729717e-01
9.999931014998729717e-01
9.999781107191517693e-01
9.999781107191517693e-01
9.999490277188621823e-01
9.999490277188621823e-01
9.998382701849535259e-01
9.998382701849535259e-01
9.996234242739046039e-01
9.996234242739046039e-01
9.988055864180434007e-01
9.988055864180434007e-01
9.972208041561813063e-01
9.972208041561813063e-01
9.912079578454149331e-01
9.912079578454149331e-01
9.796450814265197371e-01
9.796450814265197371e-01
9.368098915545730598e-01
9.368098915545730598e-01
8.587791593191402839e-01
8.587791593191402839e-01
6.115069506704725599e-01
6.115069506704725599e-01
3.750935731918222382e-01
3.750935731918222382e-01
1.052709588514981476e-01
1.052709588514981476e-01
1.052709588514986749e-01
1.052709588514991884e-01
3.750935731918231264e-01
3.750935731918231264e-01
1.052709588514986749e-01
1.052709588514991884e-01
3.750935731918231264e-01
3.750935731918231264e-01
3.750935731918222382e-01
3.750935731918222382e-01
1.052709588514981476e-01
1.052709588514981476e-01
6.115069506704728930e-01
6.115069506704728930e-01
8.587791593191402839e-01
8.587791593191402839e-01
9.368098915545731709e-01
9.368098915545731709e-01
9.796450814265197371e-01
9.796450814265197371e-01
9.912079578454149331e-01
9.912079578454149331e-01
9.972208041561813063e-01
9.972208041561813063e-01
9.988055864180434007e-01
9.988055864180434007e-01
9.996234242739046039e-01
9.996234242739046039e-01
9.998382701849535259e-01
9.998382701849535259e-01
9.999490277188621823e-01
9.999490277188621823e-01
9.999781107191517693e-01
9.999781107191517693e-01
9.999931014998729717e-01
9.999931014998729717e-01
9.999970375799418498e-01
9.999970375799418498e-01
9.999990663867469598e-01
9.999990663867469598e-01
9.999995990795289558e-01
9.999995990795289558e-01
9.999998736491348961e-01
9.999998736491348961e-01
9.999999457413050186e-01
9.999999457413050186e-01
9.999999829002689244e-01
9.999999829002689244e-01
9.999999926568839959e-01
9.999999926568839959e-01
9.999999976858030548e-01
9.999999976858030548e-01
9.999999990062172772e-01
9.999999990062172772e-01
9.999999996868074170e-01
9.999999996868074170e-01
9.999999998655061395e-01
9.999999998655061395e-01
9.999999998655061395e-01
9.999999999576140164e-01
9.999999998660179523e-01
9.999999999577677823e-01
9.999999998724552475e-01
9.999999999597039002e-01
9.999999998813043911e-01
9.999999999623736535e-01
9.999999998974953286e-01
9.999999999672850581e-01
9.999999999110891213e-01
9.999999999714384025e-01
9.999999999301296683e-01
9.999999999773099280e-01
9.999999999433489828e-01
9.999999999814311868e-01
9.999999999433489828e-01
9.999999999814311868e-01
9.999999999301296683e-01
9.999999999773099280e-01
9.999999999110891213e-01
9.999999999714384025e-01
9.999999998974953286e-01
9.999999999672850581e-01
9.999999998813043911e-01
9.999999999623736535e-01
9.999999998724552475e-01
9.999999999597039002e-01
9.999999998660179523e-01
9.999999999577677823e-01
9.999999998655061395e-01
9.999999999576140164e-01
9.999999998655061395e-01
9.999999999576140164e-01
9.999999998655061395e-01
9.999999999576140164e-01
9.999999998655061395e-01
9.999999999576140164e-01
1.483268858376670385e-01
3.869843137846087355e-01
3.395231008651229399e-01
5.062522295032231279e-01
1.483268858376640964e-01
3.395231008651244387e-01
3.395231008651244387e-01
5.062522295032209074e-01
4.644596108942651291e-01
6.088593665871423477e-01
6.088593665871393501e-01
7.217225366329714786e-01
2.164353341933489272e-01
5.885746129519785902e-02
5.885746129520251502e-02
1.578774817109733150e-02
1.578774817109434431e-02
5.885746129519953823e-02
5.885746129519782432e-02
2.164353341933489272e-01
5.732913917037036899e-01
7.859163980254985082e-01
6.115069506704762237e-01
8.587791593191421713e-01
6.303833700299060760e-01
8.632310946835697330e-01
7.859163980254971760e-01
9.070912052214257226e-01
8.762813818434158630e-01
9.434571954834058971e-01
9.433641631898685986e-01
9.745663376621213070e-01
9.684444961708497113e-01
9.859292978995111145e-01
9.859292978995110035e-01
9.937565569499910989e-01
9.912079578454149331e-01
9.965608636612744986e-01
9.912079578454149331e-01
9.972208041561813063e-01
9.913507494843851742e-01
9.972581991627752496e-01
9.929714621204553948e-01
9.976930980827185547e-01
9.947456856728712493e-01
9.981948113804459677e-01
9.969866737887760344e-01
9.988802689801834500e-01
9.981733348971204567e-01
9.992777990451333636e-01
9.989879280203379786e-01
9.996404806325468462e-01
9.991873949864968907e-01
9.997307604182025242e-01
9.994722287275411565e-01
9.998159684662153435e-01
9.996464107099610752e-01
9.998712123480977265e-01
9.998143187969478207e-01
9.999279467047661463e-01
9.998908202905856246e-01
9.999556034273410221e-01
9.999504970994924635e-01
9.999785937234497712e-01
9.999727698335583170e-01
9.999879707795943373e-01
9.999873339585518828e-01
9.999946806920368969e-01
9.999904197498612479e-01
9.999967573834009915e-01
9.999939679042129104e-01
9.999978826877878868e-01
9.999959278251837613e-01
9.999985284323715806e-01
9.999977716890405821e-01
9.999991604339149021e-01
9.999986277143955160e-01
9.999994665599430954e-01
9.999993282057200172e-01
9.999997274830578764e-01
9.999996149868504158e-01
9.999998389451028036e-01
9.999997337841265432e-01
9.999999137316133435e-01
9.999997846718832184e-01
9.999999292433745524e-01
9.999998491536610246e-01
9.999999492974487314e-01
9.999998889621984910e-01
9.999999619703722198e-01
9.999999310856922952e-01
9.999999757266579969e-01
9.999999533006159735e-01
9.999999829002689244e-01
9.999999457413050186e-01
9.999999457413050186e-01
9.999998736491348961e-01
9.999998736491348961e-01
9.999995990795289558e-01
9.999995990795289558e-01
9.999990663867469598e-01
9.999990663867469598e-01
9.999970375799418498e-01
9.999970375799418498e-01
9.999931014998729717e-01
9.999931014998729717e-01
9.999781107191517693e-01
9.999781107191517693e-01
9.999490277188621823e-01
9.999490277188621823e-01
9.998382701849535259e-01
9.998382701849535259e-01
9.996234242739046039e-01
9.996234242739046039e-01
9.988055864180434007e-01
9.988055864180434007e-01
9.972208041561813063e-01
9.972208041561813063e-01
9.912079578454149331e-01
9.912079578454149331e-01
9.796450814265197371e-01
9.796450814265197371e-01
9.368098915545730598e-01
9.368098915545730598e-01
8.587791593191402839e-01
8.587791593191402839e-01
6.115069506704725599e-01
6.115069506704725599e-01
3.750935731918222382e-01
3.750935731918222382e-01
1.052709588514981476e-01
1.052709588514981476e-01
1.052709588514986749e-01
1.052709588514991884e-01
3.750935731918231264e-01
3.750935731918231264e-01
1.052709588514986749e-01
1.052709588514991884e-01
3.750935731918231264e-01
3.750935731918231264e-01
3.750935731918222382e-01
3.750935731918222382e-01
1.052709588514981476e-01
1.052709588514981476e-01
6.115069506704728930e-01
6.115069506704728930e-01
8.587791593191402839e-01
8.587791593191402839e-01
9.368098915545731709e-01
9.368098915545731709e-01
9.796450814265197371e-01
9.796450814265197371e-01
9.912079578454149331e-01
9.912079578454149331e-01
9.972208041561813063e-01
9.972208041561813063e-01
9.988055864180434007e-01
9.988055864180434007e-01
9.996234242739046039e-01
9.996234242739046039e-01
9.998382701849535259e-01
9.998382701849535259e-01
9.999490277188621823e-01
9.999490277188621823e-01
9.999781107191517693e-01
9.999781107191517693e-01
9.999931014998729717e-01
9.999931014998729717e-01
9.999970375799418498e-01
9.999970375799418498e-01
9.999990663867469598e-01
9.999990663867469598e-01
9.999995990795289558e-01
9.999995990795289558e-01
9.999998736491348961e-01
9.999998736491348961e-01
9.999999457413050186e-01
9.999999457413050186e-01
9.999999829002689244e-01
9.999999829002689244e-01
9.999999926568839959e-01
9.999999926568839959e-01
9.999999976858030548e-01
9.999999976858030548e-01
9.999999990062172772e-01
9.999999990062172772e-01
9.999999996868074170e-01
9.999999996868074170e-01
9.999999998655061395e-01
9.999999998655061395e-01
9.999999999576140164e-01
9.999999999576140164e-01
9.999999999817982266e-01
9.999999999817982266e-01
9.999999999826666430e-01
9.999999999942636997e-01
9.999999999837783093e-01
9.999999999948622209e-01
9.999999999858310007e-01
9.999999999954861662e-01
9.999999999875751611e-01
9.999999999960197394e-01
9.999999999900565095e-01
9.999999999967846831e-01
9.999999999918111060e-01
9.999999999973308018e-01
9.999999999918111060e-01
9.999999999973308018e-01
9.999999999900565095e-01
9.999999999967846831e-01
9.999999999875751611e-01
9.999999999960197394e-01
9.999999999858310007e-01
9.999999999954861662e-01
9.999999999837783093e-01
9.999999999948622209e-01
9.999999999826666430e-01
9.999999999945257123e-01
9.999999999818620644e-01
9.999999999942829065e-01
9.999999999817982266e-01
9.999999999942636997e-01
9.999999999817982266e-01
9.999999999942636997e-01
9.999999999817982266e-01
9.999999999942636997e-01
9.999999999817982266e-01
9.999999999942636997e-01
