2.280579408474527387e-16
7.565125499779232097e-16
8.511152700431409067e-16
2.823314903541000595e-15
2.280579408474527387e-16
7.565125499779232097e-16
8.511152700431409067e-16
2.823314903541000595e-15
2.280579408474527387e-16
7.565125499779232097e-16
8.511152700431409067e-16
2.823314903541000595e-15
2.280579408474527387e-16
7.565125499779232097e-16
8.511152700431409067e-16
2.823314903541000595e-15
4.545252704092702020e-07
1.507500949002535084e-06
1.621608605446852068e-06
5.366923621262590640e-06
2.332012252428394800e-06
7.694344170642766819e-06
3.010673135996919969e-06
9.871727884851377169e-06
3.266802463952899298e-06
1.064746546049341933e-05
3.301753939474384379e-06
1.065385388892791463e-05
3.134954543325438965e-06
1.002885484063936366e-05
2.727032217569817887e-06
8.608191648674379045e-06
2.355094068664598767e-06
7.354066107730536702e-06
1.824984125184872784e-06
5.607911761655845663e-06
1.459393722066932381e-06
9.491581269636210946e-17
1.071251573569902652e-16
3.542289782381908665e-16
2.870423368899909204e-17
9.491581269636210946e-17
1.071251573569902652e-16
3.542289782381908665e-16
2.870423368899909204e-17
9.491581269636210946e-17
1.071251573569902652e-16
3.542289782381908665e-16
2.870423368899909204e-17
9.491581269636210946e-17
1.071251573569902652e-16
3.542289782381908665e-16
-3.881632974126682035e-06
9.491581269636210946e-17
-1.231670502532700731e-05
-1.231670502532704967e-05
-2.868160380110115065e-05
-2.868160380110115065e-05
-9.100882438455975545e-05
-9.100882438455975545e-05
-2.119299794855465950e-04
-2.119299794855473539e-04
-6.724693087959073305e-04
-6.724693087959073305e-04
-1.565962507037036225e-03
-1.565962507037036225e-03
-4.968913443222461486e-03
-4.968913443222461486e-03
-1.157098479014024434e-02
-1.157098479014024434e-02
-3.671557994949360693e-02
-3.671557994949360693e-02
-8.549865446985263628e-02
-8.549865446985263628e-02
-2.712934672228913269e-01
-2.712934672228913269e-01
-6.317542852389038677e-01
-6.317542852389038677e-01
-2.004601953656814040e+00
-2.004601953656820701e+00
-4.668064085995689005e+00
-4.668064085995689005e+00
-1.481207835031154652e+01
-1.481207835031154652e+01
-3.449238166046627896e+01
-3.449238166046627896e+01
-1.094452063848352878e+02
-1.094452063848354868e+02
-2.548549102434438396e+02
-2.548549102434438396e+02
-8.085836838567450968e+02
-8.085836838567450968e+02
-1.882524107173533366e+03
-1.882524107173533366e+03
-5.968501349869051410e+03
-5.968501349869051410e+03
-1.387666939419285518e+04
-1.387666939419285518e+04
-4.376696075576978910e+04
-4.376696075576978910e+04
-1.007387860810646816e+05
-1.007387860810646816e+05
-3.059680676690732362e+05
-3.059680676690732362e+05
-6.562458886704629986e+05
-6.562458886704624165e+05
-1.565148122654166305e+06
-1.565148122654166305e+06
-2.148262027013532817e+06
-2.148262027013533749e+06
-2.472295057206702419e+06
-2.472295057206702419e+06
2.472295057206702419e+06
2.472295057206702419e+06
2.148262027013531886e+06
2.148262027013532817e+06
2.472295057206702419e+06
2.472295057206702419e+06
2.148262027013531886e+06
2.148262027013532817e+06
-2.148262027013532817e+06
-2.148262027013533749e+06
-2.472295057206702419e+06
-2.472295057206702419e+06
1.565148122654167004e+06
1.565148122654167004e+06
6.562458886704656761e+05
6.562458886704656761e+05
3.059680676690755645e+05
3.059680676690755645e+05
1.007387860810655548e+05
1.007387860810655548e+05
4.376696075577006559e+04
4.376696075577006559e+04
1.387666939419288792e+04
1.387666939419285518e+04
5.968501349869051410e+03
5.968501349869051410e+03
1.882524107173543598e+03
1.882524107173543598e+03
8.085836838567524865e+02
8.085836838567510085e+02
2.548549102434456586e+02
2.548549102434456586e+02
1.094452063848362542e+02
1.094452063848362542e+02
3.449238166046635001e+01
3.449238166046635001e+01
1.481207835031154652e+01
1.481207835031154652e+01
4.668064085995689005e+00
4.668064085995689005e+00
2.004601953656814040e+00
-1.868152138394393535e+00
-2.515015431794208389e+00
-5.690366300246831877e+00
-4.572203884006387220e+00
-1.034486526686076679e+01
-1.034486526751168789e+01
-2.340578406006703460e+01
-1.880654364059844497e+01
-4.255063337028494175e+01
-4.214069655316713181e+01
-9.627186595143719217e+01
-7.086135680591853259e+01
-1.750148512007629620e+02
-1.330493291247749426e+02
-3.571784642372586518e+02
-1.963852592964617259e+02
-5.576548055685140071e+02
-2.950884524704491696e+02
-9.047816540038851372e+02
-3.541656059879899203e+02
-1.145379941896630271e+03
-3.658651053447082404e+02
-1.260153615077668292e+03
-1.308295909576931081e+03
-1.051331567519021291e+03
-2.958714274355014823e+03
-6.687195986004928272e+03
-5.375153359800795442e+03
-1.213827458760253830e+04
-1.213827458921483776e+04
-2.734470267404344122e+04
-2.200499600995717265e+04
-4.939745361743907415e+04
-4.939745362587485579e+04
-1.098053000781522715e+05
-8.877805805293127196e+04
-1.945676001919202099e+05
-1.881569141914812499e+05
-4.103534042006218224e+05
-2.312292560196998529e+05
-6.758799120072136866e+05
-1.030953280911216425e+05
-4.290396929181418964e+05
5.380796874812261585e-05
2.324935479958466016e-04
-6.758799122765300563e+05
-1.186767327899033204e+06
-8.469664569474452874e+05
-1.112438546395339305e+06
-1.112438545941178920e+06
-1.386419439599881880e+06
-1.314703627945067361e+06
-1.563985962328653317e+06
-1.563985963263458107e+06
-1.728874553665031679e+06
-1.314703626766334288e+06
-1.563985962328646099e+06
-5.501477942349212244e+05
-1.728874547880065395e+06
-1.684957229093420552e+06
-1.761643058922631666e+06
-1.761643050292497035e+06
-1.767326349169488996e+06
1.767326293202637462e+06
1.761643035344358766e+06
1.761643043974672211e+06
1.684957225262435153e+06
2.878028872780005092e-04
1.236106080568244838e-03
1.074127258074981115e-03
4.613349252914432548e-03
1.649756104852184496e-03
7.085660508654142813e-03
-1.563985963263477897e+06
1.046290368100032987e-02
7.085660508654433379e-03
1.649756104852207698e-03
1.046290368100075835e-02
2.436080475649199471e-03
1.236106080568295578e-03
1.563985961051659193e+06
4.613349252914621633e-03
1.074127258074996294e-03
1.728874547880135011e+06
5.501477942349482328e+05
1.563985960116854869e+06
1.314703626766339177e+06
1.728874547880168073e+06
1.563985961051652674e+06
2.053179519756756257e+06
1.314703626766348258e+06
1.386419438221690943e+06
1.112438545154583873e+06
1.112438545608726563e+06
8.469664564827150898e+05
-1.684957229093444068e+06
-1.761643058922653785e+06
-1.761643050292443950e+06
-1.767326349169614958e+06
1.767326293202763423e+06
1.761643035344305681e+06
1.761643043974695262e+06
1.684957225262458436e+06
1.822261852435015033e-15
6.067222065317534295e-15
6.800705482393051412e-15
2.264295348517838612e-14
1.822261852435015033e-15
6.067222065317534295e-15
6.800705482393051412e-15
2.264295348517838612e-14
1.822261852435015033e-15
6.067222065317534295e-15
6.800705482393051412e-15
2.264295348517838612e-14
1.822261852435015033e-15
6.067222065317534295e-15
6.800705482393051412e-15
2.264295348517838612e-14
3.630743568890225160e-06
1.208621763534250976e-05
1.290425890160604799e-05
4.284912985094825415e-05
1.845514282406701814e-05
6.105883036979596460e-05
2.356081470696549685e-05
7.738057592669848374e-05
2.529184146475598992e-05
8.248296660409704367e-05
2.510696881696817124e-05
8.092420760026506265e-05
2.347400408478022920e-05
7.490540643585228797e-05
1.993809471697693524e-05
6.264511019671676294e-05
1.688910166800713998e-05
5.240653641206340123e-05
1.271789421264074781e-05
3.874263990883357295e-05
2.280579408474544150e-16
7.565125499779286331e-16
8.511198405257486197e-16
2.823330064720827702e-15
2.280579408474544150e-16
7.565125499779286331e-16
8.511198405257486197e-16
2.823330064720827702e-15
2.280579408474544150e-16
7.565125499779286331e-16
8.511198405257486197e-16
2.823330064720827702e-15
2.280579408474544150e-16
7.565125499779286331e-16
8.511198405257486197e-16
2.823330064720827702e-15
2.280579408474544150e-16
7.565125499779286331e-16
8.511198405257486197e-16
2.823330064720827702e-15
2.280579408474544150e-16
7.565125499779286331e-16
-9.100882438455975545e-05
2.823330064720827702e-15
-2.119299794855465950e-04
-2.119299794855473539e-04
-6.724693087959073305e-04
-6.724693087959073305e-04
-1.565962507037036225e-03
-1.565962507037036225e-03
-4.968913443222461486e-03
-4.968913443222461486e-03
-1.157098479014024434e-02
-1.157098479014024434e-02
-3.671557994949360693e-02
-3.671557994949360693e-02
-8.549865446985263628e-02
-8.549865446985263628e-02
-2.712934672228913269e-01
-2.712934672228913269e-01
-6.317542852389038677e-01
-6.317542852389038677e-01
-2.004601953656814040e+00
-2.004601953656820701e+00
-4.668064085995689005e+00
-4.668064085995689005e+00
-1.481207835031154652e+01
-1.481207835031154652e+01
-3.449238166046627896e+01
-3.449238166046627896e+01
-1.094452063848352878e+02
-1.094452063848354868e+02
-2.548549102434438396e+02
-2.548549102434438396e+02
-8.085836838567450968e+02
-8.085836838567450968e+02
-1.882524107173533366e+03
-1.882524107173533366e+03
-5.968501349869051410e+03
-5.968501349869051410e+03
-1.387666939419285518e+04
-1.387666939419285518e+04
-4.376696075576978910e+04
-4.376696075576978910e+04
-1.007387860810646816e+05
-1.007387860810646816e+05
-3.059680676690732362e+05
-3.059680676690732362e+05
-6.562458886704629986e+05
-6.562458886704624165e+05
-1.565148122654166305e+06
-1.565148122654166305e+06
-2.148262027013532817e+06
-2.148262027013533749e+06
-2.472295057206702419e+06
-2.472295057206702419e+06
2.472295057206702419e+06
2.472295057206702419e+06
2.148262027013531886e+06
2.148262027013532817e+06
2.472295057206702419e+06
2.472295057206702419e+06
2.148262027013531886e+06
2.148262027013532817e+06
-2.148262027013532817e+06
-2.148262027013533749e+06
-2.472295057206702419e+06
-2.472295057206702419e+06
1.565148122654167004e+06
1.565148122654167004e+06
6.562458886704656761e+05
6.562458886704656761e+05
3.059680676690755645e+05
3.059680676690755645e+05
1.007387860810655548e+05
1.007387860810655548e+05
4.376696075577006559e+04
4.376696075577006559e+04
1.387666939419288792e+04
1.387666939419285518e+04
5.968501349869051410e+03
5.968501349869051410e+03
1.882524107173543598e+03
1.882524107173543598e+03
8.085836838567524865e+02
8.085836838567510085e+02
2.548549102434456586e+02
2.548549102434456586e+02
1.094452063848362542e+02
1.094452063848362542e+02
3.449238166046635001e+01
3.449238166046635001e+01
1.481207835031154652e+01
2.331990828645254454e-10
-3.346245737753697824e+00
-9.979069086411339384e+00
-4.291518488649468388e+00
-1.323323378217363455e+01
-5.378277009104643902e+00
-1.729531525644561896e+01
-1.880654364059844497e+01
-1.892715692004462724e+01
-4.255063337327678852e+01
-9.627186595143689374e+01
-7.735474172735409581e+01
-1.750148512007623367e+02
-1.750148512147130759e+02
-3.959567214153100281e+02
-3.181577486287058036e+02
-7.197689715757204567e+02
-7.106907308491169033e+02
-1.628101393173873703e+03
-1.162379656815160388e+03
-2.958714274033457514e+03
-2.014188274750554683e+03
-5.767291987047094153e+03
-2.673495157400730477e+03
-8.284253234606261685e+03
-3.116838305887659317e+03
-1.068820163443228375e+04
-2.686782690459172500e+03
-9.781048665203345081e+03
-1.213827458921490506e+04
-3.345955315540826632e+03
-2.200499600995728179e+04
-4.939745361743932881e+04
-4.939745362587491400e+04
-1.098053000781528099e+05
-8.877805805293115554e+04
-1.945676001919216069e+05
-1.945676002384402964e+05
-4.103534042006190866e+05
-3.378827599890612764e+05
-6.758799120072143851e+05
-6.758799122765325010e+05
-1.186767327899022261e+06
-8.469664569474594900e+05
-1.112438546395345591e+06
-1.112438545941199409e+06
-1.386419439599891892e+06
-1.314703627945084358e+06
-1.563985962328646099e+06
-1.563985963263465790e+06
-1.728874553665064974e+06
-1.314703626766339177e+06
-1.563985962328674272e+06
-5.501477942349282093e+05
-1.728874547880065395e+06
-1.684957229093456408e+06
-1.761643058922664961e+06
-1.761643050292506116e+06
-1.767326349169342546e+06
1.767326293202492176e+06
1.761643035344457952e+06
1.761643043974617962e+06
1.684957225262491731e+06
2.878028872780045750e-04
1.236106080568244838e-03
1.074127258074996294e-03
4.613349252914432548e-03
1.649756104852207698e-03
7.085660508654142813e-03
-1.563985963263483485e+06
1.046290368100032987e-02
7.085660508654142813e-03
1.649756104852184496e-03
1.046290368100075835e-02
2.436080475649165210e-03
1.236106080568244838e-03
1.563985961051657097e+06
4.613349252914621633e-03
1.074127258074981115e-03
1.728874547880098689e+06
5.501477942349408986e+05
1.563985960116854869e+06
1.314703626766331261e+06
1.728874542095132405e+06
1.563985961051652674e+06
1.563985960116814589e+06
1.314703625587595161e+06
1.386419438221690943e+06
1.112438545154575491e+06
1.112438545608726563e+06
8.469664564827084541e+05
-1.684957229093422880e+06
-1.761643058922653785e+06
-1.761643050292355008e+06
-1.767326349169279449e+06
1.767326293202763423e+06
1.761643035344305681e+06
1.761643043974604458e+06
1.684957225262482883e+06
1.186767326989494963e+06
6.758799119579171529e+05
8.676690149462211845e-04
2.008120553985208413e-04
4.290396929181491141e+05
1.030953280911216425e+05
6.758799116885979893e+05
2.312292560196998529e+05
1.465756522902267286e-14
4.901643157020988051e-14
5.470222848508160145e-14
1.829299748888629732e-13
1.465756522902267286e-14
4.901643157020988051e-14
5.470222848508160145e-14
1.829299748888629732e-13
1.465756522902267286e-14
4.901643157020988051e-14
5.470222848508160145e-14
1.829299748888629732e-13
1.465756522902267286e-14
4.901643157020988051e-14
5.470222848508160145e-14
1.829299748888629732e-13
2.919409221783190046e-05
9.760539637360010515e-05
1.032948383951907598e-04
3.443157306075460191e-04
1.467657629287581278e-04
4.870974745208939615e-04
1.849114089429718306e-04
6.083452899184258996e-04
1.960019003724695701e-04
6.394568839283829064e-04
1.905111989005332026e-04
6.129638303271477563e-04
1.749438737156199766e-04
5.562625613403061279e-04
1.445291657241497469e-04
4.512987699679734820e-04
1.197224467759105146e-04
3.684437395535857256e-04
8.723408465968490071e-05
2.264307507766837055e-14
1.822261852435015033e-15
6.067222065317534295e-15
6.800742002130364410e-15
2.264307507766837055e-14
1.822261852435015033e-15
6.067222065317534295e-15
6.800742002130364410e-15
2.264307507766837055e-14
1.822261852435015033e-15
6.067222065317534295e-15
6.800742002130364410e-15
2.264307507766837055e-14
1.822261852435015033e-15
6.067222065317534295e-15
6.800742002130364410e-15
2.264307507766837055e-14
1.822261852435015033e-15
6.067222065317534295e-15
6.800742002130364410e-15
2.264307507766837055e-14
1.822261852435015033e-15
6.067222065317534295e-15
6.800742002130364410e-15
2.264307507766837055e-14
1.822261852435015033e-15
6.067222065317534295e-15
-6.724693087959073305e-04
2.264301428142337834e-14
-1.565962507037036225e-03
-1.565962507037036225e-03
-4.968913443222461486e-03
-4.968913443222461486e-03
-1.157098479014024434e-02
-1.157098479014024434e-02
-3.671557994949360693e-02
-3.671557994949360693e-02
-8.549865446985263628e-02
-8.549865446985263628e-02
-2.712934672228913269e-01
-2.712934672228913269e-01
-6.317542852389038677e-01
-6.317542852389038677e-01
-2.004601953656814040e+00
-2.004601953656820701e+00
-4.668064085995689005e+00
-4.668064085995689005e+00
-1.481207835031154652e+01
-1.481207835031154652e+01
-3.449238166046627896e+01
-3.449238166046627896e+01
-1.094452063848352878e+02
-1.094452063848354868e+02
-2.548549102434438396e+02
-2.548549102434438396e+02
-8.085836838567450968e+02
-8.085836838567450968e+02
-1.882524107173533366e+03
-1.882524107173533366e+03
-5.968501349869051410e+03
-5.968501349869051410e+03
-1.387666939419285518e+04
-1.387666939419285518e+04
-4.376696075576978910e+04
-4.376696075576978910e+04
-1.007387860810646816e+05
-1.007387860810646816e+05
-3.059680676690732362e+05
-3.059680676690732362e+05
-6.562458886704629986e+05
-6.562458886704624165e+05
-1.565148122654166305e+06
-1.565148122654166305e+06
-2.148262027013532817e+06
-2.148262027013533749e+06
-2.472295057206702419e+06
-2.472295057206702419e+06
2.472295057206702419e+06
2.472295057206702419e+06
2.148262027013531886e+06
2.148262027013532817e+06
2.472295057206702419e+06
2.472295057206702419e+06
2.148262027013531886e+06
2.148262027013532817e+06
-2.148262027013532817e+06
-2.148262027013533749e+06
-2.472295057206702419e+06
-2.472295057206702419e+06
1.565148122654167004e+06
1.565148122654167004e+06
6.562458886704656761e+05
6.562458886704656761e+05
3.059680676690755645e+05
3.059680676690755645e+05
1.007387860810655548e+05
1.007387860810655548e+05
4.376696075577006559e+04
4.376696075577006559e+04
1.387666939419288792e+04
1.387666939419285518e+04
5.968501349869051410e+03
5.968501349869051410e+03
1.882524107173543598e+03
1.882524107173543598e+03
8.085836838567524865e+02
8.085836838567510085e+02
2.548549102434456586e+02
2.548549102434456586e+02
1.094452063848362542e+02
1.094452063848362542e+02
3.449238166046635001e+01
7.556621702040726983e-09
5.795396068147218136e-10
2.024785302249629909e-09
-2.192593301556998853e+01
-6.284236528792825993e+01
-2.989510272970720806e+01
-8.946970751649864440e+01
-4.047975109674669625e+01
-1.281450218315098084e+02
-4.532701623581093031e+01
-1.489059938739754045e+02
-1.750148512147101485e+02
-1.482066048432823209e+02
-3.181577486287025067e+02
-7.197689715757097701e+02
-7.197689716419004071e+02
-1.628101393173866654e+03
-1.308295909576950635e+03
-2.958714274033446600e+03
-2.958714274355013913e+03
-6.687195986004999213e+03
-5.375153359800761791e+03
-1.213827458760275840e+04
-1.191669908133602439e+04
-2.734470267404355400e+04
-1.835774578389067756e+04
-4.939745361743901594e+04
-2.606077937778696287e+04
-8.464342016911879182e+04
-2.532084528740149472e+04
-9.230550858082955529e+04
-9.087279344280810619e+03
-3.659503709069189063e+04
-8.877805805293115554e+04
1.889152833297604131e-05
-1.945676002384402964e+05
-4.103534042006183881e+05
-3.378827599890612764e+05
-6.758799120072124060e+05
-6.758799122765323846e+05
-1.186767327899022726e+06
-8.469664569474501768e+05
-1.112438546395343961e+06
-1.112438545941193355e+06
-1.386419439599898411e+06
-1.314703626766345231e+06
-1.563985962328629801e+06
-1.563985963263477897e+06
-1.728874547880098689e+06
-1.314703626766328467e+06
-1.563985962328653317e+06
-1.563985963263458107e+06
-1.728874547880065395e+06
-1.684957229093422880e+06
-1.761643058922653785e+06
-1.761643050292443950e+06
-1.767326349169279449e+06
1.767326293202429544e+06
1.761643035344305681e+06
1.761643043974606320e+06
1.684957225262458436e+06
1.728874547880131751e+06
1.563985961051652674e+06
1.563985960116820876e+06
1.314703626766345231e+06
1.728874542095168727e+06
1.563985961051659193e+06
1.563985960116849048e+06
1.314703626766342437e+06
1.386419438221678836e+06
1.112438545154569903e+06
1.112438545608730288e+06
8.469664564827102004e+05
-1.684957229093399830e+06
-1.761643058922631666e+06
-1.761643050292407395e+06
-1.767326349169824272e+06
1.767326293202637462e+06
1.761643035344358766e+06
1.761643043974583503e+06
1.684957225262460066e+06
1.186767326989519410e+06
6.758799119579188991e+05
8.676690149462211845e-04
2.008120553985208413e-04
4.290396929181491141e+05
1.030953280911216425e+05
6.758799116885979893e+05
2.312292560196999693e+05
4.103534040496979142e+05
1.881569141914812499e+05
7.050343513100320897e-05
8.877805803253126214e+04
3.659503709069223260e+04
9.087279344280901569e+03
9.230550858082964260e+04
2.532084528740149472e+04
1.188322496648095136e-13
3.994802941525606406e-13
4.434835370672336508e-13
1.490865773720185866e-12
1.188322496648095136e-13
3.994802941525606406e-13
4.434835370672336508e-13
1.490865773720185866e-12
1.188322496648095136e-13
3.994802941525606406e-13
4.434835370672336508e-13
1.490865773720185866e-12
1.188322496648095136e-13
3.994802941525606406e-13
4.434835370672336508e-13
1.490865773720185866e-12
2.365838063443310762e-04
7.951019411138634781e-04
8.325679923919086529e-04
2.787865589546859729e-03
1.173705040494693900e-03
3.909441687505513068e-03
1.455573040869842603e-03
4.797066209079683258e-03
1.519770007783893036e-03
4.958269065453568304e-03
1.440688238235196409e-03
4.622475294964674235e-03
1.295146311566200414e-03
4.097321265924862982e-03
1.035720805923867746e-03
3.207022344953026124e-03
8.358875136040387491e-04
2.544431087824745516e-03
5.470252223563731843e-14
1.829309572214528271e-13
1.465756522902267286e-14
4.901643157020988051e-14
5.470252223563731843e-14
1.829309572214528271e-13
1.465756522902267286e-14
4.901643157020988051e-14
5.470252223563731843e-14
1.829309572214528271e-13
1.465756522902267286e-14
4.901643157020988051e-14
5.470252223563731843e-14
1.829309572214528271e-13
1.465756522902267286e-14
4.901643157020988051e-14
5.470252223563731843e-14
1.829309572214528271e-13
1.465756522902267286e-14
4.901643157020988051e-14
5.470252223563731843e-14
1.829309572214528271e-13
1.465756522902267286e-14
4.901643157020988051e-14
5.470252223563731843e-14
1.829309572214528271e-13
1.465756522902267286e-14
4.901643157020988051e-14
5.470237536035945363e-14
1.829304660551578749e-13
-1.565962507037036225e-03
4.901594040391494096e-14
-4.968913443222461486e-03
-4.147098833736538245e-03
-1.157098479014024434e-02
-1.157098479014024434e-02
-3.671557994949360693e-02
-3.671557994949360693e-02
-8.549865446985263628e-02
-8.549865446985263628e-02
-2.712934672228913269e-01
-2.712934672228913269e-01
-6.317542852389038677e-01
-6.317542852389038677e-01
-2.004601953656814040e+00
-2.004601953656820701e+00
-4.668064085995689005e+00
-4.668064085995689005e+00
-1.481207835031154652e+01
-1.481207835031154652e+01
-3.449238166046627896e+01
-3.449238166046627896e+01
-1.094452063848352878e+02
-1.094452063848354868e+02
-2.548549102434438396e+02
-2.548549102434438396e+02
-8.085836838567450968e+02
-8.085836838567450968e+02
-1.882524107173533366e+03
-1.882524107173533366e+03
-5.968501349869051410e+03
-5.968501349869051410e+03
-1.387666939419285518e+04
-1.387666939419285518e+04
-4.376696075576978910e+04
-4.376696075576978910e+04
-1.007387860810646816e+05
-1.007387860810646816e+05
-3.059680676690732362e+05
-3.059680676690732362e+05
-6.562458886704629986e+05
-6.562458886704624165e+05
-1.565148122654166305e+06
-1.565148122654166305e+06
-2.148262027013532817e+06
-2.148262027013533749e+06
-2.472295057206702419e+06
-2.472295057206702419e+06
2.472295057206702419e+06
2.472295057206702419e+06
2.148262027013531886e+06
2.148262027013532817e+06
2.472295057206702419e+06
2.472295057206702419e+06
2.148262027013531886e+06
2.148262027013532817e+06
-2.148262027013532817e+06
-2.148262027013533749e+06
-2.472295057206702419e+06
-2.472295057206702419e+06
1.565148122654167004e+06
1.565148122654167004e+06
6.562458886704656761e+05
6.562458886704656761e+05
3.059680676690755645e+05
3.059680676690755645e+05
1.007387860810655548e+05
1.007387860810655548e+05
4.376696075577006559e+04
4.376696075577006559e+04
1.387666939419288792e+04
1.387666939419285518e+04
5.968501349869051410e+03
5.968501349869051410e+03
1.882524107173543598e+03
1.882524107173543598e+03
8.085836838567524865e+02
8.085836838567510085e+02
2.548549102434456586e+02
6.767834383787765176e-08
5.091728214685008965e-09
1.813430938940932685e-08
1.900263888977903924e-08
6.767834383787765176e-08
5.091728214685008965e-09
1.813430938940932685e-08
1.900268991165603386e-08
6.767852555348854841e-08
-1.963852592964625785e+02
-5.576548055685161671e+02
-2.950884524704483738e+02
-9.047816540038828634e+02
-3.541656059879893519e+02
-1.145379941896626178e+03
-3.658651053447088657e+02
-1.260153615077668064e+03
-1.308295909576932900e+03
-1.051331567519023793e+03
-2.958714274355002090e+03
-6.687195986004977385e+03
-5.375153359800755425e+03
-1.213827458760266381e+04
-1.213827458921491234e+04
-2.734470267404315018e+04
-2.200499600995744549e+04
-4.939745361743817921e+04
-4.939745362587492855e+04
-1.098053000781542942e+05
-8.877805805293087906e+04
-1.945676001919260016e+05
-1.881569141914816864e+05
-4.103534042006180389e+05
-2.312292560196998529e+05
-6.758799120072075166e+05
-1.030953280911206966e+05
-4.290396929181454470e+05
5.380796874812261585e-05
2.324935479958466016e-04
-6.758799122765305219e+05
-1.186767327899018070e+06
-8.469664569474566961e+05
-1.112438546395343961e+06
-1.112438545941197081e+06
-1.386419439599898411e+06
-1.314703627945071785e+06
-1.563985962328642840e+06
-1.563985963263472309e+06
-1.728874547880098689e+06
-1.314703626766339177e+06
-1.563985962328653317e+06
-1.563985963263462763e+06
-1.728874547880082158e+06
-1.684957229093421018e+06
-1.761643058922653785e+06
-1.761643050292443950e+06
-1.767326349169614958e+06
1.767326293202595552e+06
1.761643035344350385e+06
1.761643043974606320e+06
1.684957225262471242e+06
1.728874547880135011e+06
1.563985961051668972e+06
1.563985960116820876e+06
1.314703626766345231e+06
1.728874547880098689e+06
1.563985961051659193e+06
1.563985960116854869e+06
1.314703626766342437e+06
1.386419438221690943e+06
1.112438545154569903e+06
1.112438545608730288e+06
8.469664564827102004e+05
-1.684957229093399830e+06
-1.761643058922631666e+06
-1.761643050292407395e+06
-1.767326349169824272e+06
1.767326293202637462e+06
1.761643035344358766e+06
1.761643043974583503e+06
1.684957225262460066e+06
1.186767326989512891e+06
6.758799119579201797e+05
6.758799116885978729e+05
3.378827598740555113e+05
4.103534040497014066e+05
1.945676001834097260e+05
7.050343513100320897e-05
8.877805803253105842e+04
3.659503709069223260e+04
9.087279344280901569e+03
9.230550858082964260e+04
2.532084528740158203e+04
8.464342016911850078e+04
2.606077937778694468e+04
4.939745360745933431e+04
1.835774578389060844e+04
3.345955315540860283e+03
1.191669908133598619e+04
9.781048665203368728e+03
2.686782690459172500e+03
9.725881123112189662e-13
3.290626395316182301e-12
3.629711777518040076e-12
1.228066149616777315e-11
9.725881123112189662e-13
3.290626395316182301e-12
3.629711777518040076e-12
1.228066149616777315e-11
9.725881123112189662e-13
3.290626395316182301e-12
3.629711777518040076e-12
1.228066149616777315e-11
9.725881123112189662e-13
3.290626395316182301e-12
3.629711777518040076e-12
1.228066149616777315e-11
1.935334351053300504e-03
6.545636967474148180e-03
6.765717536321001584e-03
2.277898416010907742e-02
9.446896061916350285e-03
3.159775667761201973e-02
1.149225590662346363e-02
3.793719761782268080e-02
1.178166580704202368e-02
3.841220162704508945e-02
1.083689718268876848e-02
3.461961355677874858e-02
9.497520402065967940e-03
2.982754840067940866e-02
7.307271947632856465e-03
2.236609386997300344e-02
5.719253158468716979e-03
1.715441317172572769e-02
4.434859185704985540e-13
1.490873779658182242e-12
1.188322496648108515e-13
3.994802941525606406e-13
4.434859185704985540e-13
1.490873779658182242e-12
1.188322496648108515e-13
3.994802941525606406e-13
4.434859185704985540e-13
1.490873779658182242e-12
1.188322496648108515e-13
3.994802941525606406e-13
4.434859185704985540e-13
1.490873779658182242e-12
1.188322496648108515e-13
3.994802941525606406e-13
4.434859185704985540e-13
1.490873779658182242e-12
1.188322496648108515e-13
3.994802941525606406e-13
4.434859185704985540e-13
1.490873779658182242e-12
1.188322496648108515e-13
3.994802941525606406e-13
4.434859185704985540e-13
1.490873779658182242e-12
1.188322496648108515e-13
3.994802941525606406e-13
4.434847278188686520e-13
1.490869776689184155e-12
1.188310589131808738e-13
3.994762911835623011e-13
4.434847278188686520e-13
1.490869776689184155e-12
-1.356294013006820176e-02
7.951019411138554550e-04
-3.371197344162748383e-02
-6.827381263895017371e-02
-8.549865446985263628e-02
-1.341922902478164814e-01
-2.712934672228913269e-01
-3.289273638913233211e-01
-6.317542852389038677e-01
-6.200443542247771056e-01
-2.004601953656814040e+00
-2.004601953656820701e+00
-4.668064085995689005e+00
-4.668064085995689005e+00
-1.481207835031154652e+01
-1.481207835031154652e+01
-3.449238166046627896e+01
-3.449238166046627896e+01
-1.094452063848352878e+02
-1.094452063848354868e+02
-2.548549102434438396e+02
-2.548549102434438396e+02
-8.085836838567450968e+02
-8.085836838567450968e+02
-1.882524107173533366e+03
-1.882524107173533366e+03
-5.968501349869051410e+03
-5.968501349869051410e+03
-1.387666939419285518e+04
-1.387666939419285518e+04
-4.376696075576978910e+04
-4.376696075576978910e+04
-1.007387860810646816e+05
-1.007387860810646816e+05
-3.059680676690732362e+05
-3.059680676690732362e+05
-6.562458886704629986e+05
-6.562458886704624165e+05
-1.565148122654166305e+06
-1.565148122654166305e+06
-2.148262027013532817e+06
-2.148262027013533749e+06
-2.472295057206702419e+06
-2.472295057206702419e+06
2.472295057206702419e+06
2.472295057206702419e+06
2.148262027013531886e+06
2.148262027013532817e+06
2.472295057206702419e+06
2.472295057206702419e+06
2.148262027013531886e+06
2.148262027013532817e+06
-2.148262027013532817e+06
-2.148262027013533749e+06
-2.472295057206702419e+06
-2.472295057206702419e+06
1.565148122654167004e+06
1.565148122654167004e+06
6.562458886704656761e+05
6.562458886704656761e+05
3.059680676690755645e+05
3.059680676690755645e+05
1.007387860810655548e+05
1.007387860810655548e+05
4.376696075577006559e+04
4.376696075577006559e+04
1.387666939419288792e+04
1.233353511308024281e+04
5.968501349869051410e+03
7.071327426903177184e+03
1.882524107173543598e+03
6.341677106368259171e-07
4.638061420348547736e-08
1.699242744031995626e-07
1.730952686463283269e-07
6.341677106368259171e-07
4.638061420348547736e-08
1.699242744031995626e-07
1.730952686463283269e-07
6.341677106368259171e-07
4.638061420348547736e-08
1.699242744031995626e-07
1.730957334052261086e-07
6.341694133701734174e-07
4.638107896238324588e-08
1.699259771365469835e-07
-2.014188274750549681e+03
-5.767291987047037765e+03
-2.673495157400724111e+03
-8.284253234606172555e+03
-3.116838305887657953e+03
-1.068820163443217643e+04
-2.686782690459184323e+03
-9.781048665203275959e+03
-1.213827458921495963e+04
-3.345955315540826177e+03
-2.200499600995748551e+04
-4.939745361743828107e+04
-4.939745362587452109e+04
-1.098053000781525625e+05
-8.877805805293004960e+04
-1.945676001919219270e+05
-1.945676002384433814e+05
-4.103534042006148375e+05
-3.378827599890691927e+05
-6.758799120072042570e+05
-6.758799122765334323e+05
-1.186767327899038559e+06
-8.469664569474519230e+05
-1.112438546395335579e+06
-1.112438545941182645e+06
-1.386419439599883743e+06
-1.314703627945067361e+06
-1.563985962328661233e+06
-1.563985963263462763e+06
-1.728874553665013518e+06
-1.314703626766335452e+06
-1.563985962328634458e+06
-5.501477942349383375e+05
-1.728874547880098689e+06
-1.684957229093422880e+06
-1.761643058922676370e+06
-1.761643050292452099e+06
-1.767326349169488996e+06
1.767326293202637462e+06
1.761643035344403470e+06
1.761643043974627275e+06
1.684957225262460066e+06
2.878144233886057563e-04
1.236155627869804392e-03
1.074127258074996294e-03
4.613349252914432548e-03
1.649756104852207698e-03
7.085660508653852246e-03
-1.563985963263466023e+06
1.046290368100032987e-02
7.085660508654433379e-03
1.649756104852207698e-03
1.046290368100075835e-02
2.436080475649199471e-03
1.236155627869905439e-03
1.563985961051646154e+06
4.613349252914621633e-03
1.074127258074996294e-03
1.728874547880151542e+06
5.501477942349482328e+05
1.563985960116825998e+06
1.314703626766345231e+06
1.728874547880098689e+06
1.563985961051649414e+06
1.563985960116846021e+06
1.314703626766340574e+06
1.386419438221682794e+06
1.112438545154569903e+06
1.112438545608729823e+06
8.469664564827105496e+05
-1.684957229093411937e+06
-1.761643058922629338e+06
-1.761643050292453030e+06
-1.767326349169488996e+06
1.767326293202805333e+06
1.761643035344359698e+06
1.761643043974627275e+06
1.684957225262447260e+06
1.186767326989509165e+06
6.758799119579201797e+05
6.758799116885943804e+05
3.378827598740548128e+05
4.103534040496984962e+05
1.945676001834109775e+05
1.945676001368932775e+05
8.877805803253162594e+04
1.098053000515877648e+05
4.939745361589509412e+04
4.939745360745856306e+04
2.200499600614131123e+04
3.345955315540826177e+03
1.213827458730757462e+04
9.781048665203275959e+03
2.686782690459184323e+03
1.068820163443217643e+04
3.116838305887661136e+03
8.284253234606172555e+03
2.673495157400724111e+03
5.767291987047048679e+03
2.014188274750549681e+03
1.051331567519023793e+03
1.162379656815169710e+03
8.053534603519636286e-12
2.746771929752619199e-11
3.005589830990096240e-11
1.025098939353346324e-10
8.053534603519636286e-12
2.746771929752619199e-11
3.005589830990096240e-11
1.025098939353346324e-10
8.053534603519636286e-12
2.746771929752619199e-11
3.005589830990096240e-11
1.025098939353346324e-10
8.053534603519636286e-12
2.746771929752619199e-11
3.005589830990096240e-11
1.025098939353346324e-10
1.601522473720175602e-02
5.459741726632468678e-02
5.552476011490697222e-02
1.881905971410920142e-01
7.660546274698086522e-02
2.574736938552848464e-01
9.098801139192355669e-02
3.007645790009487174e-01
9.119563938139665926e-02
2.967794505395993099e-01
8.084014267751077343e-02
2.564984898778688849e-01
6.869454425494173067e-02
2.134364056128026654e-01
5.045461840351917610e-02
1.519441138499114663e-01
9.725881123112080610e-13
3.290626395316219459e-12
3.629731269042997884e-12
1.228072744322781907e-11
9.725881123112080610e-13
3.290626395316219459e-12
3.629731269042997884e-12
1.228072744322781907e-11
9.725881123112080610e-13
3.290626395316219459e-12
3.629731269042997884e-12
1.228072744322781907e-11
9.725881123112080610e-13
3.290626395316219459e-12
3.629731269042997884e-12
1.228072744322781907e-11
9.725881123112080610e-13
3.290626395316219459e-12
3.629731269042997884e-12
1.228072744322781907e-11
9.725881123112080610e-13
3.290626395316219459e-12
3.629731269042997884e-12
1.228072744322781907e-11
9.725881123112080610e-13
3.290626395316219459e-12
3.629731269042997884e-12
1.228072744322781907e-11
9.725881123112080610e-13
3.290626395316219459e-12
3.629721523280518980e-12
1.228069446969786558e-11
9.725783665487293593e-13
3.290593421786265566e-12
3.629721523280518980e-12
1.228069446969786558e-11
1.935334351053298553e-03
6.545636967474130832e-03
-1.108669531423815829e-01
2.277898416010937233e-02
-2.223818309210829069e-01
-4.224781952749382397e-01
-5.616655123585539977e-01
-1.111478582580412322e+00
-1.084066984524975297e+00
-2.216169446897144457e+00
-2.573940395483875765e+00
-5.522452409481191538e+00
-4.709865637015891338e+00
-1.050034328679056195e+01
-1.481207835031154652e+01
-2.419491434487120429e+01
-3.449238166046627896e+01
-4.291470338626672287e+01
-1.094452063848352878e+02
-9.627186595143744796e+01
-2.548549102434438396e+02
-2.548549102434438396e+02
-8.085836838567450968e+02
-8.085836838567450968e+02
-1.882524107173533366e+03
-1.882524107173533366e+03
-5.968501349869051410e+03
-5.968501349869051410e+03
-1.387666939419285518e+04
-1.387666939419285518e+04
-4.376696075576978910e+04
-4.376696075576978910e+04
-1.007387860810646816e+05
-1.007387860810646816e+05
-3.059680676690732362e+05
-3.059680676690732362e+05
-6.562458886704629986e+05
-6.562458886704624165e+05
-1.565148122654166305e+06
-1.565148122654166305e+06
-2.148262027013532817e+06
-2.148262027013533749e+06
-2.472295057206702419e+06
-2.472295057206702419e+06
2.472295057206702419e+06
2.472295057206702419e+06
2.148262027013531886e+06
2.148262027013532817e+06
2.472295057206702419e+06
2.472295057206702419e+06
2.148262027013531886e+06
1.563985962328647031e+06
-2.148262027013532817e+06
-2.148262027013533749e+06
-2.472295057206702419e+06
-2.472295057206702419e+06
1.565148122654167004e+06
1.186767327899026219e+06
6.562458886704656761e+05
6.758799120072078658e+05
3.059680676690755645e+05
4.103534042006184463e+05
8.877805805293084995e+04
2.001718479043570696e+05
4.939745362587454292e+04
1.195817850068640837e+05
2.348940592407843724e+04
4.923919210570405266e+04
1.255750770605366051e+04
1.705626487024801200e-06
1.663918565327599491e-06
6.365501622866916660e-06
4.458444511395529397e-07
1.705626487024801200e-06
1.663918565327599491e-06
6.365501622866916660e-06
4.458444511395529397e-07
1.705626487024801200e-06
1.663918565327599491e-06
6.365501622866916660e-06
4.458444511395529397e-07
1.705626487024801200e-06
1.663923032930697330e-06
6.365518714168956173e-06
4.458489187426506730e-07
1.705643578326840290e-06
-1.191669908133598619e+04
6.365518714168956173e-06
-1.835774578389043745e+04
-4.939745361743889225e+04
-2.606077937778691557e+04
-8.464342016911861720e+04
-2.532084528740134192e+04
-9.230550858082964260e+04
-9.087279344280810619e+03
-3.659503709069223260e+04
-8.877805805292977311e+04
1.889152833297604131e-05
-1.945676002384407620e+05
-4.103534042006144882e+05
-3.378827599890623242e+05
-6.758799120072011137e+05
-6.758799122765305219e+05
-1.186767327899033204e+06
-8.469664569474480813e+05
-1.112438546395339305e+06
-1.112438545941178454e+06
-1.386419439599883743e+06
-1.314703627945067361e+06
-1.563985962328653317e+06
-1.563985963263466023e+06
-1.728874553665013518e+06
-1.314703626766327070e+06
-1.563985962328642840e+06
-1.563985963263482088e+06
-1.728874547880098689e+06
-1.684957229093420552e+06
-1.761643058922631666e+06
-1.761643050292407628e+06
-1.767326349169488996e+06
1.767326293202636065e+06
1.761643035344358766e+06
1.761643043974582572e+06
1.684957225262460066e+06
1.728874547880135011e+06
1.563985961051646154e+06
1.563985960116854869e+06
1.314703626766340574e+06
1.728874542095165467e+06
1.563985961051662685e+06
1.563985960116822505e+06
1.314703625587595161e+06
1.386419438221700955e+06
1.112438545154586434e+06
1.112438545608729357e+06
8.469664564827183494e+05
-1.684957229093433358e+06
-1.761643058922664961e+06
-1.761643050292417407e+06
-1.767326349169510184e+06
1.767326293202827452e+06
1.761643035344414413e+06
1.761643043974661734e+06
1.684957225262481254e+06
1.186767326989498455e+06
6.758799119579194812e+05
8.676736743223085069e-04
2.008131337577486277e-04
4.290396929181537707e+05
1.030953280911216425e+05
6.758799116885935655e+05
2.312292560196999693e+05
4.103534040497004753e+05
1.881569141914812499e+05
1.945676001368932775e+05
8.877805803253117483e+04
1.098053000515885506e+05
4.939745361589509412e+04
4.939745360745921789e+04
2.200499600614131123e+04
2.734470266911450744e+04
1.213827458730758553e+04
1.213827458569536429e+04
5.375153359052173982e+03
6.687195985044439112e+03
2.958714273974610933e+03
1.051331567519023793e+03
1.308295909424710999e+03
1.260153615077681252e+03
3.658651053447082973e+02
1.145379941896626178e+03
3.541656059879893519e+02
9.047816540038926405e+02
2.950884524704483738e+02
5.576548055685161671e+02
1.963852592964630901e+02
6.767241370244484028e-11
2.332014196457543181e-10
2.525543484642526621e-10
8.703108013634288924e-10
6.767241370244484028e-11
2.332014196457543181e-10
2.525543484642526621e-10
8.703108013634288924e-10
6.767241370244484028e-11
2.332014196457543181e-10
2.525543484642526621e-10
8.703108013634288924e-10
6.767241370244484028e-11
2.332014196457543181e-10
2.525543484642526621e-10
8.703108013634288924e-10
1.344608845289028132e-01
4.630778526564648945e-01
4.612159264478266074e-01
1.576214146689048246e+00
6.266122055694364201e-01
2.117960862442348269e+00
7.218961324023349668e-01
2.387576935234374087e+00
7.031791928278523507e-01
2.279289227906431847e+00
5.952053511049045786e-01
1.868152138394392203e+00
4.868658821108801660e-01
1.488516809069635238e+00
3.379366810115501107e-01
9.942628134196512812e-01
8.053534603519731605e-12
2.746771929752619199e-11
3.005605970984904659e-11
1.025104444126943803e-10
8.053534603519731605e-12
2.746771929752619199e-11
3.005605970984904659e-11
1.025104444126943803e-10
8.053534603519731605e-12
2.746771929752619199e-11
3.005605970984904659e-11
1.025104444126943803e-10
8.053534603519731605e-12
2.746771929752619199e-11
3.005605970984904659e-11
1.025104444126943803e-10
8.053534603519731605e-12
2.746771929752619199e-11
3.005605970984904659e-11
1.025104444126943803e-10
8.053534603519731605e-12
2.746771929752619199e-11
3.005605970984904659e-11
1.025104444126943803e-10
8.053534603519731605e-12
2.746771929752619199e-11
3.005605970984904659e-11
1.025104444126943803e-10
8.053534603519731605e-12
2.746771929752619199e-11
3.005597900987505942e-11
1.025101691740144934e-10
8.053453903545749287e-12
2.746744405884630836e-11
3.005597900987505942e-11
1.025101691740144934e-10
1.601522473720214806e-02
5.459741726632413861e-02
5.552476011490729141e-02
1.881905971410922640e-01
-6.501245412850126248e-01
2.574736938552849019e-01
-1.761254397749960399e+00
-3.110840631821973901e+00
-3.595700136193469731e+00
-6.552888059364995854e+00
-9.284460790406726005e+00
-1.774772338382717152e+01
-1.816648350143618984e+01
-3.610943819214184458e+01
-4.369697825983730866e+01
-9.219584146449649609e+01
-8.021308983772109968e+01
-1.776853396674181624e+02
-1.750148512147115980e+02
-4.127907861304859125e+02
-3.181577486287055194e+02
-7.278089364638592542e+02
-7.197689716418955186e+02
-1.628101393173870520e+03
-1.860784364192879821e+03
-2.958714274033467518e+03
-5.887717693675154806e+03
-6.687195986004983752e+03
-1.366203336122085784e+04
-1.213827458760269838e+04
-4.292903169802661432e+04
-2.734470267404337937e+04
-9.841638955498945143e+04
-7.347916328815280576e+04
-2.963493993177235825e+05
-2.002912290741871984e+05
-6.286831677341317991e+05
-3.778227302380149486e+05
-1.444158505594360875e+06
-6.758799119579208782e+05
-2.053179519756757887e+06
-1.314703626766342437e+06
-1.728874547880108468e+06
-1.563985961051659891e+06
-1.112438545608728891e+06
-8.469664564827147406e+05
-1.386419438221692108e+06
-1.112438545154577587e+06
-1.563985960116839036e+06
-1.314703625587610528e+06
-1.728874542095172917e+06
-1.563985961051658727e+06
-1.761643043974638917e+06
-1.684957225262463326e+06
-1.767326293202742236e+06
-1.761643035344365984e+06
1.761643050292425556e+06
1.767326349169552093e+06
1.684957229093423812e+06
1.761643058922664961e+06
1.563985963263469050e+06
1.728874547880098689e+06
1.314703627945071319e+06
1.563985962328647031e+06
1.112438545941190096e+06
1.386419439599887934e+06
8.469664569474501768e+05
1.112438546395340702e+06
1.563985963263466023e+06
1.728874547880098689e+06
1.314703627945071319e+06
2.053179519756757654e+06
1.761643050292425323e+06
1.767326349169552093e+06
1.684957229093421949e+06
1.761643058922664961e+06
-1.761643043974639615e+06
-1.684957225262465887e+06
-1.767326293202700326e+06
-1.761643035344377626e+06
6.758799122765323846e+05
1.444158505594360176e+06
3.778227302380158799e+05
6.286831677341348259e+05
2.002912290741876059e+05
1.889133903151763168e-05
1.735722777238503912e-05
7.050362443246114088e-05
4.650842806095906221e-06
1.889133903151763168e-05
1.735722777238503912e-05
7.050362443246114088e-05
4.650842806095906221e-06
1.889133903151763168e-05
1.735722777238503912e-05
7.050362443246114088e-05
4.650842806095906221e-06
1.889133903151763168e-05
1.735722777238503912e-05
7.050362443246114088e-05
4.650842806095906221e-06
1.889133903151763168e-05
1.735727437635123241e-05
7.050381373391943871e-05
4.650889410062097820e-06
1.889152833297593628e-05
1.735727437635123241e-05
7.050381373391943871e-05
-8.877805805293079175e+04
1.889152833297593628e-05
-1.881569141914815991e+05
-4.103534042006168747e+05
-2.312292560197009880e+05
-6.758799120072056539e+05
-1.030953280911212205e+05
-4.290396929181491141e+05
5.380796874812288012e-05
2.324935479958466016e-04
-6.758799122765273787e+05
-1.186767327899022726e+06
-8.469664569474450545e+05
-1.112438546395331156e+06
-1.112438545941183809e+06
-1.386419439599877922e+06
-1.314703626766338479e+06
-1.563985962328642840e+06
-1.563985963263458339e+06
-1.728874547880098689e+06
-1.314703626766336616e+06
-1.563985962328642840e+06
-1.563985963263480924e+06
-1.728874547880098689e+06
-1.684957229093422880e+06
-1.761643058922631666e+06
-1.761643050292407628e+06
-1.767326349169488996e+06
1.767326293202636298e+06
1.761643035344358766e+06
1.761643043974582572e+06
1.684957225262460066e+06
1.728874547880116617e+06
1.563985961051646154e+06
1.563985960116841365e+06
1.314703626766340574e+06
1.728874542095167330e+06
1.563985961051668972e+06
1.563985960116825998e+06
1.314703625587599352e+06
1.386419438221696299e+06
1.112438545154583408e+06
1.112438545608730288e+06
8.469664564827157883e+05
-1.684957229093422880e+06
-1.761643058922653785e+06
-1.761643050292399246e+06
-1.767326349169614958e+06
1.767326293202596949e+06
1.761643035344350385e+06
1.761643043974651024e+06
1.684957225262471242e+06
1.186767326989498921e+06
6.758799119579202961e+05
6.758799116886025295e+05
3.378827598740510875e+05
4.103534040497016977e+05
1.945676001834090566e+05
7.050381373391943871e-05
8.877805803253254271e+04
3.659503709069202887e+04
9.087279344280901569e+03
9.230550858082913328e+04
2.532084528740154201e+04
8.464342016911838436e+04
2.606077937778694468e+04
4.939745360745910875e+04
1.835774578389060844e+04
2.734470266911426370e+04
1.191669908133598619e+04
1.213827458569546616e+04
5.375153359052207634e+03
6.687195985044444569e+03
2.958714273974629577e+03
2.958714273653064083e+03
1.308295909424720094e+03
1.628101392979480579e+03
7.197689715635943912e+02
7.197689714974081880e+02
3.181577485969150985e+02
1.482066048432820082e+02
1.750148511982107209e+02
1.489059938739745803e+02
4.532701623581093031e+01
1.281450218315092116e+02
4.047975109674669625e+01
8.946970751649844544e+01
2.989510272970728266e+01
5.795454141157539298e-10
2.024805591696009935e-09
2.162871197575780504e-09
7.556601412594310975e-09
5.795454141157539298e-10
2.024805591696009935e-09
2.162871197575780504e-09
7.556601412594310975e-09
5.795454141157539298e-10
2.024805591696009935e-09
2.162871197575780504e-09
7.556601412594310975e-09
5.795454141157539298e-10
2.024805591696009935e-09
2.162871197575780504e-09
7.556601412594310975e-09
1.150234418806712844e+00
4.015307206962646980e+00
3.889426150967996598e+00
1.343329368874376328e+01
5.177324159181956098e+00
1.761245436889880978e+01
5.729986206780584013e+00
1.892715692004444961e+01
5.378277009104597717e+00
1.729531525644544843e+01
4.291518488649460394e+00
1.323323378217352264e+01
3.346245737753672955e+00
9.979069086411282541e+00
2.525557046792052451e-10
8.703154749258893261e-10
6.767241370244456886e-11
2.332014196457543181e-10
2.525557046792052451e-10
8.703154749258893261e-10
6.767241370244456886e-11
2.332014196457543181e-10
2.525557046792052451e-10
8.703154749258893261e-10
6.767241370244456886e-11
2.332014196457543181e-10
2.525557046792052451e-10
8.703154749258893261e-10
6.767241370244456886e-11
2.332014196457543181e-10
2.525557046792052451e-10
8.703154749258893261e-10
6.767241370244456886e-11
2.332014196457543181e-10
2.525557046792052451e-10
8.703154749258893261e-10
6.767241370244456886e-11
2.332014196457543181e-10
2.525557046792052451e-10
8.703154749258893261e-10
6.767241370244456886e-11
2.332014196457543181e-10
2.525557046792052451e-10
8.703154749258893261e-10
6.767241370244456886e-11
2.332014196457543181e-10
2.525550265717289536e-10
8.703131381446591093e-10
6.767173559496829030e-11
2.331990828645242047e-10
2.525550265717289536e-10
8.703131381446591093e-10
1.344608845289036458e-01
4.630778526564611752e-01
4.612159264478272180e-01
1.576214146689047135e+00
6.266122055694340887e-01
2.117960862442349601e+00
-4.495961448943710970e+00
2.387576935234372311e+00
-9.677701527304327200e+00
-1.529501043616312117e+01
-2.710222363740099638e+01
-4.466967546220753604e+01
-5.669555571080614698e+01
-9.681266485497819474e+01
-1.511545222653750500e+02
-2.730186039951477710e+02
-3.020188934513755612e+02
-5.722987736513276786e+02
-7.421582100203434038e+02
-1.518518921755875454e+03
-1.370790389638652869e+03
-2.995494239310138710e+03
-2.958714274355001635e+03
-7.071327426903191736e+03
-5.375153359800753606e+03
-1.233353511308025372e+04
-1.213827458921493599e+04
-2.734470267404344850e+04
-2.200499600995736546e+04
-4.939745361743874673e+04
-4.939745362587461568e+04
-1.098053000781534647e+05
-8.877805805292993318e+04
-1.945676001919229166e+05
-1.945676002384406165e+05
-4.103534042006148375e+05
-3.378827599890626152e+05
-6.758799120072019286e+05
-6.758799122765315697e+05
-1.186767327899027383e+06
-8.469664569474501768e+05
-1.112438546395340236e+06
-1.112438545941189164e+06
-1.386419439599887701e+06
-1.314703626766342903e+06
-1.563985962328650290e+06
-1.563985963263468351e+06
-1.728874553665025625e+06
-1.314703626766337082e+06
-1.563985962328646332e+06
-1.563985963263467653e+06
-1.728874547880090773e+06
-1.684957229093425907e+06
-1.761643058922664961e+06
-1.761643050292425556e+06
-1.767326349169594003e+06
1.767326293202700326e+06
1.761643035344376462e+06
1.761643043974627741e+06
1.684957225262465654e+06
1.728874547880112426e+06
1.563985961051657330e+06
2.053179519756761147e+06
1.314703626766343135e+06
1.563985963263468584e+06
1.728874547880098689e+06
1.314703627945071319e+06
1.563985962328648195e+06
1.767326293202700326e+06
1.761643035344376462e+06
1.761643043974627741e+06
1.684957225262465654e+06
1.761643050292425556e+06
1.767326349169552093e+06
1.684957229093421949e+06
1.761643058922664961e+06
-1.684957229093422415e+06
-1.761643058922676137e+06
-1.761643050292414613e+06
-1.767326349169551861e+06
-1.761643043974638917e+06
-1.684957225262465887e+06
-1.767326293202700326e+06
-1.761643035344377626e+06
1.444158505594363902e+06
1.186767327899028081e+06
2.008125945781347209e-04
8.676713446342602378e-04
5.380742956850841091e-05
2.324912183078017749e-04
2.008125945781347209e-04
8.676713446342602378e-04
5.380742956850841091e-05
2.324912183078017749e-04
2.008125945781347209e-04
8.676713446342602378e-04
5.380742956850841091e-05
2.324912183078017749e-04
2.008125945781347209e-04
8.676713446342602378e-04
5.380742956850841091e-05
2.324912183078017749e-04
2.008125945781347209e-04
8.676713446342602378e-04
5.380742956850841091e-05
2.324912183078017749e-04
2.008131337577486277e-04
8.676736743223037365e-04
5.380796874812230414e-05
2.324935479958453006e-04
2.008131337577486277e-04
8.676736743223037365e-04
5.380796874812230414e-05
2.324935479958453006e-04
-6.758799122765290085e+05
-1.186767327899020398e+06
-8.469664569474478485e+05
-1.112438546395337442e+06
-1.112438545941189863e+06
-1.386419439599883743e+06
-1.314703626766343834e+06
-1.563985962328640278e+06
-1.563985963263462530e+06
-1.728874547880098689e+06
-1.314703626766336616e+06
-1.563985962328641210e+06
-5.501477942349346122e+05
-1.728874547880082158e+06
-1.684957229093434522e+06
-1.761643058922642842e+06
-1.761643050292380853e+06
-1.767326349169551861e+06
1.767326293202867964e+06
1.761643035344331991e+06
1.761643043974593980e+06
1.684957225262459833e+06
2.878144233886036963e-04
1.236155627869854699e-03
1.074127258074988704e-03
4.613349252914432548e-03
1.649756104852195988e-03
7.085660508654142813e-03
-1.563985963263458339e+06
1.046290368100032987e-02
7.085660508654142813e-03
1.649756104852207698e-03
1.046285413369893447e-02
2.436080475649199471e-03
1.236155627869854699e-03
1.563985961051664082e+06
4.613349252914527958e-03
1.074127258074996294e-03
1.728874547880114755e+06
5.501477942349482328e+05
1.563985960116830887e+06
1.314703626766345231e+06
1.728874542095166864e+06
1.563985961051646154e+06
1.563985960116830887e+06
1.314703625587599352e+06
1.386419438221680466e+06
1.112438545154569903e+06
1.112438545608717715e+06
8.469664564827067079e+05
-1.684957229093422880e+06
-1.761643058922631666e+06
-1.761643050292407628e+06
-1.767326349169488996e+06
1.767326293202636298e+06
1.761643035344358766e+06
1.761643043974582572e+06
1.684957225262460066e+06
1.186767326989498455e+06
6.758799119579137769e+05
6.758799116885993863e+05
3.378827598740510875e+05
4.103534040497022797e+05
1.945676001834090566e+05
1.945676001368894940e+05
8.877805803253217891e+04
1.098053000515869790e+05
4.939745361589524691e+04
4.939745360745977086e+04
2.200499600614124938e+04
3.345955315540860283e+03
1.213827458730760372e+04
9.781048665203323253e+03
2.686782690459176592e+03
1.068820163443228012e+04
3.116838305887661136e+03
8.284253234606236219e+03
2.673495157400724111e+03
5.767291987047094153e+03
2.014188274750549681e+03
2.958714273653098189e+03
1.162379656815164708e+03
1.628101392979504681e+03
7.106907308491169033e+02
7.197689714974131903e+02
3.181577485969172585e+02
3.959567213748640029e+02
1.750148511982106356e+02
1.750148511842616017e+02
7.735474172058187037e+01
9.627186594284421517e+01
4.255063336973693566e+01
1.892715692004452421e+01
1.880654363913346216e+01
1.729531525644560119e+01
5.378277009104643902e+00
1.323323378217356705e+01
4.291518488649479046e+00
5.091779236561974635e-09
1.813449110502015401e-08
1.900258786790193874e-08
6.767816212226674188e-08
5.091779236561974635e-09
1.813449110502015401e-08
1.900258786790193874e-08
6.767816212226674188e-08
5.091779236561974635e-09
1.813449110502015401e-08
1.900258786790193874e-08
6.767816212226674188e-08
5.091779236561974635e-09
1.813449110502015401e-08
1.900258786790193874e-08
6.767816212226674188e-08
1.008984978949429845e+01
3.589071989330879120e+01
3.344055681920936962e+01
1.170971054240586398e+02
4.326704676277051220e+01
1.482066048432812124e+02
4.532701623581050399e+01
1.489059938739745803e+02
4.047975109674642624e+01
1.281450218315085863e+02
2.989510272970692739e+01
8.946970751649801912e+01
2.192593301556984997e+01
6.284236528792763465e+01
2.162882812177838947e-09
7.556641991487114868e-09
5.795454141157539298e-10
2.024805591696009935e-09
2.162882812177838947e-09
7.556641991487114868e-09
5.795454141157539298e-10
2.024805591696009935e-09
2.162882812177838947e-09
7.556641991487114868e-09
5.795454141157539298e-10
2.024805591696009935e-09
2.162882812177838947e-09
7.556641991487114868e-09
5.795454141157539298e-10
2.024805591696009935e-09
2.162882812177838947e-09
7.556641991487114868e-09
5.795454141157539298e-10
2.024805591696009935e-09
2.162882812177838947e-09
7.556641991487114868e-09
5.795454141157539298e-10
2.024805591696009935e-09
2.162882812177838947e-09
7.556641991487114868e-09
5.795454141157539298e-10
2.024805591696009935e-09
2.162882812177838947e-09
7.556641991487114868e-09
5.795454141157539298e-10
2.024805591696009935e-09
2.162877004876803935e-09
7.556621702040726983e-09
5.795396068147187117e-10
2.024785302249622051e-09
2.162877004876803935e-09
7.556621702040726983e-09
1.150234418806724612e+00
4.015307206962612341e+00
3.889426150967979279e+00
1.343329368874383434e+01
5.177324159181957874e+00
1.761245436889877780e+01
5.729986206780566249e+00
1.892715692004451000e+01
-1.880654364059846273e+01
-4.291470338626649550e+01
-6.043531318691008636e+01
-9.627186595143744796e+01
-1.340209069021427126e+02
-1.750148512007630757e+02
-3.922146050882794839e+02
-5.764345160881958918e+02
-8.491766886855441498e+02
-1.295339198195120844e+03
-2.376550652760222420e+03
-3.860929119376734889e+03
-4.915513653962118042e+03
-8.462031060261102539e+03
-1.255750770605369689e+04
-2.392354659392454778e+04
-2.348940592407826989e+04
-4.923919210570392897e+04
-4.939745362587454292e+04
-1.195817850068638509e+05
-8.877805805293032608e+04
-2.001718479043554107e+05
-1.945676002384405874e+05
-4.103534042006175150e+05
-3.378827599890631973e+05
-6.758799120072055375e+05
-6.758799122765259817e+05
-1.186767327899028314e+06
-8.469664569474409800e+05
-1.112438546395335346e+06
-1.112438545941176824e+06
-1.386419439599880250e+06
-1.314703626766337082e+06
-1.563985962328648660e+06
-1.563985963263459271e+06
-1.728874547880092403e+06
-1.314703626766326837e+06
-1.563985962328637950e+06
-1.563985963263467187e+06
-1.728874547880090075e+06
-1.684957229093412869e+06
-1.761643058922664961e+06
-1.761643050292412518e+06
-1.767326349169530906e+06
1.767326293202721514e+06
1.761643035344369011e+06
1.761643043974622386e+06
1.684957225262457039e+06
1.728874547880110331e+06
1.563985961051652906e+06
1.563985960116841597e+06
1.314703626766342437e+06
1.728874542095173150e+06
1.563985961051660357e+06
1.563985960116839502e+06
1.314703626766337547e+06
1.386419438221693272e+06
1.112438545154581079e+06
1.112438545608728891e+06
8.469664564827146241e+05
-1.684957229093423812e+06
-1.761643058922677767e+06
-1.761643050292417174e+06
-1.767326349169541616e+06
1.767326293202733155e+06
1.761643035344379488e+06
1.761643043974634260e+06
1.684957225262464490e+06
-1.563985960116839036e+06
-1.314703626766336616e+06
-1.728874542095169425e+06
-1.563985961051662685e+06
-1.112438545608731685e+06
-8.469664564827177674e+05
-1.386419438221694902e+06
-1.112438545154579915e+06
-1.563985960116839502e+06
-1.314703625587615650e+06
-1.728874542095177108e+06
-5.501477942349434597e+05
-1.761643043974634027e+06
-1.684957225262467982e+06
-1.767326293202731758e+06
-1.761643035344375297e+06
1.761643050292411819e+06
1.767326349169583526e+06
1.684957229093424976e+06
1.761643058922659373e+06
1.563985963263467187e+06
1.236143241044452504e-03
1.074130142102623902e-03
4.613361639739835610e-03
1.649756104852172786e-03
7.085660508654142813e-03
2.436074707593847109e-03
1.046287890734952722e-02
7.085660508654288529e-03
1.649756104852219407e-03
1.046287890734973886e-02
2.436074707593898717e-03
1.236143241044477658e-03
2.878115393609575481e-04
4.613361639739930152e-03
1.074130142102646670e-03
2.878144233885996306e-04
1.236155627869854699e-03
1.074133026130274279e-03
4.613374026565238671e-03
1.649756104852172786e-03
7.085660508654142813e-03
2.436074707593847109e-03
1.046287890734952722e-02
7.085660508654288529e-03
1.649756104852219407e-03
1.046287890734973886e-02
2.436074707593898717e-03
1.236155627869880286e-03
2.878144233886078163e-04
4.613374026565332346e-03
1.074133026130297047e-03
2.878144233885996306e-04
1.236155627869854699e-03
1.074133026130274279e-03
4.613374026565238671e-03
1.649756104852172786e-03
7.085660508654142813e-03
2.436074707593847109e-03
1.046287890734952722e-02
7.085660508654288529e-03
1.649756104852219407e-03
1.046287890734973886e-02
2.436074707593898717e-03
1.236155627869880286e-03
2.878144233886078163e-04
4.613374026565332346e-03
1.074133026130297047e-03
2.878144233885996306e-04
1.236155627869854699e-03
1.074133026130274279e-03
4.613374026565238671e-03
1.649756104852172786e-03
7.085660508654142813e-03
2.436074707593847109e-03
1.046287890734952722e-02
7.085660508654288529e-03
1.649756104852219407e-03
1.046287890734973886e-02
2.436074707593898717e-03
1.236155627869880286e-03
2.878144233886078163e-04
4.613374026565332346e-03
1.074133026130297047e-03
2.878144233885996306e-04
1.236155627869854699e-03
1.074133026130274279e-03
4.613374026565238671e-03
1.649756104852172786e-03
7.085660508654142813e-03
2.436074707593847109e-03
1.046287890734952722e-02
7.085660508654288529e-03
1.649756104852219407e-03
1.046287890734973886e-02
2.436074707593898717e-03
1.236155627869880286e-03
2.878144233886078163e-04
4.613374026565332346e-03
1.074133026130297047e-03
2.878144233885996306e-04
1.236155627869854699e-03
1.074133026130274279e-03
4.613374026565238671e-03
1.649756104852172786e-03
7.085660508654142813e-03
2.436080475649147863e-03
1.046290368100032987e-02
7.085660508654288529e-03
1.649756104852219407e-03
1.046290368100054671e-02
2.436080475649199471e-03
1.236155627869880286e-03
2.878144233886078163e-04
4.613374026565332346e-03
1.074133026130297047e-03
2.878144233885996306e-04
1.236155627869854699e-03
1.074127258074973525e-03
4.613349252914432548e-03
1.649756104852172786e-03
7.085660508654142813e-03
2.436080475649147863e-03
1.046290368100032987e-02
7.085660508654288529e-03
1.649756104852219407e-03
1.046290368100054671e-02
2.436080475649199471e-03
1.236155627869880286e-03
2.878144233886078163e-04
4.613349252914527958e-03
1.074127258074996294e-03
2.878144233885996306e-04
1.236155627869854699e-03
1.074127258074973525e-03
4.613349252914432548e-03
1.649756104852172786e-03
7.085660508654142813e-03
-1.563985963263456477e+06
1.046290368100032987e-02
7.085660508654288529e-03
1.649756104852219407e-03
1.046290368100054671e-02
-1.563985961051646154e+06
1.236155627869880286e-03
2.878144233886078163e-04
4.613349252914527958e-03
1.074127258074996294e-03
1.728874542095168727e+06
1.563985961051653139e+06
1.563985960116837174e+06
1.314703626766338479e+06
1.563985963263462763e+06
1.728874553665011888e+06
1.314703626766338479e+06
2.053179519756755559e+06
1.767326293202836532e+06
1.761643035344346194e+06
1.761643043974633794e+06
1.684957225262453547e+06
1.761643050292407628e+06
1.767326349169656867e+06
1.684957229093420552e+06
1.761643058922631666e+06
-1.684957229093426140e+06
-1.761643058922637254e+06
-1.761643050292438362e+06
-1.767326349169520428e+06
-1.761643043974627275e+06
-1.684957225262449356e+06
-1.767326293202636065e+06
-1.761643035344358766e+06
1.186767326989508234e+06
1.444158505594358779e+06
8.676736743223182648e-04
2.008131337577496577e-04
4.290396929181574960e+05
1.030953280911227048e+05
6.758799116885907715e+05
2.312292560197009007e+05
4.103534040496959933e+05
1.881569141914812499e+05
1.945676001368903380e+05
8.877805803253053455e+04
1.098053000515869790e+05
4.939745361589477398e+04
4.939745360745969083e+04
2.200499600614112569e+04
2.734470266911455838e+04
1.213827458730760372e+04
1.213827458569532428e+04
5.375153359052264022e+03
6.687195985044420013e+03
2.958714273974654134e+03
1.051331567519031751e+03
1.308295909424716228e+03
1.260153615077679433e+03
3.658651053447118784e+02
1.145379941896637092e+03
3.541656059879907730e+02
9.047816540038926405e+02
2.950884524704512728e+02
5.576548055685231020e+02
1.963852592964630333e+02
3.571784642372642224e+02
1.330493291247759657e+02
1.750148511842627101e+02
7.086135680591831942e+01
9.627186594284479781e+01
4.214069655316709628e+01
4.255063336674508889e+01
1.880654363913343730e+01
2.340578405821206331e+01
1.034486526674175266e+01
1.034486526609082624e+01
4.572203883685543424e+00
5.690366299841372211e+00
2.515015431624841202e+00
1.868152138394411077e+00
5.952053511049071322e-01
4.638107896238306721e-08
1.699259771365478306e-07
1.730948038874288510e-07
6.341660079034818049e-07
4.638107896238306721e-08
1.699259771365478306e-07
1.730948038874288510e-07
6.341660079034818049e-07
4.638107896238306721e-08
1.699259771365478306e-07
1.730948038874288510e-07
6.341660079034818049e-07
4.638107896238306721e-08
1.699259771365478306e-07
1.730948038874288510e-07
6.341660079034818049e-07
9.169032229536844625e+01
3.352498620526468471e+02
2.948839555413284756e+02
1.051331567519021291e+03
3.658651053447082973e+02
1.260153615077669201e+03
3.541656059879879308e+02
1.145379941896626178e+03
2.950884524704480896e+02
9.047816540038828634e+02
1.963852592964615553e+02
5.576548055685155987e+02
5.091779236562023439e-09
1.813449110502033268e-08
1.900268991165603386e-08
6.767852555348893222e-08
5.091779236562023439e-09
1.813449110502033268e-08
1.900268991165603386e-08
6.767852555348893222e-08
5.091779236562023439e-09
1.813449110502033268e-08
1.900268991165603386e-08
6.767852555348893222e-08
5.091779236562023439e-09
1.813449110502033268e-08
1.900268991165603386e-08
6.767852555348893222e-08
5.091779236562023439e-09
1.813449110502033268e-08
1.900268991165603386e-08
6.767852555348893222e-08
5.091779236562023439e-09
1.813449110502033268e-08
1.900268991165603386e-08
6.767852555348893222e-08
5.091779236562023439e-09
1.813449110502033268e-08
1.900268991165603386e-08
6.767852555348893222e-08
5.091779236562023439e-09
1.813449110502033268e-08
1.900268991165603386e-08
6.767852555348893222e-08
5.091779236562023439e-09
1.813449110502033268e-08
1.900263888977903924e-08
6.767834383787804881e-08
5.091728214685028817e-09
1.813430938940943604e-08
1.900263888977903924e-08
6.767834383787804881e-08
1.008984978949449562e+01
3.589071989330878409e+01
3.344055681920966094e+01
1.170971054240592792e+02
4.326704676277093142e+01
1.482066048432823493e+02
4.532701623581079531e+01
1.489059938739752909e+02
-8.021308983772095758e+01
1.281450218315100074e+02
-1.750148512147109727e+02
-4.127907861304867083e+02
-3.181577486287043826e+02
-7.278089364638622101e+02
-7.197689716418916532e+02
-1.628101393173876431e+03
-1.308295909576934264e+03
-2.958714274033469792e+03
-4.947325986539882251e+03
-6.687195986004947372e+03
-1.120354254697320539e+04
-1.213827458760260015e+04
-3.362550598140570219e+04
-4.292903169802661432e+04
-7.347916328815268935e+04
-9.841638955498952419e+04
-2.002912290741870238e+05
-2.963493993177255034e+05
-3.778227302380147739e+05
-6.286831677341344766e+05
-6.758799122765293578e+05
-1.444158505594359944e+06
-8.469664569474483142e+05
-1.112438546395340702e+06
-1.112438545941186603e+06
-1.386419439599888166e+06
-1.314703626766342670e+06
-2.053179519756757887e+06
-1.563985963263467653e+06
-1.728874553665026790e+06
-1.314703626766331727e+06
-1.563985962328647263e+06
-1.563985963263469981e+06
-1.728874547880092403e+06
-1.684957229093423812e+06
-1.761643058922669152e+06
-1.761643050292417407e+06
-1.767326349169552093e+06
1.767326293202731758e+06
1.761643035344371339e+06
1.761643043974634027e+06
1.684957225262462627e+06
1.728874547880098457e+06
1.563985961051658494e+06
1.563985960116840666e+06
1.314703626766342903e+06
1.728874542095165700e+06
1.563985961051659659e+06
1.563985960116830887e+06
1.314703625587600050e+06
1.386419438221691176e+06
1.112438545154578285e+06
1.112438545608727494e+06
8.469664564827121794e+05
-1.684957229093424976e+06
-1.761643058922676137e+06
-1.761643050292423461e+06
-1.767326349169562571e+06
1.767326293202752713e+06
1.761643035344379488e+06
1.761643043974634260e+06
1.684957225262466585e+06
1.186767326989498688e+06
6.758799119579176186e+05
6.758799116885998519e+05
3.378827598740509129e+05
-6.758799116885986878e+05
-2.312292560197010171e+05
-4.290396929181499290e+05
-1.030953280911212205e+05
2.324923831518261534e-04
5.380769915831593351e-05
8.676713446342747662e-04
2.008125945781357509e-04
2.324912183078043770e-04
5.380742956850898689e-05
8.676713446342747662e-04
2.008125945781357509e-04
2.324912183078043770e-04
5.380742956850898689e-05
8.676713446342747662e-04
2.008125945781357509e-04
2.324912183078043770e-04
5.380742956850898689e-05
8.676713446342747662e-04
2.008125945781357509e-04
2.324912183078043770e-04
5.380742956850898689e-05
8.676713446342747662e-04
2.008125945781357509e-04
2.324912183078043770e-04
5.380742956850898689e-05
8.676736743223182648e-04
2.008131337577496577e-04
2.324935479958479569e-04
5.380796874812288012e-05
8.676736743223182648e-04
-1.444158505594361341e+06
1.542317973918614510e-04
-1.112438546395341400e+06
5.755951202515619978e-04
-1.386419439599890029e+06
-1.314703626766342437e+06
-2.053179519756758353e+06
-1.563985963263462530e+06
-1.728874553665013518e+06
-1.314703626766331261e+06
-1.563985962328641210e+06
-1.563985963263465092e+06
-1.728874547880098689e+06
-1.684957229093434522e+06
-1.761643058922642842e+06
-1.761643050292380853e+06
-1.767326349169551861e+06
1.767326293202700326e+06
1.761643035344331991e+06
1.761643043974593980e+06
1.684957225262471708e+06
1.728874547880114755e+06
1.563985961051664082e+06
1.563985960116828792e+06
1.314703626766345231e+06
1.728874547880116617e+06
1.563985961051653139e+06
2.053179519756759750e+06
1.314703626766338479e+06
1.386419438221683959e+06
1.112438545154568506e+06
1.112438545608722605e+06
8.469664564827083377e+05
-1.684957229093416361e+06
-1.761643058922637254e+06
-1.761643050292393658e+06
-1.767326349169520428e+06
1.767326293202668894e+06
1.761643035344346194e+06
1.761643043974588392e+06
1.684957225262453547e+06
1.444158505594359711e+06
6.758799119579190155e+05
6.286831677341364557e+05
3.778227302380172769e+05
2.963493993177266093e+05
2.002912290741889447e+05
9.230550858083016647e+04
7.347916328815283487e+04
8.464342016911831161e+04
2.606077937778687556e+04
4.939745360745862854e+04
1.835774578389048838e+04
2.734470266911400540e+04
1.191669908133586796e+04
1.213827458569527334e+04
5.375153359052147607e+03
6.687195985044381814e+03
2.958714273974608659e+03
2.958714273653129567e+03
1.308295909424716228e+03
1.628101392979513093e+03
7.197689715635954144e+02
7.197689714974096660e+02
3.181577485969204417e+02
1.482066048432826051e+02
1.750148511982121136e+02
1.489059938739760014e+02
4.532701623581093031e+01
1.281450218315099505e+02
4.047975109674669625e+01
8.946970751649934073e+01
2.989510272970720806e+01
6.284236528792833099e+01
2.192593301556995655e+01
3.513951164896744928e+01
1.301401628447556291e+01
2.162717437404755572e+01
8.361329757181060529e+00
1.034486526609078894e+01
4.264587233904368446e+00
5.690366299841302933e+00
2.495414707707692692e+00
2.515015431481681496e+00
1.111580365405231419e+00
1.383424957832731339e+00
6.114426679983560042e-01
6.114426679665736497e-01
2.702438528087763858e-01
4.458489187426549081e-07
1.705643578326831184e-06
1.663914097724501863e-06
6.365484531564843265e-06
4.458489187426549081e-07
1.705643578326831184e-06
1.663914097724501863e-06
6.365484531564843265e-06
4.458489187426549081e-07
1.705643578326831184e-06
1.663914097724501863e-06
6.365484531564843265e-06
4.458489187426549081e-07
1.705643578326831184e-06
1.663914097724501863e-06
6.365484531564843265e-06
8.778998359705241228e+02
3.345955315540826177e+03
2.686782690459160222e+03
9.781048665203243218e+03
3.116838305887646584e+03
1.068820163443219099e+04
2.673495157400710468e+03
8.284253234606172555e+03
2.014188274750539449e+03
5.767291987047037765e+03
1.730957334052261086e-07
6.341694133701766997e-07
4.638107896238324588e-08
1.699259771365478306e-07
1.730957334052261086e-07
6.341694133701766997e-07
4.638107896238324588e-08
1.699259771365478306e-07
1.730957334052261086e-07
6.341694133701766997e-07
4.638107896238324588e-08
1.699259771365478306e-07
1.730957334052261086e-07
6.341694133701766997e-07
4.638107896238324588e-08
1.699259771365478306e-07
1.730957334052261086e-07
6.341694133701766997e-07
4.638107896238324588e-08
1.699259771365478306e-07
1.730957334052261086e-07
6.341694133701766997e-07
4.638107896238324588e-08
1.699259771365478306e-07
1.730957334052261086e-07
6.341694133701766997e-07
4.638107896238324588e-08
1.699259771365478306e-07
1.730957334052261086e-07
6.341694133701766997e-07
4.638107896238324588e-08
1.699259771365478306e-07
1.730957334052261086e-07
6.341694133701766997e-07
4.638107896238324588e-08
1.699259771365478306e-07
1.730952686463283269e-07
6.341677106368291993e-07
4.638061420348547736e-08
1.699242744032004097e-07
1.730952686463283269e-07
6.341677106368291993e-07
9.169032229536985312e+01
3.352498620526434934e+02
2.948839555413311473e+02
1.051331567519021746e+03
3.658651053447098889e+02
1.260153615077668292e+03
3.541656059879909435e+02
1.145379941896628225e+03
2.950884524704496243e+02
9.047816540038840003e+02
-7.421582100203447681e+02
-9.047816540038849098e+02
-1.370790389638661281e+03
-2.995494239310146895e+03
-2.958714274355013458e+03
-7.071327426903206288e+03
-5.375153359800777253e+03
-1.233353511308027191e+04
-1.213827458921487778e+04
-2.734470267404340484e+04
-2.200499600995728542e+04
-4.939745361743861577e+04
-4.939745362587467389e+04
-1.098053000781527371e+05
-8.877805805293073354e+04
-1.945676001919215778e+05
-3.059680676690750406e+05
-4.103534042006184463e+05
-6.562458886704664910e+05
-6.758799120072098449e+05
-1.565148122654167470e+06
-1.186767327899026684e+06
-2.148262027013532817e+06
-2.148262027013532817e+06
-2.472295057206702419e+06
-2.472295057206702419e+06
2.472295057206702419e+06
2.472295057206702419e+06
1.563985960116838105e+06
2.148262027013532817e+06
2.472295057206702419e+06
2.472295057206702419e+06
2.148262027013532817e+06
2.148262027013532817e+06
-2.148262027013532817e+06
-1.563985962328647263e+06
-2.472295057206702419e+06
-2.472295057206702419e+06
1.186767326989504043e+06
1.565148122654166305e+06
6.758799116885958938e+05
6.562458886704618344e+05
4.103534040496988455e+05
3.059680676690730616e+05
1.945676001368891448e+05
8.877805803253156773e+04
-9.230550858082955529e+04
-2.532084528740167298e+04
-3.659503709069189063e+04
-9.087279344280857913e+03
1.889143368224688562e-05
4.650866108079027431e-06
7.050362443246150680e-05
1.735722777238514077e-05
1.889133903151773332e-05
4.650842806095931632e-06
7.050362443246150680e-05
1.735722777238514077e-05
1.889133903151773332e-05
4.650842806095931632e-06
7.050362443246150680e-05
1.735722777238514077e-05
1.889133903151773332e-05
4.650842806095931632e-06
7.050362443246150680e-05
1.735722777238514077e-05
1.889133903151773332e-05
4.650842806095931632e-06
7.050362443246150680e-05
1.735722777238514077e-05
1.889133903151773332e-05
4.650842806095931632e-06
7.050381373391981818e-05
-2.002912290741887991e+05
-6.286831677341362229e+05
-3.778227302380176261e+05
-1.444158505594366696e+06
-6.758799119579214603e+05
-2.053179519756762078e+06
-1.314703626766342437e+06
-1.728874547880100086e+06
-1.563985961051658494e+06
-1.112438545608732617e+06
-8.469664564827161375e+05
-1.386419438221696299e+06
-1.112438545154581079e+06
-1.563985960116837174e+06
-1.314703626766342437e+06
-1.728874547880100086e+06
-1.563985961051646154e+06
-1.761643043974639615e+06
-1.684957225262471708e+06
-1.767326293202700326e+06
-1.761643035344377626e+06
1.761643050292426022e+06
1.767326349169551861e+06
1.684957229093432426e+06
1.761643058922642842e+06
1.563985963263459969e+06
1.728874547880098689e+06
1.314703626766341273e+06
1.563985962328642840e+06
1.112438545941178454e+06
1.386419439599877922e+06
8.469664569474445889e+05
1.112438546395335346e+06
1.563985963263462763e+06
1.728874547880098689e+06
1.314703626766338479e+06
2.053179519756755559e+06
1.761643050292407628e+06
1.767326349169488996e+06
1.684957229093420552e+06
1.761643058922631666e+06
-1.761643043974627275e+06
-1.684957225262460066e+06
-1.767326293202636065e+06
-1.761643035344358766e+06
6.758799122765273787e+05
1.444158505594361341e+06
3.778227302380166366e+05
6.286831677341377363e+05
2.002912290741883335e+05
2.963493993177277152e+05
7.347916328815257293e+04
9.841638955498962605e+04
3.362550598140575312e+04
4.292903169802650518e+04
8.284253234606176193e+03
1.366203336122083238e+04
5.767291987047023213e+03
5.887717693675154806e+03
2.958714273653054988e+03
1.860784364192889143e+03
1.628101392979481943e+03
7.106907308491122421e+02
7.197689714974043227e+02
3.181577485969172585e+02
3.959567213748605354e+02
1.750148511982106356e+02
1.750148511842651260e+02
7.735474172058185616e+01
9.627186594284579257e+01
4.255063336973702093e+01
1.892715692004452066e+01
1.880654363913375349e+01
1.729531525644556567e+01
5.378277009104643902e+00
1.323323378217361501e+01
4.291518488649468388e+00
9.979069086411332279e+00
3.346245737753688498e+00
6.158957258376658750e+00
2.166265454310685179e+00
4.072057131776334771e+00
1.484097889923911451e+00
2.158126995094023837e+00
8.254909821104019496e-01
1.297555877521647805e+00
5.138208750918198398e-01
6.114426679665718734e-01
2.550747150496647242e-01
3.363338576942653257e-01
1.476792837646795364e-01
1.486519641889136878e-01
6.570080679710615934e-02
4.650889410062050386e-06
1.889152833297593628e-05
1.735718116841867642e-05
7.050343513100282950e-05
4.650889410062050386e-06
1.889152833297593628e-05
1.735718116841867642e-05
7.050343513100282950e-05
4.650889410062050386e-06
1.889152833297593628e-05
1.735718116841867642e-05
7.050343513100282950e-05
4.650889410062050386e-06
1.889152833297593628e-05
1.735718116841867642e-05
7.050343513100282950e-05
9.087279344280639634e+03
3.659503709069202887e+04
2.532084528740128371e+04
9.230550858082914783e+04
2.606077937778669366e+04
8.464342016911838436e+04
1.835774578389043745e+04
4.939745361743863759e+04
1.191669908133588433e+04
1.705643578326840290e-06
1.663923032930689071e-06
6.365518714168956173e-06
4.458489187426526317e-07
1.705643578326840290e-06
1.663923032930689071e-06
6.365518714168956173e-06
4.458489187426526317e-07
1.705643578326840290e-06
1.663923032930689071e-06
6.365518714168956173e-06
4.458489187426526317e-07
1.705643578326840290e-06
1.663923032930689071e-06
6.365518714168956173e-06
4.458489187426526317e-07
1.705643578326840290e-06
1.663923032930689071e-06
6.365518714168956173e-06
4.458489187426526317e-07
1.705643578326840290e-06
1.663923032930689071e-06
6.365518714168956173e-06
4.458489187426526317e-07
1.705643578326840290e-06
1.663923032930689071e-06
6.365518714168956173e-06
4.458489187426526317e-07
1.705643578326840290e-06
1.663923032930689071e-06
6.365518714168956173e-06
4.458489187426526317e-07
1.705643578326840290e-06
1.663923032930689071e-06
6.365518714168956173e-06
4.458489187426526317e-07
1.705643578326840290e-06
1.663918565327591444e-06
6.365501622866916660e-06
4.458444511395548985e-07
1.705626487024801200e-06
1.663918565327591444e-06
6.365501622866916660e-06
8.778998359705276471e+02
3.345955315540809806e+03
2.686782690459147943e+03
9.781048665203310520e+03
3.116838305887630668e+03
1.068820163443224737e+04
2.673495157400704102e+03
8.284253234606218030e+03
2.014188274750533537e+03
5.767291987047067778e+03
-2.014188274750536038e+03
-5.767291987047079601e+03
-2.673495157400704102e+03
-8.284253234606221667e+03
-1.255750770605371872e+04
-1.068820163443224919e+04
-2.348940592407828808e+04
-4.923919210570401629e+04
-4.939745362587442651e+04
-1.195817850068636326e+05
-8.877805805292999139e+04
-2.001718479043560510e+05
-1.945676002384395397e+05
-4.103534042006165255e+05
-3.378827599890615675e+05
-6.758799120072058868e+05
-6.758799122765298234e+05
-1.186767327899025520e+06
-8.469664569474487798e+05
-1.112438546395340934e+06
-1.112438545941190561e+06
-1.386419439599890029e+06
-1.314703627945069689e+06
-1.563985962328645866e+06
-1.563985963263468118e+06
-1.728874553665029118e+06
-1.314703626766331727e+06
-1.563985962328649592e+06
-1.563985963263467187e+06
-1.728874547880093101e+06
-1.684957229093424045e+06
-1.761643058922678931e+06
-1.761643050292420434e+06
-1.767326349169551861e+06
1.767326293202737113e+06
1.761643035344380420e+06
1.761643043974635890e+06
1.684957225262467051e+06
1.728874547880129190e+06
1.563985961051662453e+06
1.563985960116839036e+06
1.314703626766344532e+06
1.728874547880129190e+06
1.563985961051658494e+06
2.053179519756761147e+06
1.314703626766342903e+06
1.386419438221694203e+06
1.112438545154577354e+06
1.112438545608731220e+06
8.469664564827146241e+05
-1.684957229093422182e+06
-1.761643058922669385e+06
-1.761643050292418804e+06
-1.767326349169557448e+06
1.767326293202731758e+06
1.761643035344372736e+06
1.761643043974631233e+06
1.684957225262462627e+06
1.444158505594362272e+06
6.758799119579188991e+05
6.286831677341321483e+05
3.778227302380136680e+05
2.963493993177241064e+05
2.002912290741865581e+05
9.841638955498945143e+04
7.347916328815263114e+04
4.292903169802665798e+04
3.362550598140585498e+04
-3.345955315540842093e+03
-8.778998359705357188e+02
1.705635032675838321e-06
4.458466849411081061e-07
6.365501622866982728e-06
1.663918565327607749e-06
1.705626487024818776e-06
4.458444511395593454e-07
6.365501622866982728e-06
1.663918565327607749e-06
1.705626487024818776e-06
4.458444511395593454e-07
6.365501622866982728e-06
1.663918565327607749e-06
1.705626487024818776e-06
4.458444511395593454e-07
6.365501622866982728e-06
1.663918565327607749e-06
1.705626487024818776e-06
4.458444511395593454e-07
6.365501622866982728e-06
-1.255750770605387152e+04
-4.923919210570462747e+04
-2.348940592407860095e+04
-1.195817850068651896e+05
-4.939745361589532695e+04
-2.001718479043586703e+05
-8.877805803253200429e+04
-4.103534040497038513e+05
-3.059680676690736436e+05
-6.758799116886006668e+05
-6.562458886704634642e+05
-1.186767326989503112e+06
-1.565148122654160950e+06
-1.563985960116829490e+06
-2.148262027013527695e+06
-2.472295057206703350e+06
-2.472295057206702419e+06
2.472295057206702419e+06
2.472295057206702419e+06
2.148262027013531420e+06
2.148262027013531420e+06
2.472295057206702419e+06
2.472295057206702419e+06
2.148262027013531420e+06
2.148262027013531420e+06
-2.148262027013531420e+06
-2.148262027013527695e+06
-2.472295057206703350e+06
-2.472295057206702419e+06
1.565148122654164676e+06
1.565148122654169099e+06
6.562458886704678880e+05
6.562458886704704491e+05
3.059680676690760884e+05
3.059680676690772525e+05
1.007387860810645070e+05
1.007387860810649145e+05
4.376696075576966541e+04
4.376696075576966541e+04
1.387666939419282971e+04
1.387666939419282971e+04
5.968501349869051410e+03
5.968501349869051410e+03
1.882524107173543598e+03
1.882524107173543598e+03
8.085836838567510085e+02
8.085836838567510085e+02
2.548549102434456586e+02
2.548549102434469944e+02
9.627186594284479781e+01
9.219584146449651030e+01
4.255063336674487573e+01
3.610943819214192274e+01
2.340578405821215568e+01
1.774772338382717862e+01
1.034486526609107848e+01
6.552888059364997630e+00
5.690366299841451259e+00
2.515015431624841646e+00
1.868152138394411743e+00
5.952053511049045786e-01
1.488516809069649005e+00
4.868658821108794998e-01
9.942628134196563883e-01
3.379366810115493336e-01
6.974475958263128827e-01
2.441037494466066771e-01
4.007604648755850874e-01
1.461053380007255598e-01
2.554111721211616004e-01
9.594605411824171093e-02
1.308592918213603573e-01
5.118682912375752819e-02
7.747909685249927680e-02
3.119798788455134531e-02
3.613978125114077761e-02
1.520386332494887659e-02
5.380796874812261585e-05
2.324935479958466016e-04
2.008120553985208413e-04
8.676690149462211845e-04
5.380796874812261585e-05
2.324935479958466016e-04
2.008120553985208413e-04
8.676690149462211845e-04
5.380796874812261585e-05
2.324935479958466016e-04
2.008120553985208413e-04
8.676690149462211845e-04
5.380796874812261585e-05
2.324935479958466016e-04
2.008120553985208413e-04
8.676690149462211845e-04
1.030953280911197362e+05
4.290396929181491141e+05
2.312292560196998529e+05
6.758799120072106598e+05
1.881569141914812499e+05
4.103534042006181553e+05
8.877805805293054436e+04
7.050343513100320897e-05
4.650889410062097820e-06
1.889152833297604131e-05
1.735727437635123241e-05
7.050381373391981818e-05
4.650889410062097820e-06
1.889152833297604131e-05
1.735727437635123241e-05
7.050381373391981818e-05
4.650889410062097820e-06
1.889152833297604131e-05
1.735727437635123241e-05
7.050381373391981818e-05
4.650889410062097820e-06
1.889152833297604131e-05
1.735727437635123241e-05
7.050381373391981818e-05
4.650889410062097820e-06
1.889152833297604131e-05
1.735727437635123241e-05
7.050381373391981818e-05
4.650889410062097820e-06
1.889152833297604131e-05
1.735727437635123241e-05
7.050381373391981818e-05
4.650889410062097820e-06
1.889152833297604131e-05
1.735727437635123241e-05
7.050381373391981818e-05
4.650889410062097820e-06
1.889152833297604131e-05
1.735727437635123241e-05
7.050381373391981818e-05
4.650889410062097820e-06
1.889152833297604131e-05
1.735727437635123241e-05
7.050381373391981818e-05
4.650889410062097820e-06
1.889152833297604131e-05
1.735722777238503912e-05
7.050362443246150680e-05
4.650842806095906221e-06
1.889133903151773332e-05
1.735722777238503912e-05
7.050362443246150680e-05
9.087279344280810619e+03
3.659503709069189063e+04
2.532084528740153110e+04
9.230550858082955529e+04
2.606077937778696287e+04
8.464342016911879182e+04
1.835774578389062663e+04
4.939745361743896501e+04
1.191669908133597710e+04
1.705626487024801200e-06
-1.191669908133598619e+04
6.365501622866916660e-06
-1.835774578389062663e+04
-4.939745361743900139e+04
-2.606077937778694468e+04
-8.464342016911874816e+04
-2.532084528740154201e+04
-9.230550858082955529e+04
-2.002912290741864126e+05
-3.659503709069207252e+04
-3.778227302380135516e+05
-6.286831677341305185e+05
-6.758799122765293578e+05
-1.444158505594355287e+06
-8.469664569474471500e+05
-1.112438546395337442e+06
-1.112438545941187302e+06
-1.386419439599887002e+06
-1.314703626766339876e+06
-2.053179519756753230e+06
-1.563985963263468817e+06
-1.728874547880100785e+06
-1.314703626766337780e+06
-1.563985962328647031e+06
-1.563985963263467653e+06
-1.728874547880093101e+06
-1.684957229093421949e+06
-1.761643058922664961e+06
-1.761643050292414147e+06
-1.767326349169573048e+06
1.767326293202721514e+06
1.761643035344376694e+06
1.761643043974631233e+06
1.684957225262463791e+06
1.728874547880110331e+06
1.563985961051658262e+06
1.563985960116837639e+06
1.314703626766342670e+06
1.728874542095174314e+06
1.563985961051658494e+06
1.563985960116840899e+06
1.314703626766342670e+06
1.386419438221691642e+06
1.112438545154577587e+06
1.112438545608729823e+06
8.469664564827143913e+05
-1.684957229093423113e+06
-1.761643058922670549e+06
-1.761643050292414147e+06
-1.767326349169573048e+06
1.767326293202726636e+06
1.761643035344373668e+06
1.761643043974632397e+06
1.684957225262462394e+06
1.186767326989506837e+06
6.758799119579195976e+05
6.758799116885960102e+05
3.378827598740534741e+05
4.103534040496991947e+05
1.945676001834094932e+05
2.001718479043563420e+05
8.877805803253117483e+04
1.195817850068636180e+05
4.939745361589477398e+04
4.923919210570401629e+04
2.348940592407834993e+04
2.392354659392459507e+04
1.255750770605376965e+04
8.462031060261131643e+03
4.915513653962134413e+03
1.699251257698750069e-07
2.376550652760236517e+03
6.341677106368324816e-07
1.730952686463283269e-07
1.699242744032012832e-07
4.638061420348547736e-08
6.341677106368324816e-07
1.730952686463283269e-07
1.699242744032012832e-07
4.638061420348547736e-08
6.341677106368324816e-07
1.730952686463283269e-07
1.699242744032012832e-07
4.638061420348547736e-08
6.341677106368324816e-07
1.730952686463283269e-07
1.699242744032012832e-07
4.638061420348547736e-08
-7.071327426903271771e+03
-5.968501349869062324e+03
-1.233353511308040106e+04
-1.387666939419285518e+04
-4.376696075576986914e+04
-4.376696075576986914e+04
-1.007387860810649145e+05
-1.007387860810649145e+05
-3.059680676690749242e+05
-3.059680676690736436e+05
-6.562458886704634642e+05
-6.562458886704634642e+05
-1.565148122654160950e+06
-1.565148122654160950e+06
-2.148262027013531420e+06
-2.148262027013527695e+06
-2.472295057206703350e+06
-2.472295057206702419e+06
2.472295057206702419e+06
2.472295057206702419e+06
2.148262027013531420e+06
2.148262027013531420e+06
2.472295057206702419e+06
2.472295057206702419e+06
2.148262027013531420e+06
2.148262027013531420e+06
-2.148262027013531420e+06
-2.148262027013527695e+06
-2.472295057206703350e+06
-2.472295057206702419e+06
1.565148122654164676e+06
1.565148122654169099e+06
6.562458886704678880e+05
6.562458886704704491e+05
3.059680676690760884e+05
3.059680676690772525e+05
1.007387860810645070e+05
1.007387860810649145e+05
4.376696075576966541e+04
4.376696075576966541e+04
1.387666939419282971e+04
1.233353511308031193e+04
5.968501349869051410e+03
7.071327426903221749e+03
1.882524107173543598e+03
2.995494239310154171e+03
7.421582100203447681e+02
1.518518921755881593e+03
3.020188934513772097e+02
5.722987736513331356e+02
1.511545222653751068e+02
2.730186039951485100e+02
5.669555571080636724e+01
9.681266485497840790e+01
2.710222363740109586e+01
4.466967546220755736e+01
9.677701527304412465e+00
1.529501043616312117e+01
4.495961448943742944e+00
6.917595288693990874e+00
1.555670070263130755e+00
2.317725802350497410e+00
7.092770177482510263e-01
1.034928332915010518e+00
1.519441138499111332e-01
3.418272187635169601e-01
1.119159114476352690e-01
1.513215775771245553e-01
6.884754967891132393e-02
4.948891406144616950e-02
4.613954458818891186e-02
1.667002262287029316e-02
2.530663223321661173e-02
9.472135535296390130e-03
1.573625852022149385e-02
6.043720269183756703e-03
7.876967157105368988e-03
3.132109983143973025e-03
2.878028872780025692e-04
1.236106080568244838e-03
1.074127258074988704e-03
4.613349252914432548e-03
1.649756104852195988e-03
7.085660508654142813e-03
2.436080475649182123e-03
1.046290368100032987e-02
7.085660508654288529e-03
1.649756104852207698e-03
1.046290368100054671e-02
2.436080475649199471e-03
1.236106080568270208e-03
2.878028872780045750e-04
4.613349252914527958e-03
1.074127258074996294e-03
2.878028872780025692e-04
1.236106080568244838e-03
1.074127258074988704e-03
4.613349252914432548e-03
1.649756104852195988e-03
7.085660508654142813e-03
2.436080475649182123e-03
1.046290368100032987e-02
7.085660508654288529e-03
1.649756104852207698e-03
1.046290368100054671e-02
2.436080475649199471e-03
1.236106080568270208e-03
2.878028872780045750e-04
4.613349252914527958e-03
1.074127258074996294e-03
2.878028872780025692e-04
1.236106080568244838e-03
1.074127258074988704e-03
4.613349252914432548e-03
1.649756104852195988e-03
7.085660508654142813e-03
2.436080475649182123e-03
1.046290368100032987e-02
7.085660508654288529e-03
1.649756104852207698e-03
1.046290368100054671e-02
2.436080475649199471e-03
1.236106080568270208e-03
2.878028872780045750e-04
4.613349252914527958e-03
1.074127258074996294e-03
2.878028872780025692e-04
1.236106080568244838e-03
1.074127258074988704e-03
4.613349252914432548e-03
1.649756104852195988e-03
7.085660508654142813e-03
2.436080475649182123e-03
1.046290368100032987e-02
7.085660508654288529e-03
1.649756104852207698e-03
1.046290368100054671e-02
-1.563985961051664082e+06
1.236106080568270208e-03
2.878028872780045750e-04
4.613349252914527958e-03
1.074127258074996294e-03
5.501477942349247169e+05
1.728874547880098689e+06
1.314703626766333589e+06
1.563985962328641210e+06
1.112438545941189863e+06
1.386419439599887468e+06
8.469664569474508753e+05
1.112438546395341400e+06
1.563985963263470447e+06
1.728874553665031679e+06
1.314703627945075743e+06
1.563985962328641210e+06
1.761643050292336848e+06
1.767326349169886904e+06
1.684957229093445698e+06
1.761643058922642842e+06
-1.761643043974549742e+06
-1.684957225262446795e+06
-1.767326293202532688e+06
-1.761643035344331991e+06
6.758799122765290085e+05
1.186767327899028081e+06
2.008120553985208413e-04
8.676690149462211845e-04
5.380796874812261585e-05
2.324935479958466016e-04
2.008131337577486277e-04
8.676736743223085069e-04
5.380796874812261585e-05
2.324935479958466016e-04
2.008131337577486277e-04
8.676736743223085069e-04
5.380796874812261585e-05
2.324935479958466016e-04
2.008131337577486277e-04
8.676736743223085069e-04
5.380796874812261585e-05
2.324935479958466016e-04
2.008131337577486277e-04
8.676736743223085069e-04
5.380796874812261585e-05
2.324935479958466016e-04
2.008131337577486277e-04
8.676736743223085069e-04
5.380796874812261585e-05
2.324935479958466016e-04
2.008131337577486277e-04
8.676736743223085069e-04
5.380796874812261585e-05
2.324935479958466016e-04
2.008131337577486277e-04
8.676736743223085069e-04
5.380796874812261585e-05
2.324935479958466016e-04
2.008131337577486277e-04
8.676736743223085069e-04
5.380796874812261585e-05
2.324935479958466016e-04
2.008131337577486277e-04
8.676736743223085069e-04
5.380796874812261585e-05
2.324935479958466016e-04
2.008125945781347209e-04
8.676713446342650083e-04
5.380742956850872262e-05
2.324912183078030488e-04
2.008125945781347209e-04
8.676713446342650083e-04
1.030953280911206966e+05
4.290396929181454470e+05
2.312292560196999402e+05
6.758799120072084479e+05
1.881569141914816864e+05
4.103534042006190284e+05
8.877805805293079175e+04
7.050362443246114088e-05
4.650842806095882504e-06
1.889133903151763168e-05
1.735722777238495442e-05
7.050362443246114088e-05
-8.877805805293079175e+04
1.889133903151763168e-05
-1.881569141914815118e+05
-4.103534042006184463e+05
-2.312292560196999693e+05
-6.758799120072082151e+05
-1.030953280911214679e+05
-4.290396929181473679e+05
5.380769915831566923e-05
2.324923831518248252e-04
-1.565148122654159553e+06
-1.186767327899018768e+06
-2.148262027013527695e+06
-2.148262027013527695e+06
-2.472295057206702419e+06
-2.472295057206702419e+06
2.472295057206702419e+06
2.472295057206702419e+06
1.563985960116836242e+06
2.148262027013532817e+06
2.472295057206702419e+06
2.472295057206702419e+06
2.148262027013532817e+06
2.148262027013532817e+06
-2.148262027013527695e+06
-1.563985962328637717e+06
-2.472295057206702419e+06
-2.472295057206702419e+06
1.186767326989505440e+06
1.565148122654167470e+06
6.758799116885974072e+05
6.562458886704664910e+05
4.103534040497011738e+05
3.059680676690756809e+05
1.945676001368919678e+05
8.877805803253187332e+04
1.098053000515876047e+05
4.939745361589521053e+04
4.939745360745907965e+04
2.200499600614118390e+04
2.734470266911424551e+04
1.213827458730756553e+04
1.233353511308032466e+04
5.375153359052195810e+03
7.071327426903234482e+03
2.958714273974626849e+03
2.995494239310154171e+03
1.370790389638661281e+03
1.518518921755884094e+03
7.421582100203462460e+02
6.767834383787831351e-08
3.020188934513777781e+02
1.813430938940950883e-08
5.091728214685048669e-09
6.767834383787831351e-08
1.900263888977919144e-08
1.813430938940950883e-08
5.091728214685048669e-09
6.767834383787831351e-08
1.900263888977919144e-08
1.813430938940950883e-08
5.091728214685048669e-09
6.767834383787831351e-08
-8.085836838567466884e+02
-1.882524107173537232e+03
-1.882524107173537232e+03
-5.968501349869062324e+03
-5.968501349869062324e+03
-1.387666939419285518e+04
-1.387666939419285518e+04
-4.376696075576986914e+04
-4.376696075576986914e+04
-1.007387860810649145e+05
-1.007387860810649145e+05
-3.059680676690749242e+05
-3.059680676690736436e+05
-6.562458886704634642e+05
-6.562458886704634642e+05
-1.565148122654160950e+06
-1.565148122654160950e+06
-2.148262027013531420e+06
-2.148262027013527695e+06
-2.472295057206703350e+06
-2.472295057206702419e+06
2.472295057206702419e+06
2.472295057206702419e+06
2.148262027013531420e+06
2.148262027013531420e+06
2.472295057206702419e+06
2.472295057206702419e+06
2.148262027013531420e+06
1.563985962328646565e+06
-2.148262027013531420e+06
-2.148262027013527695e+06
-2.472295057206703350e+06
-2.472295057206702419e+06
1.565148122654164676e+06
1.186767327899027383e+06
6.562458886704678880e+05
6.758799120072111255e+05
3.059680676690760884e+05
4.103534042006197851e+05
8.877805805293013691e+04
2.001718479043563711e+05
4.939745362587452109e+04
1.195817850068634289e+05
2.348940592407835356e+04
4.923919210570397263e+04
1.255750770605374055e+04
2.392354659392455505e+04
4.915513653962134413e+03
8.462031060261131643e+03
2.376550652760231060e+03
3.860929119376735343e+03
8.491766886855475605e+02
1.295339198195128120e+03
3.922146050882809618e+02
5.764345160881960055e+02
1.340209069021429968e+02
1.889050253129885277e+02
6.043531318691042742e+01
8.304167729955676691e+01
2.014564919208513061e+01
2.687842925827665397e+01
8.958476664425909064e+00
1.173452622497748088e+01
2.941655691542360618e+00
3.770394658116644759e+00
1.296654340313480480e+00
1.639084075888960434e+00
4.216361333503457209e-01
5.241845621922770482e-01
1.847642685583557876e-01
2.272374086406876714e-01
5.967983208109753357e-02
7.244064004256292599e-02
2.604490186966413809e-02
3.134242460797200674e-02
8.372631710775466432e-03
9.969142226306888441e-03
2.956952989731316105e-03
4.307233707256960184e-03
1.569727280223791798e-03
1.367751183766483750e-03
2.324935479958479569e-04
5.380796874812315118e-05
8.676690149462211845e-04
2.008120553985218713e-04
2.324935479958479569e-04
5.380796874812315118e-05
8.676690149462211845e-04
2.008120553985218713e-04
2.324935479958479569e-04
5.380796874812315118e-05
8.676690149462211845e-04
2.008120553985218713e-04
2.324935479958479569e-04
5.380796874812315118e-05
-1.186767326989498921e+06
-6.758799119579200633e+05
-1.563985960116834613e+06
-1.314703626766342437e+06
-1.728874542095183395e+06
-1.563985961051664082e+06
-1.112438545608724002e+06
-8.469664564827133436e+05
-1.386419438221689081e+06
-1.112438545154576423e+06
-1.563985960116826929e+06
-1.314703625587606337e+06
-1.728874547880098689e+06
-5.501477942349482328e+05
-1.761643043974638917e+06
-1.684957225262471708e+06
-1.767326293202867964e+06
-1.761643035344331991e+06
1.761643050292336848e+06
1.767326349169886904e+06
1.684957229093419388e+06
1.761643058922642842e+06
1.563985963263454847e+06
1.236106080568244838e-03
1.074127258074988704e-03
4.613349252914432548e-03
1.649756104852195988e-03
7.085660508654142813e-03
2.436080475649182123e-03
1.046290368100032987e-02
7.085660508654142813e-03
1.649756104852207698e-03
1.046290368100032987e-02
2.436080475649199471e-03
1.236106080568244838e-03
2.878028872780045750e-04
4.613349252914432548e-03
1.074127258074996294e-03
2.878144233886036963e-04
1.236155627869854699e-03
1.074127258074988704e-03
4.613349252914432548e-03
1.649756104852195988e-03
7.085660508654142813e-03
2.436068939538581050e-03
1.046290368100032987e-02
7.085660508654142813e-03
1.649756104852207698e-03
1.046285413369872283e-02
2.436080475649199471e-03
1.236155627869854699e-03
2.878144233886057563e-04
4.613349252914432548e-03
1.074127258074996294e-03
2.878144233886036963e-04
1.236155627869854699e-03
1.074127258074988704e-03
4.613349252914432548e-03
1.649756104852195988e-03
7.085660508654142813e-03
2.436068939538581050e-03
1.046290368100032987e-02
7.085660508654142813e-03
1.649756104852207698e-03
1.046285413369872283e-02
2.436080475649199471e-03
1.236155627869854699e-03
2.878144233886057563e-04
4.613349252914432548e-03
1.074127258074996294e-03
2.878144233886036963e-04
1.236155627869854699e-03
1.074127258074988704e-03
4.613349252914432548e-03
1.649756104852195988e-03
7.085660508654142813e-03
2.436080475649182123e-03
1.046290368100032987e-02
7.085660508654142813e-03
1.649756104852207698e-03
1.046290368100032987e-02
2.436080475649199471e-03
1.236155627869854699e-03
2.878144233886057563e-04
4.613349252914432548e-03
1.074127258074996294e-03
2.878144233886036963e-04
1.236155627869854699e-03
1.074127258074988704e-03
4.613349252914432548e-03
1.649756104852195988e-03
7.085660508654142813e-03
2.436068939538581050e-03
1.046290368100032987e-02
7.085660508654142813e-03
1.649756104852207698e-03
1.046285413369872283e-02
2.436080475649199471e-03
1.236155627869854699e-03
2.878144233886057563e-04
4.613349252914432548e-03
1.074127258074996294e-03
2.878144233886036963e-04
1.236155627869854699e-03
1.074127258074988704e-03
4.613349252914432548e-03
1.649756104852195988e-03
7.085660508654142813e-03
2.436080475649182123e-03
1.046290368100032987e-02
7.085660508654142813e-03
1.649756104852207698e-03
1.046290368100032987e-02
2.436080475649199471e-03
1.236155627869854699e-03
2.878144233886057563e-04
4.613349252914432548e-03
1.074127258074996294e-03
2.878144233886036963e-04
1.236155627869854699e-03
1.074127258074988704e-03
4.613349252914432548e-03
1.649756104852195988e-03
7.085660508654142813e-03
2.436080475649182123e-03
1.046290368100032987e-02
7.085660508654142813e-03
1.649756104852207698e-03
1.046290368100032987e-02
2.436080475649199471e-03
1.236155627869854699e-03
2.878144233886057563e-04
4.613349252914432548e-03
1.074127258074996294e-03
2.878144233886036963e-04
1.236155627869854699e-03
1.074127258074988704e-03
4.613349252914432548e-03
1.649756104852195988e-03
7.085660508654142813e-03
2.436068939538581050e-03
1.046285413369872283e-02
7.085660508654142813e-03
1.649756104852207698e-03
1.046285413369872283e-02
2.436068939538598398e-03
1.236155627869854699e-03
2.878144233886057563e-04
4.613349252914432548e-03
1.074127258074996294e-03
2.878144233886036963e-04
1.236155627869854699e-03
1.074127258074988704e-03
4.613349252914432548e-03
1.649756104852195988e-03
7.085660508654142813e-03
2.436068939538581050e-03
1.046290368100032987e-02
7.085660508654142813e-03
1.649756104852207698e-03
1.046285413369872283e-02
2.436080475649199471e-03
1.236155627869854699e-03
2.878144233886057563e-04
4.613349252914432548e-03
1.074127258074996294e-03
2.878144233886036963e-04
1.236155627869854699e-03
1.074127258074988704e-03
4.613349252914432548e-03
1.649756104852195988e-03
7.085660508654142813e-03
2.436080475649182123e-03
1.046290368100032987e-02
7.085660508654142813e-03
1.649756104852207698e-03
1.046290368100032987e-02
2.436080475649199471e-03
1.236155627869854699e-03
2.878144233886057563e-04
4.613349252914432548e-03
1.074127258074996294e-03
2.878144233886036963e-04
1.236155627869854699e-03
1.074127258074988704e-03
4.613349252914432548e-03
1.649756104852195988e-03
7.085660508654142813e-03
2.436074707593881370e-03
1.046287890734952722e-02
7.085660508654142813e-03
1.649756104852207698e-03
1.046287890734952722e-02
2.436074707593898717e-03
1.236155627869854699e-03
2.878144233886057563e-04
4.613349252914432548e-03
1.074127258074996294e-03
2.878144233886036963e-04
1.236155627869854699e-03
1.074133026130289457e-03
4.613374026565238671e-03
1.649756104852195988e-03
7.085660508654142813e-03
2.436074707593881370e-03
1.046287890734952722e-02
7.085660508654142813e-03
1.649756104852207698e-03
1.046287890734952722e-02
-1.563985961051657330e+06
1.236155627869854699e-03
2.878144233886057563e-04
4.613374026565238671e-03
1.074133026130297047e-03
5.501477942349346122e+05
1.728874547880090773e+06
1.314703626766336150e+06
1.563985962328647729e+06
1.112438545941189863e+06
1.386419439599890029e+06
8.469664569474508753e+05
1.112438546395341400e+06
1.563985963263470447e+06
1.728874553665030748e+06
1.314703626766342437e+06
1.563985962328652618e+06
1.761643050292426255e+06
1.767326349169551861e+06
1.684957229093429167e+06
1.761643058922687545e+06
-1.761643043974616332e+06
-1.684957225262465654e+06
-1.767326293202784145e+06
-1.761643035344399046e+06
6.758799122765330831e+05
1.186767327899027616e+06
2.008125945781357509e-04
8.676713446342650083e-04
5.380742956850872262e-05
2.324912183078017749e-04
2.008125945781357509e-04
8.676713446342650083e-04
5.380742956850872262e-05
2.324912183078017749e-04
-6.758799122765338980e+05
-1.186767327899030410e+06
-8.469664569474501768e+05
-1.112438546395340702e+06
-1.112438545941187767e+06
-1.386419439599887701e+06
-1.314703626766343135e+06
-1.563985962328648195e+06
-1.563985963263468584e+06
-1.728874553665025625e+06
-1.314703626766337547e+06
-1.563985962328647031e+06
-5.501477942349422956e+05
-1.728874547880094266e+06
-1.684957229093422415e+06
-1.761643058922664961e+06
-1.761643050292425556e+06
-1.767326349169552093e+06
1.767326293202742236e+06
1.761643035344365984e+06
1.761643043974627508e+06
1.684957225262463326e+06
2.878115393609534281e-04
1.236143241044452504e-03
1.074130142102639081e-03
4.613361639739835610e-03
1.649756104852195988e-03
7.085660508654142813e-03
-1.563985963263459271e+06
1.046287890734952722e-02
7.085660508654142813e-03
1.649756104852207698e-03
1.046287890734952722e-02
2.436074707593898717e-03
1.236143241044452504e-03
1.563985961051658727e+06
4.613361639739835610e-03
1.074130142102646670e-03
1.728874547880100785e+06
5.501477942349482328e+05
1.563985960116828559e+06
1.314703626766345464e+06
1.728874547880110331e+06
1.563985961051651277e+06
2.053179519756761845e+06
1.314703626766342670e+06
1.386419438221682096e+06
1.112438545154569671e+06
1.112438545608722372e+06
8.469664564827091526e+05
-1.684957229093412869e+06
-1.761643058922664961e+06
-1.761643050292412518e+06
-1.767326349169530906e+06
1.767326293202721514e+06
1.761643035344369709e+06
1.761643043974622386e+06
1.684957225262457039e+06
1.444158505594362272e+06
6.758799119579178514e+05
6.286831677341344766e+05
3.778227302380157635e+05
2.963493993177258526e+05
2.002912290741885081e+05
9.841638955499022268e+04
7.347916328815322777e+04
4.292903169802686898e+04
3.362550598140608781e+04
1.213827458569528608e+04
1.120354254697323086e+04
6.687195985044400913e+03
4.947325986539900441e+03
2.958714273653074997e+03
1.308295909424717593e+03
1.628101392979496950e+03
7.197689715635989387e+02
7.278089364638593679e+02
3.181577485969168038e+02
4.127907861304867083e+02
1.750148511982116872e+02
1.776853396674181340e+02
8.021308983772124179e+01
9.219584146449651030e+01
4.369697825983731576e+01
7.556621702040726983e-09
2.162877004876824201e-09
2.024785302249641490e-09
5.795396068147276039e-10
7.556621702040726983e-09
-9.727947655941981964e+01
-2.525114003559494336e+02
-2.242447283793483734e+02
-8.001559151424291940e+02
-6.995053859974569832e+02
-1.860784364192879821e+03
-1.603526512054669183e+03
-5.887717693675164810e+03
-4.947325986539896803e+03
-1.366203336122085784e+04
-1.120354254697324177e+04
-4.292903169802668708e+04
-3.362550598140591319e+04
-9.841638955498962605e+04
-7.347916328815290763e+04
-2.963493993177253287e+05
-2.002912290741869656e+05
-6.286831677341321483e+05
-3.778227302380152396e+05
-1.444158505594354356e+06
-6.758799119579177350e+05
-2.053179519756759750e+06
-1.314703626766345231e+06
-1.728874547880100086e+06
-1.563985961051664082e+06
-1.112438545608728658e+06
-8.469664564827127615e+05
-1.386419438221690943e+06
-1.112438545154576423e+06
-1.563985960116842529e+06
-1.314703626766342437e+06
-1.728874547880082158e+06
-1.563985961051658494e+06
-1.761643043974594912e+06
-1.684957225262471708e+06
-1.767326293202700326e+06
-1.761643035344377626e+06
1.761643050292426022e+06
1.767326349169551861e+06
1.684957229093432426e+06
1.761643058922687313e+06
1.563985963263467886e+06
1.728874547880098689e+06
1.314703626766338479e+06
1.563985962328646565e+06
1.112438545941185672e+06
1.386419439599883743e+06
8.469664569474511081e+05
1.112438546395345824e+06
1.563985963263462530e+06
1.728874547880098689e+06
1.314703627945072483e+06
2.053179519756764174e+06
1.761643050292380853e+06
1.767326349169719731e+06
1.684957229093422415e+06
1.761643058922642842e+06
-1.761643043974639615e+06
-1.684957225262471708e+06
-1.767326293202867964e+06
-1.761643035344377626e+06
6.758799122765322682e+05
1.444158505594364833e+06
3.778227302380140754e+05
6.286831677341321483e+05
2.002912290741862962e+05
2.963493993177228258e+05
7.347916328815264569e+04
9.841638955498929136e+04
3.362550598140575312e+04
4.292903169802650518e+04
1.120354254697322358e+04
1.366203336122083238e+04
4.947325986539883161e+03
5.887717693675154806e+03
1.603526512054677369e+03
1.860784364192895964e+03
6.995053859974592569e+02
8.001559151424335141e+02
2.242447283793499651e+02
2.525114003559511957e+02
9.727947655941999017e+01
1.085188146193590342e+02
3.101319726024046375e+01
3.422905569884497368e+01
1.341298176125773622e+01
1.470657937575341023e+01
4.262405276041201674e+00
4.637607144631843425e+00
1.840046386038445725e+00
1.992280560763464825e+00
5.835440707221196677e-01
6.281560610469295591e-01
2.516056642569023949e-01
2.698270739003771346e-01
7.968369927068043312e-02
8.506662019771388250e-02
3.432828960061379275e-02
3.653849837531435163e-02
1.086128017156650152e-02
1.151844540828465477e-02
4.676295073891921679e-03
4.947279191067709136e-03
1.478507211112792610e-03
1.559507075821967535e-03
1.889152833297613279e-05
4.650889410062123231e-06
7.050343513100356134e-05
1.735718116841894747e-05
1.889152833297613279e-05
4.650889410062123231e-06
7.050343513100356134e-05
1.735718116841894747e-05
1.889152833297613279e-05
4.650889410062123231e-06
7.050343513100356134e-05
1.735718116841894747e-05
1.889152833297613279e-05
-8.877805803253153863e+04
-4.103534040497002425e+05
-1.881569141914820066e+05
-6.758799116885967087e+05
-2.312292560197009007e+05
-4.290396929181514424e+05
-1.030953280911221373e+05
2.324935479958479569e-04
5.380796874812288012e-05
8.676690149462262802e-04
2.008120553985218713e-04
2.324935479958479569e-04
5.380796874812288012e-05
8.676736743223134943e-04
2.008131337577496577e-04
2.324935479958479569e-04
5.380796874812288012e-05
8.676736743223134943e-04
2.008131337577496577e-04
2.324935479958479569e-04
5.380796874812288012e-05
8.676736743223134943e-04
2.008131337577496577e-04
2.324935479958479569e-04
5.380796874812288012e-05
8.676736743223134943e-04
2.008131337577496577e-04
2.324935479958479569e-04
5.380796874812288012e-05
8.676736743223134943e-04
2.008131337577496577e-04
2.324935479958479569e-04
5.380796874812288012e-05
8.676736743223134943e-04
2.008131337577496577e-04
2.324935479958479569e-04
5.380796874812288012e-05
8.676736743223134943e-04
2.008131337577496577e-04
2.324935479958479569e-04
5.380796874812288012e-05
8.676736743223134943e-04
2.008131337577496577e-04
2.324935479958479569e-04
5.380796874812288012e-05
8.676736743223134943e-04
2.008131337577496577e-04
2.324935479958479569e-04
5.380796874812288012e-05
8.676713446342699957e-04
2.008125945781357509e-04
2.324912183078043770e-04
5.380742956850898689e-05
-1.186767326989503810e+06
-6.758799119579208782e+05
-1.563985960116836010e+06
-1.314703626766337547e+06
-1.728874542095175711e+06
-1.563985961051657796e+06
-1.112438545608727261e+06
-8.469664564827143913e+05
-1.386419438221689546e+06
-1.112438545154578052e+06
-1.563985960116836010e+06
-1.314703625587611925e+06
-1.728874542095176643e+06
-5.501477942349482328e+05
-1.761643043974645436e+06
-1.684957225262464257e+06
-1.767326293202816742e+06
-1.761643035344364122e+06
1.761643050292412285e+06
1.767326349169583526e+06
1.684957229093428003e+06
1.761643058922693133e+06
1.563985963263472309e+06
1.236155627869854699e-03
1.074133026130289457e-03
4.613374026565238671e-03
1.649756104852184496e-03
7.085660508654142813e-03
2.436074707593881370e-03
1.046287890734952722e-02
7.085660508654213936e-03
1.649756104852207698e-03
1.046287890734963130e-02
2.436074707593898717e-03
1.236155627869867492e-03
2.878144233886057563e-04
4.613374026565283774e-03
1.074133026130297047e-03
2.878144233886016905e-04
1.236155627869854699e-03
1.074133026130289457e-03
4.613374026565238671e-03
1.649756104852184496e-03
7.085660508654142813e-03
2.436074707593881370e-03
1.046287890734952722e-02
7.085660508654213936e-03
1.649756104852207698e-03
1.046287890734963130e-02
2.436074707593898717e-03
1.236155627869867492e-03
2.878144233886057563e-04
4.613374026565283774e-03
1.074133026130297047e-03
2.878144233886016905e-04
1.236155627869854699e-03
1.074130142102639081e-03
4.613361639739835610e-03
1.649756104852184496e-03
7.085660508654142813e-03
-1.563985963263469981e+06
1.046287890734952722e-02
7.085660508654213936e-03
1.649756104852207698e-03
1.046287890734963130e-02
-1.563985961051657330e+06
1.236155627869867492e-03
2.878144233886057563e-04
4.613361639739881580e-03
1.074130142102646670e-03
1.728874542095168494e+06
1.563985961051662685e+06
1.563985960116837639e+06
1.314703626766337082e+06
1.563985963263469050e+06
1.728874553665030748e+06
1.314703627945071785e+06
2.053179519756757887e+06
1.767326293202731758e+06
1.761643035344375297e+06
1.761643043974633561e+06
1.684957225262467982e+06
1.761643050292414147e+06
1.767326349169594003e+06
1.684957229093425674e+06
1.761643058922664961e+06
-1.684957229093426373e+06
-1.761643058922670549e+06
-1.761643050292412285e+06
-1.767326349169583526e+06
-1.761643043974627508e+06
-1.684957225262465654e+06
-1.767326293202700326e+06
-1.761643035344376462e+06
1.186767326989505673e+06
1.444158505594360176e+06
8.676719270562807890e-04
2.008127293730392073e-04
4.290396929181503947e+05
1.030953280911218753e+05
6.758799116885922849e+05
2.312292560197009298e+05
4.103534040496983216e+05
1.881569141914814827e+05
2.001718479043577099e+05
8.877805803253116028e+04
1.195817850068647240e+05
4.939745361589505046e+04
4.923919210570452560e+04
2.348940592407856821e+04
2.392354659392476970e+04
1.255750770605387333e+04
8.462031060261166203e+03
4.915513653962157150e+03
3.860929119376748076e+03
2.376550652760244702e+03
1.295339198195126301e+03
8.491766886855505163e+02
5.764345160881970287e+02
3.922146050882824966e+02
1.750148511842634491e+02
1.340209069021429968e+02
9.627186594284519572e+01
6.043531318691051979e+01
4.291470338626687919e+01
1.880654363913360072e+01
2.419491434487120785e+01
1.034486526674177931e+01
8.703131381446670709e-10
-8.958476664425859326e+00
-2.687842925827665397e+01
-2.014564919208499205e+01
-8.304167729955663901e+01
-6.043531318691024268e+01
-1.889050253129871919e+02
-1.340209069021424568e+02
-5.764345160881930497e+02
-3.922146050882797113e+02
-1.295339198195119252e+03
-8.491766886855459688e+02
-3.860929119376748076e+03
-2.376550652760244702e+03
-8.462031060261153470e+03
-4.915513653962157150e+03
-2.392354659392470785e+04
-1.255750770605382058e+04
-4.923919210570430005e+04
-2.348940592407847726e+04
-1.195817850068644475e+05
-4.939745361589501408e+04
-2.001718479043571569e+05
-8.877805803253153863e+04
-4.103534040496994276e+05
-3.059680676690736436e+05
-6.758799116885948461e+05
-6.562458886704634642e+05
-1.186767326989508234e+06
-1.565148122654164676e+06
-1.563985960116837174e+06
-2.148262027013534680e+06
-2.472295057206703350e+06
-2.472295057206703350e+06
2.472295057206702419e+06
2.472295057206702419e+06
2.148262027013538405e+06
2.148262027013541665e+06
2.472295057206702419e+06
2.472295057206702419e+06
2.148262027013538405e+06
2.148262027013541665e+06
-2.148262027013534680e+06
-2.148262027013534680e+06
-2.472295057206703350e+06
-2.472295057206703350e+06
1.565148122654169099e+06
1.565148122654173058e+06
6.562458886704607867e+05
6.562458886704634642e+05
3.059680676690723631e+05
3.059680676690723631e+05
1.007387860810645070e+05
1.007387860810645070e+05
4.376696075576966541e+04
4.376696075576966541e+04
1.387666939419282971e+04
1.387666939419282971e+04
5.968501349869051410e+03
5.968501349869051410e+03
1.882524107173543598e+03
1.882524107173553148e+03
8.085836838567510085e+02
8.085836838567510085e+02
2.548549102434456586e+02
2.548549102434456586e+02
1.094452063848362542e+02
1.094452063848362542e+02
3.449238166046671950e+01
3.449238166046640686e+01
1.481207835031165310e+01
1.481207835031165310e+01
4.668064085995746737e+00
4.668064085995704104e+00
2.004601953656832247e+00
2.004601953656814040e+00
6.317542852389016472e-01
6.317542852389016472e-01
2.712934672228893285e-01
2.712934672228893285e-01
8.549865446985230322e-02
8.549865446985230322e-02
3.671557994949335019e-02
3.671557994949360693e-02
1.157098479014020617e-02
1.157098479014020617e-02
4.968913443222461486e-03
4.968913443222461486e-03
1.565962507037036225e-03
1.565962507037047067e-03
1.705643578326849607e-06
4.458489187426558081e-07
6.365484531564911875e-06
1.663914097724505463e-06
1.705643578326849607e-06
4.458489187426558081e-07
6.365484531564911875e-06
1.663914097724505463e-06
1.705643578326849607e-06
4.458489187426558081e-07
6.365484531564911875e-06
-1.191669908133597346e+04
-4.939745360745909420e+04
-1.835774578389055750e+04
-8.464342016911867540e+04
-2.606077937778686828e+04
-9.230550858082964260e+04
-2.532084528740144378e+04
-3.659503709069223260e+04
-9.087279344280879741e+03
1.889152833297604131e-05
4.650889410062086809e-06
7.050343513100320897e-05
1.735718116841881195e-05
1.889152833297604131e-05
4.650889410062086809e-06
7.050381373391981818e-05
1.735727437635119515e-05
1.889152833297604131e-05
4.650889410062086809e-06
7.050381373391981818e-05
1.735727437635119515e-05
1.889152833297604131e-05
4.650889410062086809e-06
7.050381373391981818e-05
1.735727437635119515e-05
1.889152833297604131e-05
4.650889410062086809e-06
7.050381373391981818e-05
1.735727437635119515e-05
1.889152833297604131e-05
4.650889410062086809e-06
7.050381373391981818e-05
1.735727437635119515e-05
1.889152833297604131e-05
4.650889410062086809e-06
7.050381373391981818e-05
1.735727437635119515e-05
1.889152833297604131e-05
4.650889410062086809e-06
7.050381373391981818e-05
1.735727437635119515e-05
1.889152833297604131e-05
4.650889410062086809e-06
7.050381373391981818e-05
1.735727437635119515e-05
1.889152833297604131e-05
4.650889410062086809e-06
7.050381373391981818e-05
1.735727437635119515e-05
1.889152833297604131e-05
4.650889410062086809e-06
7.050362443246150680e-05
1.735722777238500185e-05
1.889133903151773332e-05
-8.877805803253150953e+04
-4.103534040497008245e+05
-1.881569141914816864e+05
-6.758799116885983385e+05
-2.312292560197003477e+05
-4.290396929181494634e+05
-1.030953280911213951e+05
2.324912183078043770e-04
5.380742956850885814e-05
8.676713446342699957e-04
2.008125945781352359e-04
2.324912183078043770e-04
5.380742956850885814e-05
8.676713446342699957e-04
2.008125945781352359e-04
2.324912183078043770e-04
-6.562458886704656761e+05
-1.186767326989504742e+06
-1.565148122654167004e+06
-1.563985960116837174e+06
-2.148262027013532817e+06
-2.472295057206702419e+06
-2.472295057206702419e+06
2.472295057206702419e+06
2.472295057206702419e+06
2.148262027013533749e+06
2.148262027013533749e+06
2.472295057206702419e+06
2.472295057206702419e+06
2.148262027013533749e+06
1.563985962328644702e+06
-2.148262027013532817e+06
-2.148262027013532817e+06
-2.472295057206702419e+06
-2.472295057206702419e+06
1.565148122654168401e+06
1.186767327899027616e+06
6.562458886704664910e+05
6.758799120072097285e+05
3.059680676690750988e+05
4.103534042006185045e+05
9.230550858082959894e+04
2.001718479043565749e+05
8.464342016911857354e+04
1.195817850068638654e+05
4.939745360745882499e+04
4.923919210570416908e+04
2.734470266911426006e+04
2.392354659392459507e+04
1.233353511308038651e+04
8.462031060261146195e+03
7.071327426903267224e+03
2.958714273974621392e+03
2.995494239310163721e+03
1.370790389638660599e+03
1.518518921755884094e+03
7.421582100203445407e+02
5.722987736513307482e+02
3.020188934513772097e+02
2.730186039951489647e+02
1.511545222653753058e+02
9.681266485497840790e+01
5.669555571080624645e+01
4.466967546220769947e+01
2.710222363740115270e+01
1.529501043616323130e+01
9.677701527304382267e+00
5.690366299841365993e+00
4.495961448943734950e+00
-6.917595288693929589e+00
-4.495961448943711858e+00
-1.529501043616312117e+01
-9.677701527304328977e+00
-4.466967546220747920e+01
-2.710222363740096085e+01
-9.681266485497773999e+01
-5.669555571080606171e+01
-2.730186039951470320e+02
-1.511545222653742826e+02
-5.722987736513280197e+02
-3.020188934513757317e+02
-1.518518921755884094e+03
-7.421582100203445407e+02
-2.995494239310161902e+03
-1.882524107173546554e+03
-7.071327426903245396e+03
-5.968501349869078695e+03
-1.233353511308034285e+04
-1.387666939419288792e+04
-4.376696075577006559e+04
-4.376696075576986914e+04
-1.007387860810649145e+05
-1.007387860810649145e+05
-3.059680676690736436e+05
-3.059680676690736436e+05
-6.562458886704634642e+05
-6.562458886704634642e+05
-1.565148122654169099e+06
-1.565148122654164676e+06
-2.148262027013534680e+06
-2.148262027013534680e+06
-2.472295057206703350e+06
-2.472295057206703350e+06
2.472295057206702419e+06
2.472295057206702419e+06
2.148262027013538405e+06
2.148262027013541665e+06
2.472295057206702419e+06
2.472295057206702419e+06
2.148262027013538405e+06
2.148262027013541665e+06
-2.148262027013534680e+06
-2.148262027013534680e+06
-2.472295057206703350e+06
-2.472295057206703350e+06
1.565148122654169099e+06
1.565148122654173058e+06
6.562458886704607867e+05
6.562458886704634642e+05
3.059680676690723631e+05
3.059680676690723631e+05
1.007387860810645070e+05
1.007387860810645070e+05
4.376696075576966541e+04
4.376696075576966541e+04
1.387666939419282971e+04
1.387666939419282971e+04
5.968501349869051410e+03
5.968501349869051410e+03
1.882524107173543598e+03
1.882524107173553148e+03
8.085836838567510085e+02
8.085836838567510085e+02
2.548549102434456586e+02
2.548549102434456586e+02
1.094452063848362542e+02
1.094452063848362542e+02
3.449238166046671950e+01
3.449238166046640686e+01
1.481207835031165310e+01
1.481207835031165310e+01
4.668064085995746737e+00
4.668064085995704104e+00
2.004601953656832247e+00
2.004601953656814040e+00
6.317542852389016472e-01
6.317542852389016472e-01
2.712934672228893285e-01
2.712934672228893285e-01
8.549865446985230322e-02
8.549865446985230322e-02
3.671557994949335019e-02
3.671557994949360693e-02
1.157098479014020617e-02
1.157098479014020617e-02
4.968913443222461486e-03
4.968913443222461486e-03
1.565962507037036225e-03
1.565962507037047067e-03
1.699259771365487041e-07
4.638107896238333191e-08
6.341660079034850871e-07
1.730948038874308627e-07
1.699259771365487041e-07
4.638107896238333191e-08
6.341660079034850871e-07
1.730948038874308627e-07
1.699259771365487041e-07
4.638107896238333191e-08
-5.767291987047048679e+03
-2.014188274750548089e+03
-8.284253234606203478e+03
-2.673495157400715470e+03
-1.068820163443223464e+04
-3.116838305887652496e+03
-9.781048665203337805e+03
-2.686782690459164769e+03
-3.345955315540843458e+03
-8.778998359705429948e+02
1.705643578326840290e-06
4.458489187426558081e-07
6.365484531564877993e-06
1.663914097724505463e-06
1.705643578326840290e-06
4.458489187426558081e-07
6.365518714168956173e-06
1.663923032930700718e-06
1.705643578326840290e-06
4.458489187426558081e-07
6.365518714168956173e-06
1.663923032930700718e-06
1.705643578326840290e-06
4.458489187426558081e-07
6.365518714168956173e-06
1.663923032930700718e-06
1.705643578326840290e-06
4.458489187426558081e-07
6.365518714168956173e-06
1.663923032930700718e-06
1.705643578326840290e-06
4.458489187426558081e-07
6.365518714168956173e-06
1.663923032930700718e-06
1.705643578326840290e-06
4.458489187426558081e-07
6.365518714168956173e-06
1.663923032930700718e-06
1.705643578326840290e-06
4.458489187426558081e-07
6.365518714168956173e-06
1.663923032930700718e-06
1.705643578326840290e-06
4.458489187426558081e-07
6.365518714168956173e-06
1.663923032930700718e-06
1.705643578326840290e-06
4.458489187426558081e-07
6.365518714168956173e-06
1.663923032930700718e-06
1.705643578326840290e-06
4.458489187426558081e-07
6.365501622866916660e-06
-1.191669908133598437e+04
-4.939745360745918151e+04
-1.835774578389063390e+04
-8.464342016911867540e+04
-2.606077937778700652e+04
-9.230550858082954073e+04
-2.532084528740161841e+04
-3.659503709069207252e+04
-9.087279344280883379e+03
1.889133903151773332e-05
4.650842806095916385e-06
7.050362443246150680e-05
1.735722777238508317e-05
1.889133903151773332e-05
4.650842806095916385e-06
7.050362443246150680e-05
-2.002912290741883335e+05
-6.286831677341342438e+05
-3.778227302380159963e+05
-1.444158505594361806e+06
-6.758799119579200633e+05
-2.053179519756761147e+06
-1.314703626766343135e+06
-1.728874547880103812e+06
-1.563985961051659891e+06
-1.112438545608727960e+06
-8.469664564827140421e+05
-1.386419438221691409e+06
-1.112438545154577587e+06
-1.563985960116836010e+06
-1.314703625587609597e+06
-1.728874547880103812e+06
-1.563985961051659891e+06
-1.761643043974627741e+06
-1.684957225262465654e+06
-1.767326293202742236e+06
-1.761643035344376462e+06
1.761643050292425556e+06
1.767326349169594003e+06
1.684957229093425674e+06
1.761643058922664961e+06
1.563985963263468351e+06
1.728874553665030748e+06
1.314703627945071785e+06
1.563985962328646332e+06
1.112438545941187767e+06
1.386419439599888865e+06
8.469664569474509917e+05
1.112438546395340236e+06
1.563985963263467653e+06
1.728874553665030748e+06
1.314703627945071785e+06
2.053179519756757887e+06
1.761643050292425556e+06
1.767326349169594003e+06
1.684957229093425674e+06
1.761643058922664961e+06
-1.761643043974638684e+06
-1.684957225262465654e+06
-1.767326293202700326e+06
-1.761643035344376462e+06
6.758799122765315697e+05
1.444158505594359944e+06
3.778227302380143083e+05
6.286831677341312170e+05
2.002912290741867328e+05
2.963493993177235825e+05
7.347916328815271845e+04
9.841638955498945143e+04
3.362550598140585498e+04
4.292903169802661432e+04
1.120354254697323086e+04
1.366203336122085784e+04
4.947325986539883161e+03
5.887717693675161172e+03
1.603526512054666000e+03
1.860784364192876410e+03
6.995053859974555053e+02
8.001559151424279435e+02
2.242447283793479755e+02
2.525114003559484388e+02
9.219584146449668083e+01
9.219584146449649609e+01
3.610943819214192274e+01
3.610943819214192274e+01
1.774772338382723902e+01
1.774772338382723902e+01
6.552888059365030493e+00
6.552888059365019835e+00
3.110840631821979674e+00
3.110840631821979674e+00
-3.110840631821957025e+00
-1.761254397749961287e+00
-6.552888059364997630e+00
-4.668064085995704104e+00
-1.774772338382715020e+01
-1.481207835031159981e+01
-3.610943819214173800e+01
-3.449238166046640686e+01
-9.219584146449601292e+01
-1.094452063848356858e+02
-2.548549102434447775e+02
-2.548549102434447775e+02
-8.085836838567524865e+02
-8.085836838567524865e+02
-1.882524107173546554e+03
-1.882524107173546554e+03
-5.968501349869078695e+03
-5.968501349869078695e+03
-1.387666939419288792e+04
-1.387666939419288792e+04
-4.376696075577006559e+04
-4.376696075576986914e+04
-1.007387860810649145e+05
-1.007387860810649145e+05
-3.059680676690736436e+05
-3.059680676690736436e+05
-6.562458886704634642e+05
-6.562458886704634642e+05
-1.565148122654169099e+06
-1.565148122654164676e+06
-2.148262027013534680e+06
-2.148262027013534680e+06
-2.472295057206703350e+06
-2.472295057206703350e+06
2.472295057206702419e+06
2.472295057206702419e+06
2.148262027013538405e+06
2.148262027013541665e+06
2.472295057206702419e+06
2.472295057206702419e+06
2.148262027013538405e+06
2.148262027013541665e+06
-2.148262027013534680e+06
-2.148262027013534680e+06
-2.472295057206703350e+06
-2.472295057206703350e+06
1.565148122654169099e+06
1.565148122654173058e+06
6.562458886704607867e+05
6.562458886704634642e+05
3.059680676690723631e+05
3.059680676690723631e+05
1.007387860810645070e+05
1.007387860810645070e+05
4.376696075576966541e+04
4.376696075576966541e+04
1.387666939419282971e+04
1.387666939419282971e+04
5.968501349869051410e+03
5.968501349869051410e+03
1.882524107173543598e+03
1.882524107173553148e+03
8.085836838567510085e+02
8.085836838567510085e+02
2.548549102434456586e+02
2.548549102434456586e+02
1.094452063848362542e+02
1.094452063848362542e+02
3.449238166046671950e+01
3.449238166046640686e+01
1.481207835031165310e+01
1.481207835031165310e+01
4.668064085995746737e+00
4.668064085995704104e+00
2.004601953656832247e+00
2.004601953656814040e+00
6.317542852389016472e-01
6.317542852389016472e-01
2.712934672228893285e-01
2.712934672228893285e-01
8.549865446985230322e-02
8.549865446985230322e-02
3.671557994949335019e-02
3.671557994949360693e-02
1.157098479014020617e-02
1.157098479014020617e-02
4.968913443222461486e-03
4.968913443222461486e-03
1.565962507037036225e-03
1.565962507037047067e-03
1.813449110502040547e-08
5.091779236562043291e-09
6.767816212226740363e-08
1.900258786790215711e-08
1.813449110502040547e-08
5.091779236562043291e-09
6.767816212226740363e-08
1.900258786790215711e-08
-5.576548055685184409e+02
-1.963852592964630333e+02
-9.047816540038854782e+02
-2.950884524704494538e+02
-1.145379941896632999e+03
-3.541656059879907730e+02
-1.260153615077673521e+03
-3.658651053447089225e+02
-1.051331567519028113e+03
-2.948839555413313178e+02
-3.352498620526485524e+02
-9.169032229537042156e+01
1.699259771365487041e-07
4.638107896238324588e-08
6.341660079034850871e-07
1.730948038874301216e-07
1.699259771365487041e-07
4.638107896238324588e-08
6.341694133701799819e-07
1.730957334052256851e-07
1.699259771365487041e-07
4.638107896238324588e-08
6.341694133701799819e-07
1.730957334052256851e-07
1.699259771365487041e-07
4.638107896238324588e-08
6.341694133701799819e-07
1.730957334052256851e-07
1.699259771365487041e-07
4.638107896238324588e-08
6.341694133701799819e-07
1.730957334052256851e-07
1.699259771365487041e-07
4.638107896238324588e-08
6.341694133701799819e-07
1.730957334052256851e-07
1.699259771365487041e-07
4.638107896238324588e-08
6.341694133701799819e-07
1.730957334052256851e-07
1.699259771365487041e-07
4.638107896238324588e-08
6.341694133701799819e-07
1.730957334052256851e-07
1.699259771365487041e-07
4.638107896238324588e-08
6.341694133701799819e-07
1.730957334052256851e-07
1.699259771365487041e-07
4.638107896238324588e-08
6.341694133701799819e-07
1.730957334052256851e-07
1.699259771365487041e-07
4.638107896238324588e-08
-5.767291987047077782e+03
-2.014188274750544679e+03
-8.284253234606248952e+03
-2.673495157400722292e+03
-1.068820163443228012e+04
-3.116838305887652496e+03
-9.781048665203370547e+03
-2.686782690459176592e+03
-3.345955315540843458e+03
-8.778998359705386747e+02
1.705626487024810306e-06
4.458444511395593454e-07
6.365501622866950541e-06
-1.255750770605381331e+04
-4.923919210570436553e+04
-2.348940592407854274e+04
-1.195817850068644475e+05
-4.939745361589511595e+04
-2.001718479043574189e+05
-8.877805803253174236e+04
-4.103534040497009410e+05
-3.059680676690755645e+05
-6.758799116885967087e+05
-6.562458886704661418e+05
-1.186767326989505207e+06
-1.565148122654167004e+06
-1.563985960116837174e+06
-2.148262027013532817e+06
-2.472295057206702419e+06
-2.472295057206702419e+06
2.472295057206702419e+06
2.472295057206702419e+06
2.148262027013532817e+06
2.148262027013533749e+06
2.472295057206702419e+06
2.472295057206702419e+06
2.148262027013532817e+06
2.148262027013533749e+06
-2.148262027013532817e+06
-2.148262027013532817e+06
-2.472295057206702419e+06
-2.472295057206702419e+06
1.565148122654166305e+06
1.565148122654166305e+06
6.562458886704629986e+05
6.562458886704629986e+05
3.059680676690732362e+05
3.059680676690732362e+05
1.007387860810646816e+05
1.007387860810646816e+05
4.376696075576978910e+04
4.376696075576978910e+04
1.387666939419285518e+04
1.233353511308037741e+04
5.968501349869051410e+03
7.071327426903250853e+03
1.882524107173533366e+03
2.995494239310155535e+03
7.421582100203444270e+02
1.518518921755878637e+03
3.020188934513772097e+02
5.722987736513307482e+02
1.511545222653750500e+02
2.730186039951483963e+02
5.669555571080624645e+01
9.681266485497840790e+01
2.710222363740108520e+01
4.466967546220762841e+01
9.677701527304364504e+00
1.529501043616323130e+01
4.495961448943734950e+00
6.917595288693966005e+00
-2.004601953656814040e+00
2.317725802350493414e+00
-4.668064085995704104e+00
-4.668064085995704104e+00
-1.481207835031159981e+01
-1.481207835031159981e+01
-3.449238166046635001e+01
-3.449238166046640686e+01
-1.094452063848356858e+02
-1.094452063848356858e+02
-2.548549102434447775e+02
-2.548549102434447775e+02
-8.085836838567524865e+02
-8.085836838567524865e+02
-1.882524107173546554e+03
-1.882524107173546554e+03
-5.968501349869078695e+03
-5.968501349869078695e+03
-1.387666939419288792e+04
-1.387666939419288792e+04
-4.376696075577006559e+04
-4.376696075576986914e+04
-1.007387860810649145e+05
-1.007387860810649145e+05
-3.059680676690736436e+05
-3.059680676690736436e+05
-6.562458886704634642e+05
-6.562458886704634642e+05
-1.565148122654169099e+06
-1.565148122654164676e+06
-2.148262027013534680e+06
-2.148262027013534680e+06
-2.472295057206703350e+06
-2.472295057206703350e+06
2.472295057206702419e+06
2.472295057206702419e+06
2.148262027013538405e+06
2.148262027013541665e+06
2.472295057206702419e+06
2.472295057206702419e+06
2.148262027013538405e+06
2.148262027013541665e+06
-2.148262027013534680e+06
-2.148262027013534680e+06
-2.472295057206703350e+06
-2.472295057206703350e+06
1.565148122654169099e+06
1.565148122654173058e+06
6.562458886704607867e+05
6.562458886704634642e+05
3.059680676690723631e+05
3.059680676690723631e+05
1.007387860810645070e+05
1.007387860810645070e+05
4.376696075576966541e+04
4.376696075576966541e+04
1.387666939419282971e+04
1.387666939419282971e+04
5.968501349869051410e+03
5.968501349869051410e+03
1.882524107173543598e+03
1.882524107173553148e+03
8.085836838567510085e+02
8.085836838567510085e+02
2.548549102434456586e+02
2.548549102434456586e+02
1.094452063848362542e+02
1.094452063848362542e+02
3.449238166046671950e+01
3.449238166046640686e+01
1.481207835031165310e+01
1.481207835031165310e+01
4.668064085995746737e+00
4.668064085995704104e+00
2.004601953656832247e+00
2.004601953656814040e+00
6.317542852389016472e-01
6.317542852389016472e-01
2.712934672228893285e-01
2.712934672228893285e-01
8.549865446985230322e-02
8.549865446985230322e-02
3.671557994949335019e-02
3.671557994949360693e-02
1.157098479014020617e-02
1.157098479014020617e-02
4.968913443222461486e-03
4.147098833736524368e-03
1.565962507037036225e-03
1.637043802015153426e-03
2.024805591696025238e-09
5.795454141157595133e-10
7.556601412594367223e-09
2.162871197575785054e-09
2.024805591696025238e-09
5.795454141157595133e-10
-6.284236528792821730e+01
-2.192593301556997076e+01
-8.946970751649844544e+01
-2.989510272970720806e+01
-1.281450218315091831e+02
-4.047975109674661809e+01
-1.489059938739748361e+02
-4.532701623581093031e+01
-1.482066048432820651e+02
-4.326704676277091721e+01
-1.170971054240592650e+02
-3.344055681920968226e+01
-3.589071989330906831e+01
-1.008984978949454359e+01
1.813449110502026320e-08
5.091779236562023439e-09
6.767816212226690070e-08
1.900258786790207771e-08
1.813449110502026320e-08
5.091779236562023439e-09
6.767852555348868076e-08
1.900268991165606695e-08
1.813449110502026320e-08
5.091779236562023439e-09
6.767852555348868076e-08
1.900268991165606695e-08
1.813449110502026320e-08
5.091779236562023439e-09
6.767852555348868076e-08
1.900268991165606695e-08
1.813449110502026320e-08
5.091779236562023439e-09
6.767852555348868076e-08
1.900268991165606695e-08
1.813449110502026320e-08
5.091779236562023439e-09
6.767852555348868076e-08
1.900268991165606695e-08
1.813449110502026320e-08
5.091779236562023439e-09
6.767852555348868076e-08
1.900268991165606695e-08
1.813449110502026320e-08
5.091779236562023439e-09
6.767852555348868076e-08
1.900268991165606695e-08
1.813449110502026320e-08
5.091779236562023439e-09
6.767852555348868076e-08
1.900268991165606695e-08
1.813449110502026320e-08
5.091779236562023439e-09
6.767852555348868076e-08
1.900268991165606695e-08
-5.576548055685166219e+02
-1.963852592964630333e+02
-9.047816540038845687e+02
-2.950884524704487148e+02
-1.145379941896628907e+03
-3.541656059879906024e+02
-1.260153615077670565e+03
-3.658651053447089225e+02
-1.051331567519024247e+03
-2.948839555413316020e+02
-3.352498620526458240e+02
-9.169032229536995260e+01
1.699242744032008067e-07
4.638061420348547736e-08
-7.071327426903238120e+03
-5.968501349869089609e+03
-1.233353511308033558e+04
-1.387666939419290793e+04
-4.376696075577006559e+04
-4.376696075577014562e+04
-1.007387860810653801e+05
-1.007387860810653801e+05
-3.059680676690755645e+05
-3.059680676690755645e+05
-6.562458886704656761e+05
-6.562458886704661418e+05
-1.565148122654166305e+06
-1.565148122654167004e+06
-2.148262027013532817e+06
-2.148262027013532817e+06
-2.472295057206702419e+06
-2.472295057206702419e+06
2.472295057206702419e+06
2.472295057206702419e+06
2.148262027013532817e+06
2.148262027013533749e+06
2.472295057206702419e+06
2.472295057206702419e+06
2.148262027013532817e+06
1.563985962328647962e+06
-2.148262027013532817e+06
-2.148262027013532817e+06
-2.472295057206702419e+06
-2.472295057206702419e+06
1.565148122654166305e+06
1.186767327899025986e+06
6.562458886704629986e+05
6.758799120072046062e+05
3.059680676690732362e+05
4.103534042006158270e+05
8.877805805293034064e+04
2.001718479043573025e+05
4.939745362587469572e+04
1.195817850068643456e+05
2.348940592407854638e+04
4.923919210570446739e+04
1.255750770605384969e+04
2.392354659392474059e+04
4.915513653962157150e+03
8.462031060261146195e+03
2.376550652760240609e+03
3.860929119376739891e+03
8.491766886855488110e+02
1.295339198195124027e+03
3.922146050882817576e+02
5.764345160881970287e+02
1.340209069021429968e+02
1.889050253129885277e+02
6.043531318691051979e+01
8.304167729955725008e+01
2.014564919208509508e+01
2.687842925827685292e+01
8.958476664425909064e+00
1.173452622497748088e+01
2.941655691542333972e+00
3.770394658116638542e+00
-4.668064085995704104e+00
-4.668064085995704104e+00
-1.481207835031159981e+01
-1.481207835031159981e+01
-3.449238166046635001e+01
-3.449238166046640686e+01
-1.094452063848356858e+02
-1.094452063848356858e+02
-2.548549102434447775e+02
-2.548549102434447775e+02
-8.085836838567524865e+02
-8.085836838567524865e+02
-1.882524107173546554e+03
-1.882524107173546554e+03
-5.968501349869078695e+03
-5.968501349869078695e+03
-1.387666939419288792e+04
-1.387666939419288792e+04
-4.376696075577006559e+04
-4.376696075576986914e+04
-1.007387860810649145e+05
-1.007387860810649145e+05
-3.059680676690736436e+05
-3.059680676690736436e+05
-6.562458886704634642e+05
-6.562458886704634642e+05
-1.565148122654169099e+06
-1.565148122654164676e+06
-2.148262027013534680e+06
-2.148262027013534680e+06
-2.472295057206703350e+06
-2.472295057206703350e+06
2.472295057206702419e+06
2.472295057206702419e+06
2.148262027013538405e+06
2.148262027013541665e+06
2.472295057206702419e+06
2.472295057206702419e+06
2.148262027013538405e+06
2.148262027013541665e+06
-2.148262027013534680e+06
-2.148262027013534680e+06
-2.472295057206703350e+06
-2.472295057206703350e+06
1.565148122654169099e+06
1.565148122654173058e+06
6.562458886704607867e+05
6.562458886704634642e+05
3.059680676690723631e+05
3.059680676690723631e+05
1.007387860810645070e+05
1.007387860810645070e+05
4.376696075576966541e+04
4.376696075576966541e+04
1.387666939419282971e+04
1.387666939419282971e+04
5.968501349869051410e+03
5.968501349869051410e+03
1.882524107173543598e+03
1.882524107173553148e+03
8.085836838567510085e+02
8.085836838567510085e+02
2.548549102434456586e+02
2.548549102434456586e+02
1.094452063848362542e+02
1.094452063848362542e+02
3.449238166046671950e+01
3.449238166046640686e+01
1.481207835031165310e+01
1.481207835031165310e+01
4.668064085995746737e+00
4.668064085995704104e+00
2.004601953656832247e+00
2.004601953656814040e+00
6.317542852389016472e-01
6.200443542247777717e-01
2.712934672228893285e-01
3.289273638913224884e-01
8.549865446985230322e-02
1.341922902478160651e-01
3.371197344162688708e-02
6.827381263894968799e-02
1.356294013006805951e-02
2.651387230233128930e-02
6.851619414060644044e-03
1.307453202080759852e-02
2.643809195951954752e-03
4.892106532418448971e-03
2.332014196457547317e-10
6.767241370244496953e-11
8.703108013634303400e-10
2.525543484642531274e-10
2.332014196457547317e-10
6.767241370244496953e-11
-9.979069086411314515e+00
-3.346245737753696048e+00
-1.323323378217353685e+01
-4.291518488649468388e+00
-1.729531525644546619e+01
-5.378277009104643902e+00
-1.892715692004448513e+01
-5.729986206780604441e+00
-1.761245436889884530e+01
-5.177324159181985408e+00
-1.343329368874383434e+01
-3.889426150968004592e+00
-4.015307206962653197e+00
-1.150234418806742598e+00
2.024805591696013658e-09
5.795454141157583759e-10
7.556601412594325864e-09
2.162871197575785054e-09
2.024805591696013658e-09
5.795454141157583759e-10
7.556641991487099978e-09
2.162882812177855490e-09
2.024805591696013658e-09
5.795454141157583759e-10
7.556641991487099978e-09
2.162882812177855490e-09
2.024805591696013658e-09
5.795454141157583759e-10
7.556641991487099978e-09
2.162882812177855490e-09
2.024805591696013658e-09
5.795454141157583759e-10
7.556641991487099978e-09
2.162882812177855490e-09
2.024805591696013658e-09
5.795454141157583759e-10
7.556641991487099978e-09
2.162882812177855490e-09
2.024805591696013658e-09
5.795454141157583759e-10
7.556641991487099978e-09
2.162882812177855490e-09
2.024805591696013658e-09
5.795454141157583759e-10
7.556641991487099978e-09
2.162882812177855490e-09
2.024805591696013658e-09
5.795454141157583759e-10
7.556641991487099978e-09
2.162882812177855490e-09
2.024805591696013658e-09
5.795454141157583759e-10
-6.284236528792792598e+01
-2.192593301556999918e+01
-8.946970751649817544e+01
-2.989510272970727200e+01
-1.281450218315093537e+02
-4.047975109674687388e+01
-1.489059938739748361e+02
-4.532701623581100137e+01
-1.482066048432820651e+02
-4.326704676277108774e+01
-1.170971054240589524e+02
-2.242447283793499651e+02
-8.001559151424351057e+02
-6.995053859974631223e+02
-1.860784364192889143e+03
-1.603526512054674413e+03
-5.887717693675182090e+03
-4.947325986539923178e+03
-1.366203336122091423e+04
-1.120354254697328179e+04
-4.292903169802686898e+04
-3.362550598140612419e+04
-9.841638955499006261e+04
-7.347916328815325687e+04
-2.963493993177259108e+05
-2.002912290741883335e+05
-6.286831677341334289e+05
-3.778227302380159963e+05
-1.444158505594359944e+06
-6.758799119579200633e+05
-2.053179519756759517e+06
-1.314703626766343135e+06
-1.728874547880094266e+06
-1.563985961051658262e+06
-1.112438545608727960e+06
-8.469664564827140421e+05
-1.386419438221690245e+06
-1.112438545154576423e+06
-1.563985960116836708e+06
-1.314703625587609829e+06
-1.728874542095169891e+06
-1.563985961051650811e+06
-1.761643043974638684e+06
-1.684957225262462627e+06
-1.767326293202700326e+06
-1.761643035344376462e+06
1.761643050292419968e+06
1.767326349169552093e+06
1.684957229093423812e+06
1.761643058922664961e+06
1.563985963263467653e+06
1.728874547880098689e+06
1.314703626766345464e+06
1.563985962328638881e+06
1.112438545941182179e+06
1.386419439599880250e+06
8.469664569474466844e+05
1.112438546395335346e+06
1.563985963263460202e+06
1.728874547880097292e+06
1.314703626766340109e+06
2.053179519756758586e+06
1.761643050292412750e+06
1.767326349169530906e+06
1.684957229093416594e+06
1.761643058922657976e+06
-1.761643043974621687e+06
-1.684957225262456574e+06
-1.767326293202721514e+06
-1.761643035344369942e+06
6.758799122765299398e+05
1.444158505594360642e+06
3.778227302380161127e+05
6.286831677341344766e+05
2.002912290741883335e+05
2.963493993177258526e+05
7.347916328815328598e+04
9.841638955499022268e+04
3.362550598140605143e+04
4.292903169802690536e+04
1.120354254697325814e+04
1.366203336122085784e+04
4.947325986539900441e+03
5.887717693675164810e+03
1.603526512054677141e+03
1.860784364192889143e+03
6.995053859974631223e+02
8.001559151424351057e+02
2.242447283793499651e+02
2.525114003559505989e+02
9.727947655942053018e+01
1.085188146193592615e+02
3.101319726024034651e+01
3.422905569884509447e+01
1.341298176125773622e+01
1.470657937575341023e+01
-1.344608845289060328e-01
-4.630778526564634512e-01
-4.264587233904432395e+00
2.331990828645245665e-10
-1.481207835031159981e+01
-2.162717437404777598e+01
-3.449238166046635001e+01
-3.513951164896747059e+01
-1.094452063848356858e+02
-6.284236528792838072e+01
-2.548549102434447775e+02
-2.548549102434447775e+02
-8.085836838567524865e+02
-8.085836838567524865e+02
-1.882524107173546554e+03
-1.882524107173546554e+03
-5.968501349869078695e+03
-5.968501349869078695e+03
-1.387666939419288792e+04
-1.387666939419288792e+04
-4.376696075577006559e+04
-4.376696075576986914e+04
-1.007387860810649145e+05
-1.007387860810649145e+05
-3.059680676690736436e+05
-3.059680676690736436e+05
-6.562458886704634642e+05
-6.562458886704634642e+05
-1.565148122654169099e+06
-1.565148122654164676e+06
-2.148262027013534680e+06
-2.148262027013534680e+06
-2.472295057206703350e+06
-2.472295057206703350e+06
2.472295057206702419e+06
2.472295057206702419e+06
2.148262027013538405e+06
2.148262027013541665e+06
2.472295057206702419e+06
2.472295057206702419e+06
2.148262027013538405e+06
2.148262027013541665e+06
-2.148262027013534680e+06
-2.148262027013534680e+06
-2.472295057206703350e+06
-2.472295057206703350e+06
1.565148122654169099e+06
1.565148122654173058e+06
6.562458886704607867e+05
6.562458886704634642e+05
3.059680676690723631e+05
3.059680676690723631e+05
1.007387860810645070e+05
1.007387860810645070e+05
4.376696075576966541e+04
4.376696075576966541e+04
1.387666939419282971e+04
1.387666939419282971e+04
5.968501349869051410e+03
5.968501349869051410e+03
1.882524107173543598e+03
1.882524107173553148e+03
8.085836838567510085e+02
8.085836838567510085e+02
2.548549102434456586e+02
2.548549102434456586e+02
1.094452063848362542e+02
9.627186595143801640e+01
3.449238166046671950e+01
4.291470338626675129e+01
1.481207835031165310e+01
2.419491434487116521e+01
4.709865637015951734e+00
1.050034328679054596e+01
2.573940395483881094e+00
5.522452409481146240e+00
1.084066984524978405e+00
2.216169446897125361e+00
5.616655123585484466e-01
1.111478582580399221e+00
2.223818309210830735e-01
4.224781952749337433e-01
1.108669531423800841e-01
2.049283725105345011e-01
4.196181120831678213e-02
7.494004810259043137e-02
2.033460056510707006e-02
3.548471580567784389e-02
7.442472174798736573e-03
1.261462515939381843e-02
2.746771929752634062e-11
8.053534603519760686e-12
1.025098939353351881e-10
3.005589830990119504e-11
-9.942628134196552780e-01
-3.379366810115503328e-01
-1.488516809069643010e+00
-4.868658821108808321e-01
-1.868152138394403750e+00
-5.952053511049069101e-01
-2.279289227906444726e+00
-7.031791928278541270e-01
-2.387576935234382525e+00
-7.218961324023366322e-01
-2.117960862442357151e+00
-6.266122055694376414e-01
-1.576214146689060014e+00
-4.612159264478276066e-01
-4.630778526564665598e-01
-1.344608845289060328e-01
2.332014196457556106e-10
6.767241370244496953e-11
8.703108013634335453e-10
2.525543484642531274e-10
2.332014196457556106e-10
6.767241370244496953e-11
8.703154749258938756e-10
2.525557046792056070e-10
2.332014196457556106e-10
6.767241370244496953e-11
8.703154749258938756e-10
2.525557046792056070e-10
2.332014196457556106e-10
6.767241370244496953e-11
8.703154749258938756e-10
2.525557046792056070e-10
2.332014196457556106e-10
6.767241370244496953e-11
8.703154749258938756e-10
2.525557046792056070e-10
2.332014196457556106e-10
6.767241370244496953e-11
8.703154749258938756e-10
2.525557046792056070e-10
2.332014196457556106e-10
6.767241370244496953e-11
8.703154749258938756e-10
2.525557046792056070e-10
2.332014196457556106e-10
6.767241370244496953e-11
8.703154749258938756e-10
2.525557046792056070e-10
2.332014196457556106e-10
6.767241370244496953e-11
8.703154749258938756e-10
2.525557046792056070e-10
2.332014196457556106e-10
6.767241370244496953e-11
-9.979069086411326950e+00
-3.346245737753700045e+00
-1.323323378217359725e+01
-4.291518488649486152e+00
-1.729531525644561896e+01
-5.378277009104660777e+00
-1.892715692004462724e+01
-5.729986206780634639e+00
-1.761245436889891636e+01
-6.043531318691053400e+01
-1.889050253129885277e+02
-1.340209069021434800e+02
-5.764345160881970287e+02
-3.922146050882824966e+02
-1.295339198195124254e+03
-8.491766886855507437e+02
-3.860929119376757626e+03
-2.376550652760252433e+03
-8.462031060261180755e+03
-4.915513653962178068e+03
-2.392354659392476970e+04
-1.255750770605390790e+04
-4.923919210570448922e+04
-2.348940592407857548e+04
-1.195817850068646076e+05
-4.939745361589530512e+04
-2.001718479043574189e+05
-8.877805803253200429e+04
-4.103534040497002425e+05
-3.059680676690730616e+05
-6.758799116885970579e+05
-6.562458886704613687e+05
-1.186767326989497757e+06
-1.565148122654159553e+06
-1.563985960116829257e+06
-2.148262027013527695e+06
-2.472295057206702419e+06
-2.472295057206702419e+06
2.472295057206702419e+06
2.472295057206702419e+06
2.148262027013532817e+06
2.148262027013532817e+06
2.472295057206702419e+06
2.472295057206702419e+06
2.148262027013532817e+06
2.148262027013532817e+06
-2.148262027013527695e+06
-2.148262027013527695e+06
-2.472295057206702419e+06
-2.472295057206702419e+06
1.565148122654167470e+06
1.565148122654167470e+06
6.562458886704664910e+05
6.562458886704664910e+05
3.059680676690756809e+05
3.059680676690756809e+05
1.007387860810654674e+05
1.007387860810654674e+05
4.376696075577006559e+04
4.376696075577010197e+04
1.387666939419287701e+04
1.387666939419285518e+04
5.968501349869062324e+03
5.968501349869062324e+03
1.882524107173546554e+03
1.882524107173546554e+03
8.085836838567524865e+02
8.085836838567524865e+02
2.548549102434456586e+02
2.548549102434456586e+02
1.094452063848364247e+02
9.219584146449649609e+01
3.449238166046665555e+01
-1.761245436889885596e+01
-3.889426150968009477e+00
-1.343329368874383434e+01
-1.150234418806737935e+00
-4.015307206962633657e+00
5.795396068147218136e-10
2.024785302249626187e-09
-4.214069655316728102e+01
-9.627186595143761849e+01
-7.086135680591867470e+01
-1.750148512007642978e+02
-1.330493291247758805e+02
-3.571784642372616076e+02
-1.963852592964630333e+02
-5.576548055685176450e+02
-8.085836838567524865e+02
-9.047816540038867288e+02
-1.882524107173546554e+03
-1.145379941896630953e+03
-5.968501349869078695e+03
-5.968501349869078695e+03
-1.387666939419288792e+04
-1.387666939419288792e+04
-4.376696075577006559e+04
-4.376696075576986914e+04
-1.007387860810649145e+05
-1.007387860810649145e+05
-3.059680676690736436e+05
-3.059680676690736436e+05
-6.562458886704634642e+05
-6.562458886704634642e+05
-1.565148122654169099e+06
-1.565148122654164676e+06
-2.148262027013534680e+06
-2.148262027013534680e+06
-2.472295057206703350e+06
-2.472295057206703350e+06
2.472295057206702419e+06
2.472295057206702419e+06
2.148262027013538405e+06
2.148262027013541665e+06
2.472295057206702419e+06
2.472295057206702419e+06
2.148262027013538405e+06
2.148262027013541665e+06
-2.148262027013534680e+06
-2.148262027013534680e+06
-2.472295057206703350e+06
-2.472295057206703350e+06
1.565148122654169099e+06
1.565148122654173058e+06
6.562458886704607867e+05
6.562458886704634642e+05
3.059680676690723631e+05
3.059680676690723631e+05
1.007387860810645070e+05
1.007387860810645070e+05
4.376696075576966541e+04
4.376696075576966541e+04
1.387666939419282971e+04
1.213827458760251102e+04
5.968501349869051410e+03
6.687195986004920087e+03
1.882524107173543598e+03
2.958714274033500715e+03
7.197689716418950638e+02
1.628101393173883935e+03
3.181577486287074521e+02
7.278089364638607321e+02
1.750148512147122801e+02
4.127907861304852872e+02
8.021308983772122758e+01
1.776853396674172814e+02
4.369697825983723050e+01
9.219584146449632556e+01
1.816648350143621471e+01
3.610943819214173089e+01
9.284460790406726005e+00
1.774772338382709336e+01
3.595700136193439089e+00
6.552888059364938123e+00
1.761254397749942635e+00
3.110840631821929492e+00
6.501245412850059635e-01
1.105029044881871592e+00
3.092612540420591194e-01
5.125228778674273400e-01
1.103821061795630942e-01
1.495183491171523660e-01
5.142650207519551542e-02
8.371601880807261198e-02
1.632365938408479947e-02
3.660925864786258865e-02
3.290626395316231172e-12
9.725881123112228032e-13
1.228066149616795571e-11
3.629711777518055424e-12
-1.519441138499120492e-01
-5.045461840351939814e-02
-2.134364056128033316e-01
-6.869454425494270211e-02
-2.564984898778706612e-01
-8.084014267751135630e-02
-2.967794505396018634e-01
-9.119563938139792214e-02
-3.007645790009504938e-01
-9.098801139192388976e-02
-2.574736938552866783e-01
-7.660546274698201707e-02
-1.881905971410940126e-01
-5.552476011490743019e-02
-5.459741726632490882e-02
-1.601522473720231113e-02
2.746771929752634062e-11
8.053534603519760686e-12
1.025098939353351881e-10
3.005589830990119504e-11
2.746771929752634062e-11
8.053534603519760686e-12
1.025104444126949619e-10
3.005605970984916291e-11
2.746771929752634062e-11
8.053534603519760686e-12
1.025104444126949619e-10
3.005605970984916291e-11
2.746771929752634062e-11
8.053534603519760686e-12
1.025104444126949619e-10
3.005605970984916291e-11
2.746771929752634062e-11
8.053534603519760686e-12
1.025104444126949619e-10
3.005605970984916291e-11
2.746771929752634062e-11
8.053534603519760686e-12
1.025104444126949619e-10
3.005605970984916291e-11
2.746771929752634062e-11
8.053534603519760686e-12
1.025104444126949619e-10
3.005605970984916291e-11
2.746771929752634062e-11
8.053534603519760686e-12
1.025104444126949619e-10
3.005605970984916291e-11
2.746771929752634062e-11
8.053534603519760686e-12
1.025104444126949619e-10
3.005605970984916291e-11
-9.942628134196573875e-01
-3.379366810115516651e-01
-1.488516809069648117e+00
-4.868658821108824974e-01
-1.868152138394409523e+00
-5.952053511049090195e-01
-2.279289227906450499e+00
-4.495961448943735839e+00
-1.529501043616315670e+01
-9.677701527304368057e+00
-4.466967546220762841e+01
-2.710222363740115270e+01
-9.681266485497860685e+01
-5.669555571080645962e+01
-2.730186039951489647e+02
-1.511545222653758742e+02
-5.722987736513308619e+02
-3.020188934513784602e+02
-1.518518921755889551e+03
-7.421582100203514756e+02
-2.995494239310178273e+03
-1.882524107173539960e+03
-7.071327426903298146e+03
-5.968501349869062324e+03
-1.233353511308040834e+04
-1.387666939419282971e+04
-4.376696075576978910e+04
-4.376696075576978910e+04
-1.007387860810645070e+05
-1.007387860810645943e+05
-3.059680676690726541e+05
-3.059680676690730616e+05
-6.562458886704613687e+05
-6.562458886704613687e+05
-1.565148122654159553e+06
-1.565148122654159553e+06
-2.148262027013527695e+06
-2.148262027013527695e+06
-2.472295057206702419e+06
-2.472295057206702419e+06
2.472295057206702419e+06
2.472295057206702419e+06
2.148262027013532817e+06
2.148262027013532817e+06
2.472295057206702419e+06
2.472295057206702419e+06
2.148262027013532817e+06
2.148262027013532817e+06
-2.148262027013527695e+06
-2.148262027013527695e+06
-2.472295057206702419e+06
-2.472295057206702419e+06
1.565148122654167470e+06
1.565148122654167470e+06
6.562458886704664910e+05
6.562458886704664910e+05
3.059680676690756809e+05
3.059680676690756809e+05
1.007387860810654674e+05
1.007387860810654674e+05
4.376696075577006559e+04
4.376696075577010197e+04
1.387666939419287701e+04
1.233353511308026827e+04
5.968501349869062324e+03
7.071327426903206288e+03
1.882524107173546554e+03
2.995494239310143712e+03
7.421582100203445407e+02
1.518518921755878637e+03
3.020188934513766412e+02
5.722987736513276786e+02
1.511545222653750500e+02
-1.489059938739740403e+02
-4.326704676277086747e+01
-1.482066048432815819e+02
-3.344055681920973200e+01
-1.170971054240587819e+02
-1.008984978949451872e+01
-3.589071989330869172e+01
5.091728214685008965e-09
1.813430938940928714e-08
1.900263888977903924e-08
6.767834383787749295e-08
-3.181577486287055763e+02
-7.278089364638619827e+02
-7.106907308491164486e+02
-1.628101393173876659e+03
-1.162379656815159478e+03
-2.958714274033472066e+03
-2.014188274750547407e+03
-5.767291987047063230e+03
-2.673495157400719108e+03
-8.284253234606207116e+03
-3.116838305887643855e+03
-1.068820163443220372e+04
-1.387666939419288792e+04
-9.781048665203285054e+03
-4.376696075577006559e+04
-4.376696075576986914e+04
-1.007387860810649145e+05
-1.007387860810649145e+05
-3.059680676690736436e+05
-3.059680676690736436e+05
-6.562458886704634642e+05
-6.562458886704634642e+05
-1.565148122654169099e+06
-1.565148122654164676e+06
-2.148262027013534680e+06
-2.148262027013534680e+06
-2.472295057206703350e+06
-2.472295057206703350e+06
2.472295057206702419e+06
2.472295057206702419e+06
2.148262027013538405e+06
2.148262027013541665e+06
2.472295057206702419e+06
2.472295057206702419e+06
2.148262027013538405e+06
1.563985962328663794e+06
-2.148262027013534680e+06
-2.148262027013534680e+06
-2.472295057206703350e+06
-2.472295057206703350e+06
1.565148122654169099e+06
1.186767327899035765e+06
6.562458886704607867e+05
6.758799120071989018e+05
3.059680676690723631e+05
4.103534042006113450e+05
8.877805805292932200e+04
1.945676001919201226e+05
4.939745362587420095e+04
1.098053000781521987e+05
2.200499600995717265e+04
4.939745361743901594e+04
1.213827458921484140e+04
2.734470267404353581e+04
5.375153359800799990e+03
1.233353511308027919e+04
2.958714274355014823e+03
7.071327426903194464e+03
1.370790389638656052e+03
2.995494239310144167e+03
7.421582100203435175e+02
1.518518921755875908e+03
3.020188934513777212e+02
5.722987736513267691e+02
1.511545222653747089e+02
2.730186039951478278e+02
5.669555571080633882e+01
9.681266485497769736e+01
2.710222363740099638e+01
4.466967546220714524e+01
9.677701527304243712e+00
1.529501043616298617e+01
4.495961448943663008e+00
5.690366300246828324e+00
1.555670070263089011e+00
2.532453465483508914e+00
6.114426680359443811e-01
1.422049735708773133e+00
2.771069339183002134e-01
6.200443542247687789e-01
1.517167916059732335e-01
3.289273638913212117e-01
6.445070071792831368e-02
1.341922902478165369e-01
3.994802941525650834e-13
1.188322496648108515e-13
-1.715441317172579708e-02
-5.719253158468700499e-03
-2.236609386997309365e-02
-7.307271947632859935e-03
-2.982754840067961682e-02
-9.497520402065961001e-03
-3.461961355677898450e-02
-1.083689718268876848e-02
-3.841220162704543639e-02
-1.178166580704201154e-02
-3.793719761782295141e-02
-1.149225590662346363e-02
-3.159775667761225565e-02
-9.446896061916350285e-03
-2.277898416010946253e-02
-6.765717536321001584e-03
-6.545636967474195884e-03
-1.935334351053339536e-03
3.290626395316219459e-12
9.725881123112189662e-13
1.228066149616791048e-11
3.629711777518040076e-12
3.290626395316219459e-12
9.725881123112189662e-13
1.228072744322781907e-11
3.629731269042997884e-12
3.290626395316219459e-12
9.725881123112189662e-13
1.228072744322781907e-11
3.629731269042997884e-12
3.290626395316219459e-12
9.725881123112189662e-13
1.228072744322781907e-11
3.629731269042997884e-12
3.290626395316219459e-12
9.725881123112189662e-13
1.228072744322781907e-11
3.629731269042997884e-12
3.290626395316219459e-12
9.725881123112189662e-13
1.228072744322781907e-11
3.629731269042997884e-12
3.290626395316219459e-12
9.725881123112189662e-13
1.228072744322781907e-11
3.629731269042997884e-12
3.290626395316219459e-12
9.725881123112189662e-13
1.228072744322781907e-11
3.629731269042997884e-12
3.290626395316219459e-12
9.725881123112189662e-13
1.228072744322781907e-11
3.629731269042997884e-12
-1.519441138499116051e-01
-1.103821061795647041e-01
-2.134364056128028320e-01
-3.092612540420645595e-01
-1.105029044881887357e+00
-6.501245412850149563e-01
-3.110840631821980118e+00
-1.761254397749964618e+00
-6.552888059365008289e+00
-4.668064085995680124e+00
-1.774772338382724257e+01
-1.481207835031152520e+01
-3.610943819214198669e+01
-3.449238166046627896e+01
-9.219584146449683715e+01
-1.094452063848354868e+02
-2.548549102434438396e+02
-2.548549102434438396e+02
-8.085836838567466884e+02
-8.085836838567481664e+02
-1.882524107173539960e+03
-1.882524107173539960e+03
-5.968501349869051410e+03
-5.968501349869062324e+03
-1.387666939419282971e+04
-1.387666939419282971e+04
-4.376696075576978910e+04
-4.376696075576978910e+04
-1.007387860810645070e+05
-1.007387860810645943e+05
-3.059680676690726541e+05
-3.059680676690730616e+05
-6.562458886704613687e+05
-6.562458886704613687e+05
-1.565148122654159553e+06
-1.565148122654159553e+06
-2.148262027013527695e+06
-2.148262027013527695e+06
-2.472295057206702419e+06
-2.472295057206702419e+06
2.472295057206702419e+06
2.472295057206702419e+06
2.148262027013532817e+06
2.148262027013532817e+06
2.472295057206702419e+06
2.472295057206702419e+06
2.148262027013532817e+06
1.563985962328648428e+06
-2.148262027013527695e+06
-2.148262027013527695e+06
-2.472295057206702419e+06
-2.472295057206702419e+06
1.565148122654167470e+06
1.186767327899026917e+06
6.562458886704664910e+05
6.758799120072089136e+05
3.059680676690756809e+05
4.103534042006186210e+05
8.877805805293079175e+04
2.001718479043569823e+05
4.939745362587478303e+04
1.195817850068642874e+05
2.348940592407837175e+04
4.923919210570415453e+04
1.255750770605375146e+04
2.392354659392459507e+04
4.915513653962134413e+03
8.462031060261138919e+03
2.376550652760236062e+03
3.860929119376739891e+03
8.491766886855475605e+02
-9.047816540038828634e+02
-3.541656059879887266e+02
-1.145379941896626633e+03
-3.658651053447084109e+02
-1.260153615077669201e+03
-2.948839555413301241e+02
-1.051331567519023793e+03
-9.169032229537026524e+01
-3.352498620526451418e+02
4.638061420348519281e-08
1.699242744032004097e-07
1.730952686463272416e-07
6.341677106368291993e-07
4.638061420348519281e-08
1.699242744032004097e-07
-2.958714274355015732e+03
-7.071327426903245396e+03
-5.375153359800788166e+03
-1.233353511308034285e+04
-1.191669908133599529e+04
-2.734470267404365586e+04
-1.835774578389061207e+04
-4.939745361743912508e+04
-2.606077937778692285e+04
-8.464342016911887913e+04
-2.532084528740147653e+04
-9.230550858082955529e+04
-9.087279344280708756e+03
-3.659503709069190518e+04
4.650889410062093585e-06
1.889152833297604809e-05
-2.963493993177241064e+05
7.050381373391985884e-05
-6.286831677341320319e+05
-3.778227302380130277e+05
-1.444158505594361341e+06
-6.758799119579221588e+05
-2.053179519756758353e+06
-1.314703626766332658e+06
-1.728874547880079830e+06
-1.563985961051667575e+06
-1.112438545608734246e+06
-8.469664564827209106e+05
-1.386419438221701421e+06
-1.112438545154589927e+06
-1.563985960116852541e+06
-1.314703626766337780e+06
-1.728874547880088445e+06
-1.563985961051643826e+06
-1.761643043974612141e+06
-1.684957225262473803e+06
-1.767326293202638859e+06
-1.761643035344381817e+06
1.761643050292423228e+06
1.767326349169468042e+06
1.684957229093446163e+06
1.761643058922653785e+06
1.563985963263475569e+06
1.728874553665025625e+06
1.314703627945075510e+06
1.563985962328640977e+06
1.112438545941175194e+06
1.386419439599876292e+06
8.469664569474378368e+05
1.112438546395329759e+06
1.563985963263460435e+06
1.728874547880102880e+06
1.314703626766344765e+06
1.563985962328644469e+06
1.761643050292435335e+06
1.767326349169530906e+06
1.684957229093405884e+06
1.761643058922642842e+06
-1.761643043974644737e+06
-1.684957225262456574e+06
-1.767326293202867964e+06
-1.761643035344346194e+06
6.758799122765227221e+05
1.186767327899018535e+06
3.378827599890605197e+05
6.758799120072117075e+05
1.945676002384398889e+05
4.103534042006186792e+05
8.877805805293083540e+04
2.001718479043560510e+05
4.939745362587469572e+04
1.195817850068634434e+05
2.348940592407833174e+04
4.923919210570418363e+04
1.255750770605372418e+04
2.392354659392455505e+04
4.915513653962129865e+03
8.462031060261131643e+03
2.376550652760230605e+03
3.860929119376735343e+03
8.491766886855501753e+02
1.295339198195117206e+03
3.922146050882809618e+02
5.764345160881960055e+02
1.340209069021434232e+02
1.750148512007647525e+02
6.043531318691022136e+01
9.627186595143739112e+01
1.880654364059850536e+01
4.291470338626638892e+01
1.034486526751162927e+01
2.419491434487088100e+01
4.709865637015846040e+00
1.050034328679040208e+01
2.573940395483828247e+00
5.522452409481097391e+00
1.084066984524966415e+00
2.216169446897106265e+00
5.616655123585483356e-01
1.111478582580399221e+00
2.223818309210822686e-01
4.224781952749352976e-01
4.901643157021006984e-14
1.465756522902272965e-14
-2.544431087824746383e-03
-8.358875136040396165e-04
-3.207022344953038701e-03
-1.035720805923868613e-03
-4.097321265924891605e-03
-1.295146311566204534e-03
-4.622475294964688113e-03
-1.440688238235201179e-03
-4.958269065453571774e-03
-1.519770007783902577e-03
-4.797066209079701472e-03
-1.455573040869848241e-03
-3.909441687505526078e-03
-1.173705040494698237e-03
-2.787865589546895725e-03
-8.325679923919119055e-04
-7.951019411138664054e-04
-2.365838063443366870e-04
3.994802941525635183e-13
1.188322496648098922e-13
1.490865773720196771e-12
4.434835370672352159e-13
3.994802941525635183e-13
1.188322496648098922e-13
1.490873779658193551e-12
4.434859185704951713e-13
3.994802941525635183e-13
1.188322496648098922e-13
1.490873779658193551e-12
4.434859185704951713e-13
3.994802941525635183e-13
1.188322496648098922e-13
1.490873779658193551e-12
4.434859185704951713e-13
3.994802941525635183e-13
1.188322496648098922e-13
1.490873779658193551e-12
4.434859185704951713e-13
3.994802941525635183e-13
1.188322496648098922e-13
1.490873779658193551e-12
4.434859185704951713e-13
3.994802941525635183e-13
1.188322496648098922e-13
1.490873779658193551e-12
4.434859185704951713e-13
3.994802941525635183e-13
1.188322496648098922e-13
1.490873779658193551e-12
4.434859185704951713e-13
3.994802941525635183e-13
1.188322496648098922e-13
-1.715441317172574157e-02
-3.432828960061403561e-02
-8.506662019771417393e-02
-7.968369927068097436e-02
-2.698270739003771346e-01
-2.516056642569023949e-01
-6.281560610469273387e-01
-5.835440707221174472e-01
-1.992280560763454389e+00
-1.840046386038422410e+00
-4.637607144631800793e+00
-4.262405276041143054e+00
-1.470657937575325391e+01
-1.341298176125764208e+01
-3.422905569884471788e+01
-3.101319726024008716e+01
-1.085188146193582526e+02
-9.727947655941945015e+01
-2.525114003559484388e+02
-2.242447283793479755e+02
-8.001559151424291940e+02
-6.995053859974581201e+02
-1.860784364192882322e+03
-1.603526512054672139e+03
-5.887717693675154806e+03
-4.947325986539900441e+03
-1.366203336122083238e+04
-1.120354254697322358e+04
-4.292903169802661432e+04
-3.362550598140585498e+04
-9.841638955498929136e+04
-7.347916328815271845e+04
-2.963493993177234079e+05
-2.002912290741867328e+05
-6.286831677341299364e+05
-3.778227302380139008e+05
-1.444158505594354821e+06
-6.758799119579166872e+05
-2.053179519756755093e+06
-1.314703626766343601e+06
-1.728874547880106140e+06
-1.563985961051657097e+06
-1.112438545608725399e+06
-8.469664564827107824e+05
-1.386419438221690245e+06
-1.112438545154575491e+06
-1.563985960116836475e+06
-1.314703625587609364e+06
-1.728874547880099388e+06
-1.563985961051657330e+06
-1.761643043974630535e+06
-1.684957225262463093e+06
-1.767326293202731758e+06
-1.761643035344373900e+06
1.761643050292422762e+06
1.767326349169551861e+06
1.684957229093423113e+06
1.761643058922673343e+06
1.563985963263469050e+06
1.728874553665027954e+06
1.314703626766340807e+06
1.563985962328647729e+06
1.112438545941189863e+06
1.386419439599888865e+06
8.469664569474518066e+05
1.112438546395341167e+06
1.563985963263468584e+06
1.728874547880099388e+06
1.314703626766340807e+06
2.053179519756758586e+06
1.761643050292414147e+06
1.767326349169551861e+06
1.684957229093422415e+06
1.761643058922673343e+06
-1.761643043974630535e+06
-1.684957225262463093e+06
-1.767326293202721281e+06
-1.761643035344373900e+06
6.758799122765330831e+05
1.444158505594361573e+06
3.778227302380161127e+05
6.286831677341349423e+05
2.002912290741878678e+05
2.963493993177257362e+05
7.347916328815277666e+04
9.841638955498953874e+04
3.362550598140585498e+04
4.292903169802661432e+04
1.120354254697322176e+04
1.366203336122084329e+04
4.947325986539900441e+03
5.887717693675164810e+03
-2.014188274750544679e+03
-5.767291987047044131e+03
-2.673495157400717289e+03
-8.284253234606185288e+03
-3.116838305887654315e+03
-1.068820163443219644e+04
-2.686782690459174773e+03
-9.781048665203295968e+03
-8.778998359705429948e+02
-3.345955315540820266e+03
4.458444511395581278e-07
1.705626487024797388e-06
1.663918565327603302e-06
6.365501622866903107e-06
4.458444511395581278e-07
1.705626487024797388e-06
-1.255750770605382058e+04
6.365501622866903107e-06
-2.348940592407850272e+04
-4.923919210570422729e+04
-4.939745362587509590e+04
-1.195817850068646076e+05
-8.877805805293131561e+04
-2.001718479043573607e+05
-1.881569141914826469e+05
-4.103534042006201926e+05
-2.312292560197012499e+05
-6.758799120072105434e+05
-1.030953280911204056e+05
-4.290396929181470186e+05
5.380796874812298177e-05
2.324935479958474148e-04
2.008131337577499830e-04
8.676736743223116511e-04
5.380796874812298177e-05
2.324935479958474148e-04
2.008131337577499830e-04
8.676736743223116511e-04
-6.758799116886054398e+05
2.324935479958474148e-04
-1.186767326989501482e+06
8.676736743223116511e-04
-1.563985960116828559e+06
-1.314703625587604707e+06
-1.728874547880087513e+06
-1.563985961051643360e+06
-1.112438545608722605e+06
1.542317973918608004e-04
-1.386419438221686753e+06
5.755951202515595042e-04
-1.563985960116828559e+06
-1.314703625587604707e+06
-1.728874547880087513e+06
-1.563985961051666411e+06
-1.761643043974641943e+06
-1.684957225262456108e+06
-1.767326293202856090e+06
-1.761643035344344797e+06
1.761643050292437896e+06
1.767326349169541616e+06
1.684957229093406349e+06
1.761643058922645636e+06
1.563985963263455546e+06
1.728874547880104044e+06
1.314703626766339177e+06
1.563985962328660535e+06
1.112438545941195916e+06
1.386419439599900274e+06
8.469664569474527379e+05
1.112438546395345358e+06
1.563985963263478363e+06
1.728874553665035404e+06
1.314703626766343601e+06
2.053179519756755093e+06
1.761643050292385044e+06
1.767326349169499706e+06
1.684957229093430098e+06
1.761643058922667755e+06
-1.761643043974664994e+06
-1.684957225262479857e+06
-1.767326293202816974e+06
-1.761643035344383214e+06
6.758799122765316861e+05
1.444158505594352726e+06
3.778227302380136098e+05
6.286831677341294708e+05
2.002912290741864999e+05
2.963493993177230586e+05
7.347916328815264569e+04
9.841638955498962605e+04
3.362550598140575312e+04
4.292903169802650518e+04
1.120354254697322358e+04
1.213827458760253467e+04
4.947325986539892256e+03
6.687195986004920087e+03
1.308295909576935401e+03
2.958714274033485708e+03
7.197689716418947228e+02
1.628101393173883935e+03
3.181577486287077932e+02
7.278089364638582310e+02
1.750148512147126780e+02
4.127907861304825019e+02
8.021308983772044598e+01
1.776853396674163719e+02
4.369697825983671891e+01
9.219584146449508921e+01
1.816648350143591273e+01
3.610943819214121930e+01
9.284460790406553699e+00
1.774772338382692993e+01
3.595700136193420882e+00
6.552888059364894602e+00
1.761254397749946188e+00
3.110840631821929492e+00
6.501245412850059635e-01
1.105029044881877143e+00
6.067222065317557961e-15
-8.723408465968499558e-05
-3.684437395535872435e-04
-1.197224467759106366e-04
-4.512987699679752709e-04
-1.445291657241508582e-04
-5.562625613403099226e-04
-1.749438737156210608e-04
-6.129638303271539362e-04
-1.905111989005338802e-04
-6.394568839283859421e-04
-1.960019003724700580e-04
-6.083452899184281764e-04
-1.849114089429718306e-04
-4.870974745208956421e-04
-1.467657629287587241e-04
-3.443157306075492717e-04
-1.032948383951911528e-04
-9.760539637360118935e-05
-2.919409221783248661e-05
4.901643157021006984e-14
1.465756522902272965e-14
1.829299748888636800e-13
5.470222848508182234e-14
4.901643157021006984e-14
1.465756522902272965e-14
1.829309572214535591e-13
5.470252223563753300e-14
4.901643157021006984e-14
1.465756522902272965e-14
1.829309572214535591e-13
5.470252223563753300e-14
4.901643157021006984e-14
1.465756522902272965e-14
1.829309572214535591e-13
5.470252223563753300e-14
4.901643157021006984e-14
1.465756522902272965e-14
1.829309572214535591e-13
5.470252223563753300e-14
4.901643157021006984e-14
1.465756522902272965e-14
1.829309572214535591e-13
5.470252223563753300e-14
4.901643157021006984e-14
1.465756522902272965e-14
1.829309572214535591e-13
5.470252223563753300e-14
4.901643157021006984e-14
1.465756522902272965e-14
1.829309572214535591e-13
-3.643022651025682682e-03
-9.969142226306888441e-03
-8.372631710775466432e-03
-3.134242460797188878e-02
-2.604490186966431850e-02
-7.244064004256343947e-02
-5.967983208109795684e-02
-2.272374086406876714e-01
-1.847642685583563704e-01
-5.241845621922733844e-01
-4.216361333503458320e-01
-1.639084075888957770e+00
-1.296654340313464271e+00
-3.770394658116624775e+00
-2.941655691542323758e+00
-1.173452622497739917e+01
-8.958476664425846892e+00
-2.687842925827656515e+01
-2.014564919208491744e+01
-8.304167729955649691e+01
-6.043531318691000820e+01
-1.889050253129868793e+02
-1.340209069021422863e+02
-5.764345160881930497e+02
-3.922146050882810755e+02
-1.295339198195121298e+03
-8.491766886855476741e+02
-3.860929119376735343e+03
-2.376550652760244702e+03
-8.462031060261138919e+03
-4.915513653962153512e+03
-2.392354659392462418e+04
-1.255750770605381331e+04
-4.923919210570407449e+04
-2.348940592407847362e+04
-1.195817850068638072e+05
-4.939745361589498498e+04
-2.001718479043564876e+05
-8.877805803253129125e+04
-4.103534040496983216e+05
-3.059680676690732362e+05
-6.758799116885942640e+05
-6.562458886704624165e+05
-1.186767326989503345e+06
-1.565148122654166073e+06
-1.563985960116836475e+06
-2.148262027013532817e+06
-2.472295057206702419e+06
-2.472295057206702419e+06
2.472295057206702419e+06
2.472295057206702419e+06
2.148262027013532817e+06
2.148262027013532817e+06
2.472295057206702419e+06
2.472295057206702419e+06
2.148262027013532817e+06
2.148262027013532817e+06
-2.148262027013532817e+06
-2.148262027013532817e+06
-2.472295057206702419e+06
-2.472295057206702419e+06
1.565148122654167470e+06
1.565148122654167470e+06
6.562458886704664910e+05
6.562458886704664910e+05
3.059680676690750406e+05
3.059680676690750988e+05
1.007387860810648417e+05
1.007387860810647398e+05
4.376696075576978910e+04
4.376696075576978910e+04
1.387666939419284063e+04
1.233353511308025736e+04
-5.375153359800777253e+03
-1.213827458760254922e+04
-1.191669908133593526e+04
-2.734470267404340120e+04
-1.835774578389054659e+04
-4.939745361743863032e+04
-2.606077937778685373e+04
-8.464342016911804967e+04
-2.532084528740149108e+04
-9.230550858082901686e+04
-9.087279344280870646e+03
-3.659503709069176693e+04
4.650842806095892668e-06
1.889133903151759780e-05
1.735722777238499508e-05
7.050362443246100536e-05
4.650842806095892668e-06
1.889133903151759780e-05
1.735722777238499508e-05
7.050362443246100536e-05
4.650842806095892668e-06
1.889133903151759780e-05
-2.002912290741881006e+05
7.050362443246100536e-05
-3.778227302380164620e+05
-6.286831677341349423e+05
-6.758799122765331995e+05
-1.444158505594362039e+06
-8.469664569474533200e+05
-1.112438546395343030e+06
-1.112438545941188931e+06
-1.386419439599885605e+06
-1.314703627945072250e+06
-2.053179519756759517e+06
-1.563985963263473939e+06
-1.728874547880105441e+06
-1.314703626766340341e+06
-1.563985962328644004e+06
-5.501477942349371733e+05
-1.728874547880087513e+06
-1.684957229093431029e+06
-1.761643058922659140e+06
-1.761643050292457454e+06
-1.767326349169614958e+06
1.767326293202585075e+06
1.761643035344404867e+06
1.761643043974652421e+06
1.684957225262454711e+06
2.878144233886049431e-04
1.236155627869862722e-03
1.074127258074993258e-03
4.613349252914462906e-03
1.649756104852203361e-03
7.085660508654187048e-03
2.436080475649193399e-03
1.046290368100039579e-02
7.085660508654187048e-03
1.649756104852202710e-03
1.046290368100039579e-02
2.436080475649192098e-03
1.236155627869862722e-03
1.563985961051660823e+06
4.613349252914462906e-03
1.074127258074993041e-03
2.878144233886049431e-04
1.236155627869862722e-03
1.074127258074993258e-03
4.613349252914462906e-03
1.649756104852203361e-03
7.085660508654187048e-03
2.436080475649193399e-03
1.046290368100039579e-02
7.085660508654187048e-03
1.649756104852202710e-03
1.046290368100039579e-02
2.436080475649192098e-03
1.236155627869862722e-03
2.878144233886049431e-04
4.613349252914462906e-03
1.074127258074993041e-03
2.878144233886049431e-04
1.236155627869862722e-03
1.074127258074993258e-03
4.613349252914462906e-03
1.649756104852203361e-03
7.085660508654187048e-03
2.436068939538591892e-03
1.046290368100039579e-02
7.085660508654187048e-03
1.649756104852202710e-03
1.046285413369878702e-02
2.436080475649192098e-03
1.236155627869862722e-03
2.878144233886049431e-04
4.613349252914462906e-03
1.074127258074993041e-03
2.878144233886049431e-04
1.236155627869862722e-03
1.074127258074993258e-03
4.613349252914462906e-03
1.649756104852203361e-03
7.085660508654187048e-03
-1.563985963263473241e+06
1.046290368100039579e-02
7.085660508654187048e-03
1.649756104852202710e-03
1.046285413369878702e-02
-1.563985961051666178e+06
1.236155627869862722e-03
2.878144233886049431e-04
4.613349252914462906e-03
1.074127258074993041e-03
1.728874547880104044e+06
1.563985961051666411e+06
2.053179519756755093e+06
1.314703626766343601e+06
1.563985963263478363e+06
1.728874553665036801e+06
1.314703626766343601e+06
1.563985962328633294e+06
1.767326293202647939e+06
1.761643035344425822e+06
1.761643043974619359e+06
1.684957225262467051e+06
1.761643050292385044e+06
1.767326349169510184e+06
1.684957229093430098e+06
1.761643058922670549e+06
-1.684957229093442671e+06
-1.761643058922667755e+06
-1.761643050292430678e+06
-1.767326349169667112e+06
-1.761643043974664994e+06
-1.684957225262478925e+06
-1.767326293202816974e+06
-1.761643035344378790e+06
1.444158505594352726e+06
1.186767327899020864e+06
6.286831677341294708e+05
6.758799120072147343e+05
2.963493993177230586e+05
4.103534042006200762e+05
8.877805805293124286e+04
1.945676001919210539e+05
4.939745362587485579e+04
1.098053000781521987e+05
2.200499600995719811e+04
4.939745361743901594e+04
1.213827458921485777e+04
2.734470267404353581e+04
5.375153359800819999e+03
1.233353511308023553e+04
2.958714274355014823e+03
7.071327426903194464e+03
1.370790389638660372e+03
2.995494239310135072e+03
7.421582100203446544e+02
1.518518921755865449e+03
3.020188934513741401e+02
5.722987736513229038e+02
1.511545222653726910e+02
2.730186039951435646e+02
5.669555571080518064e+01
9.681266485497633312e+01
2.710222363740043150e+01
4.466967546220674024e+01
9.677701527304179763e+00
1.529501043616287959e+01
4.495961448943663008e+00
6.917595288693854094e+00
1.555670070263092120e+00
2.317725802350477426e+00
-3.874263990883332223e-05
-1.271789421264071054e-05
-5.240653641206342834e-05
-1.688910166800709932e-05
-6.264511019671676294e-05
-1.993809471697687087e-05
-7.490540643585223376e-05
-2.347400408478030035e-05
-8.092420760026502200e-05
-2.510696881696817124e-05
-8.248296660409681327e-05
-2.529184146475596621e-05
-7.738057592669848374e-05
-2.356081470696549685e-05
-6.105883036979596460e-05
-1.845514282406701814e-05
-4.284912985094848454e-05
-1.290425890160604799e-05
-1.208621763534250976e-05
-3.630743568890298428e-06
6.067222065317534295e-15
1.822261852435015033e-15
2.264295348517838612e-14
6.800705482393051412e-15
6.067222065317534295e-15
1.822261852435015033e-15
2.264307507766837055e-14
6.800742002130364410e-15
6.067222065317534295e-15
1.822261852435015033e-15
2.264307507766837055e-14
6.800742002130364410e-15
6.067222065317534295e-15
1.822261852435015033e-15
2.264307507766837055e-14
6.800742002130364410e-15
6.067222065317534295e-15
1.822261852435015033e-15
2.264307507766837055e-14
6.800742002130364410e-15
6.067222065317534295e-15
1.822261852435015033e-15
2.264307507766837055e-14
6.800742002130364410e-15
6.067222065317534295e-15
1.822261852435015033e-15
2.264307507766837055e-14
-3.398494406627590816e-04
-1.000577442818462344e-03
-7.711974074035612406e-04
-3.097432913784714786e-03
-2.354399275816382829e-03
-7.071064109128080873e-03
-5.315346011283379052e-03
-2.177489269804121913e-02
-1.609737854181212888e-02
-4.948891406144636379e-02
-3.609614334357633819e-02
-1.513215775771245553e-01
-1.081455120629188638e-01
-3.418272187635157389e-01
-2.402781421814980389e-01
-1.034928332915010518e+00
-7.092770177482433658e-01
-2.317725802350481423e+00
-1.555670070263106108e+00
-6.917595288693929589e+00
-4.495961448943703864e+00
-1.529501043616310163e+01
-9.677701527304281015e+00
-4.466967546220731577e+01
-2.710222363740090756e+01
-9.681266485497776841e+01
-5.669555571080586276e+01
-2.730186039951470320e+02
-1.511545222653747942e+02
-5.722987736513299524e+02
-3.020188934513766412e+02
-1.518518921755882047e+03
-7.421582100203462460e+02
-2.995494239310156445e+03
-1.882524107173543598e+03
-7.071327426903240848e+03
-5.968501349869062324e+03
-1.233353511308032648e+04
-1.387666939419284063e+04
-4.376696075576975272e+04
-4.376696075576978910e+04
-1.007387860810645943e+05
-1.007387860810645943e+05
-3.059680676690732362e+05
-3.059680676690732362e+05
-6.562458886704624165e+05
-6.562458886704624165e+05
-1.565148122654166073e+06
-1.565148122654166073e+06
-2.148262027013532817e+06
-2.148262027013532817e+06
-2.472295057206702419e+06
-2.472295057206702419e+06
2.472295057206702419e+06
2.472295057206702419e+06
2.148262027013532817e+06
2.148262027013532817e+06
2.472295057206702419e+06
2.472295057206702419e+06
2.148262027013532817e+06
1.563985962328647263e+06
-2.148262027013532817e+06
-2.148262027013532817e+06
-2.472295057206702419e+06
-2.472295057206702419e+06
1.565148122654167470e+06
1.186767327899026917e+06
6.562458886704664910e+05
6.758799120072091464e+05
3.059680676690750406e+05
4.103534042006183881e+05
8.877805805293032608e+04
2.001718479043563711e+05
4.939745362587457203e+04
1.195817850068637781e+05
2.348940592407834993e+04
4.923919210570406722e+04
-2.200499600995724904e+04
-4.939745361743912508e+04
-4.939745362587455747e+04
-1.098053000781531591e+05
-8.877805805293034064e+04
-1.945676001919216069e+05
-1.881569141914805805e+05
-4.103534042006164673e+05
-2.312292560196996783e+05
-6.758799120072072838e+05
-1.030953280911215261e+05
-4.290396929181478336e+05
5.380742956850861420e-05
2.324912183078034554e-04
2.008125945781343415e-04
8.676713446342665262e-04
5.380742956850861420e-05
2.324912183078034554e-04
2.008125945781343415e-04
8.676713446342665262e-04
5.380742956850861420e-05
2.324912183078034554e-04
2.008125945781343415e-04
8.676713446342665262e-04
-6.562458886704664910e+05
2.324912183078034554e-04
-1.565148122654169099e+06
-1.186767327899028780e+06
-2.148262027013534680e+06
-2.148262027013534680e+06
-2.472295057206702419e+06
-2.472295057206702419e+06
2.472295057206702419e+06
2.472295057206702419e+06
1.563985960116836941e+06
2.148262027013531420e+06
2.472295057206702419e+06
2.472295057206702419e+06
2.148262027013531420e+06
2.148262027013531420e+06
-2.148262027013534680e+06
-1.563985962328641210e+06
-2.472295057206702419e+06
-2.472295057206702419e+06
1.186767326989499852e+06
1.565148122654164676e+06
8.676736743223100248e-04
6.562458886704656761e+05
2.324935479958470082e-04
5.380796874812250743e-05
8.676736743223100248e-04
2.008131337577482212e-04
2.324935479958470082e-04
5.380796874812250743e-05
8.676736743223100248e-04
2.008131337577482212e-04
2.324935479958470082e-04
5.380796874812250743e-05
-1.186767326989509398e+06
-6.758799119579162216e+05
-1.563985960116843460e+06
-1.314703626766337315e+06
-1.728874547880087513e+06
-1.563985961051651044e+06
-1.112438545608725399e+06
-8.469664564827102004e+05
-1.386419438221683493e+06
-1.112438545154565014e+06
-1.563985960116829723e+06
-1.314703625587595161e+06
-1.728874542095164768e+06
-1.563985961051670136e+06
-1.761643043974596309e+06
-1.684957225262455177e+06
-1.767326293202689849e+06
-1.761643035344340373e+06
1.761643050292393193e+06
1.767326349169552093e+06
1.684957229093418457e+06
1.761643058922648663e+06
1.563985963263455546e+06
1.728874547880105441e+06
1.314703626766339177e+06
1.563985962328657042e+06
1.112438545941198710e+06
1.386419439599896548e+06
8.469664569474544842e+05
1.112438546395343728e+06
1.563985963263480458e+06
1.728874547880114755e+06
1.314703627945075510e+06
1.563985962328642840e+06
1.761643050292423228e+06
1.767326349169677822e+06
1.684957229093446163e+06
1.761643058922664961e+06
-1.761643043974611443e+06
-1.684957225262470543e+06
-1.767326293202638859e+06
-1.761643035344369709e+06
6.758799122765315697e+05
1.186767327899019467e+06
3.378827599890605197e+05
6.758799120072126389e+05
1.945676002384398889e+05
4.103534042006189702e+05
8.877805805293083540e+04
2.001718479043561674e+05
4.939745362587469572e+04
1.195817850068634434e+05
2.348940592407840813e+04
4.923919210570389987e+04
1.255750770605372418e+04
2.392354659392455505e+04
4.915513653962149874e+03
8.462031060261091625e+03
2.376550652760230605e+03
3.860929119376702602e+03
8.491766886855367602e+02
1.295339198195107883e+03
3.922146050882741406e+02
5.764345160881858874e+02
1.340209069021401262e+02
1.889050253129845203e+02
6.043531318690882870e+01
8.304167729955563004e+01
2.014564919208462968e+01
2.687842925827623120e+01
8.958476664425747416e+00
1.173452622497726949e+01
2.941655691542292228e+00
3.770394658116618558e+00
-5.607911761655849898e-06
-1.824984125184881255e-06
-7.354066107730540937e-06
-2.355094068664608931e-06
-8.608191648674438337e-06
-2.727032217569819581e-06
-1.002885484063943311e-05
-3.134954543325448282e-06
-1.065385388892802474e-05
-3.301753939474397085e-06
-1.064746546049342949e-05
-3.266802463952909039e-06
-9.871727884851412744e-06
-3.010673135996930981e-06
-7.694344170642766819e-06
-2.332012252428403270e-06
-5.366923621262619439e-06
-1.621608605446863926e-06
-1.507500949002540802e-06
-4.545252704092811076e-07
7.565125499779256749e-16
2.280579408474535768e-16
2.823314903541010851e-15
8.511152700431439636e-16
7.565125499779256749e-16
2.280579408474535768e-16
2.823330064720817447e-15
8.511198405257454642e-16
7.565125499779256749e-16
2.280579408474535768e-16
2.823330064720817447e-15
8.511198405257454642e-16
7.565125499779256749e-16
2.280579408474535768e-16
2.823330064720817447e-15
8.511198405257454642e-16
7.565125499779256749e-16
2.280579408474535768e-16
2.823330064720817447e-15
8.511198405257454642e-16
7.565125499779256749e-16
2.280579408474535768e-16
2.823330064720817447e-15
-2.888120956870329962e-05
-8.982722782536610873e-05
-6.466977507320972884e-05
-2.731712254950525390e-04
-1.936447994824751543e-04
-6.149750149659867016e-04
-4.306367638745638919e-04
-1.855405246963886265e-03
-1.275909800854874154e-03
-4.149483534046637459e-03
-2.812644136465667754e-03
-1.239065481041231459e-02
-8.220402841634296895e-03
-2.747133513315406714e-02
-1.791520065205005896e-02
-8.091285526920041771e-02
-5.142650207519551542e-02
-1.773058736542435787e-01
-1.103821061795638991e-01
-5.125228778674291163e-01
-3.092612540420635603e-01
-1.105029044881877143e+00
-6.501245412850102934e-01
-3.110840631821951696e+00
-1.761254397749958178e+00
-6.552888059364962103e+00
-4.262405276041149271e+00
-1.774772338382708625e+01
-1.341298176125769182e+01
-3.610943819214159589e+01
-3.101319726024008716e+01
-9.219584146449601292e+01
-9.727947655942000438e+01
-2.525114003559502009e+02
-2.242447283793492261e+02
-8.001559151424335141e+02
-6.995053859974607349e+02
-1.860784364192889143e+03
-1.603526512054674413e+03
-5.887717693675164810e+03
-4.947325986539896803e+03
-1.366203336122083238e+04
-1.120354254697322176e+04
-4.292903169802651973e+04
-3.362550598140585498e+04
-9.841638955498937867e+04
-7.347916328815263114e+04
-2.963493993177235825e+05
-2.002912290741867328e+05
-6.286831677341314498e+05
-3.778227302380144247e+05
-1.444158505594359245e+06
-6.758799119579188991e+05
-2.053179519756758586e+06
-1.314703626766339643e+06
-1.728874547880100552e+06
-1.563985961051657796e+06
-1.112438545608727727e+06
-8.469664564827134600e+05
-1.386419438221690012e+06
-1.112438545154576423e+06
-1.563985960116836941e+06
-1.314703626766340109e+06
-1.728874547880098224e+06
-1.563985961051657796e+06
-1.761643043974630302e+06
-1.684957225262462860e+06
-1.767326293202731758e+06
-1.761643035344375297e+06
1.761643050292418804e+06
1.767326349169567693e+06
1.684957229093423812e+06
1.761643058922672179e+06
1.563985963263468584e+06
1.728874547880102880e+06
1.314703627945072018e+06
1.563985962328648660e+06
1.112438545941190096e+06
1.386419439599889098e+06
8.469664569474518066e+05
1.112438546395341400e+06
1.563985963263468584e+06
1.728874547880102880e+06
1.314703626766341040e+06
2.053179519756759517e+06
1.761643050292417407e+06
1.767326349169567693e+06
1.684957229093423579e+06
1.761643058922673343e+06
-1.761643043974631699e+06
-1.684957225262462860e+06
-1.767326293202729197e+06
-1.761643035344375297e+06
6.758799122765323846e+05
1.444158505594360875e+06
3.778227302380145411e+05
6.286831677341312170e+05
2.002912290741868783e+05
1.889143368224696016e-05
1.735725107436825605e-05
7.050371908319100808e-05
-8.877805805293125741e+04
1.889143368224696016e-05
-1.945676002384414023e+05
-4.103534042006202508e+05
-3.378827599890629062e+05
-6.758799120072104270e+05
-6.758799122765297070e+05
-1.186767327899022028e+06
-8.469664569474485470e+05
-1.112438546395337442e+06
-1.112438545941188466e+06
-1.386419439599887002e+06
-1.314703626766343834e+06
-1.563985962328640511e+06
-1.563985963263467653e+06
-1.728874547880108003e+06
-1.314703626766340807e+06
-1.563985962328645866e+06
-5.501477942349418299e+05
-1.728874547880099388e+06
-1.684957229093420319e+06
-1.761643058922664961e+06
-1.761643050292414613e+06
-1.767326349169635912e+06
1.767326293202658417e+06
1.761643035344376694e+06
1.761643043974627741e+06
1.684957225262459833e+06
2.878144233886052142e-04
1.236155627869867492e-03
1.074133026130293577e-03
4.613374026565283774e-03
1.649756104852204662e-03
7.085660508654213936e-03
2.436074707593891345e-03
1.046287890734963130e-02
7.085660508654178374e-03
1.649756104852201626e-03
1.046287890734957926e-02
2.436074707593890044e-03
1.236155627869861204e-03
1.563985961051660124e+06
4.613374026565261223e-03
1.074133026130292927e-03
2.878144233886052142e-04
1.236155627869867492e-03
1.074133026130293577e-03
4.613374026565283774e-03
1.649756104852204662e-03
7.085660508654213936e-03
2.436074707593891345e-03
1.046287890734963130e-02
7.085660508654178374e-03
1.649756104852201626e-03
1.046287890734957926e-02
2.436074707593890044e-03
1.236155627869861204e-03
2.878144233886046721e-04
4.613374026565261223e-03
1.074133026130292927e-03
2.878144233886052142e-04
1.236155627869867492e-03
1.074133026130293577e-03
4.613374026565283774e-03
1.649756104852204662e-03
7.085660508654213936e-03
2.436074707593891345e-03
1.046287890734963130e-02
7.085660508654178374e-03
1.649756104852201626e-03
1.046287890734957926e-02
2.436074707593890044e-03
1.236155627869861204e-03
2.878144233886046721e-04
4.613374026565261223e-03
1.074133026130292927e-03
2.878144233886052142e-04
1.236155627869867492e-03
1.074133026130293577e-03
4.613374026565283774e-03
1.649756104852204662e-03
7.085660508654213936e-03
-1.563985963263467886e+06
1.046290368100043743e-02
7.085660508654178374e-03
1.649756104852201626e-03
1.046290368100038365e-02
2.436080475649190363e-03
1.236155627869861204e-03
2.878144233886046721e-04
4.613374026565261223e-03
1.074133026130292927e-03
1.728874547880102880e+06
5.501477942349466030e+05
1.563985960116831819e+06
1.314703626766339643e+06
1.728874547880102880e+06
1.563985961051660124e+06
2.053179519756757887e+06
1.314703626766341040e+06
1.386419438221686287e+06
1.112438545154574327e+06
1.112438545608724700e+06
8.469664564827115973e+05
-1.684957229093431728e+06
-1.761643058922664961e+06
-1.761643050292453496e+06
-1.767326349169635912e+06
1.767326293202742236e+06
1.761643035344399046e+06
1.761643043974610511e+06
1.684957225262465654e+06
1.444158505594359245e+06
6.758799119579190155e+05
6.286831677341342438e+05
3.778227302380153560e+05
1.889152833297590579e-05
2.002912290741878096e+05
7.050381373391931673e-05
1.735727437635114771e-05
1.889152833297590579e-05
4.650889410062080033e-06
7.050381373391931673e-05
1.735727437635114771e-05
1.889152833297590579e-05
-8.877805803253035992e+04
-4.103534040496979142e+05
-1.945676001834101044e+05
-6.758799116885925177e+05
-3.378827598740569083e+05
-1.186767326989517780e+06
-6.758799119579202961e+05
-1.563985960116851842e+06
-1.314703626766336383e+06
-1.728874547880088445e+06
-1.563985961051650345e+06
-1.112438545608726563e+06
-8.469664564827122958e+05
-1.386419438221686054e+06
-1.112438545154571766e+06
-1.563985960116836010e+06
-1.314703625587601913e+06
-1.728874547880086349e+06
-1.563985961051664315e+06
-1.761643043974594446e+06
-1.684957225262466120e+06
-1.767326293202867964e+06
-1.761643035344334785e+06
1.761643050292395288e+06
1.767326349169405177e+06
1.684957229093405884e+06
1.761643058922652854e+06
1.563985963263455546e+06
1.728874547880108003e+06
1.314703626766338944e+06
1.563985962328657275e+06
1.112438545941195916e+06
1.386419439599893056e+06
8.469664569474522723e+05
1.112438546395341866e+06
1.563985963263469981e+06
1.728874547880108003e+06
1.314703626766345464e+06
2.053179519756755093e+06
1.761643050292433240e+06
1.767326349169530906e+06
1.684957229093431495e+06
1.761643058922676370e+06
-1.761643043974617030e+06
-1.684957225262477295e+06
-1.767326293202638859e+06
-1.761643035344373435e+06
6.758799122765316861e+05
1.444158505594352726e+06
3.778227302380136098e+05
6.286831677341294708e+05
2.002912290741864999e+05
2.963493993177230586e+05
7.347916328815283487e+04
9.841638955498888390e+04
3.362550598140575312e+04
4.292903169802650518e+04
1.120354254697325814e+04
1.366203336122077235e+04
4.947325986539892256e+03
5.887717693675108421e+03
1.603526512054654404e+03
1.860784364192862768e+03
6.995053859974495936e+02
8.001559151424207812e+02
2.242447283793452470e+02
2.525114003559457956e+02
9.727947655941774485e+01
9.627186595143689374e+01
3.101319726023969992e+01
4.291470338626675129e+01
1.034486526751172697e+01
2.419491434487120785e+01
4.709865637015909989e+00
1.050034328679061701e+01
-8.002005788657608037e-07
-2.586320868185316951e-07
-1.021333028689066623e-06
-3.254813459043382024e-07
-1.173910453684638742e-06
-3.705818676062603081e-07
-1.337275128417786590e-06
-4.172756315499047696e-07
-1.400189442942758027e-06
-4.336547582137345996e-07
-1.375944253776030563e-06
-4.224623620475274199e-07
-1.262911332166544927e-06
-3.857565163024192395e-07
-9.740968672807860069e-07
-2.959444117841428701e-07
-6.759439654439134370e-07
-2.048183961075796779e-07
-1.891906715928270713e-07
-5.722269842061391535e-08
9.491581269636210946e-17
2.870423368899919681e-17
3.542270760414556199e-16
1.071245820987901177e-16
9.491581269636210946e-17
2.870423368899919681e-17
3.542289782381908665e-16
-2.259087442857826344e-06
9.491581269636210946e-17
-3.059071351842475076e-06
3.542289782381908665e-16
-4.428429758306880439e-06
9.491581269636210946e-17
-5.607911761655892250e-06
3.542289782381908665e-16
-7.354066107730599382e-06
9.491581269636210946e-17
-8.608191648674507794e-06
-3.134954543325476234e-06
-1.002885484063947547e-05
-1.356625051593397261e-05
-1.065385388892807557e-05
-3.069444549579314975e-05
-6.944800135832807184e-05
-5.580138507266363927e-05
-1.262539395544940194e-04
-1.262539395588072467e-04
-2.856570178753949367e-04
-3.209222397147055116e-04
-5.193140646370979696e-04
-9.371209097171990859e-04
-1.174978836682418143e-03
-2.042154274818378575e-03
-2.136068772096528286e-03
-5.867463964721924587e-03
-4.613466373101966084e-03
-1.261462515939382016e-02
-7.876967157105455725e-03
-3.548471580567784389e-02
-2.604490186966431850e-02
-7.494004810259069504e-02
-5.967983208109819276e-02
-2.049283725105353338e-01
-1.847642685583570088e-01
-5.241845621922770482e-01
-4.216361333503472197e-01
-1.639084075888963987e+00
-1.296654340313468934e+00
-3.770394658116638542e+00
-2.941655691542329976e+00
-1.173452622497739739e+01
-8.958476664425859326e+00
-2.687842925827656515e+01
-2.014564919208491744e+01
-8.304167729955663901e+01
-6.043531318691023557e+01
-1.889050253129878456e+02
-1.340209069021430253e+02
-5.764345160881960055e+02
-3.922146050882824966e+02
-1.295339198195124027e+03
-8.491766886855489247e+02
-3.860929119376743984e+03
-2.376550652760244702e+03
-8.462031060261131643e+03
-4.915513653962152603e+03
-2.392354659392460235e+04
-1.255750770605381331e+04
-4.923919210570406722e+04
-2.348940592407847362e+04
-1.195817850068638654e+05
-4.939745361589498498e+04
-2.001718479043566331e+05
-8.877805803253153863e+04
-4.103534040496998932e+05
-3.059680676690750406e+05
-6.758799116885967087e+05
-6.562458886704664910e+05
-1.186767326989504043e+06
-1.565148122654167470e+06
-1.563985960116836941e+06
-2.148262027013532817e+06
-2.472295057206702419e+06
-2.472295057206702419e+06
2.472295057206702419e+06
2.472295057206702419e+06
2.148262027013532817e+06
2.148262027013532817e+06
2.472295057206702419e+06
2.472295057206702419e+06
2.148262027013532817e+06
2.148262027013532817e+06
-2.148262027013532817e+06
-2.148262027013532817e+06
-2.472295057206702419e+06
-2.472295057206702419e+06
1.565148122654166073e+06
1.565148122654166305e+06
6.562458886704624165e+05
-4.290396929181494052e+05
5.380756436341257201e-05
2.324923831518258552e-04
2.008128641679430974e-04
8.676725094782906066e-04
5.380769915831604870e-05
2.324923831518258552e-04
-6.758799122765338980e+05
-1.186767327899028314e+06
-8.469664569474519230e+05
-1.112438546395341400e+06
-1.112438545941192191e+06
-1.386419439599890029e+06
-1.314703626766342437e+06
-1.563985962328647031e+06
-1.563985963263469050e+06
-1.728874547880099388e+06
-1.314703626766340807e+06
-1.563985962328645866e+06
-1.563985963263458339e+06
-1.728874547880099388e+06
-1.684957229093423113e+06
-1.761643058922676370e+06
-1.761643050292403204e+06
-1.767326349169552093e+06
1.767326293202784145e+06
1.761643035344376694e+06
1.761643043974638917e+06
1.684957225262465654e+06
1.728874547880098689e+06
1.563985961051660124e+06
1.563985960116830887e+06
1.314703626766342903e+06
1.728874542095171520e+06
1.563985961051648716e+06
1.563985960116838338e+06
1.314703626766340341e+06
1.386419438221682794e+06
1.112438545154567342e+06
1.112438545608721906e+06
8.469664564827086870e+05
-1.684957229093419388e+06
-1.761643058922652854e+06
-1.761643050292407628e+06
-1.767326349169573048e+06
1.767326293202679604e+06
1.761643035344379488e+06
1.761643043974627508e+06
1.684957225262453780e+06
1.186767326989503810e+06
6.758799119579159888e+05
8.676713446342673936e-04
2.008125945781359678e-04
2.324912183078036722e-04
5.380742956850905465e-05
8.676713446342673936e-04
2.008125945781359678e-04
2.324912183078036722e-04
5.380742956850905465e-05
8.676713446342673936e-04
2.008125945781359678e-04
2.324912183078036722e-04
5.380742956850905465e-05
8.676736743223110006e-04
2.008131337577498746e-04
4.290396929181504529e+05
1.030953280911222973e+05
6.758799116885939147e+05
2.312292560197010753e+05
4.103534040496994276e+05
1.881569141914820939e+05
2.001718479043571278e+05
8.877805803253171325e+04
1.195817850068643165e+05
4.939745361589521053e+04
4.923919210570402356e+04
2.348940592407850272e+04
1.705643578326836902e-06
1.255750770605382058e+04
6.365518714168942621e-06
-1.213827458730756371e+04
-4.939745360745855578e+04
-2.200499600614129668e+04
-1.098053000515885942e+05
-4.939745361589523236e+04
-1.945676001368940633e+05
-8.877805803253193153e+04
-4.103534040496999514e+05
-3.059680676690785913e+05
-6.758799116885955445e+05
-6.562458886704726610e+05
-1.186767326989510329e+06
-1.565148122654177481e+06
-1.563985960116842994e+06
-2.148262027013541665e+06
-2.472295057206703350e+06
-2.472295057206702419e+06
2.472295057206701022e+06
2.472295057206702419e+06
2.148262027013523970e+06
2.148262027013527695e+06
2.472295057206701022e+06
2.472295057206702419e+06
2.148262027013523970e+06
2.148262027013527695e+06
-2.148262027013541665e+06
-2.148262027013541665e+06
-2.472295057206703350e+06
-2.472295057206702419e+06
1.565148122654157225e+06
1.565148122654157225e+06
6.562458886704607867e+05
6.562458886704607867e+05
3.059680676690723631e+05
3.059680676690723631e+05
1.007387860810649145e+05
1.007387860810640996e+05
4.376696075576966541e+04
4.376696075576966541e+04
1.387666939419288792e+04
1.213827458760274021e+04
5.968501349869051410e+03
6.687195986004991937e+03
1.882524107173520406e+03
2.958714274033448874e+03
7.197689716418934722e+02
1.628101393173861425e+03
3.181577486287018246e+02
7.278089364638584584e+02
1.750148512147100632e+02
4.127907861304860830e+02
8.021308983772098600e+01
1.776853396674179066e+02
4.369697825983723050e+01
9.219584146449651030e+01
1.816648350143612944e+01
3.610943819214197248e+01
-1.128964789213494814e-07
-3.629029647001081795e-08
-1.407061819710649190e-07
-4.466947181265917475e-08
-1.591663800470184144e-07
-5.011073294080391344e-08
-1.778005537809337368e-07
-5.540943108235441790e-08
-1.838378803495810286e-07
-5.691761028764936003e-08
-1.780344444474204983e-07
-5.470483994256422558e-08
-1.619931329201417531e-07
-3.543200016183832482e-07
-1.238237071808839985e-07
-7.068902489939638866e-07
-8.554202868589582957e-08
-1.148695341272049456e-06
-2.386938875107925649e-08
-2.164688708913487250e-06
-1.234469412171466574e-06
-3.363568239974160264e-06
-2.129678790001011411e-06
-5.935775246634041620e-06
-3.091691958315284537e-06
-8.759463041041704330e-06
-4.948349304570357086e-06
-1.433096250135982967e-05
-6.773245077011023016e-06
-1.992516644866429966e-05
-9.944775903569353945e-06
-2.986311954575420117e-05
-1.271789421264081049e-05
-3.874263990883360684e-05
-1.688910166800722468e-05
-5.240653641206325216e-05
-1.993809471697703350e-05
-6.264511019671680360e-05
-2.347400408478041893e-05
-7.490540643585228797e-05
-2.510696881696846262e-05
-8.092420760026564541e-05
-1.262539395588066775e-04
-1.970313002582569425e-04
-2.295250682754641487e-04
-5.193140646370929822e-04
-5.193140646559028057e-04
-1.174978836682404916e-03
-9.440940738334275759e-04
-2.136068772096512240e-03
-2.136068772178900330e-03
-4.832982140045473905e-03
-3.883295303573743550e-03
-8.786185669394529565e-03
-8.736641962070976555e-03
-1.987926553359234752e-02
-1.520386332494882455e-02
-3.613978125303387440e-02
-3.119798788455134531e-02
-7.747909685249899925e-02
-5.118682912375788208e-02
-1.308592918213603018e-01
-9.594605411824200236e-02
-2.554111721211613228e-01
-3.418272187635182369e-01
-4.007604648755860866e-01
-1.034928332915014293e+00
-6.974475958263108843e-01
-2.317725802350493414e+00
-9.942628134196535017e-01
-6.917595288693942912e+00
-4.495961448943726957e+00
-1.529501043616310163e+01
-9.677701527304330753e+00
-4.466967546220747920e+01
-2.710222363740115625e+01
-9.681266485497840790e+01
-5.669555571080636724e+01
-2.730186039951485100e+02
-1.511545222653758742e+02
-5.722987736513308619e+02
-3.020188934513784602e+02
-1.518518921755884548e+03
-7.421582100203489745e+02
-2.995494239310162811e+03
-1.882524107173546554e+03
-7.071327426903241758e+03
-5.968501349869062324e+03
-1.233353511308035195e+04
-1.387666939419284063e+04
-4.376696075576978910e+04
-4.376696075576978910e+04
-1.007387860810648417e+05
-1.007387860810648417e+05
-3.059680676690750406e+05
-3.059680676690750406e+05
-6.562458886704664910e+05
-6.562458886704664910e+05
-1.565148122654167470e+06
-1.565148122654167470e+06
-2.148262027013532817e+06
-2.148262027013532817e+06
-2.472295057206702419e+06
-2.472295057206702419e+06
2.472295057206702419e+06
2.472295057206702419e+06
2.148262027013532817e+06
2.148262027013532817e+06
2.472295057206702419e+06
2.472295057206702419e+06
2.148262027013532817e+06
2.148262027013532817e+06
-2.148262027013532817e+06
-2.148262027013532817e+06
-2.472295057206702419e+06
-2.472295057206702419e+06
1.768117412840428529e+06
1.768117412840428529e+06
-1.112438545941182645e+06
-1.386419439599880716e+06
-1.314703626766341506e+06
-2.053179519756759517e+06
-1.563985963263460668e+06
-1.728874547880101716e+06
-1.314703626766332891e+06
-1.563985962328639580e+06
-5.501477942349485820e+05
-1.728874547880090773e+06
-1.684957229093413800e+06
-1.761643058922664961e+06
-1.761643050292401807e+06
-1.767326349169530906e+06
1.767326293202721514e+06
1.761643035344368778e+06
1.761643043974621687e+06
1.684957225262456806e+06
2.878129813747805680e-04
1.236149434457165961e-03
1.074130142102644502e-03
4.613361639739881580e-03
1.649756104852207698e-03
7.085660508654213936e-03
2.436074707593894381e-03
1.046287890734963130e-02
7.085660508654178374e-03
1.649756104852201626e-03
1.046287890734957926e-02
2.436074707593890044e-03
1.236149434457159673e-03
1.563985961051650578e+06
4.613361639739859028e-03
1.074130142102642767e-03
2.878115393609554339e-04
1.236143241044464647e-03
1.074130142102644502e-03
4.613361639739881580e-03
1.649756104852207698e-03
7.085660508654213936e-03
-1.563985963263468584e+06
1.046287890734963130e-02
7.085660508654178374e-03
1.649756104852201626e-03
1.046287890734957926e-02
2.436074707593890044e-03
1.236143241044458576e-03
2.878115393609544039e-04
4.613361639739859028e-03
1.074130142102642767e-03
1.728874547880102880e+06
5.501477942349440418e+05
1.563985960116835311e+06
1.314703626766340341e+06
1.728874547880098689e+06
1.563985961051656632e+06
1.563985960116838338e+06
1.314703626766340341e+06
1.386419438221690478e+06
1.112438545154575491e+06
1.112438545608729124e+06
8.469664564827131107e+05
-1.684957229093423113e+06
-1.761643058922664961e+06
-1.761643050292414613e+06
-1.767326349169510184e+06
1.767326293202700326e+06
1.761643035344376694e+06
1.761643043974638917e+06
1.684957225262465654e+06
1.186767326989502413e+06
6.758799119579182006e+05
6.758799116885925177e+05
3.378827598740517860e+05
4.103534040496972739e+05
1.945676001834081835e+05
7.050362443246171009e-05
8.877805803253121849e+04
1.889133903151778414e-05
4.650842806095931632e-06
7.050362443246171009e-05
1.735722777238517465e-05
1.889133903151778414e-05
4.650842806095931632e-06
7.050362443246171009e-05
1.735722777238517465e-05
1.889133903151778414e-05
4.650842806095931632e-06
7.050381373392000791e-05
1.735727437635136794e-05
3.659503709069231263e+04
9.087279344280948862e+03
9.230550858082987543e+04
2.532084528740172755e+04
8.464342016911890823e+04
2.606077937778705382e+04
4.939745360745935614e+04
1.835774578389074668e+04
2.734470266911440922e+04
1.191669908133603712e+04
1.233353511308033922e+04
5.375153359052235828e+03
7.071327426903229025e+03
2.958714273974640946e+03
-6.687195985044461850e+03
-5.968501349869078695e+03
-1.213827458569544979e+04
-1.387666939419288792e+04
-4.376696075577060401e+04
-4.376696075577043666e+04
-1.007387860810666170e+05
-1.007387860810666170e+05
-3.059680676690785913e+05
-3.059680676690785913e+05
-6.562458886704726610e+05
-6.562458886704726610e+05
-1.565148122654177481e+06
-1.565148122654177481e+06
-2.148262027013541665e+06
-2.148262027013541665e+06
-2.472295057206703350e+06
-2.472295057206702419e+06
2.472295057206701022e+06
2.472295057206702419e+06
2.148262027013523970e+06
2.148262027013527695e+06
2.472295057206701022e+06
2.472295057206702419e+06
2.148262027013523970e+06
1.563985962328641908e+06
-2.148262027013541665e+06
-2.148262027013541665e+06
-2.472295057206703350e+06
-2.472295057206702419e+06
1.565148122654157225e+06
1.186767327899023425e+06
6.562458886704607867e+05
6.758799120072027436e+05
3.059680676690723631e+05
4.103534042006163509e+05
8.877805805293071899e+04
1.945676001919234404e+05
4.939745362587477575e+04
1.098053000781538140e+05
2.200499600995756191e+04
4.939745361743846297e+04
1.213827458921498146e+04
2.734470267404326660e+04
5.375153359800744511e+03
1.233353511308027919e+04
2.958714274354987083e+03
7.071327426903201740e+03
1.370790389638654460e+03
2.995494239310135072e+03
7.421582100203385153e+02
1.518518921755876136e+03
3.020188934513757317e+02
5.722987736513267691e+02
1.511545222653751068e+02
2.730186039951478278e+02
5.669555571080606171e+01
9.681266485497856422e+01
-1.578451549804958898e-08
-7.082075852298179731e-08
-5.145184502020416106e-08
-1.359547656589219612e-07
-8.003197978020871959e-08
-2.147469403166138528e-07
-1.420698641293075573e-07
-3.892705719850963507e-07
-2.113412453287472792e-07
-5.879459897594964092e-07
-3.516090647174281210e-07
-9.984316351024502523e-07
-4.972850203066882521e-07
-1.433051141595754053e-06
-1.398264765453797904e-06
-3.494893439400533304e-06
-2.301185873658580808e-06
-5.856234123930989315e-06
-4.412864343364433876e-06
-1.151295693215031338e-05
-6.945245143786980826e-06
-1.845485542667058582e-05
-1.247213655042533358e-05
-3.398160269660235443e-05
-1.863970791951475553e-05
-5.172129275685414059e-05
-3.101901567145660032e-05
-8.821801101211612000e-05
-4.365537785531501780e-05
-1.263704038319375330e-04
-6.648867149847183526e-05
-1.970313002582591651e-04
-8.723408465968502268e-05
-2.628020807440730171e-04
-1.197224467759111380e-04
-3.684437395535887613e-04
-1.445291657241509666e-04
-4.512987699679754878e-04
-1.749438737156212777e-04
-5.562625613403123078e-04
-1.905111989005348018e-04
-6.129638303271544783e-04
-1.960019003724710338e-04
-6.394568839283902789e-04
-5.862776160058927365e-04
-1.740877034581359093e-03
-2.136068772178891656e-03
-4.832982140045497324e-03
-3.883295303573712758e-03
-8.786185669394539974e-03
-8.786185669756616662e-03
-1.987926553359226425e-02
-1.597296582373158164e-02
-3.613978125303358990e-02
-3.613978125463383761e-02
-8.176839505462911439e-02
-6.570080680065870649e-02
-1.486519641973226558e-01
-1.476792837646795364e-01
-3.363338577142152563e-01
-2.550747150496665006e-01
-6.114426680041769036e-01
-5.138208750918213941e-01
-1.297555877521665790e+00
-8.254909821104042811e-01
-2.158126995094046041e+00
-1.484097889923918112e+00
-4.072057131776376515e+00
-2.166265454310687844e+00
-6.158957258376701382e+00
-3.346245737753687166e+00
-9.979069086411396228e+00
-4.291518488649471941e+00
-1.323323378217364521e+01
-1.774772338382718573e+01
-1.729531525644567225e+01
-3.610943819214200090e+01
-1.892715692004465211e+01
-9.219584146449669504e+01
-1.094452063848364247e+02
-2.548549102434456586e+02
-2.548549102434456586e+02
-8.085836838567524865e+02
-8.085836838567524865e+02
-1.882524107173543598e+03
-1.882524107173546554e+03
-5.968501349869055957e+03
-5.968501349869062324e+03
-1.387666939419284063e+04
-1.387666939419284063e+04
-4.376696075576978910e+04
-4.376696075576978910e+04
-1.007387860810648417e+05
-1.007387860810648417e+05
-3.059680676690750406e+05
-3.059680676690750406e+05
-6.562458886704664910e+05
-6.562458886704664910e+05
-1.565148122654167470e+06
-1.565148122654167470e+06
-2.148262027013532817e+06
-2.148262027013532817e+06
-2.472295057206702419e+06
-2.472295057206702419e+06
2.472295057206702419e+06
2.472295057206702419e+06
2.148262027013532817e+06
2.148262027013532817e+06
2.472295057206702419e+06
2.472295057206702419e+06
2.148262027013532817e+06
1.563985962328647962e+06
-2.148262027013532817e+06
-2.148262027013532817e+06
-2.472295057206702419e+06
-2.472295057206702419e+06
-2.148262027013533749e+06
-2.148262027013532817e+06
-2.472295057206702419e+06
-2.472295057206702419e+06
2.472295057206702419e+06
2.472295057206701022e+06
1.563985960116828326e+06
2.148262027013527695e+06
2.472295057206702419e+06
2.472295057206701022e+06
2.148262027013527695e+06
2.148262027013527695e+06
-2.148262027013533749e+06
-1.563985962328649126e+06
-2.472295057206702419e+06
-2.472295057206702419e+06
1.186767326989495661e+06
1.565148122654159553e+06
8.676725094782865950e-04
6.562458886704613687e+05
2.324923831518248252e-04
5.380769915831549305e-05
8.676713446342650083e-04
2.008125945781335825e-04
4.290396929181473679e+05
1.030953280911208276e+05
6.758799116885957774e+05
2.312292560196988343e+05
4.103534040496989619e+05
1.881569141914810170e+05
1.945676001368903380e+05
8.877805803253084014e+04
1.098053000515864842e+05
4.939745361589462118e+04
4.939745360745875223e+04
2.200499600614100564e+04
1.705626487024810306e-06
1.213827458730750186e+04
6.365501622866950541e-06
1.663918565327599491e-06
1.705626487024810306e-06
4.458444511395581278e-07
6.365501622866950541e-06
1.663918565327599491e-06
1.705626487024810306e-06
4.458444511395581278e-07
6.365518714168989208e-06
1.663923032930697330e-06
3.345955315540860283e+03
8.778998359705429948e+02
9.781048665203368728e+03
2.686782690459162950e+03
1.068820163443228012e+04
3.116838305887652496e+03
8.284253234606254409e+03
2.673495157400715016e+03
5.767291987047094153e+03
2.014188274750548089e+03
2.958714273653091368e+03
1.162379656815159478e+03
1.628101392979499906e+03
-1.603526512054682371e+03
-5.887717693675206647e+03
-4.947325986539899532e+03
-1.366203336122094152e+04
-1.120354254697323631e+04
-4.292903169802741468e+04
-3.362550598140621150e+04
-9.841638955499121221e+04
-7.347916328815382440e+04
-2.963493993177287048e+05
-2.002912290741889738e+05
-6.286831677341405302e+05
-3.778227302380170440e+05
-1.444158505594367394e+06
-6.758799119579209946e+05
-2.053179519756764174e+06
-1.314703626766328467e+06
-1.728874547880073311e+06
-1.563985961051661521e+06
-1.112438545608727960e+06
-8.469664564827147406e+05
-1.386419438221686985e+06
-1.112438545154572930e+06
-1.563985960116834613e+06
-1.314703625587603776e+06
-1.728874547880082158e+06
-1.563985961051651044e+06
-1.761643043974639615e+06
-1.684957225262469845e+06
-1.767326293202784145e+06
-1.761643035344331991e+06
1.761643050292425556e+06
1.767326349169551861e+06
1.684957229093425907e+06
1.761643058922642842e+06
1.563985963263464393e+06
1.728874547880098689e+06
1.314703626766324975e+06
1.563985962328642840e+06
1.112438545941178920e+06
1.386419439599877922e+06
8.469664569474466844e+05
1.112438546395339305e+06
1.563985963263458339e+06
1.728874547880108003e+06
1.314703626766340574e+06
1.563985962328653317e+06
1.761643050292451866e+06
1.767326349169573048e+06
1.684957229093409842e+06
1.761643058922676370e+06
-1.761643043974627741e+06
-1.684957225262453780e+06
-1.767326293202805333e+06
-1.761643035344402073e+06
6.758799122765300563e+05
1.186767327899035299e+06
3.378827599890664569e+05
6.758799120072048390e+05
1.945676002384417807e+05
4.103534042006172240e+05
8.877805805293077719e+04
2.001718479043578845e+05
4.939745362587483396e+04
1.195817850068643165e+05
2.348940592407843724e+04
4.923919210570430005e+04
1.255750770605374055e+04
2.392354659392457688e+04
4.915513653962118042e+03
8.462031060261109815e+03
2.376550652760214689e+03
3.860929119376735343e+03
8.491766886855444909e+02
1.295339198195119252e+03
3.922146050882809618e+02
5.764345160881960055e+02
1.340209069021424568e+02
1.750148512007629051e+02
-1.406970452273768728e-07
-1.591663800470192085e-07
-2.744323292318592626e-07
-7.068902489939561574e-07
-4.385853078549252113e-07
-1.148695341272041197e-06
-8.078454807506380959e-07
-2.164688708913470732e-06
-1.234469412171453656e-06
-3.363568239974135277e-06
-2.129678790000988965e-06
-5.935775246634020444e-06
-3.091691958315241762e-06
-8.759463041041582357e-06
-4.948349304570321510e-06
-1.433096250135968059e-05
-1.146552352968061540e-05
-1.992516644866415397e-05
-2.297212544594744586e-05
-5.803634990255698628e-05
-3.734390399040611618e-05
-9.625460336757637797e-05
-7.010058900922627680e-05
-1.857495918851902194e-04
-1.082108417649631487e-04
-2.926186167518843957e-04
-1.881304491909721545e-04
-5.230094367715712282e-04
-2.732311118102580738e-04
-7.749719447311196729e-04
-4.338968404237745938e-04
-1.264124917019418017e-03
-5.862776160058975070e-04
-1.740877034581359093e-03
-8.358875136040461217e-04
-2.544431087824767634e-03
-1.035720805923880973e-03
-3.207022344953053446e-03
-1.295146311566215810e-03
-4.097321265924924565e-03
-1.440688238235213539e-03
-4.622475294964725409e-03
-1.519770007783921226e-03
-4.958269065453641163e-03
-1.455573040869858649e-03
-4.797066209079754381e-03
-5.719253158468726519e-03
-1.715441317172585953e-02
-1.597296582373154347e-02
-2.236609386997326365e-02
-3.613978125463394864e-02
-8.176839505462865643e-02
-6.570080680065820689e-02
-1.486519641973224060e-01
-1.486519642044303036e-01
-3.363338577142125363e-01
-2.702438528245967864e-01
-6.114426680041677997e-01
-6.114426680359547062e-01
-1.383424957922286147e+00
-1.111580365476195986e+00
-2.515015431651050903e+00
-2.495414707707720670e+00
-5.690366300246871845e+00
-4.264587233904411967e+00
-1.034486526686089647e+01
-8.361329757181149347e+00
-2.162717437404769782e+01
-1.301401628447563041e+01
-3.513951164896749191e+01
-2.192593301557015550e+01
-6.284236528792840204e+01
-2.989510272970734661e+01
-8.946970751649887177e+01
-4.047975109674705152e+01
-1.281450218315102916e+02
-4.532701623581127137e+01
-1.489059938739759161e+02
-4.326704676277135064e+01
-1.482066048432830883e+02
-2.525114003559505989e+02
-1.170971054240598619e+02
-8.001559151424351057e+02
-3.589071989330911094e+01
-1.860784364192889143e+03
-1.860784364192889143e+03
-5.887717693675161172e+03
-5.887717693675164810e+03
-1.366203336122084329e+04
-1.366203336122084329e+04
-4.292903169802661432e+04
-4.292903169802661432e+04
-9.841638955498952419e+04
-9.841638955498952419e+04
-2.963493993177255034e+05
-2.963493993177256780e+05
-6.286831677341344766e+05
-6.286831677341349423e+05
-1.444158505594359944e+06
-1.444158505594362272e+06
-2.053179519756757887e+06
-1.314703626766340109e+06
-1.728874547880093101e+06
-1.563985961051657796e+06
-1.314703626766342670e+06
-2.053179519756759517e+06
-1.563985963263469515e+06
-1.728874547880102880e+06
-1.761643043974630535e+06
-1.684957225262463093e+06
-1.767326293202737113e+06
-1.761643035344379488e+06
-1.684957229093423812e+06
-1.761643058922672179e+06
-1.761643050292416941e+06
-1.767326349169562571e+06
1.761643050292419968e+06
1.767326349169551861e+06
1.684957229093423812e+06
1.761643058922676137e+06
1.767326293202731758e+06
1.761643035344376694e+06
1.761643043974633329e+06
1.684957225262462394e+06
1.728874547880094266e+06
1.563985961051657796e+06
1.563985960116835544e+06
1.314703626766339643e+06
1.728874547880100785e+06
1.563985961051655933e+06
2.053179519756753929e+06
1.314703626766342903e+06
1.386419438221688615e+06
1.112438545154575724e+06
1.112438545608724700e+06
8.469664564827104332e+05
-1.684957229093423812e+06
-1.761643058922676137e+06
-1.761643050292414613e+06
-1.767326349169552093e+06
1.767326293202721281e+06
1.761643035344376694e+06
1.761643043974627508e+06
1.684957225262464024e+06
1.444158505594353657e+06
6.758799119579159888e+05
6.286831677341294708e+05
3.778227302380135516e+05
1.889143368224673655e-05
2.002912290741865581e+05
7.050362443246076141e-05
1.735722777238495442e-05
3.659503709069176693e+04
9.087279344280816076e+03
9.230550858082865307e+04
2.532084528740142196e+04
8.464342016911820974e+04
2.606077937778681007e+04
4.939745360745882499e+04
1.835774578389050657e+04
2.734470266911407452e+04
1.191669908133589706e+04
1.213827458569520604e+04
5.375153359052172164e+03
6.687195985044368172e+03
2.958714273974613661e+03
6.341677106368291993e-07
1.730952686463283269e-07
1.699242744032008067e-07
4.638061420348547736e-08
6.341677106368291993e-07
1.730952686463283269e-07
1.699242744032008067e-07
4.638061420348547736e-08
6.341694133701766997e-07
1.730957334052261086e-07
3.352498620526474724e+02
9.169032229537077683e+01
1.051331567519023793e+03
2.948839555413316020e+02
1.260153615077670565e+03
3.658651053447096047e+02
1.145379941896627770e+03
3.541656059879909435e+02
9.047816540038869562e+02
1.813449110502040547e-08
5.576548055685155987e+02
6.767852555348921015e-08
-1.295339198195136987e+03
-8.491766886855515395e+02
-3.860929119376755352e+03
-2.376550652760235607e+03
-8.462031060261169841e+03
-4.915513653962140779e+03
-2.392354659392488247e+04
-1.255750770605386788e+04
-4.923919210570470750e+04
-2.348940592407864096e+04
-1.195817850068645057e+05
-4.939745361589526874e+04
-2.001718479043570405e+05
-8.877805803253200429e+04
-4.103534040497002425e+05
-1.945676001834090566e+05
-6.758799116885970579e+05
-3.378827598740517860e+05
-1.186767326989498921e+06
-6.758799119579175021e+05
-1.563985960116825998e+06
-1.314703625587603776e+06
-1.728874547880082158e+06
-1.563985961051664315e+06
-1.112438545608730288e+06
-8.469664564827170689e+05
-1.386419438221696299e+06
-1.112438545154585969e+06
-1.563985960116841365e+06
-1.314703626766336383e+06
-1.728874547880082158e+06
-1.563985961051650345e+06
-1.761643043974651024e+06
-1.684957225262477295e+06
-1.767326293202763423e+06
-1.761643035344373435e+06
1.761643050292399013e+06
1.767326349169530906e+06
1.684957229093434056e+06
1.761643058922676370e+06
1.563985963263480924e+06
1.728874547880108003e+06
1.314703626766345231e+06
1.563985962328633759e+06
1.112438545941178920e+06
1.386419439599872334e+06
8.469664569474452874e+05
1.112438546395332320e+06
1.563985963263458339e+06
1.728874547880108003e+06
1.314703626766342437e+06
2.053179519756760914e+06
1.761643050292317988e+06
1.767326349169237539e+06
1.684957229093399830e+06
1.761643058922652854e+06
-1.761643043974582572e+06
-1.684957225262453780e+06
-1.767326293202637462e+06
-1.761643035344334785e+06
6.758799122765335487e+05
1.444158505594366696e+06
3.778227302380196634e+05
6.286831677341362229e+05
2.002912290741892066e+05
2.963493993177255616e+05
7.347916328815290763e+04
9.841638955498962605e+04
3.362550598140575312e+04
4.292903169802650518e+04
1.120354254697316719e+04
1.213827458760258560e+04
4.947325986539848600e+03
6.687195986004942824e+03
1.308295909576933809e+03
2.958714274033429774e+03
7.197689716418940407e+02
1.628101393173861425e+03
3.181577486287025067e+02
7.197689715757071554e+02
-3.705818676062607846e-07
-1.173910453684639801e-06
-1.398264765453776939e-06
-1.337275128417788284e-06
-2.301185873658572338e-06
-5.856234123930925788e-06
-4.412864343364416935e-06
-1.151295693215014228e-05
-6.945245143786932546e-06
-1.845485542667039269e-05
-1.247213655042515909e-05
-3.398160269660198174e-05
-1.863970791951449464e-05
-5.172129275685321225e-05
-3.101901567145626829e-05
-8.821801101211452080e-05
-4.365537785531473319e-05
-1.263704038319365573e-04
-1.128444244365118485e-04
-1.970313002582555601e-04
-1.900428661853586490e-04
-4.719873684390499865e-04
-3.746066588530251270e-04
-9.590523748630468050e-04
-5.994595562927550192e-04
-1.569727280223802640e-03
-1.094689040780819295e-03
-2.956952989731336055e-03
-1.647614146415935735e-03
-4.552900913084657712e-03
-2.744670908088070720e-03
-7.821500733390718274e-03
-3.836885339076674672e-03
-1.117806965100679763e-02
-5.719253158468726519e-03
-1.715441317172587340e-02
-7.307271947632890292e-03
-2.236609386997326365e-02
-9.497520402066042533e-03
-2.982754840067974519e-02
-1.083689718268885868e-02
-3.461961355677912328e-02
-1.178166580704211215e-02
-3.841220162704553354e-02
-1.149225590662359547e-02
-3.793719761782324978e-02
-3.807567347788583245e-02
-1.119159114476359490e-01
-5.045461840351946059e-02
-1.519441138499116051e-01
-1.486519642044300260e-01
-2.134364056128028320e-01
-2.702438528245962313e-01
-6.114426680041665785e-01
-6.114426680359499322e-01
-1.383424957922285259e+00
-1.111580365476191323e+00
-2.515015431651033140e+00
-2.515015431794192846e+00
-5.690366300246830988e+00
-4.572203884006366792e+00
-1.034486526686078101e+01
-1.034486526751177138e+01
-2.340578406006693513e+01
-1.880654364059859773e+01
-4.255063337028475701e+01
-4.214069655316730234e+01
-9.627186595143761849e+01
-7.086135680591870312e+01
-1.750148512007640136e+02
-1.330493291247759089e+02
-3.571784642372617213e+02
-1.963852592964636017e+02
-5.576548055685179861e+02
-2.950884524704508749e+02
-9.047816540038876383e+02
-3.541656059879925920e+02
-1.145379941896632545e+03
-3.658651053447118784e+02
-1.260153615077673521e+03
-2.948839555413326821e+02
-1.051331567519026066e+03
-9.169032229537069156e+01
-3.352498620526469040e+02
4.638084658293461970e-08
1.699251257698750069e-07
-5.968501349869055957e+03
-6.687195986004947372e+03
-1.387666939419284063e+04
-1.213827458760260015e+04
-4.376696075576978910e+04
-4.376696075576978910e+04
-1.007387860810648417e+05
-1.007387860810648417e+05
-3.059680676690750406e+05
-3.059680676690750406e+05
-6.562458886704664910e+05
-6.562458886704664910e+05
-1.565148122654167470e+06
-1.565148122654167470e+06
-2.148262027013532817e+06
-2.148262027013532817e+06
-2.472295057206702419e+06
-2.472295057206702419e+06
2.472295057206702419e+06
2.472295057206702419e+06
1.563985960116835777e+06
2.148262027013532817e+06
2.472295057206702419e+06
2.472295057206702419e+06
2.148262027013532817e+06
2.148262027013532817e+06
-2.148262027013532817e+06
-2.148262027013532817e+06
-2.472295057206702419e+06
-2.472295057206702419e+06
1.186767326989502646e+06
1.565148122654166305e+06
6.758799116885928670e+05
6.562458886704618344e+05
4.103534040496978560e+05
3.059680676690730616e+05
2.001718479043560510e+05
8.877805803253129125e+04
1.195817850068636326e+05
4.939745361589494132e+04
4.923919210570397263e+04
2.348940592407842996e+04
3.345955315540809806e+03
1.255750770605380239e+04
9.781048665203257769e+03
2.686782690459163405e+03
1.068820163443219099e+04
3.116838305887646584e+03
8.284253234606172555e+03
2.673495157400709104e+03
5.767291987047024122e+03
2.014188274750536266e+03
2.958714273653073178e+03
1.162379656815156295e+03
1.628101392979491038e+03
7.106907308491140611e+02
7.197689714974048911e+02
-1.482066048432817524e+02
1.813430938940943604e-08
-5.576548055685184409e+02
6.767834383787804881e-08
-9.047816540038886615e+02
-3.541656059879921941e+02
-1.145379941896633454e+03
-3.658651053447112531e+02
-1.260153615077674431e+03
-2.948839555413325115e+02
-1.051331567519024475e+03
-9.169032229536932732e+01
-3.352498620526451418e+02
4.638107896238351058e-08
1.699259771365487041e-07
1.730957334052270351e-07
6.341694133701799819e-07
4.638107896238351058e-08
1.699259771365487041e-07
1.730957334052270351e-07
6.341694133701799819e-07
4.638107896238351058e-08
1.699259771365487041e-07
1.730957334052270351e-07
6.341694133701799819e-07
-2.995494239310159173e+03
1.699259771365487041e-07
-7.071327426903289052e+03
-5.767291987047071416e+03
-1.233353511308038651e+04
-8.284253234606236219e+03
-2.734470266911444196e+04
-1.068820163443224737e+04
-4.939745360745941434e+04
-9.781048665203305063e+03
-1.098053000515866734e+05
-4.939745361589524691e+04
-1.945676001368894940e+05
-8.877805803253217891e+04
-4.103534040497003589e+05
-3.059680676690723631e+05
-6.758799116885993863e+05
-6.562458886704634642e+05
-1.186767326989493566e+06
-1.565148122654160950e+06
-1.563985960116830887e+06
-2.148262027013527695e+06
-2.472295057206702419e+06
-2.472295057206702419e+06
2.472295057206702419e+06
2.472295057206702419e+06
2.148262027013534680e+06
2.148262027013534680e+06
2.472295057206702419e+06
2.472295057206702419e+06
2.148262027013534680e+06
1.563985962328640744e+06
-2.148262027013527695e+06
-2.148262027013527695e+06
-2.472295057206702419e+06
-2.472295057206702419e+06
1.565148122654173058e+06
1.186767327899037628e+06
6.562458886704726610e+05
6.758799120072079822e+05
3.059680676690772525e+05
4.103534042006165837e+05
8.877805805293054436e+04
1.945676001919227128e+05
4.939745362587457930e+04
1.098053000781525625e+05
2.200499600995717628e+04
4.939745361743802641e+04
1.213827458921477592e+04
2.734470267404315018e+04
5.375153359800717226e+03
1.213827458760250738e+04
2.958714274354995268e+03
6.687195986004934639e+03
1.730948038874315245e-07
6.341660079034850871e-07
-2.727032217569833557e-06
-8.608191648674450196e-06
-3.134954543325452941e-06
-1.002885484063944497e-05
-1.146552352968048496e-05
-1.065385388892806709e-05
-2.297212544594727645e-05
-5.803634990255654582e-05
-3.734390399040544533e-05
-9.625460336757498206e-05
-7.010058900922481312e-05
-1.857495918851875360e-04
-1.082108417649612107e-04
-2.926186167518802757e-04
-1.881304491909686850e-04
-5.230094367715636388e-04
-2.732311118102531407e-04
-7.749719447311136013e-04
-4.338968404237697691e-04
-1.264124917019400236e-03
-5.862776160058906765e-04
-1.740877034581346083e-03
-1.880675192752488721e-03
-4.613466373101997309e-03
-3.132109983143996444e-03
-7.876967157105511236e-03
-6.043720269183820888e-03
-1.573625852022165691e-02
-9.472135535296523703e-03
-2.530663223321697256e-02
-1.667002262287034867e-02
-4.613954458818955717e-02
-2.424289511566839195e-02
-6.884754967891200395e-02
-3.807567347788583245e-02
-1.119159114476364347e-01
-5.045461840351961325e-02
-1.519441138499132982e-01
-6.869454425494279926e-02
-2.134364056128042475e-01
-8.084014267751141181e-02
-2.564984898778717715e-01
-9.119563938139801929e-02
-2.967794505396025850e-01
-9.098801139192422283e-02
-3.007645790009527142e-01
-7.660546274698246116e-02
-2.574736938552876775e-01
-3.379366810115506659e-01
-9.942628134196573875e-01
-4.868658821108813872e-01
-1.488516809069648117e+00
-5.952053511049084644e-01
-1.868152138394412631e+00
-2.515015431794192402e+00
-5.690366300246866516e+00
-4.572203884006356134e+00
-1.034486526686083430e+01
-1.034486526751167546e+01
-2.340578406006696355e+01
-1.880654364059842365e+01
-4.255063337028482096e+01
-4.255063337327661088e+01
-9.627186595143689374e+01
-7.735474172735365528e+01
-1.750148512007629336e+02
-1.750148512147119391e+02
-3.959567214153085501e+02
-3.181577486287061447e+02
-7.197689715757147724e+02
-7.106907308491166759e+02
-1.628101393173879842e+03
-1.162379656815160388e+03
-2.958714274033479342e+03
-2.014188274750550136e+03
-5.767291987047085058e+03
-2.673495157400722292e+03
-8.284253234606259866e+03
-3.116838305887661136e+03
-1.068820163443228194e+04
-2.686782690459176592e+03
-9.781048665203385099e+03
-8.778998359705402663e+02
-3.345955315540843458e+03
4.458466849411081061e-07
1.705635032675833662e-06
-1.213827458921487778e+04
6.365501622866950541e-06
-2.200499600995728542e+04
-4.939745361743886315e+04
-4.939745362587456475e+04
-1.098053000781530136e+05
-8.877805805293041340e+04
-1.945676001919225964e+05
-3.059680676690750406e+05
-4.103534042006178061e+05
-6.562458886704664910e+05
-6.758799120072096121e+05
-1.565148122654167470e+06
-1.186767327899026684e+06
-2.148262027013532817e+06
-2.148262027013532817e+06
-2.472295057206702419e+06
-2.472295057206702419e+06
2.472295057206702419e+06
2.472295057206702419e+06
2.148262027013532817e+06
2.148262027013532817e+06
2.472295057206702419e+06
2.472295057206702419e+06
2.148262027013532817e+06
2.148262027013532817e+06
-2.148262027013532817e+06
-1.563985962328647263e+06
-2.472295057206702419e+06
-2.472295057206702419e+06
1.565148122654166073e+06
1.565148122654166305e+06
6.562458886704624165e+05
6.562458886704618344e+05
3.059680676690732362e+05
3.059680676690730616e+05
1.007387860810645943e+05
1.007387860810645943e+05
4.376696075576978910e+04
4.376696075576978910e+04
1.233353511308031193e+04
1.233353511308031193e+04
7.071327426903234482e+03
7.071327426903240848e+03
1.051331567519021746e+03
2.995494239310161902e+03
1.260153615077669201e+03
1.518518921755882047e+03
1.145379941896626178e+03
3.541656059879887835e+02
9.047816540038817266e+02
-5.576548055685176450e+02
5.576548055685155987e+02
-9.047816540038828634e+02
-3.541656059879887835e+02
-1.145379941896628907e+03
-3.658651053447088657e+02
-1.260153615077668064e+03
-1.162379656815164708e+03
-1.051331567519026976e+03
-2.014188274750553319e+03
-5.767291987047096882e+03
-2.673495157400724565e+03
-8.284253234606283513e+03
-3.116838305887659317e+03
-1.068820163443228375e+04
-2.686782690459172500e+03
-9.781048665203370547e+03
-8.778998359705286703e+02
-3.345955315540826632e+03
4.458489187426570786e-07
1.705643578326853419e-06
1.663923032930705588e-06
6.365518714168989208e-06
4.458489187426570786e-07
1.705643578326853419e-06
1.663923032930705588e-06
6.365518714168989208e-06
4.458489187426570786e-07
1.705643578326853419e-06
1.663923032930705588e-06
6.365518714168989208e-06
4.458489187426570786e-07
1.705643578326853419e-06
-1.191669908133602439e+04
6.365518714168989208e-06
-1.835774578389067756e+04
-4.939745361743907415e+04
-2.606077937778696287e+04
-8.464342016911879182e+04
-2.532084528740149472e+04
-9.230550858082972991e+04
-9.087279344280810619e+03
-3.659503709069189063e+04
4.650889410062097820e-06
1.889152833297609214e-05
-2.963493993177241064e+05
7.050381373391981818e-05
-6.286831677341314498e+05
-3.778227302380129113e+05
-1.444158505594354356e+06
-6.758799119579179678e+05
-2.053179519756753230e+06
-1.314703626766342903e+06
-1.728874547880098689e+06
-1.563985961051668972e+06
-1.112438545608726563e+06
-8.469664564827150898e+05
-1.386419438221690943e+06
-1.112438545154583873e+06
-1.563985960116854869e+06
-1.314703626766328467e+06
-1.728874547880065395e+06
-1.563985961051664082e+06
-1.761643043974695262e+06
-1.684957225262477295e+06
-1.767326293202763423e+06
-1.761643035344397416e+06
1.761643050292443950e+06
1.767326349169698777e+06
1.684957229093422880e+06
1.761643058922653785e+06
1.563985963263477432e+06
1.728874547880140599e+06
1.314703626766345231e+06
1.563985962328651920e+06
1.112438545941185905e+06
1.386419439599883277e+06
8.469664569474478485e+05
1.112438546395332785e+06
1.563985963263473241e+06
1.728874547880098689e+06
1.314703627945070155e+06
1.563985962328663096e+06
1.761643050292379921e+06
1.767326349169886904e+06
1.684957229093432426e+06
1.761643058922642842e+06
-1.761643043974594912e+06
-1.684957225262446795e+06
-1.767326293202700326e+06
-1.761643035344331991e+06
6.758799122765341308e+05
1.186767327899025986e+06
3.378827599890630227e+05
6.758799120072011137e+05
1.945676002384391613e+05
4.103534042006126256e+05
8.877805805292932200e+04
1.945676001919202099e+05
4.939745362587398267e+04
1.098053000781527371e+05
2.200499600995717265e+04
4.939745361743907415e+04
1.213827458921488687e+04
1.705643578326853419e-06
1.663914097724509698e-06
6.365484531564911875e-06
-1.993809471697696574e-05
-6.264511019671684426e-05
-2.347400408478041893e-05
-7.490540643585231508e-05
-2.510696881696844229e-05
-8.092420760026557765e-05
-1.128444244365113606e-04
-1.970313002582583790e-04
-1.900428661853558843e-04
-4.719873684390465713e-04
-3.746066588530199228e-04
-9.590523748630365051e-04
-5.994595562927465624e-04
-1.569727280223791798e-03
-1.094689040780807369e-03
-2.956952989731304830e-03
-1.647614146415917738e-03
-4.552900913084623885e-03
-2.744670908088049904e-03
-7.821500733390662763e-03
-3.836885339076630437e-03
-1.117806965100671089e-02
-5.719253158468700499e-03
-1.715441317172573463e-02
-1.520386332494904486e-02
-2.236609386997302079e-02
-3.119798788455167837e-02
-7.747909685249981804e-02
-5.118682912375824984e-02
-1.308592918213617451e-01
-9.594605411824271013e-02
-2.554111721211633212e-01
-1.461053380007271141e-01
-4.007604648755878074e-01
-2.441037494466093138e-01
-6.974475958263164355e-01
-3.379366810115528863e-01
-9.942628134196629386e-01
-4.868658821108832746e-01
-1.488516809069652336e+00
-5.952053511049106849e-01
-1.868152138394415962e+00
-7.031791928278601223e-01
-2.279289227906462489e+00
-7.218961324023432935e-01
-2.387576935234404729e+00
-6.266122055694433035e-01
-2.117960862442377579e+00
-4.612159264478333798e-01
-1.576214146689073115e+00
-3.346245737753713367e+00
-9.979069086411383793e+00
-4.291518488649489704e+00
-1.323323378217367541e+01
-5.378277009104675876e+00
-1.729531525644568291e+01
-1.880654364059854800e+01
-1.892715692004466277e+01
-4.255063337327666773e+01
-9.627186595143696479e+01
-7.735474172735358422e+01
-1.750148512007632462e+02
-1.750148512147115127e+02
-3.959567214153076407e+02
-3.181577486287041552e+02
-7.197689715757131808e+02
-7.197689716418983608e+02
-1.628101393173873021e+03
-1.308295909576944723e+03
-2.958714274033460697e+03
-2.958714274355028920e+03
-6.687195986005006489e+03
-5.375153359800798171e+03
-1.213827458760271111e+04
-1.191669908133603167e+04
-2.734470267404364859e+04
-1.835774578389072849e+04
-4.939745361743913963e+04
-2.606077937778713385e+04
-8.464342016911911196e+04
-2.532084528740172755e+04
-9.230550858082997729e+04
-9.087279344280923397e+03
-3.659503709069224715e+04
4.650866108079037596e-06
1.889143368224698049e-05
1.735725107436826960e-05
7.050362443246187272e-05
-8.877805805293058802e+04
1.889143368224698049e-05
-1.945676002384409076e+05
-4.103534042006175150e+05
-3.378827599890638376e+05
-6.758799120072077494e+05
-6.758799122765325010e+05
-1.186767327899027150e+06
-8.469664569474521559e+05
-1.112438546395342099e+06
-1.112438545941189397e+06
-1.386419439599890262e+06
-1.314703626766342903e+06
-1.563985962328647031e+06
-1.563985963263469515e+06
-1.728874553665026790e+06
-1.314703626766341738e+06
-1.563985962328648660e+06
-1.563985963263468584e+06
-1.728874547880099388e+06
-1.684957229093423812e+06
-1.761643058922670549e+06
-1.761643050292416941e+06
-1.767326349169552093e+06
1.767326293202731758e+06
1.761643035344375297e+06
1.761643043974631466e+06
1.684957225262462394e+06
1.728874547880093101e+06
1.563985961051656399e+06
2.053179519756759517e+06
1.314703626766337780e+06
1.563985963263469515e+06
1.728874553665026790e+06
1.314703626766342903e+06
1.563985962328647031e+06
1.767326293202731758e+06
1.761643035344372736e+06
1.761643043974630302e+06
1.684957225262461463e+06
1.761643050292416941e+06
1.767326349169557216e+06
1.684957229093423812e+06
1.761643058922670549e+06
-1.684957229093424277e+06
-1.761643058922673343e+06
-1.761643050292418338e+06
-1.767326349169557216e+06
-1.761643043974631466e+06
-1.684957225262462394e+06
-1.767326293202731758e+06
-1.761643035344375297e+06
1.444158505594359245e+06
1.186767327899028314e+06
6.286831677341309842e+05
6.758799120072074002e+05
2.963493993177235825e+05
4.103534042006171658e+05
8.877805805293058802e+04
2.001718479043567786e+05
4.939745362587478303e+04
1.195817850068638945e+05
2.348940592407845543e+04
4.923919210570407449e+04
1.255750770605381331e+04
2.392354659392462418e+04
4.915513653962157150e+03
8.462031060261153470e+03
2.376550652760241519e+03
1.699242744032012832e-07
1.730952686463286445e-07
6.341677106368324816e-07
4.638061420348556338e-08
1.699242744032012832e-07
-2.014188274750544679e+03
-5.767291987047059592e+03
-2.673495157400717289e+03
-8.284253234606203478e+03
-3.116838305887652041e+03
-1.068820163443223100e+04
-2.686782690459174773e+03
-9.781048665203337805e+03
-1.191669908133606805e+04
-3.345955315540827087e+03
-1.835774578389075032e+04
-4.939745361743921967e+04
-2.606077937778711203e+04
-8.464342016911921382e+04
-2.532084528740171299e+04
-9.230550858082993363e+04
-9.087279344280797886e+03
-3.659503709069206525e+04
4.650889410062133396e-06
1.889152833297613279e-05
1.735727437635136794e-05
7.050381373392017054e-05
4.650889410062133396e-06
1.889152833297613279e-05
1.735727437635136794e-05
7.050381373392017054e-05
4.650889410062133396e-06
1.889152833297613279e-05
1.735727437635136794e-05
7.050381373392017054e-05
4.650889410062133396e-06
1.889152833297613279e-05
1.735727437635136794e-05
7.050381373392017054e-05
-8.877805805293124286e+04
1.889152833297613279e-05
-1.881569141914826469e+05
-4.103534042006192612e+05
-2.312292560197014827e+05
-6.758799120072076330e+05
-1.030953280911214242e+05
-4.290396929181478918e+05
5.380796874812299532e-05
2.324935479958479569e-04
2.008131337577500101e-04
8.676736743223134943e-04
5.380796874812299532e-05
2.324935479958479569e-04
2.008131337577500101e-04
8.676736743223134943e-04
-6.758799116885955445e+05
2.324935479958479569e-04
-1.186767326989502879e+06
-1.186767327899026684e+06
-1.563985960116842529e+06
-1.314703626766336616e+06
-1.728874542095141718e+06
-1.563985961051660590e+06
-1.314703627945081564e+06
-1.563985962328646099e+06
-1.563985963263467653e+06
-1.728874547880098689e+06
-1.761643043974606320e+06
-1.684957225262471242e+06
-1.767326293202848407e+06
-1.761643035344350385e+06
-1.684957229093422880e+06
-1.761643058922653785e+06
-1.761643050292443950e+06
-1.767326349169279449e+06
1.761643050292443950e+06
1.767326349169447087e+06
1.684957229093417292e+06
1.761643058922699187e+06
1.767326293202429544e+06
1.761643035344305681e+06
1.761643043974695262e+06
1.684957225262458436e+06
1.563985963263467653e+06
1.728874547880116617e+06
1.314703627945067594e+06
1.563985962328637717e+06
1.112438545941178920e+06
1.386419439599879785e+06
8.469664569474365562e+05
1.112438546395335346e+06
1.563985963263458339e+06
1.728874547880131751e+06
1.314703626766348258e+06
1.563985962328629801e+06
1.761643050292317988e+06
1.767326349169824272e+06
1.684957229093420552e+06
1.761643058922631666e+06
-1.761643043974672211e+06
-1.684957225262460066e+06
-1.767326293202637462e+06
-1.761643035344358766e+06
6.758799122765273787e+05
1.186767327899017604e+06
3.378827599890622660e+05
6.758799120072115911e+05
1.945676002384396561e+05
4.103534042006200179e+05
8.877805805293087906e+04
7.050343513100356134e-05
4.650889410062133396e-06
1.889152833297613279e-05
1.735718116841898474e-05
7.050343513100356134e-05
-1.445291657241510209e-04
-4.512987699679739699e-04
-1.749438737156212777e-04
-5.562625613403085131e-04
-1.905111989005346391e-04
-6.129638303271539362e-04
-1.960019003724708169e-04
-6.394568839283846411e-04
-5.862776160058927365e-04
-1.740877034581352371e-03
-1.880675192752455762e-03
-4.613466373101947869e-03
-3.132109983143963484e-03
-7.876967157105341233e-03
-6.043720269183756703e-03
-1.573625852022143487e-02
-9.472135535296390130e-03
-2.530663223321659439e-02
-1.667002262287029316e-02
-4.613954458818902982e-02
-2.424289511566820807e-02
-6.884754967891126842e-02
-3.807567347788553408e-02
-1.119159114476351580e-01
-5.045461840351905120e-02
-1.519441138499110222e-01
-1.476792837646805912e-01
-2.134364056128018328e-01
-2.550747150496692206e-01
-6.114426680041796791e-01
-5.138208750918237255e-01
-1.297555877521665790e+00
-8.254909821104096102e-01
-2.158126995094046485e+00
-1.484097889923927882e+00
-4.072057131776363192e+00
-2.166265454310708716e+00
-6.158957258376701382e+00
-3.346245737753719141e+00
-9.979069086411392675e+00
-4.291518488649497698e+00
-1.323323378217367541e+01
-5.378277009104699857e+00
-1.729531525644568291e+01
-5.729986206780660396e+00
-1.892715692004466277e+01
-5.177324159182056462e+00
-1.761245436889901939e+01
-3.889426150968062768e+00
-1.343329368874395868e+01
-2.192593301557016616e+01
-6.284236528792842336e+01
-2.989510272970734661e+01
-8.946970751649887177e+01
-4.047975109674699468e+01
-1.281450218315103484e+02
-4.532701623581128558e+01
-1.489059938739760014e+02
-1.750148512147117117e+02
-1.482066048432831735e+02
-3.181577486287045531e+02
-7.197689715757175009e+02
-7.197689716418967691e+02
-1.628101393173869837e+03
-1.308295909576941767e+03
-2.958714274033456604e+03
-2.958714274355013913e+03
-6.687195986004983752e+03
-5.375153359800764520e+03
-1.213827458760268928e+04
-1.213827458921493417e+04
-2.734470267404336482e+04
-2.200499600995740911e+04
-4.939745361743841931e+04
-4.939745362587491400e+04
-1.098053000781537557e+05
-8.877805805293111189e+04
-1.945676001919239061e+05
-1.881569141914826760e+05
-4.103534042006196687e+05
-2.312292560197021230e+05
-6.758799120072096121e+05
-1.030953280911221809e+05
-4.290396929181494634e+05
5.380769915831620456e-05
2.324923831518261534e-04
2.008128641679436937e-04
8.676713446342699957e-04
5.380769915831620456e-05
2.324923831518261534e-04
-6.758799122765307548e+05
-1.186767327899021795e+06
-8.469664569474494783e+05
-1.112438546395337442e+06
-1.112438545941191493e+06
-1.386419439599888865e+06
-1.314703626766345464e+06
-1.563985962328639347e+06
-1.563985963263468118e+06
-1.728874547880118946e+06
-1.314703626766341738e+06
-1.563985962328647031e+06
-1.563985963263470912e+06
-1.728874547880098224e+06
-1.684957229093422415e+06
-1.761643058922677068e+06
-1.761643050292419968e+06
-1.767326349169530906e+06
1.767326293202721281e+06
1.761643035344376694e+06
1.761643043974630302e+06
1.684957225262462860e+06
1.728874547880098689e+06
1.563985961051657330e+06
1.563985960116836242e+06
1.314703626766339876e+06
1.728874547880093101e+06
1.563985961051658494e+06
1.563985960116834845e+06
1.314703626766337082e+06
1.386419438221689546e+06
1.112438545154575491e+06
1.112438545608727727e+06
8.469664564827126451e+05
-1.684957229093423812e+06
-1.761643058922670549e+06
-1.761643050292414846e+06
-1.767326349169551861e+06
1.767326293202737113e+06
1.761643035344373668e+06
1.761643043974631932e+06
1.684957225262462860e+06
-1.563985960116836242e+06
-1.314703625587610295e+06
-1.728874547880097991e+06
-1.563985961051656399e+06
-1.112438545608727727e+06
-8.469664564827126451e+05
-1.386419438221689546e+06
-1.112438545154575491e+06
-1.563985960116836242e+06
-1.314703626766337082e+06
-1.728874547880092403e+06
-1.563985961051657330e+06
-1.761643043974630535e+06
-1.684957225262462394e+06
-1.767326293202726636e+06
-1.761643035344379721e+06
1.761643050292419968e+06
1.767326349169573048e+06
1.684957229093424976e+06
1.761643058922677068e+06
1.563985963263469981e+06
1.728874553665026790e+06
1.314703626766348723e+06
1.563985962328647962e+06
1.112438545941189397e+06
1.386419439599887468e+06
8.469664569474509917e+05
1.112438546395338839e+06
1.563985963263468118e+06
1.728874547880121041e+06
1.314703626766345464e+06
2.053179519756756723e+06
1.761643050292419968e+06
1.767326349169530906e+06
1.684957229093423812e+06
1.761643058922677068e+06
-1.761643043974633329e+06
-1.684957225262462860e+06
-1.767326293202721281e+06
-1.761643035344376694e+06
6.758799122765307548e+05
1.444158505594354356e+06
3.778227302380147157e+05
6.286831677341305185e+05
2.002912290741871402e+05
2.963493993177236407e+05
7.347916328815264569e+04
9.841638955498929136e+04
3.362550598140588409e+04
1.705635032675820957e-06
1.663918565327607749e-06
6.365501622866916660e-06
4.458444511395593454e-07
1.705626487024801200e-06
1.663918565327607749e-06
6.365501622866916660e-06
4.458444511395593454e-07
1.705626487024801200e-06
-1.191669908133595709e+04
6.365501622866916660e-06
-1.835774578389056842e+04
-4.939745361743855756e+04
-2.606077937778691557e+04
-8.464342016911825340e+04
-2.532084528740158203e+04
-9.230550858082920604e+04
-9.087279344280854275e+03
-3.659503709069187607e+04
-8.877805805293128651e+04
1.889133903151763168e-05
-1.881569141914829961e+05
-4.103534042006197851e+05
-2.312292560197021230e+05
-6.758799120072111255e+05
-1.030953280911207257e+05
-4.290396929181478918e+05
5.380796874812315118e-05
2.324935479958479569e-04
2.008131337577506064e-04
8.676736743223134943e-04
5.380796874812315118e-05
2.324935479958479569e-04
2.008131337577506064e-04
8.676736743223134943e-04
5.380796874812315118e-05
2.324935479958479569e-04
2.008131337577506064e-04
8.676736743223134943e-04
5.380796874812315118e-05
2.324935479958479569e-04
2.008131337577506064e-04
8.676736743223134943e-04
5.380796874812315118e-05
2.324935479958479569e-04
-6.758799122765334323e+05
-1.186767327899036929e+06
-8.469664569474519230e+05
-1.112438546395339305e+06
-1.112438545941187302e+06
-1.386419439599881880e+06
-1.314703627945071086e+06
-1.563985962328661466e+06
-1.563985963263466023e+06
-1.728874547880100086e+06
-1.314703626766335452e+06
-1.563985962328637717e+06
-5.501477942349419463e+05
-1.728874547880082158e+06
-1.684957229093424743e+06
-1.761643058922632365e+06
-1.761643050292453030e+06
-1.767326349169656867e+06
1.767326293202635599e+06
1.761643035344358999e+06
1.761643043974627275e+06
1.684957225262447260e+06
2.878144233886057563e-04
1.236155627869854699e-03
1.074127258075003883e-03
4.613349252914527958e-03
1.649756104852207698e-03
7.085660508654142813e-03
2.436080475649216384e-03
1.046290368100054671e-02
7.085660508654142813e-03
1.649756104852195988e-03
1.046290368100032987e-02
2.436080475649182123e-03
1.236155627869854699e-03
1.563985961051651044e+06
4.613349252914432548e-03
1.074127258074988704e-03
2.878144233886057563e-04
1.236155627869854699e-03
1.074127258075003883e-03
4.613349252914527958e-03
1.649756104852207698e-03
7.085660508654142813e-03
2.436080475649216384e-03
1.046290368100054671e-02
7.085660508654142813e-03
1.649756104852195988e-03
1.046290368100032987e-02
2.436080475649182123e-03
1.236155627869854699e-03
2.878144233886036963e-04
4.613349252914432548e-03
1.074127258074988704e-03
2.878028872780045750e-04
1.236106080568244838e-03
1.074127258075003883e-03
4.613349252914527958e-03
1.649756104852207698e-03
7.085660508654142813e-03
-1.563985963263456011e+06
1.046290368100054671e-02
7.085660508654142813e-03
1.649756104852195988e-03
1.046290368100032987e-02
2.436080475649182123e-03
1.236106080568244838e-03
2.878028872780025692e-04
4.613349252914432548e-03
1.074127258074988704e-03
1.728874547880131751e+06
5.501477942349649966e+05
1.563985960116830887e+06
1.314703626766339876e+06
1.728874547880098689e+06
1.563985961051659193e+06
1.563985960116829723e+06
1.314703626766336616e+06
1.386419438221678836e+06
1.112438545154565014e+06
1.112438545608722139e+06
8.469664564827072900e+05
-1.684957229093424743e+06
-1.761643058922631666e+06
-1.761643050292362925e+06
-1.767326349169321358e+06
1.767326293202970643e+06
1.761643035344358766e+06
1.761643043974627275e+06
1.684957225262447260e+06
-1.563985960116830887e+06
-1.314703625587606337e+06
-1.728874547880080529e+06
-1.563985961051651044e+06
-1.112438545608722372e+06
-8.469664564827065915e+05
-1.386419438221678836e+06
-1.112438545154565014e+06
-1.563985960116830887e+06
-1.314703625587597722e+06
-1.728874547880065395e+06
-1.563985961051660590e+06
-1.761643043974672211e+06
-1.684957225262460066e+06
-1.767326293202805333e+06
-1.761643035344312433e+06
1.761643050292317988e+06
1.767326349169824272e+06
1.684957229093433125e+06
1.761643058922676370e+06
1.563985963263458339e+06
1.728874547880098689e+06
1.314703626766347559e+06
1.563985962328644935e+06
1.112438545941201737e+06
1.386419439599886304e+06
8.469664569474534364e+05
1.112438546395339537e+06
1.563985963263467653e+06
1.728874547880149679e+06
1.314703626766348258e+06
1.563985962328647729e+06
1.761643050292443950e+06
1.767326349169447087e+06
1.684957229093444068e+06
1.761643058922608849e+06
-1.761643043974695262e+06
-1.684957225262471242e+06
-1.767326293202427914e+06
-1.761643035344350385e+06
6.758799122765283100e+05
1.186767327899017604e+06
2.008120553985228199e-04
8.676690149462262802e-04
5.380796874812315118e-05
2.324935479958479569e-04
2.008120553985228199e-04
8.676690149462262802e-04
-1.035720805923869697e-03
-3.207022344953030027e-03
-1.295146311566206269e-03
-4.097321265924881196e-03
-1.440688238235206600e-03
-4.622475294964688113e-03
-1.519770007783908649e-03
-4.958269065453581315e-03
-1.455573040869848241e-03
-4.797066209079701472e-03
-5.719253158468665804e-03
-1.715441317172573463e-02
-1.520386332494877077e-02
-2.236609386997302773e-02
-3.119798788455122734e-02
-7.747909685249843026e-02
-5.118682912375732696e-02
-1.308592918213593581e-01
-9.594605411824130847e-02
-2.554111721211604902e-01
-1.461053380007259761e-01
-4.007604648755818677e-01
-2.441037494466064273e-01
-6.974475958263085529e-01
-3.379366810115479458e-01
-9.942628134196462852e-01
-4.868658821108768353e-01
-1.488516809069629909e+00
-5.952053511049030243e-01
-1.868152138394383988e+00
-2.495414707707717117e+00
-5.690366300246888720e+00
-4.264587233904397756e+00
-1.034486526686094443e+01
-8.361329757181138689e+00
-2.162717437404766940e+01
-1.301401628447565173e+01
-3.513951164896749191e+01
-2.192593301557016616e+01
-6.284236528792838072e+01
-2.989510272970734661e+01
-8.946970751649887177e+01
-4.047975109674705152e+01
-1.281450218315103484e+02
-4.532701623581128558e+01
-1.489059938739760014e+02
-4.326704676277142170e+01
-1.482066048432832019e+02
-3.344055681921019385e+01
-1.170971054240598619e+02
-1.008984978949465727e+01
-3.589071989330928858e+01
-1.963852592964636017e+02
-5.576548055685179861e+02
-2.950884524704505338e+02
-9.047816540038860467e+02
-3.541656059879921372e+02
-1.145379941896632999e+03
-3.658651053447117647e+02
-1.260153615077674431e+03
-1.308295909576944723e+03
-1.051331567519026066e+03
-2.958714274355015277e+03
-6.687195986005012855e+03
-5.375153359800762701e+03
-1.213827458760276932e+04
-1.213827458921493599e+04
-2.734470267404337574e+04
-2.200499600995740548e+04
-4.939745361743843387e+04
-4.939745362587460113e+04
-1.098053000781533628e+05
-8.877805805293010781e+04
-1.945676001919227419e+05
-1.945676002384413441e+05
-4.103534042006155942e+05
-3.378827599890652928e+05
-6.758799120072027436e+05
-6.758799122765330831e+05
-1.186767327899030410e+06
-8.469664569474519230e+05
-1.112438546395340702e+06
-1.112438545941190096e+06
-1.386419439599887701e+06
-1.314703626766343135e+06
-1.563985962328652618e+06
-1.563985963263469748e+06
-1.728874547880112426e+06
-1.314703626766341506e+06
-1.563985962328647031e+06
-5.501477942349482328e+05
-1.728874547880098689e+06
-1.684957229093422415e+06
-1.761643058922676370e+06
-1.761643050292414846e+06
-1.767326349169552093e+06
1.767326293202700326e+06
1.761643035344365984e+06
1.761643043974627508e+06
1.684957225262459833e+06
2.878115393609554339e-04
1.236143241044452504e-03
1.074130142102646670e-03
4.613361639739835610e-03
1.649756104852207698e-03
7.085660508654142813e-03
2.436074707593898717e-03
1.046287890734952722e-02
7.085660508654142813e-03
1.649756104852207698e-03
1.046287890734931211e-02
2.436074707593881370e-03
1.236143241044452504e-03
1.563985961051658727e+06
4.613361639739741067e-03
1.074130142102639081e-03
2.878115393609554339e-04
1.236143241044452504e-03
1.074130142102646670e-03
4.613361639739835610e-03
1.649756104852207698e-03
7.085660508654142813e-03
-1.563985963263461366e+06
1.046287890734952722e-02
7.085660508654142813e-03
1.649756104852207698e-03
1.046287890734931211e-02
2.436074707593881370e-03
1.236143241044452504e-03
2.878115393609554339e-04
4.613361639739741067e-03
1.074130142102639081e-03
1.728874547880100785e+06
5.501477942349482328e+05
1.563985960116826696e+06
1.314703626766339876e+06
1.728874547880092403e+06
1.563985961051651277e+06
1.563985960116836242e+06
1.314703625587610761e+06
1.386419438221682096e+06
1.112438545154569671e+06
1.112438545608720742e+06
8.469664564827076392e+05
-1.684957229093414266e+06
-1.761643058922664961e+06
-1.761643050292412750e+06
-1.767326349169530906e+06
1.767326293202721281e+06
1.761643035344369709e+06
1.761643043974621687e+06
1.684957225262457039e+06
1.186767326989503345e+06
6.758799119579165708e+05
6.758799116885960102e+05
3.378827598740531248e+05
-6.758799116885960102e+05
-6.562458886704664910e+05
-1.186767326989503345e+06
-1.565148122654167470e+06
-1.563985960116836010e+06
-2.148262027013532817e+06
-2.472295057206702419e+06
-2.472295057206702419e+06
2.472295057206702419e+06
2.472295057206701022e+06
2.148262027013527695e+06
2.148262027013527695e+06
2.472295057206702419e+06
2.472295057206701022e+06
2.148262027013527695e+06
1.563985962328646565e+06
-2.148262027013533749e+06
-2.148262027013532817e+06
-2.472295057206702419e+06
-2.472295057206702419e+06
1.565148122654159553e+06
1.186767327899024356e+06
6.562458886704613687e+05
6.758799120072070509e+05
3.059680676690730616e+05
4.103534042006171658e+05
8.877805805293079175e+04
-3.659503709069168690e+04
4.650866108079001173e-06
1.889143368224678398e-05
1.735722777238503912e-05
7.050362443246114088e-05
4.650842806095906221e-06
1.889133903151763168e-05
1.735722777238503912e-05
7.050362443246114088e-05
4.650842806095906221e-06
1.889133903151763168e-05
1.735722777238503912e-05
7.050362443246114088e-05
-8.877805805293015146e+04
1.889133903151763168e-05
-1.881569141914809879e+05
-4.103534042006148375e+05
-2.312292560196999693e+05
-6.758799120072023943e+05
-1.030953280911212059e+05
-4.290396929181448650e+05
5.380742956850872262e-05
2.324912183078017749e-04
-6.758799122765344800e+05
-1.186767327899033204e+06
-8.469664569474511081e+05
-1.112438546395341400e+06
-1.112438545941189863e+06
-1.386419439599883743e+06
-1.314703626766342437e+06
-1.563985962328649592e+06
-1.563985963263470447e+06
-1.728874547880116617e+06
-1.314703626766342437e+06
-1.563985962328641210e+06
-5.501477942349383375e+05
-1.728874547880082158e+06
-1.684957229093434522e+06
-1.761643058922642842e+06
-1.761643050292426255e+06
-1.767326349169719731e+06
1.767326293202867964e+06
1.761643035344331991e+06
1.761643043974593282e+06
1.684957225262469845e+06
2.878144233886057563e-04
1.236155627869854699e-03
1.074127258074996294e-03
4.613349252914432548e-03
1.649756104852207698e-03
7.085660508654142813e-03
2.436080475649199471e-03
1.046290368100032987e-02
7.085660508654142813e-03
1.649756104852207698e-03
1.046290368100011650e-02
2.436080475649182123e-03
1.236155627869854699e-03
1.563985961051664082e+06
4.613349252914338873e-03
1.074127258074988704e-03
2.878144233886057563e-04
1.236155627869854699e-03
1.074127258074996294e-03
4.613349252914432548e-03
1.649756104852207698e-03
7.085660508654142813e-03
2.436080475649199471e-03
1.046290368100032987e-02
7.085660508654142813e-03
1.649756104852207698e-03
1.046290368100011650e-02
2.436080475649182123e-03
1.236155627869854699e-03
2.878144233886057563e-04
4.613349252914338873e-03
1.074127258074988704e-03
2.878144233886057563e-04
1.236155627869854699e-03
1.074127258074996294e-03
4.613349252914432548e-03
1.649756104852207698e-03
7.085660508654142813e-03
2.436068939538598398e-03
1.046290368100032987e-02
7.085660508654142813e-03
1.649756104852207698e-03
1.046285413369850599e-02
2.436080475649182123e-03
1.236155627869854699e-03
2.878144233886057563e-04
4.613349252914338873e-03
1.074127258074988704e-03
2.878144233886057563e-04
1.236155627869854699e-03
1.074127258074996294e-03
4.613349252914432548e-03
1.649756104852207698e-03
7.085660508654142813e-03
2.436068939538598398e-03
1.046290368100032987e-02
7.085660508654142813e-03
1.649756104852207698e-03
1.046285413369850599e-02
2.436080475649182123e-03
1.236155627869854699e-03
2.878144233886057563e-04
4.613349252914338873e-03
1.074127258074988704e-03
2.878144233886057563e-04
1.236155627869854699e-03
1.074127258074996294e-03
4.613349252914432548e-03
1.649756104852207698e-03
7.085660508654142813e-03
-1.563985963263480924e+06
1.046290368100032987e-02
7.085660508654142813e-03
1.649756104852207698e-03
1.046290368100011650e-02
2.436080475649182123e-03
1.236155627869854699e-03
2.878144233886057563e-04
4.613349252914338873e-03
1.074127258074988704e-03
1.728874547880098689e+06
5.501477942349482328e+05
1.563985960116837872e+06
1.314703626766335452e+06
1.728874542095165467e+06
1.563985961051660590e+06
1.563985960116822505e+06
1.314703625587599352e+06
1.386419438221695367e+06
1.112438545154583873e+06
1.112438545608726563e+06
8.469664564827155555e+05
-1.684957229093422880e+06
-1.761643058922653785e+06
-1.761643050292444648e+06
-1.767326349169447087e+06
1.767326293202764820e+06
1.761643035344350385e+06
1.761643043974650325e+06
1.684957225262471242e+06
1.186767326989494031e+06
6.758799119579175021e+05
8.676736743223085069e-04
2.008131337577496577e-04
2.324935479958466016e-04
5.380796874812288012e-05
8.676736743223085069e-04
2.008131337577496577e-04
2.324935479958466016e-04
5.380796874812288012e-05
8.676690149462211845e-04
2.008120553985218713e-04
4.290396929181491141e+05
1.030953280911221373e+05
6.758799116885963595e+05
2.312292560197009880e+05
-6.758799116885899566e+05
-3.378827598740545800e+05
-1.186767326989503810e+06
-6.758799119579173857e+05
-1.563985960116854869e+06
-1.314703626766339177e+06
-1.728874547880065395e+06
-1.563985961051649414e+06
-1.112438545608730288e+06
-8.469664564827112481e+05
-1.386419438221684424e+06
-1.112438545154573862e+06
-1.563985960116830887e+06
-1.314703625587603310e+06
-1.728874547880047467e+06
-5.501477942349247169e+05
-1.761643043974672211e+06
-1.684957225262460066e+06
-1.767326293202972738e+06
-1.761643035344358766e+06
1.761643050292317988e+06
1.767326349169824272e+06
1.684957229093420552e+06
1.761643058922720375e+06
1.563985963263468584e+06
1.236106080568244838e-03
1.074127258074996294e-03
4.613349252914432548e-03
1.649756104852207698e-03
7.085660508654142813e-03
2.436080475649199471e-03
1.046290368100032987e-02
7.085660508654142813e-03
1.649756104852207698e-03
1.046290368100011650e-02
2.436080475649182123e-03
1.236106080568244838e-03
2.878028872780045750e-04
4.613349252914338873e-03
1.074127258074988704e-03
2.878028872780045750e-04
1.236106080568244838e-03
1.074127258074996294e-03
4.613349252914432548e-03
1.649756104852207698e-03
7.085660508654142813e-03
2.436080475649199471e-03
1.046290368100032987e-02
7.085660508654142813e-03
1.649756104852207698e-03
1.046290368100011650e-02
2.436080475649182123e-03
1.236106080568244838e-03
2.878028872780045750e-04
4.613349252914338873e-03
1.074127258074988704e-03
-7.307271947632841720e-03
-2.236609386997311447e-02
-9.497520402065938450e-03
-2.982754840067975907e-02
-1.083689718268876848e-02
-3.461961355677898450e-02
-1.178166580704201154e-02
-3.841220162704549884e-02
-1.149225590662346363e-02
-3.793719761782295141e-02
-3.807567347788542306e-02
-1.119159114476359490e-01
-5.045461840351906507e-02
-1.519441138499111332e-01
-1.476792837646784262e-01
-2.134364056128028320e-01
-2.550747150496637250e-01
-6.114426680041677997e-01
-5.138208750918178414e-01
-1.297555877521654022e+00
-8.254909821103996181e-01
-2.158126995094026057e+00
-1.484097889923907010e+00
-4.072057131776345429e+00
-2.166265454310671412e+00
-6.158957258376655197e+00
-3.346245737753667626e+00
-9.979069086411321621e+00
-4.291518488649431085e+00
-1.323323378217352264e+01
-5.378277009104597717e+00
-1.729531525644549461e+01
-1.880654364059857642e+01
-1.892715692004443895e+01
-4.214069655316717444e+01
-9.627186595143801640e+01
-7.086135680591870312e+01
-1.750148512007654347e+02
-1.330493291247759657e+02
-3.571784642372644498e+02
-1.963852592964636017e+02
-5.576548055685188956e+02
-2.950884524704508749e+02
-9.047816540038935500e+02
-3.541656059879921372e+02
-1.145379941896635273e+03
-3.658651053447117647e+02
-1.260153615077686254e+03
-2.948839555413334779e+02
-1.051331567519031751e+03
-9.169032229537116052e+01
-3.352498620526511672e+02
4.638107896238351058e-08
1.699259771365493923e-07
-2.014188274750543997e+03
-5.767291987047105977e+03
-2.673495157400724111e+03
-8.284253234606248952e+03
-3.116838305887657953e+03
-1.068820163443232013e+04
-2.686782690459184323e+03
-9.781048665203370547e+03
-1.213827458921496327e+04
-3.345955315540876200e+03
-2.200499600995748551e+04
-4.939745361743913963e+04
-4.939745362587473937e+04
-1.098053000781545852e+05
-8.877805805293028243e+04
-1.945676001919247501e+05
-1.945676002384411986e+05
-4.103534042006175150e+05
-3.378827599890636629e+05
-6.758799120072022779e+05
-6.758799122765283100e+05
-1.186767327899032272e+06
-8.469664569474448217e+05
-1.112438546395335579e+06
-1.112438545941180782e+06
-1.386419439599880483e+06
-1.314703626766346861e+06
-1.563985962328652618e+06
-1.563985963263459504e+06
-1.728874547880108468e+06
-1.314703626766327070e+06
-1.563985962328636320e+06
-1.563985963263475103e+06
-1.728874547880098689e+06
-1.684957229093411937e+06
-1.761643058922676370e+06
-1.761643050292429980e+06
-1.767326349169488996e+06
1.767326293202805333e+06
1.761643035344358766e+06
1.761643043974604690e+06
1.684957225262458669e+06
1.728874547880089842e+06
1.563985961051649880e+06
1.563985960116844624e+06
1.314703626766337082e+06
1.728874547880090773e+06
1.563985961051663384e+06
1.563985960116834613e+06
1.314703626766331261e+06
1.386419438221692108e+06
1.112438545154581545e+06
1.112438545608727261e+06
8.469664564827148570e+05
-1.684957229093427071e+06
-1.761643058922653785e+06
-1.761643050292422064e+06
-1.767326349169530906e+06
1.767326293202722911e+06
1.761643035344396485e+06
1.761643043974639149e+06
1.684957225262467517e+06
1.186767326989503810e+06
6.758799119579209946e+05
8.676725094782865950e-04
2.008125945781335825e-04
2.324923831518248252e-04
5.380769915831566923e-05
8.676719270562756933e-04
2.008127293730370660e-04
4.290396929181482992e+05
1.030953280911214679e+05
6.758799116885907715e+05
2.312292560196988343e+05
4.103534040496971575e+05
1.881569141914806969e+05
-2.963493993177258526e+05
-2.002912290741871984e+05
-6.286831677341344766e+05
-3.778227302380147739e+05
-1.444158505594359944e+06
-6.758799119579164544e+05
-2.053179519756757887e+06
-1.314703626766331727e+06
-1.728874547880073776e+06
-1.563985961051655933e+06
-1.112438545608721906e+06
-8.469664564827106660e+05
-1.386419438221684191e+06
-1.112438545154571300e+06
-1.563985960116832051e+06
-1.314703625587607734e+06
-1.728874547880100086e+06
-1.563985961051655933e+06
-1.761643043974633329e+06
-1.684957225262462627e+06
-1.767326293202742236e+06
-1.761643035344376694e+06
1.761643050292419968e+06
1.767326349169551861e+06
1.684957229093422415e+06
1.761643058922676137e+06
1.563985963263466256e+06
1.728874553665025625e+06
1.314703627945070155e+06
1.563985962328647962e+06
1.112438545941187069e+06
1.386419439599888632e+06
8.469664569474498276e+05
1.112438546395340702e+06
1.563985963263471378e+06
1.728874553665025625e+06
1.314703626766348956e+06
1.563985962328649126e+06
1.761643050292415312e+06
1.767326349169552093e+06
1.684957229093423579e+06
1.761643058922665892e+06
-1.761643043974627741e+06
-1.684957225262463326e+06
-1.767326293202721281e+06
-1.761643035344376694e+06
6.758799122765308712e+05
1.186767327899026219e+06
-1.030953280911206966e+05
-4.290396929181478918e+05
5.380769915831566923e-05
2.324923831518248252e-04
2.008125945781347209e-04
8.676713446342699957e-04
5.380742956850872262e-05
2.324912183078030488e-04
2.008125945781347209e-04
8.676713446342699957e-04
5.380742956850872262e-05
2.324912183078030488e-04
2.008125945781347209e-04
8.676713446342699957e-04
5.380742956850872262e-05
2.324912183078030488e-04
-6.758799122765283100e+05
-1.186767327899029478e+06
-8.469664569474431919e+05
-1.112438546395335579e+06
-1.112438545941181015e+06
-1.386419439599880483e+06
-1.314703626766347559e+06
-1.563985962328647729e+06
-1.563985963263463462e+06
-1.728874547880108468e+06
-1.314703626766327070e+06
-1.563985962328636320e+06
-5.501477942349446239e+05
-1.728874547880098689e+06
-1.684957229093411937e+06
-1.761643058922676370e+06
-1.761643050292407628e+06
-1.767326349169488996e+06
1.767326293202805333e+06
1.761643035344358766e+06
1.761643043974627275e+06
1.684957225262458669e+06
2.878144233886016905e-04
1.236155627869854699e-03
1.074133026130289457e-03
4.613374026565238671e-03
1.649756104852184496e-03
7.085660508654142813e-03
-1.563985963263481157e+06
1.046290368100032987e-02
7.085660508653997963e-03
1.649756104852207698e-03
1.046290368100011650e-02
2.436080475649182123e-03
1.236155627869829762e-03
1.563985961051652674e+06
4.613374026565143261e-03
1.074133026130289457e-03
1.728874547880080529e+06
5.501477942349482328e+05
1.563985960116842762e+06
1.314703626766336616e+06
1.728874547880098689e+06
1.563985961051665479e+06
1.563985960116839968e+06
1.314703626766332891e+06
1.386419438221688848e+06
1.112438545154579915e+06
1.112438545608726330e+06
8.469664564827122958e+05
-1.684957229093421018e+06
-1.761643058922653785e+06
-1.761643050292399013e+06
-1.767326349169614958e+06
1.767326293202763423e+06
1.761643035344395088e+06
1.761643043974650325e+06
1.684957225262458203e+06
1.186767326989504509e+06
6.758799119579202961e+05
8.676736743223085069e-04
2.008131337577474893e-04
2.324935479958466016e-04
5.380796874812261585e-05
8.676736743223085069e-04
2.008131337577474893e-04
2.324935479958466016e-04
5.380796874812261585e-05
8.676736743223085069e-04
2.008131337577474893e-04
2.324935479958466016e-04
5.380796874812261585e-05
8.676736743223085069e-04
2.008131337577474893e-04
2.324935479958466016e-04
5.380796874812261585e-05
8.676736743223085069e-04
2.008131337577474893e-04
4.290396929181491141e+05
1.030953280911216425e+05
6.758799116885985713e+05
2.312292560196989216e+05
4.103534040496996604e+05
1.881569141914812499e+05
7.050381373391981818e-05
8.877805803253165504e+04
1.889152833297604131e-05
4.650889410062097820e-06
7.050381373391981818e-05
1.735727437635114771e-05
1.889152833297604131e-05
4.650889410062097820e-06
7.050343513100320897e-05
1.735718116841876451e-05
3.659503709069223260e+04
9.087279344280901569e+03
9.230550858082955529e+04
2.532084528740145106e+04
-1.945676001368909783e+05
-8.877805803253105842e+04
-4.103534040496984962e+05
-1.881569141914805514e+05
-6.758799116885963595e+05
-2.312292560196998529e+05
-4.290396929181418964e+05
-1.030953280911191978e+05
2.324935479958466016e-04
5.380796874812261585e-05
8.676690149462211845e-04
2.008120553985197029e-04
2.324935479958466016e-04
5.380796874812261585e-05
8.676690149462211845e-04
2.008120553985197029e-04
-5.045461840351946059e-02
-1.519441138499105226e-01
-6.869454425494279926e-02
-2.134364056128019993e-01
-8.084014267751166161e-02
-2.564984898778686073e-01
-9.119563938139793602e-02
-2.967794505395989768e-01
-9.098801139192422283e-02
-3.007645790009481068e-01
-7.660546274698229463e-02
-2.574736938552848464e-01
-3.379366810115506659e-01
-9.942628134196448420e-01
-4.868658821108813872e-01
-1.488516809069633906e+00
-5.952053511049076873e-01
-1.868152138394390427e+00
-2.495414707707692692e+00
-5.690366300246809672e+00
-4.264587233904388874e+00
-1.034486526686074370e+01
-8.361329757181101385e+00
-2.162717437404753440e+01
-1.301401628447557890e+01
-3.513951164896702295e+01
-2.192593301556995655e+01
-6.284236528792763465e+01
-2.989510272970717608e+01
-8.946970751649749332e+01
-4.047975109674664651e+01
-1.281450218315087000e+02
-4.532701623581085926e+01
-1.489059938739729887e+02
-1.750148512147122801e+02
-1.482066048432814398e+02
-3.181577486287077932e+02
-7.197689715757013573e+02
-7.106907308491209960e+02
-1.628101393173886663e+03
-1.162379656815167891e+03
-2.958714274033482980e+03
-2.014188274750564233e+03
-5.767291987047077782e+03
-2.673495157400742755e+03
-8.284253234606203478e+03
-3.116838305887687966e+03
-1.068820163443228012e+04
-2.686782690459206606e+03
-9.781048665203323253e+03
-8.778998359705534540e+02
-3.345955315540860283e+03
4.458489187426611020e-07
1.705643578326840290e-06
-1.191669908133600802e+04
6.365518714168989208e-06
-1.835774578389073940e+04
-4.939745361743890680e+04
-2.606077937778715568e+04
-8.464342016911861720e+04
-2.532084528740179667e+04
-9.230550858082913328e+04
-9.087279344280994337e+03
-3.659503709069223260e+04
-8.877805805293115554e+04
1.889133903151763168e-05
-1.945676002384430321e+05
-4.103534042006183881e+05
-3.378827599890674464e+05
-6.758799120072091464e+05
-6.758799122765325010e+05
-1.186767327899032272e+06
-8.469664569474470336e+05
-1.112438546395338606e+06
-1.112438545941183111e+06
-1.386419439599878620e+06
-1.314703626766359434e+06
-1.563985962328654248e+06
-1.563985963263460435e+06
-1.728874547880116617e+06
-1.314703626766330330e+06
-1.563985962328641443e+06
-1.563985963263473473e+06
-1.728874547880081460e+06
-1.684957229093413567e+06
-1.761643058922669152e+06
-1.761643050292421132e+06
-1.767326349169541616e+06
1.767326293202772271e+06
1.761643035344350385e+06
1.761643043974599103e+06
1.684957225262454944e+06
1.728874547880089842e+06
1.563985961051647086e+06
1.563985960116840666e+06
1.314703626766346861e+06
1.728874542095167330e+06
1.563985961051658262e+06
1.563985960116827162e+06
1.314703625587602844e+06
1.386419438221689546e+06
1.112438545154582011e+06
1.112438545608725632e+06
8.469664564827162540e+05
-1.684957229093423113e+06
-1.761643058922693832e+06
-1.761643050292435568e+06
-1.767326349169499706e+06
1.767326293202815577e+06
1.761643035344364122e+06
1.761643043974622153e+06
1.684957225262471708e+06
1.186767326989496360e+06
6.758799119579209946e+05
6.758799116885988042e+05
3.378827598740520771e+05
4.103534040497007663e+05
1.945676001834099297e+05
7.050371908318991032e-05
8.877805803253226622e+04
1.889143368224668234e-05
4.650866108079027431e-06
7.050367175782533587e-05
1.735723942337659168e-05
3.659503709069173783e+04
9.087279344280925216e+03
9.230550858082875493e+04
2.532084528740156020e+04
8.464342016911786050e+04
2.606077937778703199e+04
-1.195817850068636035e+05
-4.939745361589507229e+04
-2.001718479043554107e+05
-8.877805803253187332e+04
-4.103534040496978560e+05
-1.945676001834092312e+05
-6.758799116885934491e+05
-3.378827598740532994e+05
-1.186767326989502180e+06
-6.758799119579208782e+05
-1.563985960116835544e+06
-1.314703626766337082e+06
-1.728874547880072612e+06
-1.563985961051659891e+06
-1.112438545608725166e+06
-8.469664564827164868e+05
-1.386419438221687451e+06
-1.112438545154579682e+06
-1.563985960116835544e+06
-1.314703625587612856e+06
-1.728874547880068189e+06
-1.563985961051651277e+06
-1.761643043974638917e+06
-1.684957225262461929e+06
-1.767326293202742236e+06
-1.761643035344365984e+06
1.761643050292425556e+06
1.767326349169552093e+06
1.684957229093425907e+06
1.761643058922664961e+06
1.563985963263469050e+06
1.728874547880116617e+06
1.314703626766348025e+06
1.563985962328641675e+06
-1.314703626766335452e+06
-1.563985962328644237e+06
-5.501477942349471850e+05
-1.728874547880090773e+06
1.761643050292407628e+06
1.767326349169573048e+06
1.684957229093418922e+06
1.761643058922654251e+06
-1.684957229093417060e+06
-1.761643058922654251e+06
-1.761643050292419037e+06
-1.767326349169530906e+06
-1.761643043974627275e+06
-1.684957225262454944e+06
-1.767326293202720117e+06
-1.761643035344357369e+06
1.767326293202720815e+06
1.761643035344358766e+06
1.761643043974616099e+06
1.684957225262454478e+06
2.878115393609554339e-04
1.236143241044477658e-03
1.074130142102654260e-03
4.613361639739835610e-03
1.649756104852207698e-03
7.085660508654288529e-03
2.436074707593916065e-03
1.046287890734952722e-02
7.085660508653997963e-03
1.649756104852219407e-03
1.046287890734931211e-02
2.436074707593916065e-03
1.236143241044427134e-03
1.563985961051652906e+06
4.613361639739741067e-03
1.074130142102654260e-03
2.878144233886057563e-04
1.236155627869880286e-03
1.074133026130304636e-03
4.613374026565238671e-03
1.649756104852207698e-03
7.085660508654288529e-03
2.436074707593916065e-03
1.046287890734952722e-02
7.085660508653997963e-03
1.649756104852219407e-03
1.046287890734931211e-02
2.436074707593916065e-03
1.236155627869829762e-03
2.878144233886078163e-04
4.613374026565143261e-03
1.074133026130304636e-03
2.878144233886057563e-04
1.236155627869880286e-03
1.074133026130304636e-03
4.613374026565238671e-03
1.649756104852207698e-03
7.085660508654288529e-03
2.436074707593916065e-03
1.046287890734952722e-02
7.085660508653997963e-03
1.649756104852219407e-03
1.046287890734931211e-02
2.436074707593916065e-03
1.236155627869829762e-03
2.878144233886078163e-04
4.613374026565143261e-03
1.074133026130304636e-03
2.878144233886057563e-04
1.236155627869880286e-03
1.074133026130304636e-03
4.613374026565238671e-03
1.649756104852207698e-03
7.085660508654288529e-03
-1.563985963263472542e+06
1.046287890734952722e-02
7.085660508653997963e-03
1.649756104852219407e-03
1.046287890734931211e-02
2.436074707593916065e-03
1.236155627869829762e-03
2.878144233886078163e-04
4.613374026565143261e-03
1.074133026130304636e-03
1.728874547880080529e+06
5.501477942349520745e+05
1.563985960116836475e+06
1.314703626766348025e+06
1.728874542095167330e+06
1.563985961051655933e+06
1.563985960116829490e+06
1.314703625587602844e+06
1.386419438221686985e+06
1.112438545154578751e+06
1.112438545608722139e+06
8.469664564827131107e+05
-1.684957229093423113e+06
-1.761643058922688244e+06
-1.761643050292426255e+06
-1.767326349169551861e+06
1.767326293202784145e+06
1.761643035344354575e+06
1.761643043974638917e+06
1.684957225262465654e+06
1.186767326989496592e+06
6.758799119579197140e+05
8.676736743223085069e-04
2.008131337577506064e-04
4.290396929181491141e+05
1.030953280911231705e+05
6.758799116885961266e+05
2.312292560197021230e+05
4.103534040496996604e+05
1.881569141914834036e+05
7.050381373391905924e-05
8.877805803253217891e+04
1.889152833297583803e-05
4.650889410062123231e-06
7.050381373391905924e-05
1.735727437635123241e-05
1.889152833297583803e-05
4.650889410062123231e-06
7.050381373391905924e-05
1.735727437635123241e-05
1.889152833297583803e-05
4.650889410062123231e-06
7.050381373391905924e-05
1.735727437635123241e-05
1.889152833297583803e-05
4.650889410062123231e-06
7.050381373391905924e-05
1.735727437635123241e-05
3.659503709069183242e+04
9.087279344280948862e+03
9.230550858082869672e+04
2.532084528740154201e+04
8.464342016911799146e+04
2.606077937778705382e+04
4.939745360745913786e+04
1.835774578389067756e+04
1.705643578326831184e-06
1.191669908133603712e+04
6.365518714168923139e-06
1.663923032930705588e-06
1.705643578326831184e-06
4.458489187426590903e-07
6.365484531564843265e-06
1.663914097724509698e-06
3.345955315540826177e+03
8.778998359705490202e+02
-2.734470266911386352e+04
-1.191669908133591889e+04
-4.939745360745838116e+04
-1.835774578389066301e+04
-8.464342016911799146e+04
-2.606077937778694468e+04
-9.230550858082862396e+04
-2.532084528740163660e+04
-3.659503709069114848e+04
-9.087279344280726946e+03
1.889152833297583803e-05
4.650889410062123231e-06
7.050343513100245003e-05
1.735718116841884922e-05
1.889152833297583803e-05
4.650889410062123231e-06
7.050343513100245003e-05
1.735718116841884922e-05
-3.379366810115493336e-01
-9.942628134196563883e-01
-4.868658821108794998e-01
-1.488516809069648117e+00
-5.952053511049045786e-01
-1.868152138394411077e+00
-7.031791928278541270e-01
-2.279289227906456272e+00
-7.218961324023349668e-01
-2.387576935234396291e+00
-6.266122055694374193e-01
-2.117960862442369141e+00
-4.612159264478291054e-01
-1.576214146689065565e+00
-3.346245737753675176e+00
-9.979069086411326950e+00
-4.291518488649444407e+00
-1.323323378217363455e+01
-5.378277009104623474e+00
-1.729531525644560119e+01
-1.880654364059842010e+01
-1.892715692004462724e+01
-4.214069655316682628e+01
-9.627186595143719217e+01
-7.086135680591802100e+01
-1.750148512007629051e+02
-1.330493291247744025e+02
-3.571784642372609824e+02
-1.963852592964612995e+02
-5.576548055685155987e+02
-2.950884524704469527e+02
-9.047816540038817266e+02
-3.541656059879873624e+02
-1.145379941896625496e+03
-3.658651053447072172e+02
-1.260153615077669201e+03
-1.308295909576931081e+03
-1.051331567519023793e+03
-2.958714274355014823e+03
-6.687195986004964652e+03
-5.375153359800799990e+03
-1.213827458760257832e+04
-1.191669908133599711e+04
-2.734470267404369952e+04
-1.835774578389066301e+04
-4.939745361743939429e+04
-2.606077937778705382e+04
-8.464342016911937390e+04
-2.532084528740171663e+04
-9.230550858083038474e+04
-9.087279344280948862e+03
-3.659503709069261822e+04
4.650889410062123231e-06
1.889152833297623105e-05
1.735727437635132728e-05
7.050381373392052291e-05
-8.877805805293084995e+04
1.889152833297623105e-05
-1.881569141914815991e+05
-4.103534042006194941e+05
-2.312292560197009880e+05
-6.758799120072138030e+05
-1.030953280911221373e+05
-4.290396929181537707e+05
5.380742956850898689e-05
2.324912183078056238e-04
-6.758799122765315697e+05
-1.186767327899022261e+06
-8.469664569474501768e+05
-1.112438546395341633e+06
-1.112438545941190794e+06
-1.386419439599890495e+06
-1.314703627945073880e+06
-1.563985962328641675e+06
-1.563985963263475103e+06
-1.728874553665030515e+06
-1.314703626766338479e+06
-1.563985962328648195e+06
-1.563985963263472309e+06
-1.728874547880098689e+06
-1.684957229093432659e+06
-1.761643058922677534e+06
-1.761643050292422064e+06
-1.767326349169614958e+06
1.767326293202764587e+06
1.761643035344396485e+06
1.761643043974627974e+06
1.684957225262469845e+06
1.728874547880107304e+06
1.563985961051663384e+06
1.563985960116842762e+06
1.314703626766345231e+06
1.728874547880072612e+06
1.563985961051665479e+06
1.563985960116827162e+06
1.314703625587597257e+06
1.386419438221692108e+06
1.112438545154577820e+06
1.112438545608726330e+06
8.469664564827121794e+05
-1.684957229093427304e+06
-1.761643058922653785e+06
-1.761643050292422064e+06
-1.767326349169530906e+06
1.767326293202764587e+06
1.761643035344396485e+06
1.761643043974627974e+06
1.684957225262469845e+06
1.186767326989493566e+06
6.758799119579156395e+05
6.758799116885983385e+05
3.378827598740480025e+05
4.103534040497003589e+05
1.945676001834074850e+05
1.945676001368899888e+05
8.877805803253142221e+04
1.098053000515869790e+05
4.939745361589491949e+04
4.939745360745967628e+04
2.200499600614108203e+04
1.705635032675820957e-06
1.213827458730756553e+04
6.365505895692425903e-06
1.663919682228365480e-06
3.345955315540835727e+03
8.778998359705343546e+02
9.781048665203341443e+03
2.686782690459155219e+03
1.068820163443223646e+04
3.116838305887630668e+03
-2.734470266911437284e+04
-1.213827458730753824e+04
-4.939745360745912330e+04
-2.200499600614110750e+04
-1.098053000515869790e+05
-4.939745361589476670e+04
-1.945676001368906873e+05
-8.877805803253117483e+04
-4.103534040497004171e+05
-3.059680676690753899e+05
-6.758799116885974072e+05
-6.562458886704664910e+05
-1.186767326989498455e+06
-1.565148122654168401e+06
-1.563985960116829025e+06
-2.148262027013534680e+06
-2.472295057206702419e+06
-2.472295057206702419e+06
2.472295057206702419e+06
2.472295057206702419e+06
1.563985960116828559e+06
2.148262027013532817e+06
2.472295057206702419e+06
2.472295057206702419e+06
2.148262027013532817e+06
2.148262027013532817e+06
-2.148262027013534680e+06
-2.148262027013534680e+06
-2.472295057206702419e+06
-2.472295057206702419e+06
1.186767326989498455e+06
1.565148122654167004e+06
8.676713446342699957e-04
6.562458886704664910e+05
2.324912183078043770e-04
5.380742956850872262e-05
8.676713446342699957e-04
2.008125945781347209e-04
2.324912183078043770e-04
5.380742956850872262e-05
8.676713446342699957e-04
2.008125945781347209e-04
2.324912183078043770e-04
5.380742956850872262e-05
8.676713446342699957e-04
2.008125945781347209e-04
4.290396929181514424e+05
1.030953280911216425e+05
6.758799116885948461e+05
2.312292560196999693e+05
4.103534040496982052e+05
1.881569141914807260e+05
7.050381373392017054e-05
8.877805803253088379e+04
3.659503709069241449e+04
9.087279344280901569e+03
9.230550858083003550e+04
2.532084528740154201e+04
8.464342016911909741e+04
2.606077937778694468e+04
4.939745360745953803e+04
1.835774578389062663e+04
1.705643578326840290e-06
1.191669908133598619e+04
6.365518714168956173e-06
1.663923032930689071e-06
1.705643578326840290e-06
4.458489187426526317e-07
6.365518714168956173e-06
1.663923032930689071e-06
1.705643578326840290e-06
4.458489187426526317e-07
6.365518714168956173e-06
1.663923032930689071e-06
1.705643578326840290e-06
4.458489187426526317e-07
6.365518714168956173e-06
1.663923032930689071e-06
3.345955315540843458e+03
8.778998359705365147e+02
9.781048665203323253e+03
2.686782690459152036e+03
1.068820163443223464e+04
3.116838305887630213e+03
8.284253234606221667e+03
2.673495157400704102e+03
5.767291987047071416e+03
2.014188274750536038e+03
6.341694133701799819e-07
1.730957334052253939e-07
1.699259771365487041e-07
4.638107896238306721e-08
6.341660079034850871e-07
1.730948038874298569e-07
3.352498620526485524e+02
9.169032229537027945e+01
-5.767291987047023213e+03
-2.014188274750529899e+03
-8.284253234606181650e+03
-2.673495157400699554e+03
-1.068820163443223464e+04
-3.116838305887630213e+03
-9.781048665203305063e+03
-2.686782690459144305e+03
-3.345955315540780248e+03
-8.778998359705199164e+02
1.705643578326840290e-06
4.458489187426526317e-07
6.365484531564877993e-06
1.663914097724493393e-06
1.705643578326840290e-06
4.458489187426526317e-07
6.365484531564877993e-06
1.663914097724493393e-06
-2.166265454310701610e+00
-6.158957258376693389e+00
-3.346245737753719141e+00
-9.979069086411383793e+00
-4.291518488649509244e+00
-1.323323378217368607e+01
-5.378277009104694528e+00
-1.729531525644566159e+01
-5.729986206780660396e+00
-1.892715692004466277e+01
-5.177324159182054686e+00
-1.761245436889901939e+01
-3.889426150968062768e+00
-1.343329368874399421e+01
-2.192593301557016616e+01
-6.284236528792842336e+01
-2.989510272970731464e+01
-8.946970751649898546e+01
-4.047975109674699468e+01
-1.281450218315102063e+02
-4.532701623581128558e+01
-1.489059938739760014e+02
-1.750148512147121380e+02
-1.482066048432832019e+02
-3.181577486287051784e+02
-7.197689715757134081e+02
-7.106907308491169033e+02
-1.628101393173878932e+03
-1.162379656815160388e+03
-2.958714274033460697e+03
-2.014188274750541268e+03
-5.767291987047048679e+03
-2.673495157400717289e+03
-8.284253234606190745e+03
-3.116838305887660226e+03
-1.068820163443222737e+04
-2.686782690459184323e+03
-9.781048665203337805e+03
-1.213827458921495236e+04
-3.345955315540843458e+03
-2.200499600995735454e+04
-4.939745361743927060e+04
-4.939745362587519776e+04
-1.098053000781533337e+05
-8.877805805293162121e+04
-1.945676001919220435e+05
-1.881569141914837819e+05
-4.103534042006215896e+05
-2.312292560197039857e+05
-6.758799120072155492e+05
-1.030953280911237962e+05
-4.290396929181558080e+05
5.380796874812372716e-05
2.324935479958505590e-04
2.008131337577527748e-04
8.676736743223232521e-04
5.380796874812372716e-05
2.324935479958505590e-04
-6.758799122765348293e+05
-1.186767327899018768e+06
-8.469664569474554155e+05
-1.112438546395341633e+06
-1.112438545941196848e+06
-1.386419439599891892e+06
-1.314703627945071785e+06
-1.563985962328640046e+06
-1.563985963263470912e+06
-1.728874553665030515e+06
-1.314703626766350353e+06
-1.563985962328654248e+06
-5.501477942349556834e+05
-1.728874547880108468e+06
-1.684957229093427071e+06
-1.761643058922653785e+06
-1.761643050292421831e+06
-1.767326349169530906e+06
1.767326293202763423e+06
1.761643035344372736e+06
1.761643043974627974e+06
1.684957225262464257e+06
2.878144233886097678e-04
1.236155627869880286e-03
1.074133026130311792e-03
4.613374026565332346e-03
1.649756104852230683e-03
7.085660508654288529e-03
-1.563985963263461366e+06
1.046287890734973886e-02
7.085660508654142813e-03
1.649756104852184496e-03
1.046287890734952722e-02
2.436074707593864890e-03
1.236155627869854699e-03
1.563985961051663384e+06
4.613374026565238671e-03
1.074133026130281868e-03
1.728874547880082158e+06
5.501477942349360092e+05
1.563985960116831819e+06
1.314703626766331261e+06
1.728874547880082158e+06
1.563985961051656166e+06
1.563985960116844624e+06
1.314703626766347559e+06
1.386419438221688382e+06
1.112438545154571300e+06
1.112438545608725632e+06
8.469664564827102004e+05
-1.684957229093411937e+06
-1.761643058922676370e+06
-1.761643050292407628e+06
-1.767326349169573048e+06
1.767326293202637462e+06
1.761643035344357369e+06
1.761643043974604690e+06
1.684957225262460764e+06
1.186767326989507535e+06
6.758799119579170365e+05
6.758799116885943804e+05
3.378827598740531248e+05
4.103534040496973321e+05
1.945676001834089111e+05
1.945676001368867292e+05
8.877805803253098566e+04
1.098053000515853200e+05
4.939745361589471577e+04
4.939745360745895596e+04
2.200499600614087103e+04
2.734470266911421277e+04
1.213827458730746548e+04
1.213827458569518967e+04
5.375153359052206724e+03
6.687195985044359986e+03
2.958714273974626849e+03
6.341681363201595364e-07
1.730953848360510782e-07
3.352498620526429818e+02
9.169032229536963996e+01
1.051331567519014698e+03
2.948839555413295557e+02
-2.958714273653074997e+03
-1.882524107173546554e+03
-6.687195985044369991e+03
-5.968501349869062324e+03
-1.213827458569520604e+04
-1.387666939419285518e+04
-4.376696075576978910e+04
-4.376696075576978910e+04
-1.007387860810648417e+05
-1.007387860810648417e+05
-3.059680676690750988e+05
-3.059680676690753899e+05
-6.562458886704664910e+05
-6.562458886704664910e+05
-1.565148122654168401e+06
-1.565148122654168401e+06
-2.148262027013534680e+06
-2.148262027013534680e+06
-2.472295057206702419e+06
-2.472295057206702419e+06
2.472295057206702419e+06
2.472295057206702419e+06
2.148262027013532817e+06
2.148262027013532817e+06
2.472295057206702419e+06
2.472295057206702419e+06
2.148262027013532817e+06
2.148262027013532817e+06
-2.148262027013534680e+06
-2.148262027013534680e+06
-2.472295057206702419e+06
-2.472295057206702419e+06
1.565148122654167004e+06
1.565148122654167004e+06
6.562458886704664910e+05
6.562458886704664910e+05
3.059680676690749242e+05
3.059680676690749242e+05
7.050362443246076141e-05
1.007387860810647398e+05
1.889133903151753342e-05
4.650842806095882504e-06
7.050362443246076141e-05
1.735722777238495442e-05
1.889133903151753342e-05
4.650842806095882504e-06
7.050362443246076141e-05
1.735722777238495442e-05
3.659503709069183242e+04
9.087279344280850637e+03
9.230550858082879859e+04
2.532084528740145106e+04
8.464342016911780229e+04
2.606077937778681735e+04
4.939745360745866492e+04
1.835774578389050293e+04
3.345955315540826177e+03
1.191669908133589706e+04
9.781048665203275959e+03
2.686782690459162950e+03
1.068820163443219099e+04
3.116838305887646584e+03
8.284253234606183469e+03
2.673495157400715016e+03
5.767291987047048679e+03
2.014188274750542632e+03
6.341694133701701352e-07
1.730957334052243881e-07
1.699259771365461100e-07
4.638107896238280251e-08
6.341694133701701352e-07
1.730957334052243881e-07
1.699259771365461100e-07
4.638107896238280251e-08
6.341694133701701352e-07
1.730957334052243881e-07
1.699259771365461100e-07
4.638107896238280251e-08
6.341694133701701352e-07
1.730957334052243881e-07
3.352498620526437776e+02
9.169032229536986733e+01
1.051331567519011514e+03
2.948839555413286462e+02
1.260153615077656923e+03
3.658651053447068193e+02
1.145379941896617993e+03
3.541656059879877034e+02
9.047816540038764970e+02
2.950884524704472369e+02
5.576548055685135523e+02
1.963852592964617827e+02
1.813449110502015401e-08
5.091779236562002759e-09
6.767816212226647719e-08
1.900258786790204131e-08
-5.576548055685104828e+02
-1.963852592964610153e+02
-9.047816540038727453e+02
-2.950884524704470664e+02
-1.145379941896615037e+03
-3.541656059879879308e+02
-1.260153615077656923e+03
-3.658651053447068193e+02
-1.051331567519009923e+03
-2.948839555413284756e+02
-3.352498620526370701e+02
-9.169032229536803413e+01
1.699259771365461100e-07
4.638107896238280251e-08
6.341660079034753463e-07
1.730948038874288510e-07
1.699259771365461100e-07
4.638107896238280251e-08
6.341660079034753463e-07
1.730948038874288510e-07
-1.301401628447563574e+01
-3.513951164896751322e+01
-2.192593301557007024e+01
-6.284236528792852994e+01
-2.989510272970738214e+01
-8.946970751649948284e+01
-4.047975109674692362e+01
-1.281450218315110021e+02
-4.532701623581128558e+01
-1.489059938739763140e+02
-4.326704676277124406e+01
-1.482066048432835714e+02
-3.344055681921019385e+01
-1.170971054240606293e+02
-1.008984978949461464e+01
-3.589071989330950174e+01
-1.963852592964632890e+02
-5.576548055685206009e+02
-2.950884524704489991e+02
-9.047816540038887752e+02
-3.541656059879921372e+02
-1.145379941896635273e+03
-3.658651053447096047e+02
-1.260153615077679433e+03
-1.308295909576943359e+03
-1.051331567519031751e+03
-2.958714274355004363e+03
-6.687195986005025588e+03
-5.375153359800761791e+03
-1.213827458760271657e+04
-1.191669908133585704e+04
-2.734470267404340848e+04
-1.835774578389053931e+04
-4.939745361743852118e+04
-2.606077937778678461e+04
-8.464342016911850078e+04
-2.532084528740158203e+04
-9.230550858082964260e+04
-9.087279344280941586e+03
-3.659503709069223260e+04
-8.877805805293133017e+04
1.889152833297604131e-05
-1.945676002384411113e+05
-4.103534042006214149e+05
-3.378827599890636629e+05
-6.758799120072136866e+05
-6.758799122765334323e+05
-1.186767327899025986e+06
-8.469664569474566961e+05
-1.112438546395343496e+06
-1.112438545941193355e+06
-1.386419439599898411e+06
-1.314703627945075743e+06
-1.563985962328646099e+06
-1.563985963263477432e+06
-1.728874553665030515e+06
-1.314703626766347559e+06
-1.563985962328658206e+06
-5.501477942349520745e+05
-1.728874547880100086e+06
-1.684957229093434056e+06
-1.761643058922653785e+06
-1.761643050292399013e+06
-1.767326349169447087e+06
1.767326293202763423e+06
1.761643035344395088e+06
1.761643043974650325e+06
1.684957225262481254e+06
2.878144233886097678e-04
1.236155627869905439e-03
1.074127258075003883e-03
4.613349252914621633e-03
1.649756104852230683e-03
7.085660508654433379e-03
2.436068939538615311e-03
1.046290368100075835e-02
7.085660508653852246e-03
1.649756104852172786e-03
1.046285413369850599e-02
2.436080475649165210e-03
1.236155627869804392e-03
1.563985961051657330e+06
4.613349252914338873e-03
1.074127258074981115e-03
2.878144233886097678e-04
1.236155627869905439e-03
1.074127258075003883e-03
4.613349252914621633e-03
1.649756104852230683e-03
7.085660508654433379e-03
-1.563985963263463695e+06
1.046290368100075835e-02
7.085660508653852246e-03
1.649756104852172786e-03
1.046290368100011650e-02
2.436080475649165210e-03
1.236155627869804392e-03
2.878144233885996306e-04
4.613349252914338873e-03
1.074127258074981115e-03
1.728874547880062135e+06
5.501477942349374061e+05
1.563985960116820643e+06
1.314703626766332891e+06
1.728874547880090773e+06
1.563985961051641032e+06
1.563985960116845788e+06
1.314703626766343135e+06
1.386419438221674878e+06
1.112438545154566411e+06
1.112438545608720044e+06
8.469664564827058930e+05
-1.684957229093418224e+06
-1.761643058922626544e+06
-1.761643050292375730e+06
-1.767326349169457797e+06
1.767326293202604633e+06
1.761643035344371106e+06
1.761643043974621454e+06
1.684957225262454012e+06
1.186767326989507535e+06
6.758799119579141261e+05
8.676713446342602378e-04
2.008125945781324712e-04
4.290396929181409068e+05
1.030953280911195907e+05
6.758799116885911208e+05
2.312292560196977865e+05
4.103534040496971575e+05
1.881569141914802021e+05
1.945676001368921425e+05
8.877805803253069462e+04
1.098053000515871099e+05
4.939745361589466484e+04
4.939745360745910875e+04
2.200499600614114024e+04
2.734470266911414728e+04
1.213827458730753824e+04
1.213827458569511873e+04
5.375153359052171254e+03
6.687195985044322697e+03
2.958714273974607750e+03
2.958714273653106375e+03
1.308295909424697356e+03
1.628101392979497405e+03
7.197689715635888206e+02
7.197689714974068238e+02
3.181577485969174859e+02
3.589071989330869883e+01
-2.548549102434447775e+02
-8.085836838567510085e+02
-8.085836838567510085e+02
-1.882524107173546554e+03
-1.882524107173546554e+03
-5.968501349869062324e+03
-5.968501349869062324e+03
-1.387666939419285518e+04
-1.387666939419285518e+04
-4.376696075576978910e+04
-4.376696075576978910e+04
-1.007387860810648417e+05
-1.007387860810648417e+05
-3.059680676690750988e+05
-3.059680676690753899e+05
-6.562458886704664910e+05
-6.562458886704664910e+05
-1.565148122654168401e+06
-1.565148122654168401e+06
-2.148262027013534680e+06
-2.148262027013534680e+06
-2.472295057206702419e+06
-2.472295057206702419e+06
2.472295057206702419e+06
2.472295057206702419e+06
2.148262027013532817e+06
2.148262027013532817e+06
2.472295057206702419e+06
2.472295057206702419e+06
2.148262027013532817e+06
2.148262027013532817e+06
-2.148262027013534680e+06
-2.148262027013534680e+06
-2.472295057206702419e+06
-2.472295057206702419e+06
1.565148122654167004e+06
1.565148122654167004e+06
6.562458886704664910e+05
6.562458886704664910e+05
3.059680676690749242e+05
3.059680676690749242e+05
1.007387860810649145e+05
1.007387860810647398e+05
1.705626487024791883e-06
4.376696075576966541e+04
6.365501622866916660e-06
1.387666939419282971e+04
1.705626487024791883e-06
4.458444511395548985e-07
6.365501622866916660e-06
1.663918565327591444e-06
3.345955315540826177e+03
8.778998359705365147e+02
9.781048665203341443e+03
2.686782690459157493e+03
1.068820163443217461e+04
3.116838305887631122e+03
8.284253234606190745e+03
2.673495157400697735e+03
5.767291987047024122e+03
2.014188274750529899e+03
1.051331567519028113e+03
1.162379656815151748e+03
1.260153615077669201e+03
3.658651053447082973e+02
1.145379941896631863e+03
3.541656059879895224e+02
9.047816540038851372e+02
2.950884524704483738e+02
5.576548055685179861e+02
1.963852592964625785e+02
1.813449110502015401e-08
5.091779236561974635e-09
6.767852555348854841e-08
1.900268991165592798e-08
1.813449110502015401e-08
5.091779236561974635e-09
6.767852555348854841e-08
1.900268991165592798e-08
1.813449110502015401e-08
5.091779236561974635e-09
6.767852555348854841e-08
1.900268991165592798e-08
3.589071989330879120e+01
1.008984978949448141e+01
1.170971054240587392e+02
3.344055681920946199e+01
1.482066048432812124e+02
4.326704676277051220e+01
1.489059938739746656e+02
4.532701623581047556e+01
1.281450218315087000e+02
4.047975109674644756e+01
8.946970751649836018e+01
2.989510272970695937e+01
6.284236528792785492e+01
2.192593301556988195e+01
-6.284236528792765597e+01
-2.192593301556982155e+01
-8.946970751649773490e+01
-2.989510272970685989e+01
-1.281450218315089558e+02
-4.047975109674630545e+01
-1.489059938739739835e+02
-4.532701623581050399e+01
-1.482066048432817809e+02
-4.326704676277051220e+01
-1.170971054240581566e+02
-3.344055681920936962e+01
-3.589071989330821566e+01
-1.008984978949429845e+01
1.813449110502015401e-08
5.091779236561974635e-09
6.767816212226674188e-08
1.900258786790193874e-08
1.813449110502015401e-08
5.091779236561974635e-09
6.767816212226674188e-08
1.900258786790193874e-08
-7.086135680591873154e+01
-1.750148512007644683e+02
-1.330493291247762500e+02
-3.571784642372626308e+02
-1.963852592964641985e+02
-5.576548055685184409e+02
-2.950884524704518412e+02
-9.047816540038926405e+02
-3.541656059879935015e+02
-1.145379941896632999e+03
-3.658651053447138679e+02
-1.260153615077679433e+03
-2.948839555413347284e+02
-1.051331567519028113e+03
-9.169032229537153000e+01
-3.352498620526501441e+02
4.638107896238371572e-08
1.699259771365487041e-07
-2.014188274750552182e+03
-5.767291987047065959e+03
-2.673495157400734115e+03
-8.284253234606203478e+03
-3.116838305887669776e+03
-1.068820163443228012e+04
-2.686782690459187961e+03
-9.781048665203323253e+03
-1.213827458921496691e+04
-3.345955315540826632e+03
-2.200499600995746368e+04
-4.939745361743852118e+04
-4.939745362587457930e+04
-1.098053000781535229e+05
-8.877805805293004960e+04
-1.945676001919229166e+05
-1.881569141914813081e+05
-4.103534042006148375e+05
-2.312292560197009880e+05
-6.758799120072019286e+05
-1.030953280911230977e+05
-4.290396929181491141e+05
5.380796874812288012e-05
2.324935479958453006e-04
-6.758799122765364591e+05
-1.186767327899033204e+06
-8.469664569474561140e+05
-1.112438546395342797e+06
-1.112438545941193355e+06
-1.386419439599895384e+06
-1.314703627945070155e+06
-1.563985962328649592e+06
-1.563985963263475569e+06
-1.728874547880098689e+06
-1.314703626766342437e+06
-1.563985962328652618e+06
-1.563985963263461366e+06
-1.728874547880116617e+06
-1.684957229093425674e+06
-1.761643058922648663e+06
-1.761643050292412518e+06
-1.767326349169583526e+06
1.767326293202731526e+06
1.761643035344362725e+06
1.761643043974599801e+06
1.684957225262465421e+06
1.728874547880098224e+06
1.563985961051657796e+06
1.563985960116834380e+06
1.314703626766338479e+06
1.728874547880098689e+06
1.563985961051649647e+06
1.563985960116842762e+06
1.314703626766342437e+06
1.386419438221682794e+06
1.112438545154569205e+06
1.112438545608725864e+06
8.469664564827102004e+05
-1.684957229093424743e+06
-1.761643058922630036e+06
-1.761643050292407628e+06
-1.767326349169656867e+06
1.767326293202636298e+06
1.761643035344357369e+06
1.761643043974582572e+06
1.684957225262460299e+06
1.186767326989504974e+06
6.758799119579170365e+05
8.676736743222940871e-04
2.008131337577463780e-04
2.324935479958426985e-04
5.380796874812230414e-05
8.676736743222940871e-04
2.008131337577463780e-04
4.290396929181387532e+05
1.030953280911210168e+05
6.758799116885862313e+05
2.312292560196979030e+05
4.103534040496946545e+05
1.881569141914803477e+05
7.050362443246040904e-05
8.877805803253050544e+04
3.659503709069131583e+04
9.087279344280770601e+03
9.230550858082824561e+04
2.532084528740128735e+04
8.464342016911778774e+04
2.606077937778682463e+04
4.939745360745862854e+04
1.835774578389048474e+04
2.734470266911406725e+04
1.191669908133592980e+04
1.213827458569530972e+04
5.375153359052158521e+03
6.687195985044397275e+03
2.958714273974629577e+03
2.958714273653080454e+03
1.308295909424718047e+03
1.628101392979489674e+03
7.197689715635980292e+02
7.197689714973953414e+02
3.181577485969170311e+02
3.959567213748568406e+02
1.750148511982111756e+02
1.750148511842638470e+02
-1.094452063848354868e+02
-2.548549102434447775e+02
-2.548549102434447775e+02
-8.085836838567510085e+02
-8.085836838567510085e+02
-1.882524107173546554e+03
-1.882524107173546554e+03
-5.968501349869062324e+03
-5.968501349869062324e+03
-1.387666939419285518e+04
-1.387666939419285518e+04
-4.376696075576978910e+04
-4.376696075576978910e+04
-1.007387860810648417e+05
-1.007387860810648417e+05
-3.059680676690750988e+05
-3.059680676690753899e+05
-6.562458886704664910e+05
-6.562458886704664910e+05
-1.565148122654168401e+06
-1.565148122654168401e+06
-2.148262027013534680e+06
-2.148262027013534680e+06
-2.472295057206702419e+06
-2.472295057206702419e+06
2.472295057206702419e+06
2.472295057206702419e+06
2.148262027013532817e+06
2.148262027013532817e+06
2.472295057206702419e+06
2.472295057206702419e+06
2.148262027013532817e+06
2.148262027013532817e+06
-2.148262027013534680e+06
-2.148262027013534680e+06
-2.472295057206702419e+06
-2.472295057206702419e+06
1.565148122654167004e+06
1.565148122654167004e+06
6.562458886704664910e+05
6.562458886704664910e+05
3.059680676690749242e+05
3.059680676690749242e+05
1.007387860810649145e+05
1.007387860810647398e+05
4.376696075576966541e+04
4.376696075576966541e+04
1.387666939419282971e+04
1.387666939419282971e+04
5.968501349869062324e+03
5.968501349869051410e+03
6.341677106368259171e-07
1.882524107173543598e+03
3.352498620526450850e+02
9.169032229537077683e+01
1.051331567519020155e+03
2.948839555413309768e+02
1.260153615077664199e+03
3.658651053447105141e+02
1.145379941896620949e+03
3.541656059879889540e+02
9.047816540038783160e+02
2.950884524704489991e+02
5.576548055685118470e+02
1.963852592964617259e+02
1.482066048432817809e+02
1.330493291247754257e+02
1.489059938739746656e+02
4.532701623581087347e+01
1.281450218315092116e+02
4.047975109674692362e+01
8.946970751649801912e+01
2.989510272970720806e+01
6.284236528792779808e+01
2.192593301557011287e+01
7.556641991487056965e-09
2.162882812177838947e-09
2.024805591696002077e-09
5.795454141157570318e-10
7.556641991487056965e-09
2.162882812177838947e-09
2.024805591696002077e-09
5.795454141157570318e-10
7.556641991487056965e-09
2.162882812177838947e-09
4.015307206962622111e+00
1.150234418806737935e+00
1.343329368874372598e+01
3.889426150967985052e+00
1.761245436889870675e+01
5.177324159181976526e+00
1.892715692004439276e+01
5.729986206780570690e+00
1.729531525644540579e+01
5.378277009104634132e+00
1.323323378217347290e+01
4.291518488649442631e+00
9.979069086411255896e+00
3.346245737753683613e+00
-9.979069086411188394e+00
-3.346245737753667626e+00
-1.323323378217343205e+01
-4.291518488649444407e+00
-1.729531525644533119e+01
-5.378277009104592388e+00
-1.892715692004434658e+01
-5.729986206780584013e+00
-1.761245436889870675e+01
-5.177324159181956098e+00
-1.343329368874368868e+01
-3.889426150967996598e+00
-4.015307206962541287e+00
-1.150234418806712844e+00
2.024805591696002077e-09
5.795454141157570318e-10
7.556601412594281196e-09
2.162871197575768510e-09
2.024805591696002077e-09
5.795454141157570318e-10
7.556601412594281196e-09
2.162871197575768510e-09
-3.181577486287051215e+02
-7.197689715756985152e+02
-7.106907308491169033e+02
-1.628101393173875067e+03
-1.162379656815164708e+03
-2.958714274033489346e+03
-2.014188274750549681e+03
-5.767291987047071416e+03
-2.673495157400724111e+03
-8.284253234606203478e+03
-3.116838305887660226e+03
-1.068820163443223464e+04
-2.686782690459184323e+03
-9.781048665203337805e+03
-8.778998359705445864e+02
-3.345955315540843458e+03
4.458489187426570786e-07
1.705643578326840290e-06
-1.191669908133591889e+04
6.365484531564877993e-06
-1.835774578389060844e+04
-4.939745361743852118e+04
-2.606077937778694468e+04
-8.464342016911838436e+04
-2.532084528740154201e+04
-9.230550858082913328e+04
-9.087279344280901569e+03
-3.659503709069168690e+04
-8.877805805293042795e+04
1.889152833297593628e-05
-1.945676002384404128e+05
-4.103534042006150703e+05
-3.378827599890630227e+05
-6.758799120072019286e+05
-6.758799122765269130e+05
-1.186767327899026684e+06
-8.469664569474450545e+05
-1.112438546395334881e+06
-1.112438545941182645e+06
-1.386419439599881880e+06
-1.314703626766356640e+06
-1.563985962328643771e+06
-1.563985963263461366e+06
-1.728874547880116617e+06
-1.314703626766336616e+06
-1.563985962328646099e+06
-5.501477942349548684e+05
-1.728874547880098689e+06
-1.684957229093424743e+06
-1.761643058922676370e+06
-1.761643050292407628e+06
-1.767326349169656867e+06
1.767326293202637462e+06
1.761643035344357369e+06
1.761643043974627275e+06
1.684957225262449356e+06
2.878144233886036963e-04
1.236155627869854699e-03
1.074127258074988704e-03
4.613349252914432548e-03
1.649756104852195988e-03
7.085660508654142813e-03
-1.563985963263472309e+06
1.046290368100032987e-02
7.085660508654142813e-03
1.649756104852219407e-03
1.046290368100032987e-02
2.436080475649216384e-03
1.236155627869854699e-03
1.563985961051649647e+06
4.613349252914432548e-03
1.074127258075003883e-03
1.728874547880082158e+06
5.501477942349520745e+05
1.563985960116845788e+06
1.314703626766347559e+06
1.728874547880047467e+06
1.563985961051665479e+06
1.563985960116831819e+06
1.314703626766331261e+06
1.386419438221699325e+06
1.112438545154583873e+06
1.112438545608731220e+06
8.469664564827189315e+05
-1.684957229093420785e+06
-1.761643058922653785e+06
-1.761643050292399013e+06
-1.767326349169447087e+06
1.767326293202764587e+06
1.761643035344396019e+06
1.761643043974605622e+06
1.684957225262458203e+06
1.186767326989506371e+06
6.758799119579208782e+05
6.758799116885911208e+05
3.378827598740531248e+05
4.103534040496976231e+05
1.945676001834093768e+05
7.050381373391905924e-05
8.877805803253117483e+04
1.889152833297583803e-05
4.650889410062074950e-06
7.050381373391905924e-05
1.735727437635114771e-05
3.659503709069149772e+04
9.087279344280850637e+03
9.230550858082869672e+04
2.532084528740142559e+04
8.464342016911799146e+04
2.606077937778683190e+04
4.939745360745849757e+04
1.835774578389053204e+04
3.345955315540792981e+03
1.191669908133590798e+04
9.781048665203257769e+03
2.686782690459163405e+03
1.068820163443219280e+04
3.116838305887643855e+03
8.284253234606183469e+03
2.673495157400714106e+03
5.767291987047041403e+03
2.014188274750541041e+03
2.958714273653070450e+03
1.162379656815158114e+03
1.628101392979493539e+03
7.106907308491164486e+02
7.197689714974129629e+02
3.181577485969171448e+02
3.959567213748638324e+02
1.750148511982115735e+02
1.750148511842642165e+02
7.735474172058238196e+01
9.627186594284532362e+01
4.255063336973724120e+01
-1.094452063848354868e+02
-1.094452063848354868e+02
-2.548549102434447775e+02
-2.548549102434447775e+02
-8.085836838567510085e+02
-8.085836838567510085e+02
-1.882524107173546554e+03
-1.882524107173546554e+03
-5.968501349869062324e+03
-5.968501349869062324e+03
-1.387666939419285518e+04
-1.387666939419285518e+04
-4.376696075576978910e+04
-4.376696075576978910e+04
-1.007387860810648417e+05
-1.007387860810648417e+05
-3.059680676690750988e+05
-3.059680676690753899e+05
-6.562458886704664910e+05
-6.562458886704664910e+05
-1.565148122654168401e+06
-1.565148122654168401e+06
-2.148262027013534680e+06
-2.148262027013534680e+06
-2.472295057206702419e+06
-2.472295057206702419e+06
2.472295057206702419e+06
2.472295057206702419e+06
2.148262027013532817e+06
2.148262027013532817e+06
2.472295057206702419e+06
2.472295057206702419e+06
2.148262027013532817e+06
2.148262027013532817e+06
-2.148262027013534680e+06
-2.148262027013534680e+06
-2.472295057206702419e+06
-2.472295057206702419e+06
1.565148122654167004e+06
1.565148122654167004e+06
6.562458886704664910e+05
6.562458886704664910e+05
3.059680676690749242e+05
3.059680676690749242e+05
1.007387860810649145e+05
1.007387860810647398e+05
4.376696075576966541e+04
4.376696075576966541e+04
1.387666939419282971e+04
1.387666939419282971e+04
5.968501349869062324e+03
5.968501349869051410e+03
1.882524107173543598e+03
1.882524107173543598e+03
8.085836838567510085e+02
8.085836838567510085e+02
1.170971054240596487e+02
2.548549102434442943e+02
1.482066048432824630e+02
4.326704676277119432e+01
1.489059938739750351e+02
4.532701623581108663e+01
1.281450218315094673e+02
4.047975109674690941e+01
8.946970751649826070e+01
2.989510272970728977e+01
6.284236528792816756e+01
2.192593301557007024e+01
1.892715692004460593e+01
1.301401628447563041e+01
1.729531525644560119e+01
5.378277009104685646e+00
1.323323378217359725e+01
4.291518488649486152e+00
9.979069086411326950e+00
3.346245737753711591e+00
8.703154749258893261e-10
2.525557046792052451e-10
2.332014196457543181e-10
6.767241370244484028e-11
8.703154749258893261e-10
2.525557046792052451e-10
2.332014196457543181e-10
6.767241370244484028e-11
8.703154749258893261e-10
2.525557046792052451e-10
4.630778526564648945e-01
1.344608845289055332e-01
1.576214146689049134e+00
4.612159264478277731e-01
2.117960862442348269e+00
6.266122055694364201e-01
2.387576935234375863e+00
7.218961324023349668e-01
2.279289227906435400e+00
7.031791928278541270e-01
1.868152138394395756e+00
5.952053511049064660e-01
1.488516809069634350e+00
4.868658821108798884e-01
-1.488516809069629909e+00
-4.868658821108794998e-01
-1.868152138394393535e+00
-5.952053511049046897e-01
-2.279289227906426962e+00
-7.031791928278530168e-01
-2.387576935234374087e+00
-7.218961324023349668e-01
-2.117960862442348269e+00
-6.266122055694364201e-01
-1.576214146689048246e+00
-4.612159264478266074e-01
-4.630778526564565123e-01
-1.344608845289028132e-01
2.332014196457543181e-10
6.767241370244484028e-11
8.703108013634288924e-10
2.525543484642526621e-10
2.332014196457543181e-10
6.767241370244484028e-11
8.703108013634288924e-10
2.525543484642526621e-10
-1.308295909576921076e+03
-1.051331567519033570e+03
-2.958714274354987083e+03
-6.687195986004913721e+03
-5.375153359800795442e+03
-1.213827458760253830e+04
-1.191669908133589706e+04
-2.734470267404364131e+04
-1.835774578389060844e+04
-4.939745361743907415e+04
-2.606077937778670093e+04
-8.464342016911867540e+04
-2.532084528740158203e+04
-9.230550858082964260e+04
-9.087279344280803343e+03
-3.659503709069223260e+04
4.650889410062097820e-06
1.889152833297604131e-05
1.735718116841867642e-05
7.050343513100320897e-05
-8.877805805293042795e+04
1.889152833297604131e-05
-1.881569141914798529e+05
-4.103534042006172240e+05
-2.312292560196999693e+05
-6.758799120072048390e+05
-1.030953280911205220e+05
-4.290396929181454470e+05
5.380796874812261585e-05
2.324935479958466016e-04
-6.758799122765237698e+05
-1.186767327899031341e+06
-8.469664569474416785e+05
-1.112438546395334881e+06
-1.112438545941178454e+06
-1.386419439599887468e+06
-1.314703626766358037e+06
-1.563985962328652618e+06
-1.563985963263462996e+06
-1.728874547880118713e+06
-1.314703626766332891e+06
-1.563985962328637717e+06
-1.563985963263467187e+06
-1.728874547880080529e+06
-1.684957229093411937e+06
-1.761643058922630735e+06
-1.761643050292451400e+06
-1.767326349169656867e+06
1.767326293202803936e+06
1.761643035344403470e+06
1.761643043974628206e+06
1.684957225262449356e+06
1.728874547880082158e+06
1.563985961051654536e+06
1.563985960116835544e+06
1.314703626766343834e+06
1.728874547880098689e+06
1.563985961051663151e+06
1.563985960116829257e+06
1.314703626766331261e+06
1.386419438221692108e+06
1.112438545154575724e+06
1.112438545608733781e+06
8.469664564827142749e+05
-1.684957229093425907e+06
-1.761643058922693133e+06
-1.761643050292456988e+06
-1.767326349169415655e+06
1.767326293202731526e+06
1.761643035344362725e+06
1.761643043974599801e+06
1.684957225262475898e+06
1.186767326989502180e+06
6.758799119579211110e+05
8.676736743223280226e-04
2.008131337577506064e-04
4.290396929181499290e+05
1.030953280911217444e+05
6.758799116886056727e+05
2.312292560197021230e+05
4.103534040497028618e+05
1.881569141914826760e+05
1.945676001368921716e+05
8.877805803253217891e+04
1.098053000515871972e+05
4.939745361589524691e+04
4.939745360745917424e+04
2.200499600614115843e+04
1.705643578326831184e-06
1.213827458730756189e+04
6.365518714168989208e-06
1.663923032930689071e-06
3.345955315540792981e+03
8.778998359705365147e+02
9.781048665203370547e+03
2.686782690459152036e+03
1.068820163443219099e+04
3.116838305887632487e+03
8.284253234606248952e+03
2.673495157400699554e+03
5.767291987047037765e+03
2.014188274750531946e+03
1.051331567519031523e+03
1.162379656815153339e+03
1.260153615077668292e+03
3.658651053447082404e+02
1.145379941896636410e+03
3.541656059879897498e+02
9.047816540038840003e+02
2.950884524704484875e+02
5.576548055685206009e+02
1.963852592964620385e+02
3.571784642372609824e+02
1.330493291247753405e+02
1.750148511842636481e+02
7.086135680591840469e+01
9.627186594284499677e+01
4.214069655316713181e+01
4.255063336674555785e+01
1.880654363913352256e+01
-3.449238166046627896e+01
-3.449238166046627896e+01
-1.094452063848354868e+02
-1.094452063848354868e+02
-2.548549102434447775e+02
-2.548549102434447775e+02
-8.085836838567510085e+02
-8.085836838567510085e+02
-1.882524107173546554e+03
-1.882524107173546554e+03
-5.968501349869062324e+03
-5.968501349869062324e+03
-1.387666939419285518e+04
-1.387666939419285518e+04
-4.376696075576978910e+04
-4.376696075576978910e+04
-1.007387860810648417e+05
-1.007387860810648417e+05
-3.059680676690750988e+05
-3.059680676690753899e+05
-6.562458886704664910e+05
-6.562458886704664910e+05
-1.565148122654168401e+06
-1.565148122654168401e+06
-2.148262027013534680e+06
-2.148262027013534680e+06
-2.472295057206702419e+06
-2.472295057206702419e+06
2.472295057206702419e+06
2.472295057206702419e+06
2.148262027013532817e+06
2.148262027013532817e+06
2.472295057206702419e+06
2.472295057206702419e+06
2.148262027013532817e+06
2.148262027013532817e+06
-2.148262027013534680e+06
-2.148262027013534680e+06
-2.472295057206702419e+06
-2.472295057206702419e+06
1.565148122654167004e+06
1.565148122654167004e+06
6.562458886704664910e+05
6.562458886704664910e+05
3.059680676690749242e+05
3.059680676690749242e+05
1.007387860810649145e+05
1.007387860810647398e+05
4.376696075576966541e+04
4.376696075576966541e+04
1.387666939419282971e+04
1.387666939419282971e+04
5.968501349869062324e+03
5.968501349869051410e+03
1.882524107173543598e+03
1.882524107173543598e+03
8.085836838567510085e+02
8.085836838567510085e+02
2.548549102434442943e+02
2.548549102434442943e+02
1.094452063848354868e+02
1.094452063848354868e+02
1.892715692004476224e+01
3.449238166046627896e+01
1.729531525644560119e+01
5.378277009104643902e+00
1.323323378217370561e+01
4.291518488649471941e+00
9.979069086411326950e+00
3.346245737753688498e+00
6.158957258376750232e+00
2.166265454310687844e+00
2.279289227906456272e+00
1.484097889923918112e+00
1.868152138394423956e+00
5.952053511049080203e-01
1.488516809069648117e+00
4.868658821108821644e-01
9.942628134196664913e-01
3.379366810115524977e-01
2.746771929752619199e-11
8.053534603519699294e-12
1.025104444126953625e-10
3.005605970984893027e-11
2.746771929752619199e-11
8.053534603519699294e-12
1.025104444126953625e-10
3.005605970984893027e-11
5.459741726632468678e-02
1.601522473720219664e-02
1.881905971410942346e-01
5.552476011490691671e-02
2.574736938552848464e-01
7.660546274698173952e-02
3.007645790009518261e-01
9.098801139192334853e-02
2.967794505395989768e-01
9.119563938139725601e-02
2.564984898778714384e-01
8.084014267751099547e-02
2.134364056128025267e-01
6.869454425494243843e-02
-2.134364056128031095e-01
-6.869454425494227190e-02
-2.564984898778690514e-01
-8.084014267751087057e-02
-2.967794505396023630e-01
-9.119563938139707560e-02
-3.007645790009488285e-01
-9.098801139192355669e-02
-2.574736938552876775e-01
-7.660546274698173952e-02
-1.881905971410920142e-01
-5.552476011490697222e-02
-5.459741726632412473e-02
-1.601522473720187398e-02
2.746771929752619199e-11
8.053534603519699294e-12
1.025098939353355888e-10
3.005589830990096240e-11
2.746771929752619199e-11
8.053534603519699294e-12
1.025098939353355888e-10
3.005589830990096240e-11
-2.686782690459184323e+03
-9.781048665203368728e+03
-1.213827458921482503e+04
-3.345955315540860283e+03
-2.200499600995717265e+04
-4.939745361743907415e+04
-4.939745362587469572e+04
-1.098053000781528099e+05
-8.877805805293063167e+04
-1.945676001919202099e+05
-1.881569141914806096e+05
-4.103534042006183881e+05
-2.312292560196999693e+05
-6.758799120072091464e+05
-1.030953280911216425e+05
-4.290396929181491141e+05
5.380796874812261585e-05
2.324935479958466016e-04
2.008120553985208413e-04
8.676690149462211845e-04
5.380796874812261585e-05
2.324935479958466016e-04
-6.758799122765300563e+05
-1.186767327899033204e+06
-8.469664569474519230e+05
-1.112438546395343263e+06
-1.112438545941182645e+06
-1.386419439599883743e+06
-1.314703626766353147e+06
-1.563985962328653084e+06
-1.563985963263466256e+06
-1.728874547880151542e+06
-1.314703626766331261e+06
-1.563985962328640977e+06
-5.501477942349583609e+05
-1.728874547880098689e+06
-1.684957229093422880e+06
-1.761643058922676370e+06
-1.761643050292451866e+06
-1.767326349169488996e+06
1.767326293202637462e+06
1.761643035344403470e+06
1.761643043974627275e+06
1.684957225262460299e+06
2.878144233886057563e-04
1.236155627869905439e-03
1.074127258074996294e-03
4.613349252914432548e-03
1.649756104852207698e-03
7.085660508654433379e-03
-1.563985963263469748e+06
1.046290368100032987e-02
7.085660508654142813e-03
1.649756104852207698e-03
1.046285413369872283e-02
2.436080475649199471e-03
1.236155627869854699e-03
1.563985961051654536e+06
4.613349252914432548e-03
1.074127258074996294e-03
1.728874547880065395e+06
5.501477942349383375e+05
1.563985960116840666e+06
1.314703626766345231e+06
1.728874547880045604e+06
1.563985961051655235e+06
1.563985960116825998e+06
1.314703626766329864e+06
1.386419438221689546e+06
1.112438545154580381e+06
1.112438545608729357e+06
8.469664564827147406e+05
-1.684957229093415895e+06
-1.761643058922695229e+06
-1.761643050292457687e+06
-1.767326349169583526e+06
1.767326293202564120e+06
1.761643035344364122e+06
1.761643043974644737e+06
1.684957225262462860e+06
1.186767326989503112e+06
6.758799119579202961e+05
6.758799116886006668e+05
3.378827598740510875e+05
4.103534040497026872e+05
1.945676001834097551e+05
7.050381373392052291e-05
8.877805803253207705e+04
3.659503709069224715e+04
9.087279344280905207e+03
9.230550858083038474e+04
2.532084528740181122e+04
8.464342016911949031e+04
2.606077937778715932e+04
4.939745360745969083e+04
1.835774578389076123e+04
2.734470266911455838e+04
1.191669908133607350e+04
1.213827458569536975e+04
5.375153359052252199e+03
6.687195985044420922e+03
2.958714273974640037e+03
6.341694133701766997e-07
1.730957334052253939e-07
3.352498620526434934e+02
9.169032229537027945e+01
1.051331567519021064e+03
2.948839555413304083e+02
1.260153615077669201e+03
3.658651053447086383e+02
1.145379941896626178e+03
3.541656059879893519e+02
9.047816540038828634e+02
2.950884524704480896e+02
5.576548055685163945e+02
1.963852592964620385e+02
1.482066048432823493e+02
1.330493291247753405e+02
1.489059938739755182e+02
4.532701623581090189e+01
1.281450218315100074e+02
4.047975109674671046e+01
8.946970751649864440e+01
2.989510272970716898e+01
6.284236528792825993e+01
2.192593301556998853e+01
3.513951164896741375e+01
1.301401628447557535e+01
2.162717437404768717e+01
8.361329757181112043e+00
-1.481207835031152520e+01
-1.481207835031154652e+01
-3.449238166046627896e+01
-3.449238166046627896e+01
-1.094452063848354868e+02
-1.094452063848354868e+02
-2.548549102434447775e+02
-2.548549102434447775e+02
-8.085836838567510085e+02
-8.085836838567510085e+02
-1.882524107173546554e+03
-1.882524107173546554e+03
-5.968501349869062324e+03
-5.968501349869062324e+03
-1.387666939419285518e+04
-1.387666939419285518e+04
-4.376696075576978910e+04
-4.376696075576978910e+04
-1.007387860810648417e+05
-1.007387860810648417e+05
-3.059680676690750988e+05
-3.059680676690753899e+05
-6.562458886704664910e+05
-6.562458886704664910e+05
-1.565148122654168401e+06
-1.565148122654168401e+06
-2.148262027013534680e+06
-2.148262027013534680e+06
-2.472295057206702419e+06
-2.472295057206702419e+06
2.472295057206702419e+06
2.472295057206702419e+06
2.148262027013532817e+06
2.148262027013532817e+06
2.472295057206702419e+06
2.472295057206702419e+06
2.148262027013532817e+06
2.148262027013532817e+06
-2.148262027013534680e+06
-2.148262027013534680e+06
-2.472295057206702419e+06
-2.472295057206702419e+06
1.565148122654167004e+06
1.565148122654167004e+06
6.562458886704664910e+05
6.562458886704664910e+05
3.059680676690749242e+05
3.059680676690749242e+05
1.007387860810649145e+05
1.007387860810647398e+05
4.376696075576966541e+04
4.376696075576966541e+04
1.387666939419282971e+04
1.387666939419282971e+04
5.968501349869062324e+03
5.968501349869051410e+03
1.882524107173543598e+03
1.882524107173543598e+03
8.085836838567510085e+02
8.085836838567510085e+02
2.548549102434442943e+02
2.548549102434442943e+02
1.094452063848354868e+02
1.094452063848354868e+02
3.449238166046627896e+01
3.449238166046627896e+01
1.481207835031152520e+01
1.481207835031152520e+01
1.868152138394410855e+00
4.668064085995689005e+00
1.488516809069648117e+00
2.004601953656814040e+00
9.942628134196573875e-01
3.379366810115504993e-01
6.974475958263135489e-01
2.441037494466091751e-01
2.564984898778717715e-01
1.461053380007270308e-01
2.134364056128043863e-01
6.869454425494299354e-02
1.519441138499126320e-01
5.045461840351957161e-02
3.290626395316219459e-12
9.725881123112189662e-13
1.228072744322781907e-11
3.629731269042997884e-12
3.290626395316219459e-12
9.725881123112189662e-13
1.228072744322781907e-11
3.629731269042997884e-12
6.545636967474195884e-03
1.935334351053339536e-03
2.277898416010940355e-02
6.765717536321018931e-03
3.159775667761225565e-02
9.446896061916350285e-03
3.793719761782290978e-02
1.149225590662348445e-02
3.841220162704536006e-02
1.178166580704201154e-02
3.461961355677895674e-02
1.083689718268880144e-02
2.982754840067961682e-02
9.497520402065961001e-03
-2.982754840067956825e-02
-9.497520402065938450e-03
-3.461961355677903307e-02
-1.083689718268878582e-02
-3.841220162704536700e-02
-1.178166580704203235e-02
-3.793719761782303468e-02
-1.149225590662346363e-02
-3.159775667761225565e-02
-9.446896061916350285e-03
-2.277898416010934110e-02
-6.765717536321001584e-03
-6.545636967474064913e-03
-1.935334351053300504e-03
3.290626395316219459e-12
9.725881123112189662e-13
1.228066149616791048e-11
3.629711777518040076e-12
3.290626395316219459e-12
9.725881123112189662e-13
1.228066149616791048e-11
3.629711777518040076e-12
-2.532084528740158203e+04
-9.230550858083044295e+04
-9.087279344280994337e+03
-3.659503709069261822e+04
-8.877805805293063167e+04
1.889152833297623105e-05
-1.945676002384414605e+05
-4.103534042006199015e+05
-3.378827599890602869e+05
-6.758799120072143851e+05
-6.758799122765284264e+05
-1.186767327899022261e+06
-8.469664569474490127e+05
-1.112438546395344660e+06
-1.112438545941193821e+06
-1.386419439599886304e+06
-1.314703627945073182e+06
-1.563985962328646099e+06
-1.563985963263477432e+06
-1.728874553665064974e+06
-1.314703626766331261e+06
-1.563985962328647031e+06
-5.501477942349686055e+05
-1.728874547880098689e+06
-1.684957229093444068e+06
-1.761643058922653785e+06
-1.761643050292355008e+06
-1.767326349169279449e+06
1.767326293202763423e+06
1.761643035344396019e+06
1.761643043974695029e+06
1.684957225262458203e+06
2.878028872780005092e-04
1.236106080568244838e-03
1.074127258074996294e-03
4.613349252914432548e-03
1.649756104852184496e-03
7.085660508654142813e-03
2.436080475649199471e-03
1.046290368100032987e-02
7.085660508654142813e-03
1.649756104852184496e-03
1.046290368099990313e-02
2.436080475649165210e-03
1.236106080568244838e-03
1.563985961051652674e+06
4.613349252914243463e-03
1.074127258074981115e-03
2.878028872780005092e-04
1.236106080568244838e-03
1.074127258074996294e-03
4.613349252914432548e-03
1.649756104852184496e-03
7.085660508654142813e-03
-1.563985963263480924e+06
1.046290368100032987e-02
7.085660508654142813e-03
1.649756104852184496e-03
1.046290368099990313e-02
2.436080475649165210e-03
1.236106080568244838e-03
2.878028872780005092e-04
4.613349252914243463e-03
1.074127258074981115e-03
1.728874547880098689e+06
5.501477942349408986e+05
1.563985960116842994e+06
1.314703626766329864e+06
1.728874547880065395e+06
1.563985961051660590e+06
1.563985960116825998e+06
1.314703626766331261e+06
1.386419438221699325e+06
1.112438545154579915e+06
1.112438545608726097e+06
8.469664564827122958e+05
-1.684957229093421018e+06
-1.761643058922653785e+06
-1.761643050292444648e+06
-1.767326349169447087e+06
1.767326293202763423e+06
1.761643035344351782e+06
1.761643043974650092e+06
1.684957225262471242e+06
1.186767326989503112e+06
6.758799119579179678e+05
8.676736743223085069e-04
2.008131337577486277e-04
4.290396929181463784e+05
1.030953280911206966e+05
6.758799116885975236e+05
2.312292560196998529e+05
4.103534040497021051e+05
1.881569141914812499e+05
1.945676001368894940e+05
8.877805803253124759e+04
1.098053000515873864e+05
4.939745361589499953e+04
4.939745360745931248e+04
2.200499600614103838e+04
3.345955315540858919e+03
1.213827458730753096e+04
9.781048665203345081e+03
2.686782690459176592e+03
1.068820163443237834e+04
3.116838305887661136e+03
8.284253234606254409e+03
2.673495157400722746e+03
5.767291987047135990e+03
2.014188274750549681e+03
2.958714273653119562e+03
1.162379656815164708e+03
1.628101392979514912e+03
7.106907308491191770e+02
7.197689714974089839e+02
3.181577485969198733e+02
3.589071989330878409e+01
1.008984978949448141e+01
1.170971054240580713e+02
3.344055681920946199e+01
1.482066048432826051e+02
4.326704676277055484e+01
1.489059938739739550e+02
4.532701623581050399e+01
1.281450218315098084e+02
4.047975109674642624e+01
8.946970751649782017e+01
2.989510272970693805e+01
6.284236528792825993e+01
2.192593301556984997e+01
1.892715692004446737e+01
1.301401628447545633e+01
1.729531525644561185e+01
5.378277009104616369e+00
1.323323378217353685e+01
4.291518488649430196e+00
9.979069086411339384e+00
3.346245737753672955e+00
6.158957258376653421e+00
2.166265454310670968e+00
4.072057131776373851e+00
-4.668064085995689005e+00
-1.481207835031152520e+01
-1.481207835031154652e+01
-3.449238166046627896e+01
-3.449238166046627896e+01
-1.094452063848354868e+02
-1.094452063848354868e+02
-2.548549102434447775e+02
-2.548549102434447775e+02
-8.085836838567510085e+02
-8.085836838567510085e+02
-1.882524107173546554e+03
-1.882524107173546554e+03
-5.968501349869062324e+03
-5.968501349869062324e+03
-1.387666939419285518e+04
-1.387666939419285518e+04
-4.376696075576978910e+04
-4.376696075576978910e+04
-1.007387860810648417e+05
-1.007387860810648417e+05
-3.059680676690750988e+05
-3.059680676690753899e+05
-6.562458886704664910e+05
-6.562458886704664910e+05
-1.565148122654168401e+06
-1.565148122654168401e+06
-2.148262027013534680e+06
-2.148262027013534680e+06
-2.472295057206702419e+06
-2.472295057206702419e+06
2.472295057206702419e+06
2.472295057206702419e+06
2.148262027013532817e+06
2.148262027013532817e+06
2.472295057206702419e+06
2.472295057206702419e+06
2.148262027013532817e+06
2.148262027013532817e+06
-2.148262027013534680e+06
-2.148262027013534680e+06
-2.472295057206702419e+06
-2.472295057206702419e+06
1.565148122654167004e+06
1.565148122654167004e+06
6.562458886704664910e+05
6.562458886704664910e+05
3.059680676690749242e+05
3.059680676690749242e+05
1.007387860810649145e+05
1.007387860810647398e+05
4.376696075576966541e+04
4.376696075576966541e+04
1.387666939419282971e+04
1.387666939419282971e+04
5.968501349869062324e+03
5.968501349869051410e+03
1.882524107173543598e+03
1.882524107173543598e+03
8.085836838567510085e+02
8.085836838567510085e+02
2.548549102434442943e+02
2.548549102434442943e+02
1.094452063848354868e+02
1.094452063848354868e+02
3.449238166046627896e+01
3.449238166046627896e+01
1.481207835031152520e+01
1.481207835031152520e+01
4.668064085995671242e+00
4.668064085995689005e+00
2.004601953656814040e+00
2.004601953656814040e+00
6.317542852389038677e-01
6.317542852389038677e-01
2.712934672228922706e-01
2.712934672228922706e-01
6.884754967891129618e-02
8.549865446985323303e-02
2.982754840067987356e-02
3.671557994949386367e-02
2.236609386997309365e-02
7.307271947632856465e-03
1.715441317172592198e-02
5.719253158468716979e-03
1.490873779658182242e-12
4.434859185704936062e-13
3.994802941525650834e-13
1.188322496648095136e-13
1.490873779658182242e-12
4.434859185704936062e-13
7.951019411138721517e-04
2.365838063443357654e-04
2.787865589546867102e-03
8.325679923919109297e-04
3.909441687505540823e-03
1.173705040494693900e-03
4.797066209079678054e-03
1.455573040869838916e-03
4.958269065453616876e-03
1.519770007783891519e-03
4.622475294964684643e-03
1.440688238235200095e-03
4.097321265924891605e-03
1.295146311566199547e-03
-4.097321265924856910e-03
-1.295146311566201282e-03
-4.622475294964710664e-03
-1.440688238235198360e-03
-4.958269065453562233e-03
-1.519770007783894554e-03
-4.797066209079748310e-03
-1.455573040869842603e-03
-3.909441687505513068e-03
-1.173705040494693900e-03
-2.787865589546890954e-03
-8.325679923919086529e-04
-7.951019411138475403e-04
-2.365838063443310762e-04
3.994802941525650834e-13
1.188322496648095136e-13
1.490865773720185866e-12
4.434835370672336508e-13
3.994802941525650834e-13
1.188322496648095136e-13
1.490865773720185866e-12
4.434835370672336508e-13
-2.312292560197039857e+05
-6.758799120072155492e+05
-1.030953280911248585e+05
-4.290396929181582527e+05
5.380796874812372716e-05
2.324935479958518329e-04
-6.758799122765396023e+05
-1.186767327899031341e+06
-8.469664569474573946e+05
-1.112438546395343728e+06
-1.112438545941201737e+06
-1.386419439599898411e+06
-1.314703627945070155e+06
-1.563985962328646099e+06
-1.563985963263477432e+06
-1.728874553665064974e+06
-1.314703626766353147e+06
-1.563985962328663096e+06
-1.563985963263474405e+06
-1.728874547880098689e+06
-1.684957229093444068e+06
-1.761643058922653785e+06
-1.761643050292444183e+06
-1.767326349169614958e+06
1.767326293202763423e+06
1.761643035344305681e+06
1.761643043974695029e+06
1.684957225262482883e+06
1.728874547880135011e+06
1.563985961051652674e+06
1.563985960116820876e+06
1.314703626766345231e+06
1.728874547880098689e+06
1.563985961051649414e+06
1.563985960116837872e+06
1.314703626766342437e+06
1.386419438221690943e+06
1.112438545154569205e+06
1.112438545608730288e+06
8.469664564827102004e+05
-1.684957229093399830e+06
-1.761643058922631666e+06
-1.761643050292496802e+06
-1.767326349169824272e+06
1.767326293202637462e+06
1.761643035344358766e+06
1.761643043974672211e+06
1.684957225262460299e+06
1.186767326989503810e+06
6.758799119579137769e+05
8.676690149462023193e-04
2.008120553985185915e-04
2.324935479958440809e-04
5.380796874812201276e-05
8.676690149462023193e-04
2.008120553985185915e-04
4.290396929181409068e+05
1.030953280911195907e+05
6.758799116885929834e+05
2.312292560196979030e+05
4.103534040496993694e+05
1.881569141914802021e+05
7.050381373391834095e-05
8.877805803253126214e+04
3.659503709069114848e+04
9.087279344280725127e+03
9.230550858082782361e+04
2.532084528740128371e+04
8.464342016911799146e+04
2.606077937778669366e+04
4.939745360745878861e+04
1.835774578389043745e+04
2.734470266911421277e+04
1.191669908133589706e+04
1.213827458569507326e+04
5.375153359052176711e+03
6.687195985044347253e+03
2.958714273974610023e+03
1.051331567519009923e+03
1.308295909424700085e+03
1.260153615077668292e+03
3.658651053447082973e+02
1.145379941896617993e+03
3.541656059879895224e+02
9.047816540038851372e+02
2.950884524704483738e+02
5.576548055685135523e+02
1.963852592964625785e+02
3.571784642372609824e+02
1.330493291247753405e+02
1.750148511842632502e+02
7.086135680591853259e+01
9.627186594284528098e+01
4.214069655316705365e+01
1.343329368874354302e+01
3.889426150967954854e+00
1.761245436889864635e+01
5.177324159181910801e+00
1.892715692004412276e+01
5.729986206780507629e+00
1.729531525644527790e+01
5.378277009104555972e+00
1.323323378217328994e+01
4.291518488649398222e+00
9.979069086411184841e+00
3.346245737753640981e+00
6.158957258376548616e+00
2.166265454310652316e+00
2.279289227906414528e+00
1.484097889923893243e+00
1.868152138394364892e+00
5.952053511048982504e-01
1.488516809069621250e+00
4.868658821108737267e-01
9.942628134196346279e-01
-2.004601953656820701e+00
-4.668064085995689005e+00
-4.668064085995689005e+00
-1.481207835031152520e+01
-1.481207835031154652e+01
-3.449238166046627896e+01
-3.449238166046627896e+01
-1.094452063848354868e+02
-1.094452063848354868e+02
-2.548549102434447775e+02
-2.548549102434447775e+02
-8.085836838567510085e+02
-8.085836838567510085e+02
-1.882524107173546554e+03
-1.882524107173546554e+03
-5.968501349869062324e+03
-5.968501349869062324e+03
-1.387666939419285518e+04
-1.387666939419285518e+04
-4.376696075576978910e+04
-4.376696075576978910e+04
-1.007387860810648417e+05
-1.007387860810648417e+05
-3.059680676690750988e+05
-3.059680676690753899e+05
-6.562458886704664910e+05
-6.562458886704664910e+05
-1.565148122654168401e+06
-1.565148122654168401e+06
-2.148262027013534680e+06
-2.148262027013534680e+06
-2.472295057206702419e+06
-2.472295057206702419e+06
2.472295057206702419e+06
2.472295057206702419e+06
2.148262027013532817e+06
2.148262027013532817e+06
2.472295057206702419e+06
2.472295057206702419e+06
2.148262027013532817e+06
2.148262027013532817e+06
-2.148262027013534680e+06
-2.148262027013534680e+06
-2.472295057206702419e+06
-2.472295057206702419e+06
1.565148122654167004e+06
1.565148122654167004e+06
6.562458886704664910e+05
6.562458886704664910e+05
3.059680676690749242e+05
3.059680676690749242e+05
1.007387860810649145e+05
1.007387860810647398e+05
4.376696075576966541e+04
4.376696075576966541e+04
1.387666939419282971e+04
1.387666939419282971e+04
5.968501349869062324e+03
5.968501349869051410e+03
1.882524107173543598e+03
1.882524107173543598e+03
8.085836838567510085e+02
8.085836838567510085e+02
2.548549102434442943e+02
2.548549102434442943e+02
1.094452063848354868e+02
1.094452063848354868e+02
3.449238166046627896e+01
3.449238166046627896e+01
1.481207835031152520e+01
1.481207835031152520e+01
4.668064085995671242e+00
4.668064085995689005e+00
2.004601953656814040e+00
2.004601953656814040e+00
6.317542852389038677e-01
6.317542852389038677e-01
2.712934672228922706e-01
2.712934672228922706e-01
8.549865446985263628e-02
8.549865446985323303e-02
3.671557994949360693e-02
3.671557994949386367e-02
1.157098479014033107e-02
1.157098479014036750e-02
2.544431087824745516e-03
4.968913443222497915e-03
1.829309572214494949e-13
1.565962507037036225e-03
4.901643157020952079e-14
1.465756522902250877e-14
1.829309572214494949e-13
5.470252223563671890e-14
9.760539637359972568e-05
2.919409221783205631e-05
3.443157306075406523e-04
1.032948383951898925e-04
4.870974745208902753e-04
1.467657629287569894e-04
6.083452899184137565e-04
1.849114089429699603e-04
6.394568839283777022e-04
1.960019003724672120e-04
6.129638303271398416e-04
1.905111989005309257e-04
5.562625613403037426e-04
1.749438737156185130e-04
-5.562625613402949606e-04
-1.749438737156181335e-04
-6.129638303271458047e-04
-1.905111989005313865e-04
-6.394568839283705465e-04
-1.960019003724669138e-04
-6.083452899184206954e-04
-1.849114089429703669e-04
-4.870974745208849627e-04
-1.467657629287569894e-04
-3.443157306075423328e-04
-1.032948383951896350e-04
-9.760539637359633754e-05
-2.919409221783147694e-05
4.901643157020952079e-14
1.465756522902250877e-14
1.829299748888595653e-13
5.470222848508100823e-14
4.901643157020952079e-14
1.465756522902250877e-14
1.829299748888595653e-13
5.470222848508100823e-14
-8.469664569474563468e+05
-1.112438546395343961e+06
-1.112438545941193355e+06
-1.386419439599898411e+06
-1.314703626766345231e+06
-1.563985962328629801e+06
-1.563985963263477432e+06
-1.728874553665064974e+06
-1.314703626766342437e+06
-1.563985962328653084e+06
-5.501477942349556834e+05
-1.728874547880135011e+06
-1.684957229093443835e+06
-1.761643058922742726e+06
-1.761643050292355008e+06
-1.767326349169279449e+06
1.767326293202428147e+06
1.761643035344396019e+06
1.761643043974604458e+06
1.684957225262458203e+06
2.878028872780085323e-04
1.236106080568295578e-03
1.074127258075011039e-03
4.613349252914621633e-03
1.649756104852230683e-03
7.085660508654433379e-03
-1.563985963263458107e+06
1.046290368100075835e-02
7.085660508653852246e-03
1.649756104852184496e-03
1.046290368099990313e-02
2.436080475649165210e-03
1.236106080568194097e-03
1.563985961051652674e+06
4.613349252914243463e-03
1.074127258074981115e-03
1.728874547880062135e+06
5.501477942349408986e+05
1.563985960116820876e+06
1.314703626766331261e+06
1.728874547880098689e+06
1.563985961051649414e+06
1.563985960116854403e+06
1.314703626766339177e+06
1.386419438221678836e+06
1.112438545154569205e+06
1.112438545608730288e+06
8.469664564827112481e+05
-1.684957229093424743e+06
-1.761643058922631666e+06
-1.761643050292497035e+06
-1.767326349169488996e+06
1.767326293202637462e+06
1.761643035344358766e+06
1.761643043974583270e+06
1.684957225262460299e+06
1.186767326989503810e+06
6.758799119579188991e+05
6.758799116885911208e+05
3.378827598740555113e+05
4.103534040496984962e+05
1.945676001834083581e+05
7.050343513100245003e-05
8.877805803253162594e+04
1.889152833297583803e-05
4.650889410062050386e-06
7.050343513100245003e-05
1.735718116841884922e-05
3.659503709069149772e+04
9.087279344280725127e+03
9.230550858082862396e+04
2.532084528740154201e+04
8.464342016911813698e+04
2.606077937778673731e+04
4.939745360745937069e+04
1.835774578389067756e+04
3.345955315540759784e+03
1.191669908133593344e+04
9.781048665203243218e+03
2.686782690459172500e+03
1.068820163443219099e+04
3.116838305887630213e+03
8.284253234606183469e+03
2.673495157400724111e+03
5.767291987047048679e+03
2.014188274750536038e+03
2.958714273653088640e+03
1.162379656815164708e+03
1.628101392979494221e+03
7.106907308491134927e+02
7.197689714974032995e+02
3.181577485969187364e+02
1.482066048432823493e+02
1.750148511982105788e+02
1.489059938739755182e+02
4.532701623581131400e+01
1.281450218315099505e+02
4.047975109674669625e+01
8.946970751649872966e+01
2.989510272970738214e+01
6.284236528792825993e+01
2.192593301556998853e+01
3.513951164896747059e+01
1.301401628447569259e+01
2.162717437404768717e+01
8.361329757181101385e+00
1.034486526609091328e+01
4.264587233904427066e+00
2.117960862442328729e+00
6.266122055694284265e-01
2.387576935234350106e+00
7.218961324023337456e-01
2.279289227906410531e+00
7.031791928278456894e-01
1.868152138394376216e+00
5.952053511049026913e-01
1.488516809069621250e+00
4.868658821108737267e-01
9.942628134196423995e-01
3.379366810115480568e-01
6.974475958263030018e-01
2.441037494466046509e-01
2.564984898778667755e-01
-2.712934672228922706e-01
-6.317542852389038677e-01
-6.317542852389038677e-01
-2.004601953656820701e+00
-2.004601953656820701e+00
-4.668064085995689005e+00
-4.668064085995689005e+00
-1.481207835031152520e+01
-1.481207835031154652e+01
-3.449238166046627896e+01
-3.449238166046627896e+01
-1.094452063848354868e+02
-1.094452063848354868e+02
-2.548549102434447775e+02
-2.548549102434447775e+02
-8.085836838567510085e+02
-8.085836838567510085e+02
-1.882524107173546554e+03
-1.882524107173546554e+03
-5.968501349869062324e+03
-5.968501349869062324e+03
-1.387666939419285518e+04
-1.387666939419285518e+04
-4.376696075576978910e+04
-4.376696075576978910e+04
-1.007387860810648417e+05
-1.007387860810648417e+05
-3.059680676690750988e+05
-3.059680676690753899e+05
-6.562458886704664910e+05
-6.562458886704664910e+05
-1.565148122654168401e+06
-1.565148122654168401e+06
-2.148262027013534680e+06
-2.148262027013534680e+06
-2.472295057206702419e+06
-2.472295057206702419e+06
2.472295057206702419e+06
2.472295057206702419e+06
2.148262027013532817e+06
2.148262027013532817e+06
2.472295057206702419e+06
2.472295057206702419e+06
2.148262027013532817e+06
2.148262027013532817e+06
-2.148262027013534680e+06
-2.148262027013534680e+06
-2.472295057206702419e+06
-2.472295057206702419e+06
1.565148122654167004e+06
1.565148122654167004e+06
6.562458886704664910e+05
6.562458886704664910e+05
3.059680676690749242e+05
3.059680676690749242e+05
1.007387860810649145e+05
1.007387860810647398e+05
4.376696075576966541e+04
4.376696075576966541e+04
1.387666939419282971e+04
1.387666939419282971e+04
5.968501349869062324e+03
5.968501349869051410e+03
1.882524107173543598e+03
1.882524107173543598e+03
8.085836838567510085e+02
8.085836838567510085e+02
2.548549102434442943e+02
2.548549102434442943e+02
1.094452063848354868e+02
1.094452063848354868e+02
3.449238166046627896e+01
3.449238166046627896e+01
1.481207835031152520e+01
1.481207835031152520e+01
4.668064085995671242e+00
4.668064085995689005e+00
2.004601953656814040e+00
2.004601953656814040e+00
6.317542852389038677e-01
6.317542852389038677e-01
2.712934672228922706e-01
2.712934672228922706e-01
8.549865446985263628e-02
8.549865446985323303e-02
3.671557994949360693e-02
3.671557994949386367e-02
1.157098479014033107e-02
1.157098479014036750e-02
4.968913443222480568e-03
4.968913443222497915e-03
1.565962507037030587e-03
1.565962507037036225e-03
6.067222065317466453e-15
6.724693087959048368e-04
2.264307507766811811e-14
6.800742002130364410e-15
1.208621763534237254e-05
3.630743568890258618e-06
4.284912985094791534e-05
1.290425890160608018e-05
6.105883036979550382e-05
1.845514282406688600e-05
7.738057592669754861e-05
2.356081470696552734e-05
8.248296660409635249e-05
2.529184146475577986e-05
8.092420760026462897e-05
2.510696881696833387e-05
7.490540643585142061e-05
2.347400408478012417e-05
-7.490540643585132574e-05
-2.347400408478024275e-05
-8.092420760026453410e-05
-2.510696881696802894e-05
-8.248296660409635249e-05
-2.529184146475601364e-05
-7.738057592669783321e-05
-2.356081470696540876e-05
-6.105883036979550382e-05
-1.845514282406701814e-05
-4.284912985094780014e-05
-1.290425890160594635e-05
-1.208621763534213029e-05
-3.630743568890225160e-06
6.067222065317466453e-15
1.822261852435001228e-15
2.264295348517813684e-14
6.800705482393051412e-15
6.067222065317466453e-15
1.822261852435001228e-15
2.264295348517813684e-14
6.800705482393051412e-15
1.728874547880029306e+06
5.501477942349138903e+05
1.563985960116820876e+06
1.314703626766331261e+06
1.728874547880065395e+06
1.563985961051659193e+06
1.563985960116838105e+06
1.314703626766342437e+06
1.386419438221690943e+06
1.112438545154560823e+06
1.112438545608722139e+06
8.469664564827102004e+05
-1.684957229093399830e+06
-1.761643058922720375e+06
-1.761643050292407628e+06
-1.767326349169824272e+06
1.767326293202971341e+06
1.761643035344358766e+06
1.761643043974583270e+06
1.684957225262460299e+06
1.186767326989504974e+06
6.758799119579137769e+05
8.676690149462118603e-04
2.008120553985185915e-04
4.290396929181372980e+05
1.030953280911186157e+05
6.758799116885920521e+05
2.312292560196977574e+05
4.103534040496984962e+05
1.881569141914805223e+05
1.945676001368924917e+05
8.877805803253105842e+04
1.098053000515877648e+05
4.939745361589477398e+04
4.939745360745891958e+04
2.200499600614131123e+04
1.705643578326831184e-06
1.213827458730757462e+04
6.365484531564843265e-06
1.663914097724493393e-06
3.345955315540792981e+03
8.778998359705276471e+02
9.781048665203243218e+03
2.686782690459152036e+03
1.068820163443219280e+04
3.116838305887630668e+03
8.284253234606199840e+03
2.673495157400704102e+03
5.767291987047070506e+03
2.014188274750537857e+03
1.051331567519021291e+03
1.162379656815160388e+03
1.260153615077669201e+03
3.658651053447082973e+02
1.145379941896627770e+03
3.541656059879893519e+02
9.047816540038851372e+02
2.950884524704483738e+02
5.576548055685161671e+02
1.963852592964625785e+02
3.571784642372609824e+02
1.330493291247753405e+02
1.750148511842638186e+02
7.086135680591827679e+01
9.627186594284525256e+01
4.214069655316705365e+01
1.892715692004460593e+01
1.880654363913357585e+01
1.729531525644560119e+01
5.378277009104643902e+00
1.323323378217365587e+01
4.291518488649468388e+00
9.979069086411339384e+00
3.346245737753697824e+00
6.158957258376697830e+00
2.166265454310690508e+00
4.072057131776373851e+00
1.484097889923918112e+00
2.158126995094045597e+00
8.254909821104071677e-01
1.297555877521665124e+00
5.138208750918233925e-01
3.007645790009464415e-01
9.098801139192250198e-02
2.967794505395969784e-01
9.119563938139665926e-02
2.564984898778668865e-01
8.084014267751014893e-02
2.134364056128003062e-01
6.869454425494173067e-02
1.519441138499099120e-01
5.045461840351848221e-02
1.119159114476347139e-01
-8.549865446985323303e-02
-2.712934672228922706e-01
-2.712934672228922706e-01
-6.317542852389038677e-01
-6.317542852389038677e-01
-2.004601953656820701e+00
-2.004601953656820701e+00
-4.668064085995689005e+00
-4.668064085995689005e+00
-1.481207835031152520e+01
-1.481207835031154652e+01
-3.449238166046627896e+01
-3.449238166046627896e+01
-1.094452063848354868e+02
-1.094452063848354868e+02
-2.548549102434447775e+02
-2.548549102434447775e+02
-8.085836838567510085e+02
-8.085836838567510085e+02
-1.882524107173546554e+03
-1.882524107173546554e+03
-5.968501349869062324e+03
-5.968501349869062324e+03
-1.387666939419285518e+04
-1.387666939419285518e+04
-4.376696075576978910e+04
-4.376696075576978910e+04
-1.007387860810648417e+05
-1.007387860810648417e+05
-3.059680676690750988e+05
-3.059680676690753899e+05
-6.562458886704664910e+05
-6.562458886704664910e+05
-1.565148122654168401e+06
-1.565148122654168401e+06
-2.148262027013534680e+06
-2.148262027013534680e+06
-2.472295057206702419e+06
-2.472295057206702419e+06
2.472295057206702419e+06
2.472295057206702419e+06
2.148262027013532817e+06
2.148262027013532817e+06
2.472295057206702419e+06
2.472295057206702419e+06
2.148262027013532817e+06
2.148262027013532817e+06
-2.148262027013534680e+06
-2.148262027013534680e+06
-2.472295057206702419e+06
-2.472295057206702419e+06
1.565148122654167004e+06
1.565148122654167004e+06
6.562458886704664910e+05
6.562458886704664910e+05
3.059680676690749242e+05
3.059680676690749242e+05
1.007387860810649145e+05
1.007387860810647398e+05
4.376696075576966541e+04
4.376696075576966541e+04
1.387666939419282971e+04
1.387666939419282971e+04
5.968501349869062324e+03
5.968501349869051410e+03
1.882524107173543598e+03
1.882524107173543598e+03
8.085836838567510085e+02
8.085836838567510085e+02
2.548549102434442943e+02
2.548549102434442943e+02
1.094452063848354868e+02
1.094452063848354868e+02
3.449238166046627896e+01
3.449238166046627896e+01
1.481207835031152520e+01
1.481207835031152520e+01
4.668064085995671242e+00
4.668064085995689005e+00
2.004601953656814040e+00
2.004601953656814040e+00
6.317542852389038677e-01
6.317542852389038677e-01
2.712934672228922706e-01
2.712934672228922706e-01
8.549865446985263628e-02
8.549865446985323303e-02
3.671557994949360693e-02
3.671557994949386367e-02
1.157098479014033107e-02
1.157098479014036750e-02
4.968913443222480568e-03
4.968913443222497915e-03
1.565962507037030587e-03
1.565962507037036225e-03
6.724693087959048368e-04
6.724693087959048368e-04
2.119299794855465950e-04
2.119299794855465950e-04
9.100882438455975545e-05
9.100882438455975545e-05
5.366923621262605887e-06
2.868160380110115065e-05
7.694344170642766819e-06
2.332012252428394800e-06
9.871727884851365310e-06
3.010673135996913193e-06
1.064746546049340747e-05
3.266802463952896334e-06
1.065385388892794343e-05
3.301753939474381838e-06
1.002885484063939585e-05
3.134954543325436847e-06
-1.002885484063938399e-05
-3.134954543325419060e-06
-1.065385388892792479e-05
-3.301753939474365744e-06
-1.064746546049341086e-05
-3.266802463952879817e-06
-9.871727884851400886e-06
-3.010673135996919969e-06
-7.694344170642766819e-06
-2.332012252428394800e-06
-5.366923621262590640e-06
-1.621608605446852068e-06
-1.507500949002505015e-06
-4.545252704092702020e-07
7.565125499779232097e-16
2.280579408474527387e-16
2.823314903541000595e-15
8.511152700431409067e-16
7.565125499779232097e-16
2.280579408474527387e-16
2.823314903541000595e-15
8.511152700431409067e-16
