-9.915470053880192462e-06 -4.600000000000000004e-06
-9.915470053880192462e-06 -4.600000000000000004e-06
-9.684529946319811035e-06 -4.600000000000000004e-06
-9.684529946319811035e-06 -4.600000000000000004e-06
-9.515470053880191210e-06 -4.600000000000000004e-06
-9.515470053880191210e-06 -4.600000000000000004e-06
-9.284529946319809783e-06 -4.600000000000000004e-06
-9.284529946319809783e-06 -4.600000000000000004e-06
-9.115470053880191651e-06 -4.600000000000000004e-06
-9.115470053880191651e-06 -4.600000000000000004e-06
-8.884529946319811918e-06 -4.600000000000000004e-06
-8.884529946319810224e-06 -4.600000000000000004e-06
-8.715470053880192093e-06 -4.600000000000000004e-06
-8.715470053880192093e-06 -4.600000000000000004e-06
-8.484529946319810666e-06 -4.600000000000000004e-06
-8.484529946319810666e-06 -4.600000000000000004e-06
-8.400000000000000890e-06 -4.600000000000000004e-06
-8.400000000000000890e-06 -4.600000000000000004e-06
-8.400000000000000890e-06 -4.600000000000000004e-06
-8.400000000000000890e-06 -4.600000000000000004e-06
-8.400000000000000890e-06 -4.600000000000000004e-06
-8.400000000000000890e-06 -4.600000000000000004e-06
-8.400000000000000890e-06 -4.600000000000000004e-06
-8.400000000000000890e-06 -4.600000000000000004e-06
-8.400000000000000890e-06 -4.600000000000000004e-06
-8.400000000000000890e-06 -4.600000000000000004e-06
-8.400000000000000890e-06 -4.600000000000000004e-06
-8.400000000000000890e-06 -4.600000000000000004e-06
-8.400000000000000890e-06 -4.600000000000000004e-06
-8.400000000000000890e-06 -4.600000000000000004e-06
-8.400000000000000890e-06 -4.600000000000000004e-06
-8.400000000000000890e-06 -4.600000000000000004e-06
-8.400000000000000890e-06 -4.600000000000000004e-06
-8.400000000000000890e-06 -4.600000000000000004e-06
-8.400000000000000890e-06 -4.600000000000000004e-06
-8.400000000000000890e-06 -4.600000000000000004e-06
-8.400000000000000890e-06 -4.600000000000000004e-06
-6.315470053880191354e-06 -4.200000000000000445e-06
-6.084529946319811622e-06 -4.200000000000000445e-06
-6.084529946319810775e-06 -4.200000000000000445e-06
-5.915470053880191796e-06 -4.200000000000000445e-06
-5.915470053880191796e-06 -4.200000000000000445e-06
-5.684529946319811216e-06 -4.200000000000000445e-06
-5.684529946319811216e-06 -4.200000000000000445e-06
-5.515470053880191391e-06 -4.200000000000000445e-06
-5.515470053880191391e-06 -4.200000000000000445e-06
-5.284529946319811658e-06 -4.200000000000000445e-06
-5.284529946319810811e-06 -4.200000000000000445e-06
-5.115470053880191832e-06 -4.200000000000000445e-06
-5.115470053880190985e-06 -4.200000000000000445e-06
-4.884529946319811252e-06 -4.200000000000000445e-06
-4.884529946319811252e-06 -4.200000000000000445e-06
1.000000000000000590e-06 -9.915470053880192462e-06
-4.715470053880191427e-06 -4.200000000000000445e-06
1.000000000000000590e-06 -9.915470053880192462e-06
1.000000000000000590e-06 -9.684529946319811035e-06
1.000000000000000590e-06 -9.915470053880192462e-06
1.000000000000000590e-06 -9.684529946319811035e-06
1.000000000000000590e-06 -9.915470053880192462e-06
1.000000000000000590e-06 -9.684529946319811035e-06
1.000000000000000590e-06 -9.915470053880192462e-06
1.000000000000000590e-06 -9.684529946319811035e-06
1.000000000000000590e-06 -9.915470053880192462e-06
1.000000000000000590e-06 -9.684529946319811035e-06
1.000000000000000590e-06 -9.915470053880192462e-06
1.000000000000000590e-06 -9.684529946319811035e-06
1.000000000000000590e-06 -9.915470053880192462e-06
1.000000000000000590e-06 -9.684529946319811035e-06
1.000000000000000590e-06 -9.915470053880192462e-06
1.000000000000000590e-06 -9.684529946319811035e-06
1.000000000000000590e-06 -9.915470053880192462e-06
1.000000000000000590e-06 -9.684529946319811035e-06
1.000000000000000590e-06 -9.915470053880192462e-06
1.000000000000000590e-06 -9.684529946319811035e-06
1.000000000000000590e-06 -9.915470053880192462e-06
1.000000000000000590e-06 -9.684529946319811035e-06
1.000000000000000590e-06 -9.915470053880192462e-06
1.000000000000000590e-06 -9.684529946319811035e-06
1.000000000000000590e-06 -9.915470053880192462e-06
1.000000000000000590e-06 -9.684529946319811035e-06
1.000000000000000590e-06 -9.915470053880192462e-06
1.000000000000000590e-06 -9.684529946319811035e-06
1.000000000000000590e-06 -9.915470053880192462e-06
1.000000000000000590e-06 -9.684529946319811035e-06
1.000000000000000590e-06 -9.915470053880192462e-06
1.000000000000000590e-06 -9.684529946319811035e-06
1.000000000000000590e-06 -9.915470053880192462e-06
1.000000000000000590e-06 -9.684529946319811035e-06
1.000000000000000590e-06 -9.915470053880192462e-06
1.000000000000000590e-06 -9.684529946319811035e-06
1.000000000000000590e-06 -9.915470053880192462e-06
1.000000000000000590e-06 -9.684529946319811035e-06
1.000000000000000590e-06 -9.915470053880192462e-06
1.000000000000000590e-06 -9.684529946319811035e-06
1.000000000000000590e-06 -9.915470053880192462e-06
1.000000000000000590e-06 -9.684529946319811035e-06
1.000000000000000590e-06 -9.915470053880192462e-06
1.000000000000000590e-06 -9.684529946319811035e-06
1.000000000000000590e-06 -9.915470053880192462e-06
1.000000000000000590e-06 -9.684529946319811035e-06
1.000000000000000590e-06 -9.915470053880192462e-06
1.000000000000000590e-06 -9.684529946319811035e-06
1.000000000000000590e-06 -9.915470053880192462e-06
1.000000000000000590e-06 -9.684529946319811035e-06
1.000000000000000590e-06 -9.915470053880192462e-06
1.000000000000000590e-06 -9.684529946319811035e-06
1.000000000000000590e-06 -9.915470053880192462e-06
1.000000000000000590e-06 -9.684529946319811035e-06
1.000000000000000590e-06 -9.957735026940096640e-06
1.000000000000000590e-06 -9.842264973159905927e-06
1.000000000000000590e-06 -9.957735026940096640e-06
1.000000000000000590e-06 -9.842264973159905927e-06
1.000000000000000590e-06 -9.957735026940096640e-06
1.000000000000000590e-06 -9.842264973159905927e-06
1.000000000000000590e-06 -9.957735026940096640e-06
1.000000000000000590e-06 -9.842264973159905927e-06
1.000000000000000590e-06 -9.757735027040097571e-06
1.000000000000000590e-06 -9.642264973259906857e-06
1.000000000000000590e-06 -9.757735027040097571e-06
1.000000000000000590e-06 -9.642264973259906857e-06
1.000000000000000590e-06 -9.757735027040097571e-06
1.000000000000000590e-06 -9.642264973259906857e-06
1.000000000000000590e-06 -9.757735027040097571e-06
1.000000000000000590e-06 -9.642264973259906857e-06
1.000000000000000590e-06 -9.915470053880192462e-06
1.000000000000000590e-06 -9.684529946319811035e-06
1.000000000000000590e-06 -9.915470053880192462e-06
1.000000000000000590e-06 -9.684529946319811035e-06
1.000000000000000590e-06 -9.915470053880192462e-06
1.000000000000000590e-06 -9.684529946319811035e-06
1.000000000000000590e-06 -9.915470053880192462e-06
1.000000000000000590e-06 -9.684529946319811035e-06
1.000000000000000590e-06 -9.915470053880192462e-06
1.000000000000000590e-06 -9.684529946319811035e-06
1.000000000000000590e-06 -9.915470053880192462e-06
1.000000000000000590e-06 -9.684529946319811035e-06
1.000000000000000590e-06 -9.915470053880192462e-06
1.000000000000000590e-06 -9.684529946319811035e-06
1.000000000000000590e-06 -9.915470053880192462e-06
1.000000000000000590e-06 -9.684529946319811035e-06
1.000000000000000590e-06 -9.915470053880192462e-06
1.000000000000000590e-06 -9.684529946319811035e-06
1.000000000000000590e-06 -9.915470053880192462e-06
1.000000000000000590e-06 -9.684529946319811035e-06
1.000000000000000590e-06 -9.915470053880192462e-06
1.000000000000000590e-06 -9.684529946319811035e-06
1.000000000000000590e-06 -9.915470053880192462e-06
1.000000000000000590e-06 -9.684529946319811035e-06
1.000000000000000590e-06 -9.915470053880192462e-06
1.000000000000000590e-06 -9.684529946319811035e-06
1.000000000000000590e-06 -9.915470053880192462e-06
1.000000000000000590e-06 -9.684529946319811035e-06
1.000000000000000590e-06 -9.915470053880192462e-06
5.200000000000001035e-06 -7.000000000000000742e-06
6.415470053968427513e-06 -7.815470053968425967e-06
6.300000000070704202e-06 -7.700000000070702656e-06
6.500000000070729392e-06 -7.900000000070729541e-06
6.384529946173007775e-06 -7.784529946173006230e-06
6.615470053968399340e-06 -8.015470053968402030e-06
6.500000000070726851e-06 -7.900000000070726152e-06
6.700000000070703760e-06 -8.100000000070703909e-06
6.584529946173028730e-06 -7.984529946173029726e-06
6.800000000000000963e-06 -8.200000000000001111e-06
6.700000000070704607e-06 -8.100000000070705603e-06
6.800000000000000963e-06 -8.200000000000001111e-06
6.784529946173009028e-06 -8.184529946173009176e-06
6.800000000000000963e-06 -8.200000000000001111e-06
6.800000000000000963e-06 -8.200000000000001111e-06
6.800000000000000963e-06 -8.200000000000001111e-06
6.800000000000000963e-06 -8.200000000000001111e-06
6.800000000000000963e-06 -8.200000000000001111e-06
6.800000000000000963e-06 -8.200000000000001111e-06
6.800000000000000963e-06 -8.200000000000001111e-06
6.800000000000000963e-06 -8.200000000000001111e-06
6.800000000000000963e-06 -8.200000000000001111e-06
6.800000000000000963e-06 -8.200000000000001111e-06
7.700000000070707739e-06 -8.700000000070706634e-06
6.800000000000000963e-06 -8.200000000000001111e-06
7.815470053968414109e-06 -8.815470053968413005e-06
7.700000000070707739e-06 -8.700000000070708329e-06
7.900000000070715988e-06 -8.900000000070716578e-06
7.784529946173011312e-06 -8.784529946173011902e-06
8.015470053968405418e-06 -9.015470053968406008e-06
7.900000000070714294e-06 -8.900000000070714884e-06
8.100000000070708991e-06 -9.100000000070707887e-06
7.984529946173017867e-06 -8.984529946173018457e-06
8.215470053968415361e-06 -9.215470053968414257e-06
8.100000000070708991e-06 -9.100000000070709581e-06
8.300000000070717241e-06 -9.300000000070717831e-06
8.184529946173012564e-06 -9.184529946173013154e-06
8.399999999999999196e-06 -9.400000000000001480e-06
8.300000000070715546e-06 -9.300000000070716136e-06
8.399999999999999196e-06 -9.400000000000001480e-06
8.384529946173015731e-06 -9.384529946173018016e-06
8.399999999999999196e-06 -9.400000000000001480e-06
8.399999999999999196e-06 -9.400000000000001480e-06
8.484529946119809246e-06 -9.400000000000001480e-06
8.484529946119810941e-06 -9.400000000000001480e-06
9.015470053968407702e-06 -9.615470053968408734e-06
8.900000000070713190e-06 -9.500000000070712528e-06
9.100000000070711275e-06 -9.700000000070712307e-06
9.042264973192573483e-06 -9.642264973192574514e-06
9.157735026948849068e-06 -9.757735026948850099e-06
9.100000000070711275e-06 -9.700000000070712307e-06
9.000000000141422543e-06 -9.600000000141423575e-06
8.942264973121864130e-06 -9.542264973121865161e-06
9.057735027019560336e-06 -9.657735027019561367e-06
9.000000000141422543e-06 -9.600000000141423575e-06
9.200000000000001701e-06 -9.800000000000001039e-06
9.142264973121863909e-06 -9.742264973121863246e-06
9.200000000000001701e-06 -9.800000000000001039e-06
9.200000000000001701e-06 -9.800000000000001039e-06
9.095534180200017825e-06 -9.695534180200017163e-06
9.025598306537691462e-06 -9.625598306537692494e-06
9.141068360293970436e-06 -9.741068360293969773e-06
9.037799153321880033e-06 -9.637799153321881064e-06
9.162200846819545906e-06 -9.762200846819545243e-06
9.058931639847455503e-06 -9.658931639847456534e-06
9.174401693603732782e-06 -9.774401693603732119e-06
9.104465819941408113e-06 -9.704465819941407451e-06
9.242264973059909267e-06 -9.800000000000001039e-06
9.242264973059907573e-06 -9.800000000000001039e-06
9.357735026840096593e-06 -9.800000000000001039e-06
9.357735026840096593e-06 -9.800000000000001039e-06
9.442264972959906643e-06 -9.800000000000001039e-06
9.442264972959906643e-06 -9.800000000000001039e-06
9.657735027019561367e-06 -9.857735027019561146e-06
9.557735026740095662e-06 -9.800000000000001039e-06
9.442264972959906643e-06 -9.800000000000001039e-06
9.442264972959906643e-06 -9.800000000000001039e-06
9.557735026740095662e-06 -9.800000000000001039e-06
9.557735026740095662e-06 -9.800000000000001039e-06
9.242264973059909267e-06 -9.800000000000001039e-06
9.142264973121863909e-06 -9.742264973121864940e-06
9.357735026840096593e-06 -9.800000000000001039e-06
9.357735026840096593e-06 -9.800000000000001039e-06
9.600000000000001260e-06 -9.800000000000001039e-06
9.600000000000001260e-06 -9.800000000000001039e-06
9.657735027019559673e-06 -9.857735027019561146e-06
9.600000000000001260e-06 -9.800000000000001039e-06
9.799999999999999345e-06 -1.000000000000000082e-05
9.742264973121863246e-06 -9.942264973121863025e-06
9.799999999999999345e-06 -1.000000000000000082e-05
9.799999999999999345e-06 -1.000000000000000082e-05
9.700000000070712307e-06 -9.900000000070712086e-06
9.642264973192572820e-06 -9.842264973192574293e-06
9.757735026948850099e-06 -9.957735026948849878e-06
9.700000000070710613e-06 -9.900000000070712086e-06
9.695534180200018857e-06 -9.895534180200018636e-06
9.625598306537692494e-06 -9.825598306537692273e-06
9.741068360293968079e-06 -9.941068360293969552e-06
9.637799153321879370e-06 -9.837799153321879150e-06
9.762200846819543549e-06 -9.962200846819545022e-06
9.658931639847456534e-06 -9.858931639847456313e-06
9.774401693603730425e-06 -9.974401693603731899e-06
9.704465819941405756e-06 -9.904465819941405536e-06
-9.915470053880192462e-06 -4.600000000000000004e-06
-9.915470053880192462e-06 -4.600000000000000004e-06
-9.684529946319811035e-06 -4.600000000000000004e-06
-9.684529946319811035e-06 -4.600000000000000004e-06
-9.515470053880191210e-06 -4.600000000000000004e-06
-9.515470053880191210e-06 -4.600000000000000004e-06
-9.284529946319809783e-06 -4.600000000000000004e-06
-9.284529946319809783e-06 -4.600000000000000004e-06
-9.115470053880191651e-06 -4.600000000000000004e-06
-9.115470053880191651e-06 -4.600000000000000004e-06
-8.884529946319811918e-06 -4.600000000000000004e-06
-8.884529946319810224e-06 -4.600000000000000004e-06
-8.715470053880192093e-06 -4.600000000000000004e-06
-8.715470053880192093e-06 -4.600000000000000004e-06
-8.484529946319810666e-06 -4.600000000000000004e-06
-8.484529946319810666e-06 -4.600000000000000004e-06
-8.400000000000000890e-06 -4.600000000000000004e-06
-8.400000000000000890e-06 -4.600000000000000004e-06
-8.400000000000000890e-06 -4.600000000000000004e-06
-8.400000000000000890e-06 -4.600000000000000004e-06
-8.400000000000000890e-06 -4.600000000000000004e-06
-8.400000000000000890e-06 -4.600000000000000004e-06
-8.400000000000000890e-06 -4.600000000000000004e-06
-8.400000000000000890e-06 -4.600000000000000004e-06
-8.400000000000000890e-06 -4.600000000000000004e-06
-8.400000000000000890e-06 -4.600000000000000004e-06
-8.400000000000000890e-06 -4.600000000000000004e-06
-8.400000000000000890e-06 -4.600000000000000004e-06
-8.400000000000000890e-06 -4.600000000000000004e-06
-8.400000000000000890e-06 -4.600000000000000004e-06
-8.400000000000000890e-06 -4.600000000000000004e-06
-8.400000000000000890e-06 -4.600000000000000004e-06
-8.400000000000000890e-06 -4.600000000000000004e-06
-8.400000000000000890e-06 -4.600000000000000004e-06
-8.400000000000000890e-06 -4.600000000000000004e-06
-8.400000000000000890e-06 -4.600000000000000004e-06
-6.315470053880191354e-06 -4.200000000000000445e-06
-6.315470053880191354e-06 -4.200000000000000445e-06
-6.084529946319811622e-06 -4.200000000000000445e-06
-6.084529946319810775e-06 -4.200000000000000445e-06
-5.915470053880191796e-06 -4.200000000000000445e-06
-5.915470053880191796e-06 -4.200000000000000445e-06
-5.684529946319811216e-06 -4.200000000000000445e-06
-5.684529946319811216e-06 -4.200000000000000445e-06
-5.515470053880191391e-06 -4.200000000000000445e-06
-5.515470053880191391e-06 -4.200000000000000445e-06
-5.284529946319811658e-06 -4.200000000000000445e-06
-5.284529946319810811e-06 -4.200000000000000445e-06
-5.115470053880191832e-06 -4.200000000000000445e-06
-5.115470053880190985e-06 -4.200000000000000445e-06
-4.884529946319811252e-06 -4.200000000000000445e-06
-4.884529946319811252e-06 -4.200000000000000445e-06
-4.715470053880191427e-06 -4.200000000000000445e-06
-4.715470053880191427e-06 -4.200000000000000445e-06
-4.484529946319811694e-06 -4.200000000000000445e-06
-4.484529946319810847e-06 -4.200000000000000445e-06
-4.315470053880191021e-06 -4.200000000000000445e-06
-4.315470053880191021e-06 -4.200000000000000445e-06
1.000000000000000590e-06 -9.515470053880191210e-06
-4.084529946319811289e-06 -4.200000000000000445e-06
1.000000000000000590e-06 -9.515470053880191210e-06
1.000000000000000590e-06 -9.284529946319809783e-06
1.000000000000000590e-06 -9.515470053880191210e-06
1.000000000000000590e-06 -9.284529946319809783e-06
1.000000000000000590e-06 -9.515470053880191210e-06
1.000000000000000590e-06 -9.284529946319809783e-06
1.000000000000000590e-06 -9.515470053880191210e-06
1.000000000000000590e-06 -9.284529946319809783e-06
1.000000000000000590e-06 -9.515470053880191210e-06
1.000000000000000590e-06 -9.284529946319809783e-06
1.000000000000000590e-06 -9.515470053880191210e-06
1.000000000000000590e-06 -9.284529946319809783e-06
1.000000000000000590e-06 -9.515470053880191210e-06
1.000000000000000590e-06 -9.284529946319809783e-06
1.000000000000000590e-06 -9.515470053880191210e-06
1.000000000000000590e-06 -9.284529946319809783e-06
1.000000000000000590e-06 -9.515470053880191210e-06
1.000000000000000590e-06 -9.284529946319809783e-06
1.000000000000000590e-06 -9.515470053880191210e-06
1.000000000000000590e-06 -9.284529946319809783e-06
1.000000000000000590e-06 -9.515470053880191210e-06
1.000000000000000590e-06 -9.284529946319809783e-06
1.000000000000000590e-06 -9.515470053880191210e-06
1.000000000000000590e-06 -9.284529946319809783e-06
1.000000000000000590e-06 -9.515470053880191210e-06
1.000000000000000590e-06 -9.284529946319809783e-06
1.000000000000000590e-06 -9.515470053880191210e-06
1.000000000000000590e-06 -9.284529946319809783e-06
1.000000000000000590e-06 -9.515470053880191210e-06
1.000000000000000590e-06 -9.284529946319809783e-06
1.000000000000000590e-06 -9.515470053880191210e-06
1.000000000000000590e-06 -9.284529946319809783e-06
1.000000000000000590e-06 -9.515470053880191210e-06
1.000000000000000590e-06 -9.284529946319809783e-06
1.000000000000000590e-06 -9.515470053880191210e-06
1.000000000000000590e-06 -9.284529946319809783e-06
1.000000000000000590e-06 -9.515470053880191210e-06
1.000000000000000590e-06 -9.284529946319809783e-06
1.000000000000000590e-06 -9.515470053880191210e-06
1.000000000000000590e-06 -9.284529946319809783e-06
1.000000000000000590e-06 -9.515470053880191210e-06
1.000000000000000590e-06 -9.284529946319809783e-06
1.000000000000000590e-06 -9.515470053880191210e-06
1.000000000000000590e-06 -9.284529946319809783e-06
1.000000000000000590e-06 -9.515470053880191210e-06
1.000000000000000590e-06 -9.284529946319809783e-06
1.000000000000000590e-06 -9.515470053880191210e-06
1.000000000000000590e-06 -9.284529946319809783e-06
1.000000000000000590e-06 -9.557735026940095388e-06
1.000000000000000590e-06 -9.442264973159906368e-06
1.000000000000000590e-06 -9.557735026940095388e-06
1.000000000000000590e-06 -9.442264973159906368e-06
1.000000000000000590e-06 -9.557735026940095388e-06
1.000000000000000590e-06 -9.442264973159906368e-06
1.000000000000000590e-06 -9.557735026940095388e-06
1.000000000000000590e-06 -9.442264973159906368e-06
1.000000000000000590e-06 -9.357735027040096318e-06
1.000000000000000590e-06 -9.242264973259905605e-06
1.000000000000000590e-06 -9.357735027040098012e-06
1.000000000000000590e-06 -9.242264973259905605e-06
1.000000000000000590e-06 -9.357735027040096318e-06
1.000000000000000590e-06 -9.242264973259905605e-06
1.000000000000000590e-06 -9.357735027040098012e-06
1.000000000000000590e-06 -9.242264973259905605e-06
1.000000000000000590e-06 -9.515470053880191210e-06
1.000000000000000590e-06 -9.284529946319809783e-06
1.000000000000000590e-06 -9.515470053880191210e-06
1.000000000000000590e-06 -9.284529946319809783e-06
1.000000000000000590e-06 -9.515470053880191210e-06
1.000000000000000590e-06 -9.284529946319809783e-06
1.000000000000000590e-06 -9.515470053880191210e-06
1.000000000000000590e-06 -9.284529946319809783e-06
1.000000000000000590e-06 -9.515470053880191210e-06
1.000000000000000590e-06 -9.284529946319809783e-06
1.000000000000000590e-06 -9.515470053880191210e-06
1.000000000000000590e-06 -9.284529946319809783e-06
1.000000000000000590e-06 -9.515470053880191210e-06
1.000000000000000590e-06 -9.284529946319809783e-06
1.000000000000000590e-06 -9.515470053880191210e-06
1.000000000000000590e-06 -9.284529946319809783e-06
1.000000000000000590e-06 -9.515470053880191210e-06
1.000000000000000590e-06 -9.284529946319809783e-06
1.000000000000000590e-06 -9.515470053880191210e-06
1.000000000000000590e-06 -9.284529946319809783e-06
1.000000000000000590e-06 -9.515470053880191210e-06
1.000000000000000590e-06 -9.284529946319809783e-06
1.000000000000000590e-06 -9.515470053880191210e-06
1.000000000000000590e-06 -9.284529946319809783e-06
1.000000000000000590e-06 -9.515470053880191210e-06
3.684529946119811158e-06 -6.600000000000000337e-06
5.200000000000001035e-06 -7.000000000000000742e-06
5.200000000000001035e-06 -7.000000000000000742e-06
5.200000000000001035e-06 -7.000000000000000742e-06
5.200000000000001035e-06 -7.000000000000000742e-06
5.200000000000001035e-06 -7.000000000000000742e-06
5.200000000000001035e-06 -7.000000000000000742e-06
6.300000000070704202e-06 -7.700000000070702656e-06
5.200000000000001035e-06 -7.000000000000000742e-06
6.415470053968423278e-06 -7.815470053968422579e-06
6.300000000070705049e-06 -7.700000000070704350e-06
6.500000000070725157e-06 -7.900000000070724458e-06
6.384529946173008622e-06 -7.784529946173007924e-06
6.615470053968401881e-06 -8.015470053968403724e-06
6.500000000070722616e-06 -7.900000000070722764e-06
6.700000000070705454e-06 -8.100000000070705603e-06
6.584529946173024495e-06 -7.984529946173026337e-06
6.800000000000000963e-06 -8.200000000000001111e-06
6.700000000070705454e-06 -8.100000000070705603e-06
6.800000000000000963e-06 -8.200000000000001111e-06
6.784529946173009028e-06 -8.184529946173009176e-06
6.800000000000000963e-06 -8.200000000000001111e-06
6.800000000000000963e-06 -8.200000000000001111e-06
6.800000000000000963e-06 -8.200000000000001111e-06
6.800000000000000963e-06 -8.200000000000001111e-06
6.800000000000000963e-06 -8.200000000000001111e-06
6.800000000000000963e-06 -8.200000000000001111e-06
6.800000000000000963e-06 -8.200000000000001111e-06
6.800000000000000963e-06 -8.200000000000001111e-06
7.615470053968404165e-06 -8.615470053968404755e-06
6.800000000000000963e-06 -8.200000000000001111e-06
7.700000000070707739e-06 -8.700000000070708329e-06
7.584529946173017462e-06 -8.584529946173017205e-06
7.815470053968412415e-06 -8.815470053968411311e-06
7.700000000070709433e-06 -8.700000000070708329e-06
7.900000000070714294e-06 -8.900000000070714884e-06
7.784529946173013006e-06 -8.784529946173011902e-06
8.015470053968405418e-06 -9.015470053968406008e-06
7.900000000070712600e-06 -8.900000000070713190e-06
8.100000000070708991e-06 -9.100000000070709581e-06
7.984529946173016173e-06 -8.984529946173015069e-06
8.215470053968410279e-06 -9.215470053968409175e-06
8.100000000070710685e-06 -9.100000000070711275e-06
8.300000000070713852e-06 -9.300000000070714442e-06
8.242264973192576060e-06 -9.242264973192576650e-06
8.357735026948849951e-06 -9.357735026948852235e-06
8.300000000070712158e-06 -9.300000000070712748e-06
8.200000000141425120e-06 -9.200000000141424016e-06
8.142264973121863319e-06 -9.142264973121862215e-06
8.257735027019561219e-06 -9.257735027019561809e-06
8.200000000141423426e-06 -9.200000000141422322e-06
8.399999999999999196e-06 -9.400000000000001480e-06
8.342264973121864792e-06 -9.342264973121865382e-06
8.399999999999999196e-06 -9.400000000000001480e-06
8.399999999999999196e-06 -9.400000000000001480e-06
8.295534180200018709e-06 -9.295534180200019299e-06
8.225598306537692346e-06 -9.225598306537691242e-06
8.341068360293967931e-06 -9.341068360293968521e-06
8.237799153321879222e-06 -9.237799153321879812e-06
8.362200846819543401e-06 -9.362200846819543991e-06
8.258931639847454692e-06 -9.258931639847455282e-06
8.374401693603730277e-06 -9.374401693603732561e-06
8.304465819941403914e-06 -9.304465819941404504e-06
8.442264973059905068e-06 -9.400000000000001480e-06
8.442264973059905068e-06 -9.400000000000001480e-06
8.557735026840095782e-06 -9.400000000000001480e-06
8.557735026840095782e-06 -9.400000000000001480e-06
8.642264972959905832e-06 -9.400000000000001480e-06
8.642264972959907526e-06 -9.400000000000001480e-06
8.857735027019562250e-06 -9.457735027019561588e-06
8.757735026740096545e-06 -9.400000000000001480e-06
8.642264972959905832e-06 -9.400000000000001480e-06
8.642264972959907526e-06 -9.400000000000001480e-06
8.757735026740098239e-06 -9.400000000000001480e-06
8.757735026740096545e-06 -9.400000000000001480e-06
8.442264973059905068e-06 -9.400000000000001480e-06
8.342264973121861404e-06 -9.342264973121861994e-06
8.557735026840095782e-06 -9.400000000000001480e-06
8.557735026840095782e-06 -9.400000000000001480e-06
8.800000000000002143e-06 -9.400000000000001480e-06
8.800000000000002143e-06 -9.400000000000001480e-06
8.857735027019560556e-06 -9.457735027019561588e-06
8.800000000000002143e-06 -9.400000000000001480e-06
9.000000000141422543e-06 -9.600000000141423575e-06
8.942264973121864130e-06 -9.542264973121863467e-06
9.057735027019562030e-06 -9.657735027019561367e-06
9.000000000141424237e-06 -9.600000000141425269e-06
8.900000000070711496e-06 -9.500000000070710833e-06
8.842264973192573703e-06 -9.442264973192573041e-06
8.957735026948850983e-06 -9.557735026948850320e-06
8.900000000070711496e-06 -9.500000000070710833e-06
8.895534180200018046e-06 -9.495534180200019078e-06
8.825598306537693377e-06 -9.425598306537692715e-06
8.941068360293967268e-06 -9.541068360293968300e-06
8.837799153321880254e-06 -9.437799153321881285e-06
8.962200846819542738e-06 -9.562200846819543770e-06
8.858931639847457417e-06 -9.458931639847456755e-06
8.974401693603731308e-06 -9.574401693603732340e-06
8.904465819941404946e-06 -9.504465819941405977e-06
9.100000000070712969e-06 -9.700000000070714001e-06
8.984529946173013375e-06 -9.584529946173014407e-06
9.515470053680193178e-06 -9.800000000000001039e-06
9.515470053680193178e-06 -9.800000000000001039e-06
9.600000000000001260e-06 -9.800000000000001039e-06
9.600000000000001260e-06 -9.800000000000001039e-06
9.615470053968407039e-06 -9.815470053968408513e-06
9.600000000000001260e-06 -9.800000000000001039e-06
-9.915470053880192462e-06 -4.600000000000000004e-06
-9.915470053880192462e-06 -4.600000000000000004e-06
-9.684529946319811035e-06 -4.600000000000000004e-06
-9.684529946319811035e-06 -4.600000000000000004e-06
-9.515470053880191210e-06 -4.600000000000000004e-06
-9.515470053880191210e-06 -4.600000000000000004e-06
-9.284529946319809783e-06 -4.600000000000000004e-06
-9.284529946319809783e-06 -4.600000000000000004e-06
-9.115470053880191651e-06 -4.600000000000000004e-06
-9.115470053880191651e-06 -4.600000000000000004e-06
-8.884529946319811918e-06 -4.600000000000000004e-06
-8.884529946319810224e-06 -4.600000000000000004e-06
-8.715470053880192093e-06 -4.600000000000000004e-06
-8.715470053880192093e-06 -4.600000000000000004e-06
-8.484529946319810666e-06 -4.600000000000000004e-06
-8.484529946319810666e-06 -4.600000000000000004e-06
-8.400000000000000890e-06 -4.600000000000000004e-06
-8.400000000000000890e-06 -4.600000000000000004e-06
-8.400000000000000890e-06 -4.600000000000000004e-06
-8.400000000000000890e-06 -4.600000000000000004e-06
-8.400000000000000890e-06 -4.600000000000000004e-06
-8.400000000000000890e-06 -4.600000000000000004e-06
-8.400000000000000890e-06 -4.600000000000000004e-06
-8.400000000000000890e-06 -4.600000000000000004e-06
-8.400000000000000890e-06 -4.600000000000000004e-06
-8.400000000000000890e-06 -4.600000000000000004e-06
-8.400000000000000890e-06 -4.600000000000000004e-06
-8.400000000000000890e-06 -4.600000000000000004e-06
-8.400000000000000890e-06 -4.600000000000000004e-06
-8.400000000000000890e-06 -4.600000000000000004e-06
-8.400000000000000890e-06 -4.600000000000000004e-06
-8.400000000000000890e-06 -4.600000000000000004e-06
-8.400000000000000890e-06 -4.600000000000000004e-06
-8.400000000000000890e-06 -4.600000000000000004e-06
-8.400000000000000890e-06 -4.600000000000000004e-06
-6.484529946319812027e-06 -4.200000000000000445e-06
-6.315470053880191354e-06 -4.200000000000000445e-06
-6.315470053880191354e-06 -4.200000000000000445e-06
-6.084529946319811622e-06 -4.200000000000000445e-06
-6.084529946319810775e-06 -4.200000000000000445e-06
-5.915470053880191796e-06 -4.200000000000000445e-06
-5.915470053880191796e-06 -4.200000000000000445e-06
-5.684529946319811216e-06 -4.200000000000000445e-06
-5.684529946319811216e-06 -4.200000000000000445e-06
-5.515470053880191391e-06 -4.200000000000000445e-06
-5.515470053880191391e-06 -4.200000000000000445e-06
-5.284529946319811658e-06 -4.200000000000000445e-06
-5.284529946319810811e-06 -4.200000000000000445e-06
-5.115470053880191832e-06 -4.200000000000000445e-06
-5.115470053880190985e-06 -4.200000000000000445e-06
-4.884529946319811252e-06 -4.200000000000000445e-06
-4.884529946319811252e-06 -4.200000000000000445e-06
-4.715470053880191427e-06 -4.200000000000000445e-06
-4.715470053880191427e-06 -4.200000000000000445e-06
-4.484529946319811694e-06 -4.200000000000000445e-06
-4.484529946319810847e-06 -4.200000000000000445e-06
-4.315470053880191021e-06 -4.200000000000000445e-06
-4.315470053880191021e-06 -4.200000000000000445e-06
-4.084529946319811289e-06 -4.200000000000000445e-06
-4.084529946319811289e-06 -4.200000000000000445e-06
-3.915470053880191463e-06 -4.200000000000000445e-06
-3.915470053880190616e-06 -4.200000000000000445e-06
1.000000000000000590e-06 -9.115470053880191651e-06
-3.684529946319810460e-06 -4.200000000000000445e-06
1.000000000000000590e-06 -9.115470053880191651e-06
1.000000000000000590e-06 -8.884529946319810224e-06
1.000000000000000590e-06 -9.115470053880191651e-06
1.000000000000000590e-06 -8.884529946319810224e-06
1.000000000000000590e-06 -9.115470053880191651e-06
1.000000000000000590e-06 -8.884529946319810224e-06
1.000000000000000590e-06 -9.115470053880191651e-06
1.000000000000000590e-06 -8.884529946319810224e-06
1.000000000000000590e-06 -9.115470053880191651e-06
1.000000000000000590e-06 -8.884529946319810224e-06
1.000000000000000590e-06 -9.115470053880191651e-06
1.000000000000000590e-06 -8.884529946319810224e-06
1.000000000000000590e-06 -9.115470053880191651e-06
1.000000000000000590e-06 -8.884529946319810224e-06
1.000000000000000590e-06 -9.115470053880191651e-06
1.000000000000000590e-06 -8.884529946319810224e-06
1.000000000000000590e-06 -9.115470053880191651e-06
1.000000000000000590e-06 -8.884529946319810224e-06
1.000000000000000590e-06 -9.115470053880191651e-06
1.000000000000000590e-06 -8.884529946319810224e-06
1.000000000000000590e-06 -9.115470053880191651e-06
1.000000000000000590e-06 -8.884529946319810224e-06
1.000000000000000590e-06 -9.115470053880191651e-06
1.000000000000000590e-06 -8.884529946319810224e-06
1.000000000000000590e-06 -9.115470053880191651e-06
1.000000000000000590e-06 -8.884529946319810224e-06
1.000000000000000590e-06 -9.115470053880191651e-06
1.000000000000000590e-06 -8.884529946319810224e-06
1.000000000000000590e-06 -9.115470053880191651e-06
1.000000000000000590e-06 -8.884529946319810224e-06
1.000000000000000590e-06 -9.115470053880191651e-06
1.000000000000000590e-06 -8.884529946319810224e-06
1.000000000000000590e-06 -9.115470053880191651e-06
1.000000000000000590e-06 -8.884529946319810224e-06
1.000000000000000590e-06 -9.115470053880191651e-06
1.000000000000000590e-06 -8.884529946319810224e-06
1.000000000000000590e-06 -9.115470053880191651e-06
1.000000000000000590e-06 -8.884529946319810224e-06
1.000000000000000590e-06 -9.115470053880191651e-06
1.000000000000000590e-06 -8.884529946319810224e-06
1.000000000000000590e-06 -9.115470053880191651e-06
1.000000000000000590e-06 -8.884529946319810224e-06
1.000000000000000590e-06 -9.115470053880191651e-06
1.000000000000000590e-06 -8.884529946319810224e-06
1.000000000000000590e-06 -9.157735026940095829e-06
1.000000000000000590e-06 -9.042264973159905116e-06
1.000000000000000590e-06 -9.157735026940095829e-06
1.000000000000000590e-06 -9.042264973159905116e-06
1.000000000000000590e-06 -9.157735026940095829e-06
1.000000000000000590e-06 -9.042264973159905116e-06
1.000000000000000590e-06 -9.157735026940095829e-06
1.000000000000000590e-06 -9.042264973159905116e-06
1.000000000000000590e-06 -8.957735027040095066e-06
1.000000000000000590e-06 -8.842264973259906046e-06
1.000000000000000590e-06 -8.957735027040096760e-06
1.000000000000000590e-06 -8.842264973259906046e-06
1.000000000000000590e-06 -8.957735027040095066e-06
1.000000000000000590e-06 -8.842264973259906046e-06
1.000000000000000590e-06 -8.957735027040096760e-06
1.000000000000000590e-06 -8.842264973259906046e-06
1.000000000000000590e-06 -9.115470053880191651e-06
1.000000000000000590e-06 -8.884529946319810224e-06
1.000000000000000590e-06 -9.115470053880191651e-06
1.000000000000000590e-06 -8.884529946319810224e-06
1.000000000000000590e-06 -9.115470053880191651e-06
1.000000000000000590e-06 -8.884529946319810224e-06
1.000000000000000590e-06 -9.115470053880191651e-06
1.000000000000000590e-06 -8.884529946319810224e-06
1.000000000000000590e-06 -9.115470053880191651e-06
1.000000000000000590e-06 -8.884529946319810224e-06
1.000000000000000590e-06 -9.115470053880191651e-06
1.000000000000000590e-06 -8.884529946319810224e-06
1.000000000000000590e-06 -9.115470053880191651e-06
1.000000000000000590e-06 -8.884529946319810224e-06
1.000000000000000590e-06 -9.115470053880191651e-06
1.000000000000000590e-06 -8.884529946319810224e-06
1.000000000000000590e-06 -9.115470053880191651e-06
1.000000000000000590e-06 -8.884529946319810224e-06
1.000000000000000590e-06 -9.115470053880191651e-06
1.000000000000000590e-06 -8.884529946319810224e-06
1.000000000000000590e-06 -9.115470053880191651e-06
1.000000000000000590e-06 -8.884529946319810224e-06
1.000000000000000590e-06 -9.115470053880191651e-06
3.515470053680191332e-06 -6.600000000000000337e-06
3.684529946119811158e-06 -6.600000000000000337e-06
3.684529946119811158e-06 -6.600000000000000337e-06
5.200000000000001035e-06 -7.000000000000000742e-06
5.200000000000001035e-06 -7.000000000000000742e-06
5.200000000000001035e-06 -7.000000000000000742e-06
5.200000000000001035e-06 -7.000000000000000742e-06
5.200000000000001035e-06 -7.000000000000000742e-06
5.200000000000001035e-06 -7.000000000000000742e-06
5.200000000000001035e-06 -7.000000000000000742e-06
5.200000000000001035e-06 -7.000000000000000742e-06
6.215470053968401476e-06 -7.615470053968401624e-06
5.200000000000001035e-06 -7.000000000000000742e-06
6.300000000070705896e-06 -7.700000000070704350e-06
6.184529946173019854e-06 -7.584529946173020003e-06
6.415470053968420737e-06 -7.815470053968419191e-06
6.300000000070706743e-06 -7.700000000070706044e-06
6.500000000070722616e-06 -7.900000000070722764e-06
6.384529946173010316e-06 -7.784529946173009618e-06
6.615470053968402728e-06 -8.015470053968403724e-06
6.500000000070719228e-06 -7.900000000070719376e-06
6.700000000070706301e-06 -8.100000000070707297e-06
6.584529946173021107e-06 -7.984529946173022949e-06
6.800000000000000963e-06 -8.200000000000001111e-06
6.700000000070707996e-06 -8.100000000070708991e-06
6.800000000000000963e-06 -8.200000000000001111e-06
6.784529946173012416e-06 -8.184529946173012564e-06
6.800000000000000963e-06 -8.200000000000001111e-06
6.800000000000000963e-06 -8.200000000000001111e-06
6.800000000000000963e-06 -8.200000000000001111e-06
6.800000000000000963e-06 -8.200000000000001111e-06
6.800000000000000963e-06 -8.200000000000001111e-06
6.800000000000000963e-06 -8.200000000000001111e-06
7.500000000070714736e-06 -8.500000000070715326e-06
6.884529946119811013e-06 -8.200000000000001111e-06
7.615470053968405859e-06 -8.615470053968406449e-06
7.500000000070713042e-06 -8.500000000070711937e-06
7.700000000070709433e-06 -8.700000000070710023e-06
7.584529946173015768e-06 -8.584529946173015511e-06
7.815470053968410721e-06 -8.815470053968409617e-06
7.700000000070711127e-06 -8.700000000070710023e-06
7.900000000070712600e-06 -8.900000000070713190e-06
7.842264973192574807e-06 -8.842264973192573703e-06
7.957735026948850392e-06 -8.957735026948850983e-06
7.900000000070712600e-06 -8.900000000070711496e-06
7.800000000000001553e-06 -8.800000000000000449e-06
7.742264973121862066e-06 -8.742264973121862656e-06
7.857735027019561660e-06 -8.857735027019560556e-06
7.800000000000001553e-06 -8.800000000000000449e-06
7.999999999999999638e-06 -9.000000000000000228e-06
7.942264973121863539e-06 -8.942264973121864130e-06
8.057735027019559745e-06 -9.057735027019560336e-06
7.999999999999999638e-06 -9.000000000000000228e-06
7.895534180200017456e-06 -8.895534180200018046e-06
7.825598306537692787e-06 -8.825598306537691683e-06
7.941068360293968372e-06 -8.941068360293968962e-06
7.837799153321879664e-06 -8.837799153321880254e-06
7.962200846819543842e-06 -8.962200846819542738e-06
7.858931639847456827e-06 -8.858931639847455723e-06
7.974401693603730718e-06 -8.974401693603731308e-06
7.904465819941406050e-06 -8.904465819941404946e-06
7.999999999999999638e-06 -9.000000000000000228e-06
7.942264973121863539e-06 -8.942264973121862435e-06
8.057735027019561440e-06 -9.057735027019560336e-06
7.999999999999999638e-06 -9.000000000000000228e-06
8.200000000141423426e-06 -9.200000000141422322e-06
8.142264973121863319e-06 -9.142264973121863909e-06
8.257735027019559525e-06 -9.257735027019560115e-06
8.200000000000001111e-06 -9.200000000000000007e-06
8.100000000070712379e-06 -9.100000000070711275e-06
8.042264973192574587e-06 -9.042264973192575177e-06
8.157735026948850172e-06 -9.157735026948850762e-06
8.100000000070712379e-06 -9.100000000070712969e-06
8.095534180200017235e-06 -9.095534180200017825e-06
8.025598306537690872e-06 -9.025598306537691462e-06
8.141068360293968152e-06 -9.141068360293967048e-06
8.037799153321879443e-06 -9.037799153321878339e-06
8.162200846819545315e-06 -9.162200846819544211e-06
8.058931639847454913e-06 -9.058931639847455503e-06
8.174401693603732192e-06 -9.174401693603731088e-06
8.104465819941405829e-06 -9.104465819941406419e-06
8.300000000070708770e-06 -9.300000000070709360e-06
8.184529946173015952e-06 -9.184529946173016542e-06
8.715470053680192367e-06 -9.400000000000001480e-06
8.715470053680192367e-06 -9.400000000000001480e-06
8.800000000000002143e-06 -9.400000000000001480e-06
8.800000000000002143e-06 -9.400000000000001480e-06
8.815470053968407923e-06 -9.415470053968408954e-06
8.800000000000002143e-06 -9.400000000000001480e-06
8.900000000070711496e-06 -9.500000000070712528e-06
8.800000000000002143e-06 -9.400000000000001480e-06
9.515470053680193178e-06 -9.800000000000001039e-06
8.900000000070709802e-06 -9.500000000070709139e-06
9.600000000000001260e-06 -9.800000000000001039e-06
9.600000000000001260e-06 -9.800000000000001039e-06
9.600000000000001260e-06 -9.800000000000001039e-06
9.600000000000001260e-06 -9.800000000000001039e-06
-9.915470053880192462e-06 -4.600000000000000004e-06
-9.915470053880192462e-06 -4.600000000000000004e-06
-9.684529946319811035e-06 -4.600000000000000004e-06
-9.684529946319811035e-06 -4.600000000000000004e-06
-9.515470053880191210e-06 -4.600000000000000004e-06
-9.515470053880191210e-06 -4.600000000000000004e-06
-9.284529946319809783e-06 -4.600000000000000004e-06
-9.284529946319809783e-06 -4.600000000000000004e-06
-9.115470053880191651e-06 -4.600000000000000004e-06
-9.115470053880191651e-06 -4.600000000000000004e-06
-8.884529946319811918e-06 -4.600000000000000004e-06
-8.884529946319810224e-06 -4.600000000000000004e-06
-8.715470053880192093e-06 -4.600000000000000004e-06
-8.715470053880192093e-06 -4.600000000000000004e-06
-8.484529946319810666e-06 -4.600000000000000004e-06
-8.484529946319810666e-06 -4.600000000000000004e-06
-8.400000000000000890e-06 -4.600000000000000004e-06
-8.400000000000000890e-06 -4.600000000000000004e-06
-8.400000000000000890e-06 -4.600000000000000004e-06
-8.400000000000000890e-06 -4.600000000000000004e-06
-8.400000000000000890e-06 -4.600000000000000004e-06
-8.400000000000000890e-06 -4.600000000000000004e-06
-8.400000000000000890e-06 -4.600000000000000004e-06
-8.400000000000000890e-06 -4.600000000000000004e-06
-8.400000000000000890e-06 -4.600000000000000004e-06
-8.400000000000000890e-06 -4.600000000000000004e-06
-8.400000000000000890e-06 -4.600000000000000004e-06
-8.400000000000000890e-06 -4.600000000000000004e-06
-8.400000000000000890e-06 -4.600000000000000004e-06
-8.400000000000000890e-06 -4.600000000000000004e-06
-8.400000000000000890e-06 -4.600000000000000004e-06
-8.400000000000000890e-06 -4.600000000000000004e-06
-8.400000000000000890e-06 -4.600000000000000004e-06
-8.400000000000000890e-06 -4.600000000000000004e-06
-6.484529946319812027e-06 -4.200000000000000445e-06
-6.484529946319812027e-06 -4.200000000000000445e-06
-6.315470053880191354e-06 -4.200000000000000445e-06
-6.315470053880191354e-06 -4.200000000000000445e-06
-6.084529946319811622e-06 -4.200000000000000445e-06
-6.084529946319810775e-06 -4.200000000000000445e-06
-5.915470053880191796e-06 -4.200000000000000445e-06
-5.915470053880191796e-06 -4.200000000000000445e-06
-5.684529946319811216e-06 -4.200000000000000445e-06
-5.684529946319811216e-06 -4.200000000000000445e-06
-5.515470053880191391e-06 -4.200000000000000445e-06
-5.515470053880191391e-06 -4.200000000000000445e-06
-5.284529946319811658e-06 -4.200000000000000445e-06
-5.284529946319810811e-06 -4.200000000000000445e-06
-5.115470053880191832e-06 -4.200000000000000445e-06
-5.115470053880190985e-06 -4.200000000000000445e-06
-4.884529946319811252e-06 -4.200000000000000445e-06
-4.884529946319811252e-06 -4.200000000000000445e-06
-4.715470053880191427e-06 -4.200000000000000445e-06
-4.715470053880191427e-06 -4.200000000000000445e-06
-4.484529946319811694e-06 -4.200000000000000445e-06
-4.484529946319810847e-06 -4.200000000000000445e-06
-4.315470053880191021e-06 -4.200000000000000445e-06
-4.315470053880191021e-06 -4.200000000000000445e-06
-4.084529946319811289e-06 -4.200000000000000445e-06
-4.084529946319811289e-06 -4.200000000000000445e-06
-3.915470053880191463e-06 -4.200000000000000445e-06
-3.915470053880190616e-06 -4.200000000000000445e-06
-3.684529946319810460e-06 -4.200000000000000445e-06
-3.684529946319810460e-06 -4.200000000000000445e-06
1.000000000000000590e-06 -8.715470053880192093e-06
-3.515470053880190210e-06 -4.200000000000000445e-06
1.000000000000000590e-06 -8.715470053880192093e-06
1.999999999999997792e-07 -6.000000000000000152e-06
1.000000000000000590e-06 -8.715470053880192093e-06
1.000000000000000590e-06 -8.484529946319810666e-06
1.000000000000000590e-06 -8.715470053880192093e-06
1.000000000000000590e-06 -8.484529946319810666e-06
1.000000000000000590e-06 -8.715470053880192093e-06
1.000000000000000590e-06 -8.484529946319810666e-06
1.000000000000000590e-06 -8.715470053880192093e-06
1.000000000000000590e-06 -8.484529946319810666e-06
1.000000000000000590e-06 -8.715470053880192093e-06
1.000000000000000590e-06 -8.484529946319810666e-06
1.000000000000000590e-06 -8.715470053880192093e-06
1.000000000000000590e-06 -8.484529946319810666e-06
1.000000000000000590e-06 -8.715470053880192093e-06
1.000000000000000590e-06 -8.484529946319810666e-06
1.000000000000000590e-06 -8.715470053880192093e-06
1.000000000000000590e-06 -8.484529946319810666e-06
1.000000000000000590e-06 -8.715470053880192093e-06
1.000000000000000590e-06 -8.484529946319810666e-06
1.000000000000000590e-06 -8.715470053880192093e-06
1.000000000000000590e-06 -8.484529946319810666e-06
1.000000000000000590e-06 -8.715470053880192093e-06
1.000000000000000590e-06 -8.484529946319810666e-06
1.000000000000000590e-06 -8.715470053880192093e-06
1.000000000000000590e-06 -8.484529946319810666e-06
1.000000000000000590e-06 -8.715470053880192093e-06
1.000000000000000590e-06 -8.484529946319810666e-06
1.000000000000000590e-06 -8.715470053880192093e-06
1.000000000000000590e-06 -8.484529946319810666e-06
1.000000000000000590e-06 -8.715470053880192093e-06
1.000000000000000590e-06 -8.484529946319810666e-06
1.000000000000000590e-06 -8.715470053880192093e-06
1.000000000000000590e-06 -8.484529946319810666e-06
1.000000000000000590e-06 -8.715470053880192093e-06
1.000000000000000590e-06 -8.484529946319810666e-06
1.000000000000000590e-06 -8.715470053880192093e-06
1.000000000000000590e-06 -8.484529946319810666e-06
1.000000000000000590e-06 -8.715470053880192093e-06
1.000000000000000590e-06 -8.484529946319810666e-06
1.000000000000000590e-06 -8.715470053880192093e-06
1.000000000000000590e-06 -8.484529946319810666e-06
1.000000000000000590e-06 -8.757735026940094577e-06
1.000000000000000590e-06 -8.642264973159905557e-06
1.000000000000000590e-06 -8.757735026940096271e-06
1.000000000000000590e-06 -8.642264973159905557e-06
1.000000000000000590e-06 -8.757735026940094577e-06
1.000000000000000590e-06 -8.642264973159905557e-06
1.000000000000000590e-06 -8.757735026940096271e-06
1.000000000000000590e-06 -8.642264973159905557e-06
1.000000000000000590e-06 -8.557735027040097201e-06
1.000000000000000590e-06 -8.442264973259906488e-06
1.000000000000000590e-06 -8.557735027040097201e-06
1.000000000000000590e-06 -8.442264973259906488e-06
1.000000000000000590e-06 -8.557735027040097201e-06
1.000000000000000590e-06 -8.442264973259906488e-06
1.000000000000000590e-06 -8.557735027040097201e-06
1.000000000000000590e-06 -8.442264973259906488e-06
1.000000000000000590e-06 -8.715470053880192093e-06
1.000000000000000590e-06 -8.484529946319810666e-06
1.000000000000000590e-06 -8.715470053880192093e-06
1.000000000000000590e-06 -8.484529946319810666e-06
1.000000000000000590e-06 -8.715470053880192093e-06
1.000000000000000590e-06 -8.484529946319810666e-06
1.000000000000000590e-06 -8.715470053880192093e-06
1.000000000000000590e-06 -8.484529946319810666e-06
1.000000000000000590e-06 -8.715470053880192093e-06
1.000000000000000590e-06 -8.484529946319810666e-06
1.000000000000000590e-06 -8.715470053880192093e-06
1.000000000000000590e-06 -8.484529946319810666e-06
1.000000000000000590e-06 -8.715470053880192093e-06
1.000000000000000590e-06 -8.484529946319810666e-06
1.000000000000000590e-06 -8.715470053880192093e-06
1.000000000000000590e-06 -8.484529946319810666e-06
1.000000000000000590e-06 -8.715470053880192093e-06
1.000000000000000590e-06 -8.484529946319810666e-06
1.000000000000000590e-06 -8.715470053880192093e-06
3.115470053680190503e-06 -6.600000000000000337e-06
3.284529946119810329e-06 -6.600000000000000337e-06
3.284529946119810329e-06 -6.600000000000000337e-06
3.515470053680191332e-06 -6.600000000000000337e-06
3.515470053680191332e-06 -6.600000000000000337e-06
3.684529946119811158e-06 -6.600000000000000337e-06
3.684529946119811158e-06 -6.600000000000000337e-06
3.915470053680190890e-06 -6.600000000000000337e-06
3.915470053680190890e-06 -6.600000000000000337e-06
5.200000000000001035e-06 -7.000000000000000742e-06
5.200000000000001035e-06 -7.000000000000000742e-06
5.200000000000001035e-06 -7.000000000000000742e-06
5.200000000000001035e-06 -7.000000000000000742e-06
5.200000000000001035e-06 -7.000000000000000742e-06
5.200000000000001035e-06 -7.000000000000000742e-06
5.200000000000001035e-06 -7.000000000000000742e-06
5.200000000000001035e-06 -7.000000000000000742e-06
6.100000000070717128e-06 -7.500000000070716430e-06
5.200000000000001035e-06 -7.000000000000000742e-06
6.215470053968404017e-06 -7.615470053968404165e-06
6.100000000070716281e-06 -7.500000000070715583e-06
6.300000000070708437e-06 -7.700000000070707739e-06
6.184529946173018160e-06 -7.584529946173018309e-06
6.415470053968416502e-06 -7.815470053968415803e-06
6.300000000070708437e-06 -7.700000000070707739e-06
6.500000000070718381e-06 -7.900000000070719376e-06
6.384529946173012010e-06 -7.784529946173011312e-06
6.615470053968405269e-06 -8.015470053968407112e-06
6.500000000070716687e-06 -7.900000000070717682e-06
6.700000000070709690e-06 -8.100000000070710685e-06
6.584529946173019413e-06 -7.984529946173021255e-06
6.800000000000000963e-06 -8.200000000000001111e-06
6.700000000070709690e-06 -8.100000000070710685e-06
6.800000000000000963e-06 -8.200000000000001111e-06
6.784529946173014110e-06 -8.184529946173014258e-06
6.800000000000000963e-06 -8.200000000000001111e-06
6.800000000000000963e-06 -8.200000000000001111e-06
6.884529946119811013e-06 -8.200000000000001111e-06
6.884529946119811013e-06 -8.200000000000001111e-06
7.415470053968410315e-06 -8.415470053968410058e-06
7.300000000070710721e-06 -8.300000000070710464e-06
7.500000000070713042e-06 -8.500000000070711937e-06
7.442264973192575249e-06 -8.442264973192574145e-06
7.557735026948851681e-06 -8.557735026948851424e-06
7.500000000070713042e-06 -8.500000000070711937e-06
7.400000000141424309e-06 -8.400000000141423205e-06
7.342264973121863355e-06 -8.342264973121863098e-06
7.457735027019562102e-06 -8.457735027019560998e-06
7.400000000000001994e-06 -8.400000000000000890e-06
7.600000000000000080e-06 -8.600000000000000670e-06
7.542264973121863981e-06 -8.542264973121864571e-06
7.657735027019560187e-06 -8.657735027019560777e-06
7.600000000000000080e-06 -8.600000000000000670e-06
7.495534180200018745e-06 -8.495534180200018488e-06
7.425598306537693229e-06 -8.425598306537692125e-06
7.541068360293968814e-06 -8.541068360293969404e-06
7.437799153321880952e-06 -8.437799153321880695e-06
7.562200846819544284e-06 -8.562200846819544874e-06
7.458931639847456422e-06 -8.458931639847456165e-06
7.574401693603731160e-06 -8.574401693603731750e-06
7.504465819941405644e-06 -8.504465819941405387e-06
7.600000000000000080e-06 -8.600000000000000670e-06
7.542264973121862287e-06 -8.542264973121862877e-06
7.657735027019561881e-06 -8.657735027019560777e-06
7.600000000000000080e-06 -8.600000000000000670e-06
7.800000000000001553e-06 -8.800000000000000449e-06
7.742264973121863760e-06 -8.742264973121864350e-06
7.857735027019559966e-06 -8.857735027019560556e-06
7.800000000000001553e-06 -8.800000000000000449e-06
7.700000000070712821e-06 -8.700000000070713411e-06
7.642264973192575028e-06 -8.642264973192575618e-06
7.757735026948850613e-06 -8.757735026948851203e-06
7.700000000070712821e-06 -8.700000000070713411e-06
7.695534180200015983e-06 -8.695534180200016573e-06
7.625598306537691314e-06 -8.625598306537691904e-06
7.741068360293968593e-06 -8.741068360293967489e-06
7.637799153321879884e-06 -8.637799153321878780e-06
7.762200846819544063e-06 -8.762200846819542959e-06
7.658931639847455354e-06 -8.658931639847455944e-06
7.774401693603732633e-06 -8.774401693603731529e-06
7.704465819941406270e-06 -8.704465819941406860e-06
7.900000000070710906e-06 -8.900000000070711496e-06
7.784529946173016394e-06 -8.784529946173015290e-06
8.015470053968408806e-06 -9.015470053968409396e-06
7.900000000070709212e-06 -8.900000000070709802e-06
8.100000000070712379e-06 -9.100000000070712969e-06
7.984529946173012785e-06 -8.984529946173013375e-06
8.715470053680192367e-06 -9.400000000000001480e-06
8.100000000070715767e-06 -9.100000000070714663e-06
8.800000000000002143e-06 -9.400000000000001480e-06
8.800000000000002143e-06 -9.400000000000001480e-06
8.800000000000002143e-06 -9.400000000000001480e-06
8.800000000000002143e-06 -9.400000000000001480e-06
8.800000000000002143e-06 -9.400000000000001480e-06
8.800000000000002143e-06 -9.400000000000001480e-06
8.815470053968406229e-06 -9.415470053968407260e-06
8.800000000000002143e-06 -9.400000000000001480e-06
9.600000000000001260e-06 -9.800000000000001039e-06
8.800000000000002143e-06 -9.400000000000001480e-06
9.600000000000001260e-06 -9.800000000000001039e-06
9.600000000000001260e-06 -9.800000000000001039e-06
-9.915470053880192462e-06 -4.600000000000000004e-06
-9.915470053880192462e-06 -4.600000000000000004e-06
-9.684529946319811035e-06 -4.600000000000000004e-06
-9.684529946319811035e-06 -4.600000000000000004e-06
-9.515470053880191210e-06 -4.600000000000000004e-06
-9.515470053880191210e-06 -4.600000000000000004e-06
-9.284529946319809783e-06 -4.600000000000000004e-06
-9.284529946319809783e-06 -4.600000000000000004e-06
-9.115470053880191651e-06 -4.600000000000000004e-06
-9.115470053880191651e-06 -4.600000000000000004e-06
-8.884529946319811918e-06 -4.600000000000000004e-06
-8.884529946319810224e-06 -4.600000000000000004e-06
-8.715470053880192093e-06 -4.600000000000000004e-06
-8.715470053880192093e-06 -4.600000000000000004e-06
-8.484529946319810666e-06 -4.600000000000000004e-06
-8.484529946319810666e-06 -4.600000000000000004e-06
-8.400000000000000890e-06 -4.600000000000000004e-06
-8.400000000000000890e-06 -4.600000000000000004e-06
-8.400000000000000890e-06 -4.600000000000000004e-06
-8.400000000000000890e-06 -4.600000000000000004e-06
-8.400000000000000890e-06 -4.600000000000000004e-06
-8.400000000000000890e-06 -4.600000000000000004e-06
-8.400000000000000890e-06 -4.600000000000000004e-06
-8.400000000000000890e-06 -4.600000000000000004e-06
-8.400000000000000890e-06 -4.600000000000000004e-06
-8.400000000000000890e-06 -4.600000000000000004e-06
-8.400000000000000890e-06 -4.600000000000000004e-06
-8.400000000000000890e-06 -4.600000000000000004e-06
-8.400000000000000890e-06 -4.600000000000000004e-06
-8.400000000000000890e-06 -4.600000000000000004e-06
-8.400000000000000890e-06 -4.600000000000000004e-06
-8.400000000000000890e-06 -4.600000000000000004e-06
-8.400000000000000890e-06 -4.600000000000000004e-06
-8.400000000000000890e-06 -4.600000000000000004e-06
-6.484529946319812027e-06 -4.200000000000000445e-06
-6.484529946319812027e-06 -4.200000000000000445e-06
-6.315470053880191354e-06 -4.200000000000000445e-06
-6.315470053880191354e-06 -4.200000000000000445e-06
-6.084529946319811622e-06 -4.200000000000000445e-06
-6.084529946319810775e-06 -4.200000000000000445e-06
-5.915470053880191796e-06 -4.200000000000000445e-06
-5.915470053880191796e-06 -4.200000000000000445e-06
-5.684529946319811216e-06 -4.200000000000000445e-06
-5.684529946319811216e-06 -4.200000000000000445e-06
-5.515470053880191391e-06 -4.200000000000000445e-06
-5.515470053880191391e-06 -4.200000000000000445e-06
-5.284529946319811658e-06 -4.200000000000000445e-06
-5.284529946319810811e-06 -4.200000000000000445e-06
-5.115470053880191832e-06 -4.200000000000000445e-06
-5.115470053880190985e-06 -4.200000000000000445e-06
-4.884529946319811252e-06 -4.200000000000000445e-06
-4.884529946319811252e-06 -4.200000000000000445e-06
-4.715470053880191427e-06 -4.200000000000000445e-06
-4.715470053880191427e-06 -4.200000000000000445e-06
-4.484529946319811694e-06 -4.200000000000000445e-06
-4.484529946319810847e-06 -4.200000000000000445e-06
-4.315470053880191021e-06 -4.200000000000000445e-06
-4.315470053880191021e-06 -4.200000000000000445e-06
-4.084529946319811289e-06 -4.200000000000000445e-06
-4.084529946319811289e-06 -4.200000000000000445e-06
-3.915470053880191463e-06 -4.200000000000000445e-06
-3.915470053880190616e-06 -4.200000000000000445e-06
-3.684529946319810460e-06 -4.200000000000000445e-06
-3.684529946319810460e-06 -4.200000000000000445e-06
-3.515470053880190634e-06 -4.200000000000000445e-06
-3.515470053880190210e-06 -4.200000000000000445e-06
-3.284529946319810054e-06 -4.200000000000000445e-06
-3.284529946319810054e-06 -4.200000000000000445e-06
1.999999999999997792e-07 -6.000000000000000152e-06
-3.199999999999999855e-06 -4.200000000000000445e-06
1.999999999999997792e-07 -6.000000000000000152e-06
1.999999999999997792e-07 -6.000000000000000152e-06
1.000000000000000590e-06 -8.315470053880190840e-06
1.999999999999997792e-07 -6.000000000000000152e-06
1.000000000000000590e-06 -8.315470053880190840e-06
1.999999999999997792e-07 -6.000000000000000152e-06
1.000000000000000590e-06 -8.315470053880190840e-06
1.999999999999997792e-07 -6.000000000000000152e-06
1.000000000000000590e-06 -8.315470053880190840e-06
1.000000000000000590e-06 -8.084529946319811108e-06
1.000000000000000590e-06 -8.315470053880190840e-06
1.000000000000000590e-06 -8.084529946319811108e-06
1.000000000000000590e-06 -8.315470053880190840e-06
1.000000000000000590e-06 -8.084529946319811108e-06
1.000000000000000590e-06 -8.315470053880190840e-06
1.000000000000000590e-06 -8.084529946319811108e-06
1.000000000000000590e-06 -8.315470053880190840e-06
1.000000000000000590e-06 -8.084529946319811108e-06
1.000000000000000590e-06 -8.315470053880190840e-06
1.000000000000000590e-06 -8.084529946319811108e-06
1.000000000000000590e-06 -8.315470053880190840e-06
1.000000000000000590e-06 -8.084529946319811108e-06
1.000000000000000590e-06 -8.315470053880190840e-06
1.000000000000000590e-06 -8.084529946319811108e-06
1.000000000000000590e-06 -8.315470053880190840e-06
1.000000000000000590e-06 -8.084529946319811108e-06
1.000000000000000590e-06 -8.315470053880190840e-06
1.000000000000000590e-06 -8.084529946319811108e-06
1.000000000000000590e-06 -8.315470053880190840e-06
1.000000000000000590e-06 -8.084529946319811108e-06
1.000000000000000590e-06 -8.315470053880190840e-06
1.000000000000000590e-06 -8.084529946319811108e-06
1.000000000000000590e-06 -8.315470053880190840e-06
1.000000000000000590e-06 -8.084529946319811108e-06
1.000000000000000590e-06 -8.315470053880190840e-06
1.000000000000000590e-06 -8.084529946319811108e-06
1.000000000000000590e-06 -8.315470053880190840e-06
1.000000000000000590e-06 -8.084529946319811108e-06
1.000000000000000590e-06 -8.357735026940095018e-06
1.000000000000000590e-06 -8.242264973159907693e-06
1.000000000000000590e-06 -8.357735026940095018e-06
1.000000000000000590e-06 -8.242264973159905999e-06
1.000000000000000590e-06 -8.357735026940095018e-06
1.000000000000000590e-06 -8.242264973159907693e-06
1.000000000000000590e-06 -8.357735026940095018e-06
1.000000000000000590e-06 -8.242264973159905999e-06
1.000000000000000590e-06 -8.157735027040097643e-06
1.000000000000000590e-06 -8.042264973259906930e-06
1.000000000000000590e-06 -8.157735027040097643e-06
1.000000000000000590e-06 -8.042264973259906930e-06
1.000000000000000590e-06 -8.157735027040097643e-06
1.000000000000000590e-06 -8.042264973259906930e-06
1.000000000000000590e-06 -8.157735027040097643e-06
1.000000000000000590e-06 -8.042264973259906930e-06
1.000000000000000590e-06 -8.315470053880190840e-06
1.000000000000000590e-06 -8.084529946319811108e-06
1.000000000000000590e-06 -8.315470053880190840e-06
1.000000000000000590e-06 -8.084529946319811108e-06
1.000000000000000590e-06 -8.315470053880190840e-06
1.000000000000000590e-06 -8.084529946319811108e-06
1.000000000000000590e-06 -8.315470053880190840e-06
1.000000000000000590e-06 -8.084529946319811108e-06
1.000000000000000590e-06 -8.315470053880190840e-06
1.000000000000000590e-06 -8.084529946319811108e-06
1.000000000000000590e-06 -8.315470053880190840e-06
1.400000000000000148e-06 -7.200000000000000521e-06
1.000000000000000590e-06 -8.315470053880190840e-06
1.400000000000000148e-06 -7.200000000000000521e-06
1.000000000000000590e-06 -8.315470053880190840e-06
2.715470053680190945e-06 -6.600000000000000337e-06
2.884529946119810347e-06 -6.600000000000000337e-06
2.884529946119810770e-06 -6.600000000000000337e-06
3.115470053680190503e-06 -6.600000000000000337e-06
3.115470053680190503e-06 -6.600000000000000337e-06
3.284529946119810329e-06 -6.600000000000000337e-06
3.284529946119810329e-06 -6.600000000000000337e-06
3.515470053680191332e-06 -6.600000000000000337e-06
3.515470053680191332e-06 -6.600000000000000337e-06
3.684529946119811158e-06 -6.600000000000000337e-06
3.684529946119811158e-06 -6.600000000000000337e-06
3.915470053680190890e-06 -6.600000000000000337e-06
3.915470053680190890e-06 -6.600000000000000337e-06
4.084529946119810716e-06 -6.600000000000000337e-06
4.084529946119810716e-06 -6.600000000000000337e-06
5.200000000000001035e-06 -7.000000000000000742e-06
5.200000000000001035e-06 -7.000000000000000742e-06
5.200000000000001035e-06 -7.000000000000000742e-06
5.200000000000001035e-06 -7.000000000000000742e-06
5.200000000000001035e-06 -7.000000000000000742e-06
5.200000000000001035e-06 -7.000000000000000742e-06
5.200000000000001035e-06 -7.000000000000000742e-06
5.200000000000001035e-06 -7.000000000000000742e-06
6.015470053968412708e-06 -7.415470053968411162e-06
5.200000000000001035e-06 -7.000000000000000742e-06
6.100000000070715434e-06 -7.500000000070714736e-06
5.984529946173012452e-06 -7.384529946173011753e-06
6.215470053968404864e-06 -7.615470053968405012e-06
6.100000000070713740e-06 -7.500000000070713042e-06
6.300000000070708437e-06 -7.700000000070707739e-06
6.184529946173016466e-06 -7.584529946173016615e-06
6.415470053968413961e-06 -7.815470053968412415e-06
6.300000000070710978e-06 -7.700000000070711127e-06
6.500000000070715840e-06 -7.900000000070715988e-06
6.384529946173015398e-06 -7.784529946173014700e-06
6.615470053968406116e-06 -8.015470053968408806e-06
6.500000000070714146e-06 -7.900000000070714294e-06
6.700000000070710537e-06 -8.100000000070710685e-06
6.642264973192573591e-06 -8.042264973192574587e-06
6.757735026948847482e-06 -8.157735026948848478e-06
6.700000000070710537e-06 -8.100000000070710685e-06
6.600000000141421805e-06 -8.000000000141423647e-06
6.542264973121864238e-06 -7.942264973121865234e-06
6.657735027019559597e-06 -8.057735027019561440e-06
6.600000000141420957e-06 -8.000000000141423647e-06
6.800000000000000116e-06 -8.200000000000001111e-06
6.742264973121863170e-06 -8.142264973121863319e-06
6.800000000000000963e-06 -8.200000000000001111e-06
6.800000000000000963e-06 -8.200000000000001111e-06
6.695534180200017934e-06 -8.095534180200018929e-06
6.625598306537691571e-06 -8.025598306537692567e-06
6.741068360293968850e-06 -8.141068360293969846e-06
6.637799153321878447e-06 -8.037799153321879443e-06
6.762200846819545167e-06 -8.162200846819545315e-06
6.658931639847454764e-06 -8.058931639847456607e-06
6.774401693603732043e-06 -8.174401693603732192e-06
6.704465819941405680e-06 -8.104465819941407523e-06
6.842264973059905988e-06 -8.200000000000001111e-06
6.842264973059905988e-06 -8.200000000000001111e-06
6.957735026840095007e-06 -8.200000000000001111e-06
6.957735026840094160e-06 -8.200000000000001111e-06
7.042264972959905057e-06 -8.200000000000001111e-06
7.042264972959904210e-06 -8.200000000000001111e-06
7.257735027019559782e-06 -8.257735027019559525e-06
7.157735026740094924e-06 -8.200000000000001111e-06
7.042264972959905057e-06 -8.200000000000001111e-06
7.042264972959904210e-06 -8.200000000000001111e-06
7.157735026740095771e-06 -8.200000000000001111e-06
7.157735026740094924e-06 -8.200000000000001111e-06
6.842264973059905988e-06 -8.200000000000001111e-06
6.742264973121864017e-06 -8.142264973121865013e-06
6.957735026840095007e-06 -8.200000000000001111e-06
6.957735026840094160e-06 -8.200000000000001111e-06
7.200000000000000521e-06 -8.200000000000001111e-06
7.200000000000000521e-06 -8.200000000000001111e-06
7.257735027019562323e-06 -8.257735027019562913e-06
7.200000000000000521e-06 -8.200000000000001111e-06
7.400000000000001994e-06 -8.400000000000000890e-06
7.342264973121865896e-06 -8.342264973121864792e-06
7.457735027019559561e-06 -8.457735027019559304e-06
7.400000000000001994e-06 -8.400000000000000890e-06
7.300000000070714109e-06 -8.300000000070713852e-06
7.242264973192575470e-06 -8.242264973192576060e-06
7.357735026948851055e-06 -8.357735026948849951e-06
7.300000000070713262e-06 -8.300000000070712158e-06
7.295534180200017272e-06 -8.295534180200017015e-06
7.225598306537692603e-06 -8.225598306537694040e-06
7.341068360293969035e-06 -8.341068360293967931e-06
7.237799153321879479e-06 -8.237799153321879222e-06
7.362200846819544505e-06 -8.362200846819543401e-06
7.258931639847456643e-06 -8.258931639847456386e-06
7.374401693603732228e-06 -8.374401693603731971e-06
7.304465819941407559e-06 -8.304465819941407302e-06
7.500000000070710500e-06 -8.500000000070710243e-06
7.384529946173016836e-06 -8.384529946173015731e-06
7.615470053968408401e-06 -8.615470053968408144e-06
7.500000000070710500e-06 -8.500000000070710243e-06
7.700000000070712821e-06 -8.700000000070711717e-06
7.584529946173012380e-06 -8.584529946173012123e-06
7.815470053968405639e-06 -8.815470053968404535e-06
7.700000000070714515e-06 -8.700000000070715105e-06
7.900000000070709212e-06 -8.900000000070708108e-06
7.784529946173018088e-06 -8.784529946173018678e-06
8.015470053968412194e-06 -9.015470053968411090e-06
7.900000000070709212e-06 -8.900000000070708108e-06
8.800000000000002143e-06 -9.400000000000001480e-06
7.984529946173012785e-06 -8.984529946173011681e-06
8.800000000000002143e-06 -9.400000000000001480e-06
8.800000000000002143e-06 -9.400000000000001480e-06
8.800000000000002143e-06 -9.400000000000001480e-06
8.800000000000002143e-06 -9.400000000000001480e-06
8.800000000000002143e-06 -9.400000000000001480e-06
8.800000000000002143e-06 -9.400000000000001480e-06
8.800000000000002143e-06 -9.400000000000001480e-06
8.800000000000002143e-06 -9.400000000000001480e-06
9.600000000000001260e-06 -9.800000000000001039e-06
8.800000000000002143e-06 -9.400000000000001480e-06
-9.915470053880192462e-06 -4.600000000000000004e-06
-9.915470053880192462e-06 -4.600000000000000004e-06
-9.684529946319811035e-06 -4.600000000000000004e-06
-9.684529946319811035e-06 -4.600000000000000004e-06
-9.515470053880191210e-06 -4.600000000000000004e-06
-9.515470053880191210e-06 -4.600000000000000004e-06
-9.284529946319809783e-06 -4.600000000000000004e-06
-9.284529946319809783e-06 -4.600000000000000004e-06
-9.115470053880191651e-06 -4.600000000000000004e-06
-9.115470053880191651e-06 -4.600000000000000004e-06
-8.884529946319811918e-06 -4.600000000000000004e-06
-8.884529946319810224e-06 -4.600000000000000004e-06
-8.715470053880192093e-06 -4.600000000000000004e-06
-8.715470053880192093e-06 -4.600000000000000004e-06
-8.484529946319810666e-06 -4.600000000000000004e-06
-8.484529946319810666e-06 -4.600000000000000004e-06
-8.400000000000000890e-06 -4.600000000000000004e-06
-8.400000000000000890e-06 -4.600000000000000004e-06
-8.400000000000000890e-06 -4.600000000000000004e-06
-8.400000000000000890e-06 -4.600000000000000004e-06
-8.400000000000000890e-06 -4.600000000000000004e-06
-8.400000000000000890e-06 -4.600000000000000004e-06
-8.400000000000000890e-06 -4.600000000000000004e-06
-8.400000000000000890e-06 -4.600000000000000004e-06
-8.400000000000000890e-06 -4.600000000000000004e-06
-8.400000000000000890e-06 -4.600000000000000004e-06
-8.400000000000000890e-06 -4.600000000000000004e-06
-8.400000000000000890e-06 -4.600000000000000004e-06
-8.400000000000000890e-06 -4.600000000000000004e-06
-8.400000000000000890e-06 -4.600000000000000004e-06
-8.400000000000000890e-06 -4.600000000000000004e-06
-8.400000000000000890e-06 -4.600000000000000004e-06
-6.715470053880192607e-06 -4.200000000000000445e-06
-6.715470053880191760e-06 -4.200000000000000445e-06
-6.484529946319812027e-06 -4.200000000000000445e-06
-6.484529946319812027e-06 -4.200000000000000445e-06
-6.315470053880191354e-06 -4.200000000000000445e-06
-6.315470053880191354e-06 -4.200000000000000445e-06
-6.084529946319811622e-06 -4.200000000000000445e-06
-6.084529946319810775e-06 -4.200000000000000445e-06
-5.915470053880191796e-06 -4.200000000000000445e-06
-5.915470053880191796e-06 -4.200000000000000445e-06
-5.684529946319811216e-06 -4.200000000000000445e-06
-5.684529946319811216e-06 -4.200000000000000445e-06
-5.515470053880191391e-06 -4.200000000000000445e-06
-5.515470053880191391e-06 -4.200000000000000445e-06
-5.284529946319811658e-06 -4.200000000000000445e-06
-5.284529946319810811e-06 -4.200000000000000445e-06
-5.115470053880191832e-06 -4.200000000000000445e-06
-5.115470053880190985e-06 -4.200000000000000445e-06
-4.884529946319811252e-06 -4.200000000000000445e-06
-4.884529946319811252e-06 -4.200000000000000445e-06
-4.715470053880191427e-06 -4.200000000000000445e-06
-4.715470053880191427e-06 -4.200000000000000445e-06
-4.484529946319811694e-06 -4.200000000000000445e-06
-4.484529946319810847e-06 -4.200000000000000445e-06
-4.315470053880191021e-06 -4.200000000000000445e-06
-4.315470053880191021e-06 -4.200000000000000445e-06
-4.084529946319811289e-06 -4.200000000000000445e-06
-4.084529946319811289e-06 -4.200000000000000445e-06
-3.915470053880191463e-06 -4.200000000000000445e-06
-3.915470053880190616e-06 -4.200000000000000445e-06
-3.684529946319810460e-06 -4.200000000000000445e-06
-3.684529946319810460e-06 -4.200000000000000445e-06
-3.515470053880190634e-06 -4.200000000000000445e-06
-3.515470053880190210e-06 -4.200000000000000445e-06
-3.284529946319810054e-06 -4.200000000000000445e-06
-3.284529946319810054e-06 -4.200000000000000445e-06
-3.199999999999999855e-06 -4.200000000000000445e-06
-3.199999999999999855e-06 -4.200000000000000445e-06
1.999999999999997792e-07 -6.000000000000000152e-06
-3.199999999999999855e-06 -4.200000000000000445e-06
1.999999999999997792e-07 -6.000000000000000152e-06
1.999999999999997792e-07 -6.000000000000000152e-06
1.999999999999997792e-07 -6.000000000000000152e-06
1.999999999999997792e-07 -6.000000000000000152e-06
1.999999999999997792e-07 -6.000000000000000152e-06
1.999999999999997792e-07 -6.000000000000000152e-06
1.999999999999997792e-07 -6.000000000000000152e-06
1.999999999999997792e-07 -6.000000000000000152e-06
1.999999999999997792e-07 -6.000000000000000152e-06
1.999999999999997792e-07 -6.000000000000000152e-06
1.000000000000000590e-06 -7.915470053880191282e-06
1.999999999999997792e-07 -6.000000000000000152e-06
1.000000000000000590e-06 -7.915470053880192976e-06
1.999999999999997792e-07 -6.000000000000000152e-06
1.000000000000000590e-06 -7.915470053880191282e-06
3.000000000707106145e-07 -6.100000000070711199e-06
1.000000000000000590e-06 -7.915470053880192976e-06
1.000000000000000590e-06 -7.684529946319809855e-06
1.000000000000000590e-06 -7.915470053880191282e-06
1.000000000000000590e-06 -7.684529946319809855e-06
1.000000000000000590e-06 -7.915470053880192976e-06
1.000000000000000590e-06 -7.684529946319809855e-06
1.000000000000000590e-06 -7.915470053880191282e-06
1.000000000000000590e-06 -7.684529946319809855e-06
1.000000000000000590e-06 -7.915470053880192976e-06
1.000000000000000590e-06 -7.684529946319809855e-06
1.000000000000000590e-06 -7.915470053880191282e-06
1.000000000000000590e-06 -7.684529946319809855e-06
1.000000000000000590e-06 -7.915470053880192976e-06
1.000000000000000590e-06 -7.684529946319809855e-06
1.000000000000000590e-06 -7.915470053880191282e-06
1.000000000000000590e-06 -7.684529946319809855e-06
1.000000000000000590e-06 -7.915470053880192976e-06
1.000000000000000590e-06 -7.684529946319809855e-06
1.000000000000000590e-06 -7.915470053880191282e-06
1.000000000000000590e-06 -7.684529946319809855e-06
1.000000000000000590e-06 -7.957735026940095460e-06
1.000000000000000590e-06 -7.842264973159904747e-06
1.000000000000000590e-06 -7.957735026940095460e-06
1.000000000000000590e-06 -7.842264973159904747e-06
1.000000000000000590e-06 -7.957735026940095460e-06
1.000000000000000590e-06 -7.842264973159904747e-06
1.000000000000000590e-06 -7.957735026940095460e-06
1.000000000000000590e-06 -7.842264973159904747e-06
1.000000000000000590e-06 -7.757735027040096391e-06
1.000000000000000590e-06 -7.642264973259905677e-06
1.000000000000000590e-06 -7.757735027040094696e-06
1.057735026878138171e-06 -7.542264973121862287e-06
1.000000000000000590e-06 -7.757735027040096391e-06
1.000000000000000590e-06 -7.642264973259905677e-06
1.000000000000000590e-06 -7.757735027040094696e-06
1.000000000000000590e-06 -7.642264973259905677e-06
1.000000000000000590e-06 -7.915470053880192976e-06
1.099999999929289534e-06 -7.500000000070711347e-06
1.000000000000000590e-06 -7.915470053880191282e-06
1.215470053826986375e-06 -7.384529946173014294e-06
1.000000000000000590e-06 -7.915470053880192976e-06
1.299999999929289313e-06 -7.300000000070711568e-06
1.299999999929288890e-06 -7.300000000070711568e-06
1.400000000000000148e-06 -7.200000000000000521e-06
1.384529946031591404e-06 -7.215470053968408842e-06
1.400000000000000148e-06 -7.200000000000000521e-06
1.400000000000000148e-06 -7.200000000000000521e-06
1.400000000000000148e-06 -7.200000000000000521e-06
1.400000000000000148e-06 -7.200000000000000521e-06
2.484529946119811212e-06 -6.600000000000000337e-06
2.715470053680190945e-06 -6.600000000000000337e-06
2.715470053680190945e-06 -6.600000000000000337e-06
2.884529946119810347e-06 -6.600000000000000337e-06
2.884529946119810770e-06 -6.600000000000000337e-06
3.115470053680190503e-06 -6.600000000000000337e-06
3.115470053680190503e-06 -6.600000000000000337e-06
3.284529946119810329e-06 -6.600000000000000337e-06
3.284529946119810329e-06 -6.600000000000000337e-06
3.515470053680191332e-06 -6.600000000000000337e-06
3.515470053680191332e-06 -6.600000000000000337e-06
3.684529946119811158e-06 -6.600000000000000337e-06
3.684529946119811158e-06 -6.600000000000000337e-06
3.915470053680190890e-06 -6.600000000000000337e-06
3.915470053680190890e-06 -6.600000000000000337e-06
4.084529946119810716e-06 -6.600000000000000337e-06
4.084529946119810716e-06 -6.600000000000000337e-06
5.200000000000001035e-06 -7.000000000000000742e-06
4.315470053680190449e-06 -6.600000000000000337e-06
5.200000000000001035e-06 -7.000000000000000742e-06
5.184529946173015029e-06 -6.984529946173014736e-06
5.200000000000001035e-06 -7.000000000000000742e-06
5.200000000000001035e-06 -7.000000000000000742e-06
5.200000000000001035e-06 -7.000000000000000742e-06
5.200000000000001035e-06 -7.000000000000000742e-06
5.200000000000001035e-06 -7.000000000000000742e-06
5.200000000000001035e-06 -7.000000000000000742e-06
5.900000000070710573e-06 -7.300000000070709874e-06
5.284529946119810238e-06 -7.000000000000000742e-06
6.015470053968411014e-06 -7.415470053968409468e-06
5.900000000070709726e-06 -7.300000000070708180e-06
6.100000000070714587e-06 -7.500000000070713889e-06
5.984529946173013299e-06 -7.384529946173011753e-06
6.215470053968407405e-06 -7.615470053968407553e-06
6.100000000070712893e-06 -7.500000000070712195e-06
6.300000000070711825e-06 -7.700000000070711127e-06
6.242264973192573186e-06 -7.642264973192573334e-06
6.357735026948848771e-06 -7.757735026948847225e-06
6.300000000070710978e-06 -7.700000000070709433e-06
6.200000000141422246e-06 -7.600000000141422395e-06
6.142264973121863833e-06 -7.542264973121863981e-06
6.257735027019559192e-06 -7.657735027019558493e-06
6.200000000141421399e-06 -7.600000000141421548e-06
6.400000000000000557e-06 -7.799999999999999859e-06
6.342264973121862765e-06 -7.742264973121862066e-06
6.457735027019561512e-06 -7.857735027019561660e-06
6.400000000000001404e-06 -7.799999999999999859e-06
6.295534180200017529e-06 -7.695534180200015983e-06
6.225598306537691166e-06 -7.625598306537691314e-06
6.341068360293967598e-06 -7.741068360293966899e-06
6.237799153321878889e-06 -7.637799153321878190e-06
6.362200846819544762e-06 -7.762200846819544063e-06
6.258931639847455206e-06 -7.658931639847455354e-06
6.374401693603731638e-06 -7.774401693603729245e-06
6.304465819941406122e-06 -7.704465819941406270e-06
6.400000000000001404e-06 -7.799999999999999859e-06
6.342264973121864459e-06 -7.742264973121863760e-06
6.457735027019558124e-06 -7.857735027019558272e-06
6.400000000000001404e-06 -7.799999999999999859e-06
6.600000000141421805e-06 -8.000000000141423647e-06
6.542264973121861697e-06 -7.942264973121861845e-06
6.657735027019560444e-06 -8.057735027019561440e-06
6.600000000141421805e-06 -8.000000000141423647e-06
6.500000000070710757e-06 -7.900000000070710906e-06
6.442264973192572118e-06 -7.842264973192571419e-06
6.557735026948846856e-06 -7.957735026948848698e-06
6.500000000070709063e-06 -7.900000000070709212e-06
6.495534180200018155e-06 -7.895534180200019150e-06
6.425598306537692639e-06 -7.825598306537691093e-06
6.541068360293967377e-06 -7.941068360293968372e-06
6.437799153321879515e-06 -7.837799153321877969e-06
6.562200846819542847e-06 -7.962200846819543842e-06
6.458931639847454985e-06 -7.858931639847455133e-06
6.574401693603729723e-06 -7.974401693603730718e-06
6.504465819941404207e-06 -7.904465819941404356e-06
6.700000000070713078e-06 -8.100000000070714073e-06
6.584529946173011790e-06 -7.984529946173012785e-06
7.115470053680190746e-06 -8.200000000000001111e-06
7.115470053680189899e-06 -8.200000000000001111e-06
7.200000000000000521e-06 -8.200000000000001111e-06
7.200000000000000521e-06 -8.200000000000001111e-06
7.215470053968408842e-06 -8.215470053968410279e-06
7.200000000000000521e-06 -8.200000000000001111e-06
7.300000000070714109e-06 -8.300000000070713852e-06
7.200000000000000521e-06 -8.200000000000001111e-06
7.415470053968406080e-06 -8.415470053968404976e-06
7.300000000070714109e-06 -8.300000000070713852e-06
7.500000000070709653e-06 -8.500000000070710243e-06
7.384529946173017683e-06 -8.384529946173017426e-06
7.615470053968410095e-06 -8.615470053968409838e-06
7.500000000070707959e-06 -8.500000000070706855e-06
7.700000000070714515e-06 -8.700000000070715105e-06
7.584529946173010685e-06 -8.584529946173010428e-06
7.815470053968405639e-06 -8.815470053968404535e-06
7.700000000070716209e-06 -8.700000000070715105e-06
7.900000000070709212e-06 -8.900000000070708108e-06
7.784529946173019782e-06 -8.784529946173020372e-06
8.800000000000002143e-06 -9.400000000000001480e-06
7.900000000070707518e-06 -8.900000000070706414e-06
8.800000000000002143e-06 -9.400000000000001480e-06
8.800000000000002143e-06 -9.400000000000001480e-06
8.800000000000002143e-06 -9.400000000000001480e-06
8.800000000000002143e-06 -9.400000000000001480e-06
8.800000000000002143e-06 -9.400000000000001480e-06
8.800000000000002143e-06 -9.400000000000001480e-06
8.800000000000002143e-06 -9.400000000000001480e-06
8.800000000000002143e-06 -9.400000000000001480e-06
-9.915470053880192462e-06 -4.600000000000000004e-06
-9.915470053880192462e-06 -4.600000000000000004e-06
-9.684529946319811035e-06 -4.600000000000000004e-06
-9.684529946319811035e-06 -4.600000000000000004e-06
-9.515470053880191210e-06 -4.600000000000000004e-06
-9.515470053880191210e-06 -4.600000000000000004e-06
-9.284529946319809783e-06 -4.600000000000000004e-06
-9.284529946319809783e-06 -4.600000000000000004e-06
-9.115470053880191651e-06 -4.600000000000000004e-06
-9.115470053880191651e-06 -4.600000000000000004e-06
-8.884529946319811918e-06 -4.600000000000000004e-06
-8.884529946319810224e-06 -4.600000000000000004e-06
-8.715470053880192093e-06 -4.600000000000000004e-06
-8.715470053880192093e-06 -4.600000000000000004e-06
-8.484529946319810666e-06 -4.600000000000000004e-06
-8.484529946319810666e-06 -4.600000000000000004e-06
-8.400000000000000890e-06 -4.600000000000000004e-06
-8.400000000000000890e-06 -4.600000000000000004e-06
-8.400000000000000890e-06 -4.600000000000000004e-06
-8.400000000000000890e-06 -4.600000000000000004e-06
-8.400000000000000890e-06 -4.600000000000000004e-06
-8.400000000000000890e-06 -4.600000000000000004e-06
-8.400000000000000890e-06 -4.600000000000000004e-06
-8.400000000000000890e-06 -4.600000000000000004e-06
-8.400000000000000890e-06 -4.600000000000000004e-06
-8.400000000000000890e-06 -4.600000000000000004e-06
-8.400000000000000890e-06 -4.600000000000000004e-06
-8.400000000000000890e-06 -4.600000000000000004e-06
-8.400000000000000890e-06 -4.600000000000000004e-06
-8.400000000000000890e-06 -4.600000000000000004e-06
-8.400000000000000890e-06 -4.600000000000000004e-06
-8.400000000000000890e-06 -4.600000000000000004e-06
-6.715470053880192607e-06 -4.200000000000000445e-06
-6.715470053880191760e-06 -4.200000000000000445e-06
-6.484529946319812027e-06 -4.200000000000000445e-06
-6.484529946319812027e-06 -4.200000000000000445e-06
-6.315470053880191354e-06 -4.200000000000000445e-06
-6.315470053880191354e-06 -4.200000000000000445e-06
-6.084529946319811622e-06 -4.200000000000000445e-06
-6.084529946319810775e-06 -4.200000000000000445e-06
-5.915470053880191796e-06 -4.200000000000000445e-06
-5.915470053880191796e-06 -4.200000000000000445e-06
-5.684529946319811216e-06 -4.200000000000000445e-06
-5.684529946319811216e-06 -4.200000000000000445e-06
-5.515470053880191391e-06 -4.200000000000000445e-06
-5.515470053880191391e-06 -4.200000000000000445e-06
-5.284529946319811658e-06 -4.200000000000000445e-06
-5.284529946319810811e-06 -4.200000000000000445e-06
-5.115470053880191832e-06 -4.200000000000000445e-06
-5.115470053880190985e-06 -4.200000000000000445e-06
-4.884529946319811252e-06 -4.200000000000000445e-06
-4.884529946319811252e-06 -4.200000000000000445e-06
-4.715470053880191427e-06 -4.200000000000000445e-06
-4.715470053880191427e-06 -4.200000000000000445e-06
-4.484529946319811694e-06 -4.200000000000000445e-06
-4.484529946319810847e-06 -4.200000000000000445e-06
-4.315470053880191021e-06 -4.200000000000000445e-06
-4.315470053880191021e-06 -4.200000000000000445e-06
-4.084529946319811289e-06 -4.200000000000000445e-06
-4.084529946319811289e-06 -4.200000000000000445e-06
-3.915470053880191463e-06 -4.200000000000000445e-06
-3.915470053880190616e-06 -4.200000000000000445e-06
-3.684529946319810460e-06 -4.200000000000000445e-06
-3.684529946319810460e-06 -4.200000000000000445e-06
-3.515470053880190634e-06 -4.200000000000000445e-06
-3.515470053880190210e-06 -4.200000000000000445e-06
-3.284529946319810054e-06 -4.200000000000000445e-06
-3.284529946319810054e-06 -4.200000000000000445e-06
-3.199999999999999855e-06 -4.200000000000000445e-06
-3.199999999999999855e-06 -4.200000000000000445e-06
-3.199999999999999855e-06 -4.200000000000000445e-06
-3.199999999999999855e-06 -4.200000000000000445e-06
1.999999999999997792e-07 -6.000000000000000152e-06
-3.199999999999999855e-06 -4.200000000000000445e-06
1.999999999999997792e-07 -6.000000000000000152e-06
1.999999999999997792e-07 -6.000000000000000152e-06
1.999999999999997792e-07 -6.000000000000000152e-06
1.999999999999997792e-07 -6.000000000000000152e-06
1.999999999999997792e-07 -6.000000000000000152e-06
1.999999999999997792e-07 -6.000000000000000152e-06
1.999999999999997792e-07 -6.000000000000000152e-06
1.999999999999997792e-07 -6.000000000000000152e-06
1.999999999999997792e-07 -6.000000000000000152e-06
1.999999999999997792e-07 -6.000000000000000152e-06
1.999999999999997792e-07 -6.000000000000000152e-06
1.999999999999997792e-07 -6.000000000000000152e-06
2.154700539684073854e-07 -6.015470053968407626e-06
1.999999999999997792e-07 -6.000000000000000152e-06
3.000000000707104557e-07 -6.100000000070711199e-06
1.999999999999997792e-07 -6.000000000000000152e-06
4.154700539684098910e-07 -6.215470053968409946e-06
3.000000000707106145e-07 -6.100000000070711199e-06
1.000000000000000590e-06 -7.600000000000000080e-06
3.845299461730138700e-07 -6.184529946173013925e-06
1.000000000000000590e-06 -7.600000000000000080e-06
5.000000000707128289e-07 -6.300000000070713519e-06
1.000000000000000590e-06 -7.600000000000000080e-06
5.845299461730157668e-07 -6.384529946173017093e-06
1.000000000000000590e-06 -7.600000000000000080e-06
7.000000000707076318e-07 -6.500000000070708216e-06
1.000000000000000590e-06 -7.600000000000000080e-06
1.000000000000000590e-06 -7.600000000000000080e-06
1.000000000000000590e-06 -7.600000000000000080e-06
1.000000000000000590e-06 -7.600000000000000080e-06
1.000000000000000590e-06 -7.600000000000000080e-06
1.000000000000000590e-06 -7.600000000000000080e-06
1.000000000000000590e-06 -7.600000000000000080e-06
1.015470053826986384e-06 -7.584529946173014074e-06
1.000000000000000590e-06 -7.600000000000000080e-06
1.000000000000000590e-06 -7.600000000000000080e-06
1.000000000000000590e-06 -7.600000000000000080e-06
1.057735026878138171e-06 -7.542264973121862287e-06
1.042264973051151741e-06 -7.557735026948849140e-06
1.099999999929289746e-06 -7.500000000070711347e-06
1.099999999929289534e-06 -7.500000000070711347e-06
1.157735026807427326e-06 -7.442264973192573555e-06
1.142264972980441109e-06 -7.457735027019559561e-06
1.199999999858578901e-06 -7.400000000141421768e-06
1.199999999858578901e-06 -7.400000000141421768e-06
1.257735026878137950e-06 -7.342264973121862508e-06
1.025598306396270780e-06 -7.574401693603730313e-06
1.095534180058595449e-06 -7.504465819941404797e-06
1.037799153180457656e-06 -7.562200846819543437e-06
1.141068360152545730e-06 -7.458931639847454728e-06
1.058931639706033761e-06 -7.541068360293967120e-06
1.162200846678121623e-06 -7.437799153321879258e-06
1.104465819799983831e-06 -7.495534180200017051e-06
1.174401693462308923e-06 -7.425598306537691535e-06
1.142264972980441532e-06 -7.457735027019558714e-06
1.200000000000000369e-06 -7.400000000000000300e-06
1.199999999858578690e-06 -7.400000000141421768e-06
1.257735026878137950e-06 -7.342264973121862508e-06
1.242264973051152156e-06 -7.357735026948848514e-06
1.299999999929289525e-06 -7.300000000070710721e-06
1.299999999929289313e-06 -7.300000000070711568e-06
1.357735026807427106e-06 -7.242264973192573776e-06
1.342264972980440888e-06 -7.257735027019559782e-06
1.400000000000000148e-06 -7.200000000000000521e-06
1.399999999858578469e-06 -7.200000000141421989e-06
1.400000000000000148e-06 -7.200000000000000521e-06
1.258931639706033117e-06 -7.341068360293967341e-06
1.362200846678121402e-06 -7.237799153321879479e-06
1.304465819799983610e-06 -7.295534180200017272e-06
1.374401693462308702e-06 -7.225598306537691756e-06
1.225598306396270136e-06 -7.374401693603730534e-06
1.295534180058595440e-06 -7.304465819941405018e-06
1.237799153180457436e-06 -7.362200846819542811e-06
1.341068360152545721e-06 -7.258931639847454949e-06
1.384529946031592463e-06 -7.215470053968407995e-06
1.400000000000000148e-06 -7.200000000000000521e-06
1.400000000000000148e-06 -7.200000000000000521e-06
1.400000000000000148e-06 -7.200000000000000521e-06
1.400000000000000148e-06 -7.200000000000000521e-06
2.084529946119809960e-06 -6.600000000000000337e-06
2.315470053680190539e-06 -6.600000000000000337e-06
2.315470053680190963e-06 -6.600000000000000337e-06
2.484529946119811212e-06 -6.600000000000000337e-06
2.484529946119811212e-06 -6.600000000000000337e-06
2.715470053680190945e-06 -6.600000000000000337e-06
2.715470053680190945e-06 -6.600000000000000337e-06
2.884529946119810347e-06 -6.600000000000000337e-06
2.884529946119810770e-06 -6.600000000000000337e-06
3.115470053680190503e-06 -6.600000000000000337e-06
3.115470053680190503e-06 -6.600000000000000337e-06
3.284529946119810329e-06 -6.600000000000000337e-06
3.284529946119810329e-06 -6.600000000000000337e-06
3.515470053680191332e-06 -6.600000000000000337e-06
3.515470053680191332e-06 -6.600000000000000337e-06
3.684529946119811158e-06 -6.600000000000000337e-06
3.684529946119811158e-06 -6.600000000000000337e-06
3.915470053680190890e-06 -6.600000000000000337e-06
3.915470053680190890e-06 -6.600000000000000337e-06
4.084529946119810716e-06 -6.600000000000000337e-06
4.084529946119810716e-06 -6.600000000000000337e-06
4.315470053680191296e-06 -6.600000000000000337e-06
4.315470053680190449e-06 -6.600000000000000337e-06
5.100000000070711456e-06 -6.900000000070711163e-06
4.484529946119810275e-06 -6.600000000000000337e-06
5.200000000000001035e-06 -7.000000000000000742e-06
5.100000000070711456e-06 -6.900000000070711163e-06
5.200000000000001035e-06 -7.000000000000000742e-06
5.184529946173014182e-06 -6.984529946173013889e-06
5.200000000000001035e-06 -7.000000000000000742e-06
5.200000000000001035e-06 -7.000000000000000742e-06
5.284529946119811085e-06 -7.000000000000000742e-06
5.284529946119810238e-06 -7.000000000000000742e-06
5.815470053968406153e-06 -7.215470053968406301e-06
5.700000000070709947e-06 -7.100000000070710942e-06
5.900000000070709726e-06 -7.300000000070709027e-06
5.842264973192571933e-06 -7.242264973192572082e-06
5.957735026948849212e-06 -7.357735026948847667e-06
5.900000000070710573e-06 -7.300000000070709874e-06
5.800000000000000373e-06 -7.200000000000000521e-06
5.742264973121861733e-06 -7.142264973121861882e-06
5.857735027019559633e-06 -7.257735027019559782e-06
5.800000000000000373e-06 -7.200000000000000521e-06
6.000000000000000999e-06 -7.399999999999999453e-06
5.942264973121863206e-06 -7.342264973121861661e-06
6.057735027019561954e-06 -7.457735027019560408e-06
6.000000000000001846e-06 -7.400000000000000300e-06
5.895534180200017970e-06 -7.295534180200017272e-06
5.825598306537691607e-06 -7.225598306537691756e-06
5.941068360293968886e-06 -7.341068360293968188e-06
5.837799153321879331e-06 -7.237799153321879479e-06
5.962200846819545203e-06 -7.362200846819543658e-06
5.858931639847455647e-06 -7.258931639847454949e-06
5.974401693603732927e-06 -7.374401693603731381e-06
5.904465819941406564e-06 -7.304465819941405865e-06
6.000000000000001846e-06 -7.400000000000000300e-06
5.942264973121864901e-06 -7.342264973121863355e-06
6.057735027019560260e-06 -7.457735027019558714e-06
6.000000000000001846e-06 -7.400000000000000300e-06
6.200000000141421399e-06 -7.600000000141421548e-06
6.142264973121862139e-06 -7.542264973121862287e-06
6.257735027019560886e-06 -7.657735027019560187e-06
6.200000000141423093e-06 -7.600000000141423242e-06
6.100000000070711199e-06 -7.500000000070710500e-06
6.042264973192573406e-06 -7.442264973192571861e-06
6.157735026948848992e-06 -7.557735026948848293e-06
6.100000000070711199e-06 -7.500000000070710500e-06
6.095534180200017749e-06 -7.495534180200017051e-06
6.025598306537693081e-06 -7.425598306537691535e-06
6.141068360293967819e-06 -7.541068360293967967e-06
6.037799153321880804e-06 -7.437799153321879258e-06
6.162200846819543288e-06 -7.562200846819542590e-06
6.058931639847456274e-06 -7.458931639847454728e-06
6.174401693603730165e-06 -7.574401693603730313e-06
6.104465819941405496e-06 -7.504465819941404797e-06
6.300000000070712672e-06 -7.700000000070712821e-06
6.184529946173013925e-06 -7.584529946173014074e-06
6.415470053968406337e-06 -7.815470053968405639e-06
6.300000000070714366e-06 -7.700000000070712821e-06
6.500000000070708216e-06 -7.900000000070709212e-06
6.384529946173017940e-06 -7.784529946173016394e-06
7.115470053680190746e-06 -8.200000000000001111e-06
6.500000000070705675e-06 -7.900000000070705824e-06
7.200000000000000521e-06 -8.200000000000001111e-06
7.200000000000000521e-06 -8.200000000000001111e-06
7.200000000000000521e-06 -8.200000000000001111e-06
7.200000000000000521e-06 -8.200000000000001111e-06
7.200000000000000521e-06 -8.200000000000001111e-06
7.200000000000000521e-06 -8.200000000000001111e-06
7.215470053968409689e-06 -8.215470053968410279e-06
7.200000000000000521e-06 -8.200000000000001111e-06
7.300000000070714109e-06 -8.300000000070713852e-06
7.200000000000000521e-06 -8.200000000000001111e-06
7.415470053968403539e-06 -8.415470053968403282e-06
7.300000000070715803e-06 -8.300000000070715546e-06
7.500000000070707112e-06 -8.500000000070706855e-06
7.384529946173020224e-06 -8.384529946173019120e-06
7.615470053968412636e-06 -8.615470053968413226e-06
7.500000000070707112e-06 -8.500000000070706855e-06
7.700000000070717903e-06 -8.700000000070716799e-06
7.584529946173009838e-06 -8.584529946173010428e-06
7.815470053968403945e-06 -8.815470053968402841e-06
7.700000000070717903e-06 -8.700000000070718493e-06
8.800000000000002143e-06 -9.400000000000001480e-06
7.784529946173021476e-06 -8.784529946173022066e-06
8.800000000000002143e-06 -9.400000000000001480e-06
8.800000000000002143e-06 -9.400000000000001480e-06
8.800000000000002143e-06 -9.400000000000001480e-06
8.800000000000002143e-06 -9.400000000000001480e-06
8.800000000000002143e-06 -9.400000000000001480e-06
8.800000000000002143e-06 -9.400000000000001480e-06
-9.915470053880192462e-06 -4.600000000000000004e-06
-9.915470053880192462e-06 -4.600000000000000004e-06
-9.684529946319811035e-06 -4.600000000000000004e-06
-9.684529946319811035e-06 -4.600000000000000004e-06
-9.515470053880191210e-06 -4.600000000000000004e-06
-9.515470053880191210e-06 -4.600000000000000004e-06
-9.284529946319809783e-06 -4.600000000000000004e-06
-9.284529946319809783e-06 -4.600000000000000004e-06
-9.115470053880191651e-06 -4.600000000000000004e-06
-9.115470053880191651e-06 -4.600000000000000004e-06
-8.884529946319811918e-06 -4.600000000000000004e-06
-8.884529946319810224e-06 -4.600000000000000004e-06
-8.715470053880192093e-06 -4.600000000000000004e-06
-8.715470053880192093e-06 -4.600000000000000004e-06
-8.484529946319810666e-06 -4.600000000000000004e-06
-8.484529946319810666e-06 -4.600000000000000004e-06
-8.400000000000000890e-06 -4.600000000000000004e-06
-8.400000000000000890e-06 -4.600000000000000004e-06
-8.400000000000000890e-06 -4.600000000000000004e-06
-8.400000000000000890e-06 -4.600000000000000004e-06
-8.400000000000000890e-06 -4.600000000000000004e-06
-8.400000000000000890e-06 -4.600000000000000004e-06
-8.400000000000000890e-06 -4.600000000000000004e-06
-8.400000000000000890e-06 -4.600000000000000004e-06
-8.400000000000000890e-06 -4.600000000000000004e-06
-8.400000000000000890e-06 -4.600000000000000004e-06
-8.400000000000000890e-06 -4.600000000000000004e-06
-8.400000000000000890e-06 -4.600000000000000004e-06
-8.400000000000000890e-06 -4.600000000000000004e-06
-8.400000000000000890e-06 -4.600000000000000004e-06
-6.884529946319812432e-06 -4.200000000000000445e-06
-6.884529946319811585e-06 -4.200000000000000445e-06
-6.715470053880192607e-06 -4.200000000000000445e-06
-6.715470053880191760e-06 -4.200000000000000445e-06
-6.484529946319812027e-06 -4.200000000000000445e-06
-6.484529946319812027e-06 -4.200000000000000445e-06
-6.315470053880191354e-06 -4.200000000000000445e-06
-6.315470053880191354e-06 -4.200000000000000445e-06
-6.084529946319811622e-06 -4.200000000000000445e-06
-6.084529946319810775e-06 -4.200000000000000445e-06
-5.915470053880191796e-06 -4.200000000000000445e-06
-5.915470053880191796e-06 -4.200000000000000445e-06
-5.684529946319811216e-06 -4.200000000000000445e-06
-5.684529946319811216e-06 -4.200000000000000445e-06
-5.515470053880191391e-06 -4.200000000000000445e-06
-5.515470053880191391e-06 -4.200000000000000445e-06
-5.284529946319811658e-06 -4.200000000000000445e-06
-5.284529946319810811e-06 -4.200000000000000445e-06
-5.115470053880191832e-06 -4.200000000000000445e-06
-5.115470053880190985e-06 -4.200000000000000445e-06
-4.884529946319811252e-06 -4.200000000000000445e-06
-4.884529946319811252e-06 -4.200000000000000445e-06
-4.715470053880191427e-06 -4.200000000000000445e-06
-4.715470053880191427e-06 -4.200000000000000445e-06
-4.484529946319811694e-06 -4.200000000000000445e-06
-4.484529946319810847e-06 -4.200000000000000445e-06
-4.315470053880191021e-06 -4.200000000000000445e-06
-4.315470053880191021e-06 -4.200000000000000445e-06
-4.084529946319811289e-06 -4.200000000000000445e-06
-4.084529946319811289e-06 -4.200000000000000445e-06
-3.915470053880191463e-06 -4.200000000000000445e-06
-3.915470053880190616e-06 -4.200000000000000445e-06
-3.684529946319810460e-06 -4.200000000000000445e-06
-3.684529946319810460e-06 -4.200000000000000445e-06
-3.515470053880190634e-06 -4.200000000000000445e-06
-3.515470053880190210e-06 -4.200000000000000445e-06
-3.284529946319810054e-06 -4.200000000000000445e-06
-3.284529946319810054e-06 -4.200000000000000445e-06
-3.199999999999999855e-06 -4.200000000000000445e-06
-3.199999999999999855e-06 -4.200000000000000445e-06
-3.199999999999999855e-06 -4.200000000000000445e-06
-3.199999999999999855e-06 -4.200000000000000445e-06
-3.199999999999999855e-06 -4.200000000000000445e-06
-3.199999999999999855e-06 -4.200000000000000445e-06
1.999999999999997792e-07 -6.000000000000000152e-06
-3.199999999999999855e-06 -4.200000000000000445e-06
1.999999999999997792e-07 -6.000000000000000152e-06
1.999999999999997792e-07 -6.000000000000000152e-06
1.999999999999997792e-07 -6.000000000000000152e-06
1.999999999999997792e-07 -6.000000000000000152e-06
1.999999999999997792e-07 -6.000000000000000152e-06
1.999999999999997792e-07 -6.000000000000000152e-06
1.999999999999997792e-07 -6.000000000000000152e-06
1.999999999999997792e-07 -6.000000000000000152e-06
1.999999999999997792e-07 -6.000000000000000152e-06
1.999999999999997792e-07 -6.000000000000000152e-06
1.999999999999997792e-07 -6.000000000000000152e-06
1.999999999999997792e-07 -6.000000000000000152e-06
1.999999999999997792e-07 -6.000000000000000152e-06
1.999999999999997792e-07 -6.000000000000000152e-06
2.154700539684074119e-07 -6.015470053968407626e-06
1.999999999999997792e-07 -6.000000000000000152e-06
3.000000000707110910e-07 -6.100000000070711199e-06
1.999999999999997792e-07 -6.000000000000000152e-06
4.154700539684096792e-07 -6.215470053968409946e-06
3.000000000707112498e-07 -6.100000000070712046e-06
5.000000000707130407e-07 -6.300000000070713519e-06
3.845299461730145583e-07 -6.184529946173014772e-06
6.154700539684044821e-07 -6.415470053968405490e-06
5.000000000707122995e-07 -6.300000000070712672e-06
7.000000000707086906e-07 -6.500000000070709063e-06
5.845299461730150257e-07 -6.384529946173016246e-06
8.154700539684091318e-07 -6.615470053968408658e-06
7.000000000707094317e-07 -6.500000000070709910e-06
9.000000000707123873e-07 -6.700000000070712231e-06
7.845299461730133225e-07 -6.584529946173012637e-06
1.015470053968408064e-06 -6.815470053968408437e-06
9.000000000707121755e-07 -6.700000000070712231e-06
1.100000000070711425e-06 -6.900000000070712010e-06
1.042264973192573633e-06 -6.842264973192574217e-06
1.157735026948849218e-06 -6.957735026948849802e-06
1.100000000070711214e-06 -6.900000000070712010e-06
1.000000000000000590e-06 -6.800000000000000963e-06
9.422649731218634327e-07 -6.742264973121863170e-06
1.057735027019560062e-06 -6.857735027019560223e-06
1.000000000141422058e-06 -6.800000000141422431e-06
1.200000000000000369e-06 -7.000000000000000742e-06
1.142264973121862788e-06 -6.942264973121862949e-06
1.257735027019559841e-06 -7.057735027019560003e-06
1.200000000000000369e-06 -7.000000000000000742e-06
1.095534180200016917e-06 -6.895534180200016866e-06
1.025598306537692036e-06 -6.825598306537692197e-06
1.141068360293967833e-06 -6.941068360293967782e-06
1.037799153321879548e-06 -6.837799153321879921e-06
1.162200846819543091e-06 -6.962200846819543252e-06
1.058931639847455229e-06 -6.858931639847455390e-06
1.174401693603730814e-06 -6.974401693603730975e-06
1.104465819941405510e-06 -6.904465819941406307e-06
1.400000000000000148e-06 -7.200000000000000521e-06
1.342264973121862779e-06 -7.142264973121862729e-06
1.400000000000000148e-06 -7.200000000000000521e-06
1.400000000000000148e-06 -7.200000000000000521e-06
1.342264972980441311e-06 -6.857735027019560223e-06
1.400000000000000148e-06 -6.800000000000000963e-06
1.399999999858578469e-06 -6.800000000141422431e-06
1.457735026878137517e-06 -6.742264973121863170e-06
1.362200846819543294e-06 -7.162200846819543878e-06
1.258931639847455008e-06 -7.058931639847455170e-06
1.374401693603730594e-06 -7.174401693603730755e-06
1.304465819941405290e-06 -7.104465819941406086e-06
1.258931639706033541e-06 -6.941068360293967782e-06
1.362200846678121402e-06 -6.837799153321879921e-06
1.304465819799983610e-06 -6.895534180200017713e-06
1.374401693462308702e-06 -6.825598306537692197e-06
1.295534180200017120e-06 -7.095534180200017492e-06
1.225598306537692027e-06 -7.025598306537691976e-06
1.341068360293967401e-06 -7.141068360293967562e-06
1.237799153321879327e-06 -7.037799153321879700e-06
1.225598306396270559e-06 -6.974401693603730975e-06
1.295534180058595440e-06 -6.904465819941405460e-06
1.237799153180457436e-06 -6.962200846819543252e-06
1.341068360152545721e-06 -6.858931639847455390e-06
1.400000000000000148e-06 -7.200000000000000521e-06
1.499999999929288457e-06 -6.700000000070712231e-06
1.915470053680189710e-06 -6.600000000000000337e-06
1.915470053680189710e-06 -6.600000000000000337e-06
2.084529946119809960e-06 -6.600000000000000337e-06
2.084529946119809960e-06 -6.600000000000000337e-06
2.315470053680190539e-06 -6.600000000000000337e-06
2.315470053680190963e-06 -6.600000000000000337e-06
2.484529946119811212e-06 -6.600000000000000337e-06
2.484529946119811212e-06 -6.600000000000000337e-06
2.715470053680190945e-06 -6.600000000000000337e-06
2.715470053680190945e-06 -6.600000000000000337e-06
2.884529946119810347e-06 -6.600000000000000337e-06
2.884529946119810770e-06 -6.600000000000000337e-06
3.115470053680190503e-06 -6.600000000000000337e-06
3.115470053680190503e-06 -6.600000000000000337e-06
3.284529946119810329e-06 -6.600000000000000337e-06
3.284529946119810329e-06 -6.600000000000000337e-06
3.515470053680191332e-06 -6.600000000000000337e-06
3.515470053680191332e-06 -6.600000000000000337e-06
3.684529946119811158e-06 -6.600000000000000337e-06
3.684529946119811158e-06 -6.600000000000000337e-06
3.915470053680190890e-06 -6.600000000000000337e-06
3.915470053680190890e-06 -6.600000000000000337e-06
4.084529946119810716e-06 -6.600000000000000337e-06
4.084529946119810716e-06 -6.600000000000000337e-06
4.315470053680191296e-06 -6.600000000000000337e-06
4.315470053680190449e-06 -6.600000000000000337e-06
4.484529946119810275e-06 -6.600000000000000337e-06
4.484529946119810275e-06 -6.600000000000000337e-06
5.015470053968407883e-06 -6.815470053968407590e-06
4.900000000070710830e-06 -6.700000000070711384e-06
5.100000000070711456e-06 -6.900000000070711163e-06
5.042264973192573664e-06 -6.842264973192573370e-06
5.157735026948850096e-06 -6.957735026948849802e-06
5.100000000070711456e-06 -6.900000000070711163e-06
5.000000000000001256e-06 -6.800000000000000963e-06
4.942264973121862616e-06 -6.742264973121862323e-06
5.057735027019560517e-06 -6.857735027019560223e-06
5.000000000000001256e-06 -6.800000000000000963e-06
5.200000000000001035e-06 -7.000000000000000742e-06
5.142264973121863243e-06 -6.942264973121862949e-06
5.200000000000001035e-06 -7.000000000000000742e-06
5.200000000000001035e-06 -7.000000000000000742e-06
5.095534180200018006e-06 -6.895534180200017713e-06
5.025598306537692491e-06 -6.825598306537692197e-06
5.141068360293968076e-06 -6.941068360293967782e-06
5.037799153321880214e-06 -6.837799153321879921e-06
5.162200846819543545e-06 -6.962200846819543252e-06
5.058931639847456531e-06 -6.858931639847456237e-06
5.174401693603732116e-06 -6.974401693603731823e-06
5.104465819941406600e-06 -6.904465819941406307e-06
5.242264973059906060e-06 -7.000000000000000742e-06
5.242264973059906060e-06 -7.000000000000000742e-06
5.357735026840096774e-06 -7.000000000000000742e-06
5.357735026840096774e-06 -7.000000000000000742e-06
5.442264972959905977e-06 -7.000000000000000742e-06
5.442264972959905977e-06 -7.000000000000000742e-06
5.657735027019558160e-06 -7.057735027019560003e-06
5.557735026740093302e-06 -7.000000000000000742e-06
5.442264972959905977e-06 -7.000000000000000742e-06
5.442264972959905977e-06 -7.000000000000000742e-06
5.557735026740094996e-06 -7.000000000000000742e-06
5.557735026740093302e-06 -7.000000000000000742e-06
5.242264973059906060e-06 -7.000000000000000742e-06
5.142264973121863243e-06 -6.942264973121862949e-06
5.357735026840096774e-06 -7.000000000000000742e-06
5.357735026840096774e-06 -7.000000000000000742e-06
5.599999999999998900e-06 -7.000000000000000742e-06
5.599999999999998900e-06 -7.000000000000000742e-06
5.657735027019559854e-06 -7.057735027019561697e-06
5.599999999999998900e-06 -7.000000000000000742e-06
5.800000000141422688e-06 -7.200000000141422836e-06
5.742264973121863427e-06 -7.142264973121863576e-06
5.857735027019561327e-06 -7.257735027019561476e-06
5.800000000141423535e-06 -7.200000000141423683e-06
5.700000000070711641e-06 -7.100000000070712636e-06
5.642264973192573848e-06 -7.042264973192575691e-06
5.757735026948851127e-06 -7.157735026948851276e-06
5.700000000070712488e-06 -7.100000000070713483e-06
5.695534180200016497e-06 -7.095534180200017492e-06
5.625598306537690134e-06 -7.025598306537691976e-06
5.741068360293967413e-06 -7.141068360293968409e-06
5.637799153321877857e-06 -7.037799153321879700e-06
5.762200846819543730e-06 -7.162200846819543878e-06
5.658931639847454174e-06 -7.058931639847455170e-06
5.774401693603731453e-06 -7.174401693603731602e-06
5.704465819941405090e-06 -7.104465819941406086e-06
5.900000000070713961e-06 -7.300000000070713262e-06
5.784529946173016908e-06 -7.184529946173017056e-06
6.015470053968408473e-06 -7.415470053968406927e-06
5.900000000070714808e-06 -7.300000000070713262e-06
6.100000000070711199e-06 -7.500000000070710500e-06
5.984529946173018381e-06 -7.384529946173016836e-06
6.215470053968410793e-06 -7.615470053968410942e-06
6.100000000070709505e-06 -7.500000000070708806e-06
6.300000000070715213e-06 -7.700000000070714515e-06
6.184529946173012231e-06 -7.584529946173012380e-06
6.415470053968402949e-06 -7.815470053968402250e-06
6.300000000070715213e-06 -7.700000000070714515e-06
7.200000000000000521e-06 -8.200000000000001111e-06
6.384529946173019634e-06 -7.784529946173018088e-06
7.200000000000000521e-06 -8.200000000000001111e-06
7.200000000000000521e-06 -8.200000000000001111e-06
7.200000000000000521e-06 -8.200000000000001111e-06
7.200000000000000521e-06 -8.200000000000001111e-06
7.200000000000000521e-06 -8.200000000000001111e-06
7.200000000000000521e-06 -8.200000000000001111e-06
7.200000000000000521e-06 -8.200000000000001111e-06
7.200000000000000521e-06 -8.200000000000001111e-06
7.215470053968411383e-06 -8.215470053968411973e-06
7.200000000000000521e-06 -8.200000000000001111e-06
7.300000000070716650e-06 -8.300000000070715546e-06
7.200000000000000521e-06 -8.200000000000001111e-06
7.415470053968403539e-06 -8.415470053968403282e-06
7.300000000070718345e-06 -8.300000000070718935e-06
7.500000000070707112e-06 -8.500000000070706855e-06
7.384529946173022765e-06 -8.384529946173022508e-06
7.615470053968415177e-06 -8.615470053968416614e-06
7.500000000070706265e-06 -8.500000000070705161e-06
7.700000000070719597e-06 -8.700000000070720187e-06
7.584529946173008144e-06 -8.584529946173008734e-06
8.800000000000002143e-06 -9.400000000000001480e-06
7.700000000070719597e-06 -8.700000000070720187e-06
8.800000000000002143e-06 -9.400000000000001480e-06
8.800000000000002143e-06 -9.400000000000001480e-06
8.800000000000002143e-06 -9.400000000000001480e-06
8.800000000000002143e-06 -9.400000000000001480e-06
-9.915470053880192462e-06 -4.600000000000000004e-06
-9.915470053880192462e-06 -4.600000000000000004e-06
-9.684529946319811035e-06 -4.600000000000000004e-06
-9.684529946319811035e-06 -4.600000000000000004e-06
-9.515470053880191210e-06 -4.600000000000000004e-06
-9.515470053880191210e-06 -4.600000000000000004e-06
-9.284529946319809783e-06 -4.600000000000000004e-06
-9.284529946319809783e-06 -4.600000000000000004e-06
-9.115470053880191651e-06 -4.600000000000000004e-06
-9.115470053880191651e-06 -4.600000000000000004e-06
-8.884529946319811918e-06 -4.600000000000000004e-06
-8.884529946319810224e-06 -4.600000000000000004e-06
-8.715470053880192093e-06 -4.600000000000000004e-06
-8.715470053880192093e-06 -4.600000000000000004e-06
-8.484529946319810666e-06 -4.600000000000000004e-06
-8.484529946319810666e-06 -4.600000000000000004e-06
-8.400000000000000890e-06 -4.600000000000000004e-06
-8.400000000000000890e-06 -4.600000000000000004e-06
-8.400000000000000890e-06 -4.600000000000000004e-06
-8.400000000000000890e-06 -4.600000000000000004e-06
-8.400000000000000890e-06 -4.600000000000000004e-06
-8.400000000000000890e-06 -4.600000000000000004e-06
-8.400000000000000890e-06 -4.600000000000000004e-06
-8.400000000000000890e-06 -4.600000000000000004e-06
-8.400000000000000890e-06 -4.600000000000000004e-06
-8.400000000000000890e-06 -4.600000000000000004e-06
-8.400000000000000890e-06 -4.600000000000000004e-06
-8.400000000000000890e-06 -4.600000000000000004e-06
-8.400000000000000890e-06 -4.600000000000000004e-06
-8.400000000000000890e-06 -4.600000000000000004e-06
-6.884529946319812432e-06 -4.200000000000000445e-06
-6.884529946319811585e-06 -4.200000000000000445e-06
-6.715470053880192607e-06 -4.200000000000000445e-06
-6.715470053880191760e-06 -4.200000000000000445e-06
-6.484529946319812027e-06 -4.200000000000000445e-06
-6.484529946319812027e-06 -4.200000000000000445e-06
-6.315470053880191354e-06 -4.200000000000000445e-06
-6.315470053880191354e-06 -4.200000000000000445e-06
-6.084529946319811622e-06 -4.200000000000000445e-06
-6.084529946319810775e-06 -4.200000000000000445e-06
-5.915470053880191796e-06 -4.200000000000000445e-06
-5.915470053880191796e-06 -4.200000000000000445e-06
-5.684529946319811216e-06 -4.200000000000000445e-06
-5.684529946319811216e-06 -4.200000000000000445e-06
-5.515470053880191391e-06 -4.200000000000000445e-06
-5.515470053880191391e-06 -4.200000000000000445e-06
-5.284529946319811658e-06 -4.200000000000000445e-06
-5.284529946319810811e-06 -4.200000000000000445e-06
-5.115470053880191832e-06 -4.200000000000000445e-06
-5.115470053880190985e-06 -4.200000000000000445e-06
-4.884529946319811252e-06 -4.200000000000000445e-06
-4.884529946319811252e-06 -4.200000000000000445e-06
-4.715470053880191427e-06 -4.200000000000000445e-06
-4.715470053880191427e-06 -4.200000000000000445e-06
-4.484529946319811694e-06 -4.200000000000000445e-06
-4.484529946319810847e-06 -4.200000000000000445e-06
-4.315470053880191021e-06 -4.200000000000000445e-06
-4.315470053880191021e-06 -4.200000000000000445e-06
-4.084529946319811289e-06 -4.200000000000000445e-06
-4.084529946319811289e-06 -4.200000000000000445e-06
-3.915470053880191463e-06 -4.200000000000000445e-06
-3.915470053880190616e-06 -4.200000000000000445e-06
-3.684529946319810460e-06 -4.200000000000000445e-06
-3.684529946319810460e-06 -4.200000000000000445e-06
-3.515470053880190634e-06 -4.200000000000000445e-06
-3.515470053880190210e-06 -4.200000000000000445e-06
-3.284529946319810054e-06 -4.200000000000000445e-06
-3.284529946319810054e-06 -4.200000000000000445e-06
-3.199999999999999855e-06 -4.200000000000000445e-06
-3.199999999999999855e-06 -4.200000000000000445e-06
-3.199999999999999855e-06 -4.200000000000000445e-06
-3.199999999999999855e-06 -4.200000000000000445e-06
-3.199999999999999855e-06 -4.200000000000000445e-06
-3.199999999999999855e-06 -4.200000000000000445e-06
-3.199999999999999855e-06 -4.200000000000000445e-06
-3.199999999999999855e-06 -4.200000000000000445e-06
-4.999999999292881846e-07 -4.900000000070711677e-06
-5.999999999999993376e-07 -4.800000000000000630e-06
1.999999999999997792e-07 -6.000000000000000152e-06
-4.999999999292885023e-07 -4.900000000070711677e-06
1.999999999999997792e-07 -6.000000000000000152e-06
-4.154700538269851938e-07 -4.984529946173014403e-06
1.999999999999997792e-07 -6.000000000000000152e-06
1.999999999999997792e-07 -6.000000000000000152e-06
1.999999999999997792e-07 -6.000000000000000152e-06
1.999999999999997792e-07 -6.000000000000000152e-06
1.999999999999997792e-07 -6.000000000000000152e-06
1.999999999999997792e-07 -6.000000000000000152e-06
1.999999999999997792e-07 -6.000000000000000152e-06
1.999999999999997792e-07 -6.000000000000000152e-06
1.999999999999997792e-07 -6.000000000000000152e-06
1.999999999999997792e-07 -6.000000000000000152e-06
1.999999999999997792e-07 -6.000000000000000152e-06
1.999999999999997792e-07 -6.000000000000000152e-06
2.154700539684085501e-07 -6.015470053968409320e-06
1.999999999999997792e-07 -6.000000000000000152e-06
3.000000000707117792e-07 -6.100000000070712046e-06
1.999999999999997792e-07 -6.000000000000000152e-06
4.154700539684095204e-07 -6.215470053968409946e-06
3.000000000707110380e-07 -6.100000000070711199e-06
5.000000000707122995e-07 -6.300000000070712672e-06
3.845299461730145583e-07 -6.184529946173014772e-06
6.154700539684065997e-07 -6.415470053968408031e-06
5.000000000707110290e-07 -6.300000000070711825e-06
7.000000000707103846e-07 -6.500000000070710757e-06
6.422649731925717450e-07 -6.442264973192572965e-06
7.577350269488486007e-07 -6.557735026948848550e-06
7.000000000707098552e-07 -6.500000000070709910e-06
5.999999999999993376e-07 -6.400000000000000557e-06
5.422649731218626038e-07 -6.342264973121863612e-06
6.577350270195584922e-07 -6.457735027019558971e-06
5.999999999999993376e-07 -6.400000000000000557e-06
8.000000000000005991e-07 -6.600000000000000337e-06
7.422649731218619595e-07 -6.542264973121861697e-06
8.577350270195609183e-07 -6.657735027019560444e-06
8.000000000000005991e-07 -6.600000000000000337e-06
6.955341802000161938e-07 -6.495534180200016461e-06
6.255983065376914191e-07 -6.425598306537692639e-06
7.410683602939674277e-07 -6.541068360293967377e-06
6.377991533218784012e-07 -6.437799153321879515e-06
7.622008468195435328e-07 -6.562200846819543694e-06
6.589316398474550356e-07 -6.458931639847455832e-06
7.744016936037310443e-07 -6.574401693603730570e-06
7.044658199414056343e-07 -6.504465819941405901e-06
8.000000000000008108e-07 -6.600000000000000337e-06
7.422649731218638653e-07 -6.542264973121864238e-06
8.577350270195598596e-07 -6.657735027019559597e-06
8.000000000000008108e-07 -6.600000000000000337e-06
1.000000000141422693e-06 -6.800000000141423278e-06
9.422649731218625857e-07 -6.742264973121862323e-06
1.057735027019560486e-06 -6.857735027019561070e-06
1.000000000000000590e-06 -6.800000000000000963e-06
9.000000000707112226e-07 -6.700000000070711384e-06
8.422649731925738536e-07 -6.642264973192573591e-06
9.577350269488488034e-07 -6.757735026948849176e-06
9.000000000707109050e-07 -6.700000000070710537e-06
8.955341802000181964e-07 -6.695534180200017934e-06
8.255983065376923629e-07 -6.625598306537692418e-06
9.410683602939683716e-07 -6.741068360293968850e-06
8.377991533218795568e-07 -6.637799153321879294e-06
9.622008468195441590e-07 -6.762200846819544320e-06
8.589316398474552383e-07 -6.658931639847454764e-06
9.744016936037314588e-07 -6.774401693603732043e-06
9.044658199414055194e-07 -6.704465819941405680e-06
1.342264972980440464e-06 -6.857735027019560223e-06
1.400000000000000148e-06 -6.800000000000000963e-06
1.399999999858578045e-06 -6.800000000141423278e-06
1.457735026878138364e-06 -6.742264973121862323e-06
1.442264973051152359e-06 -6.757735026948848329e-06
1.499999999929289728e-06 -6.700000000070711384e-06
1.499999999929289728e-06 -6.700000000070711384e-06
1.557735026807427520e-06 -6.642264973192572744e-06
1.542264972980440879e-06 -6.657735027019559597e-06
1.599999999858578460e-06 -6.600000000141421805e-06
1.599999999858578460e-06 -6.600000000141421805e-06
1.599999999999999928e-06 -6.600000000000000337e-06
1.425598306396269491e-06 -6.774401693603731196e-06
1.495534180058595431e-06 -6.704465819941405680e-06
1.437799153180456791e-06 -6.762200846819544320e-06
1.541068360152545500e-06 -6.658931639847454764e-06
1.458931639706032473e-06 -6.741068360293968850e-06
1.562200846678121182e-06 -6.637799153321879294e-06
1.504465819799982542e-06 -6.695534180200017934e-06
1.574401693462308693e-06 -6.625598306537691571e-06
1.542264972980439820e-06 -6.657735027019560444e-06
1.642264973059904953e-06 -6.600000000000000337e-06
1.757735026840095243e-06 -6.600000000000000337e-06
1.757735026840095031e-06 -6.600000000000000337e-06
1.842264972959904869e-06 -6.600000000000000337e-06
1.842264972959904869e-06 -6.600000000000000337e-06
1.957735026740094312e-06 -6.600000000000000337e-06
1.957735026740094735e-06 -6.600000000000000337e-06
1.842264972959904869e-06 -6.600000000000000337e-06
1.842264972959904869e-06 -6.600000000000000337e-06
1.957735026740094312e-06 -6.600000000000000337e-06
1.957735026740094735e-06 -6.600000000000000337e-06
1.642264973059905164e-06 -6.600000000000000337e-06
1.642264973059904953e-06 -6.600000000000000337e-06
1.757735026840095243e-06 -6.600000000000000337e-06
1.757735026840095031e-06 -6.600000000000000337e-06
2.042264973059904511e-06 -6.600000000000000337e-06
2.042264973059904511e-06 -6.600000000000000337e-06
2.157735026840095648e-06 -6.600000000000000337e-06
2.157735026840095648e-06 -6.600000000000000337e-06
2.242264972959906122e-06 -6.600000000000000337e-06
2.242264972959906122e-06 -6.600000000000000337e-06
2.357735026740095988e-06 -6.600000000000000337e-06
2.357735026740095988e-06 -6.600000000000000337e-06
2.242264972959906122e-06 -6.600000000000000337e-06
2.242264972959906122e-06 -6.600000000000000337e-06
2.357735026740095988e-06 -6.600000000000000337e-06
2.357735026740095988e-06 -6.600000000000000337e-06
2.042264973059904511e-06 -6.600000000000000337e-06
2.042264973059904511e-06 -6.600000000000000337e-06
2.157735026840095648e-06 -6.600000000000000337e-06
2.157735026840095648e-06 -6.600000000000000337e-06
2.442264973059905763e-06 -6.600000000000000337e-06
2.442264973059905763e-06 -6.600000000000000337e-06
2.557735026840096053e-06 -6.600000000000000337e-06
2.557735026840096053e-06 -6.600000000000000337e-06
2.642264972959905680e-06 -6.600000000000000337e-06
2.642264972959905680e-06 -6.600000000000000337e-06
2.757735026740095546e-06 -6.600000000000000337e-06
2.757735026740095546e-06 -6.600000000000000337e-06
2.642264972959905680e-06 -6.600000000000000337e-06
2.642264972959905680e-06 -6.600000000000000337e-06
2.757735026740095546e-06 -6.600000000000000337e-06
2.757735026740095546e-06 -6.600000000000000337e-06
2.442264973059905763e-06 -6.600000000000000337e-06
2.442264973059905763e-06 -6.600000000000000337e-06
2.557735026840096053e-06 -6.600000000000000337e-06
2.557735026840096053e-06 -6.600000000000000337e-06
2.842264973059905322e-06 -6.600000000000000337e-06
2.842264973059905322e-06 -6.600000000000000337e-06
2.957735026840095188e-06 -6.600000000000000337e-06
2.957735026840095188e-06 -6.600000000000000337e-06
3.042264972959905238e-06 -6.600000000000000337e-06
3.042264972959905238e-06 -6.600000000000000337e-06
3.157735026740095528e-06 -6.600000000000000337e-06
3.157735026740095528e-06 -6.600000000000000337e-06
3.042264972959905238e-06 -6.600000000000000337e-06
3.042264972959905238e-06 -6.600000000000000337e-06
3.157735026740095528e-06 -6.600000000000000337e-06
3.157735026740095528e-06 -6.600000000000000337e-06
2.842264973059905322e-06 -6.600000000000000337e-06
2.842264973059905322e-06 -6.600000000000000337e-06
2.957735026840095188e-06 -6.600000000000000337e-06
2.957735026840095188e-06 -6.600000000000000337e-06
3.242264973059904880e-06 -6.600000000000000337e-06
3.242264973059904880e-06 -6.600000000000000337e-06
3.357735026840094747e-06 -6.600000000000000337e-06
3.357735026840094747e-06 -6.600000000000000337e-06
3.442264972959904797e-06 -6.600000000000000337e-06
3.442264972959904797e-06 -6.600000000000000337e-06
3.557735026740095934e-06 -6.600000000000000337e-06
3.557735026740095934e-06 -6.600000000000000337e-06
3.442264972959904797e-06 -6.600000000000000337e-06
3.442264972959904797e-06 -6.600000000000000337e-06
3.557735026740095934e-06 -6.600000000000000337e-06
3.557735026740095934e-06 -6.600000000000000337e-06
3.242264973059904880e-06 -6.600000000000000337e-06
3.242264973059904880e-06 -6.600000000000000337e-06
3.357735026840094747e-06 -6.600000000000000337e-06
3.357735026840094747e-06 -6.600000000000000337e-06
3.642264973059905709e-06 -6.600000000000000337e-06
3.642264973059906133e-06 -6.600000000000000337e-06
3.757735026840095999e-06 -6.600000000000000337e-06
3.757735026840096423e-06 -6.600000000000000337e-06
3.842264972959906049e-06 -6.600000000000000337e-06
3.842264972959906049e-06 -6.600000000000000337e-06
3.957735026740095916e-06 -6.600000000000000337e-06
3.957735026740095916e-06 -6.600000000000000337e-06
3.842264972959906049e-06 -6.600000000000000337e-06
3.842264972959906049e-06 -6.600000000000000337e-06
3.957735026740095916e-06 -6.600000000000000337e-06
3.957735026740095916e-06 -6.600000000000000337e-06
3.642264973059905709e-06 -6.600000000000000337e-06
3.642264973059906133e-06 -6.600000000000000337e-06
3.757735026840095999e-06 -6.600000000000000337e-06
3.757735026840096423e-06 -6.600000000000000337e-06
4.042264973059905691e-06 -6.600000000000000337e-06
4.042264973059905691e-06 -6.600000000000000337e-06
4.157735026840095557e-06 -6.600000000000000337e-06
4.157735026840095557e-06 -6.600000000000000337e-06
4.242264972959905608e-06 -6.600000000000000337e-06
4.242264972959905608e-06 -6.600000000000000337e-06
4.357735026740095474e-06 -6.600000000000000337e-06
4.357735026740095474e-06 -6.600000000000000337e-06
4.242264972959905608e-06 -6.600000000000000337e-06
4.242264972959905608e-06 -6.600000000000000337e-06
4.357735026740095474e-06 -6.600000000000000337e-06
4.357735026740095474e-06 -6.600000000000000337e-06
4.042264973059905691e-06 -6.600000000000000337e-06
4.042264973059905691e-06 -6.600000000000000337e-06
4.157735026840095557e-06 -6.600000000000000337e-06
4.157735026840095557e-06 -6.600000000000000337e-06
4.442264973059905249e-06 -6.600000000000000337e-06
4.442264973059905249e-06 -6.600000000000000337e-06
4.557735026840095963e-06 -6.600000000000000337e-06
4.557735026840095963e-06 -6.600000000000000337e-06
4.642264972959905166e-06 -6.600000000000000337e-06
4.642264972959905166e-06 -6.600000000000000337e-06
4.857735027019559890e-06 -6.657735027019560444e-06
4.757735026740094185e-06 -6.600000000000000337e-06
4.642264972959905166e-06 -6.600000000000000337e-06
4.642264972959905166e-06 -6.600000000000000337e-06
4.757735026740095032e-06 -6.600000000000000337e-06
4.857735026878136728e-06 -6.542264973121863391e-06
4.442264973059905249e-06 -6.600000000000000337e-06
4.442264973059905249e-06 -6.600000000000000337e-06
4.557735026840095963e-06 -6.600000000000000337e-06
4.557735026840095963e-06 -6.600000000000000337e-06
5.000000000141423571e-06 -6.800000000141423278e-06
4.942264973121863463e-06 -6.742264973121863170e-06
5.057735027019561364e-06 -6.857735027019561070e-06
5.000000000000001256e-06 -6.800000000000000963e-06
4.942264972980441996e-06 -6.457735027019558971e-06
4.999999999858579788e-06 -6.400000000141422025e-06
5.000000000000001256e-06 -6.400000000000000557e-06
5.000000000000001256e-06 -6.400000000000000557e-06
4.962200846819544613e-06 -6.762200846819545167e-06
4.858931639847455057e-06 -6.658931639847454764e-06
4.974401693603732337e-06 -6.774401693603732043e-06
4.904465819941405974e-06 -6.704465819941405680e-06
4.858931639706033589e-06 -6.541068360293967377e-06
4.962200846678121451e-06 -6.437799153321879515e-06
4.904465819799984506e-06 -6.495534180200016461e-06
4.974401693462310022e-06 -6.425598306537691792e-06
4.895534180200018227e-06 -6.695534180200017934e-06
4.825598306537691017e-06 -6.625598306537691571e-06
4.941068360293969143e-06 -6.741068360293968850e-06
4.837799153321878741e-06 -6.637799153321879294e-06
4.825598306396269549e-06 -6.574401693603730570e-06
4.895534180058594218e-06 -6.504465819941406748e-06
4.837799153180457273e-06 -6.562200846819542847e-06
4.941068360152545982e-06 -6.458931639847454985e-06
5.100000000070712303e-06 -6.900000000070712010e-06
5.000000000000001256e-06 -6.400000000000000557e-06
5.515470053680189971e-06 -7.000000000000000742e-06
5.515470053680189124e-06 -7.000000000000000742e-06
5.599999999999998900e-06 -7.000000000000000742e-06
5.599999999999998900e-06 -7.000000000000000742e-06
5.615470053968409762e-06 -7.015470053968411604e-06
5.599999999999998900e-06 -7.000000000000000742e-06
5.700000000070714182e-06 -7.100000000070715177e-06
5.599999999999998900e-06 -7.000000000000000742e-06
5.815470053968411235e-06 -7.215470053968411383e-06
5.700000000070714182e-06 -7.100000000070715177e-06
5.900000000070715655e-06 -7.300000000070714956e-06
5.784529946173018602e-06 -7.184529946173018750e-06
6.015470053968406779e-06 -7.415470053968406080e-06
5.900000000070715655e-06 -7.300000000070714956e-06
6.100000000070709505e-06 -7.500000000070708806e-06
5.984529946173020075e-06 -7.384529946173018530e-06
6.215470053968412487e-06 -7.615470053968412636e-06
6.100000000070706964e-06 -7.500000000070706265e-06
6.300000000070716907e-06 -7.700000000070716209e-06
6.184529946173010537e-06 -7.584529946173010685e-06
7.200000000000000521e-06 -8.200000000000001111e-06
6.300000000070716907e-06 -7.700000000070716209e-06
7.200000000000000521e-06 -8.200000000000001111e-06
7.200000000000000521e-06 -8.200000000000001111e-06
7.200000000000000521e-06 -8.200000000000001111e-06
7.200000000000000521e-06 -8.200000000000001111e-06
7.200000000000000521e-06 -8.200000000000001111e-06
7.200000000000000521e-06 -8.200000000000001111e-06
7.200000000000000521e-06 -8.200000000000001111e-06
7.200000000000000521e-06 -8.200000000000001111e-06
7.200000000000000521e-06 -8.200000000000001111e-06
7.200000000000000521e-06 -8.200000000000001111e-06
7.215470053968415618e-06 -8.215470053968415361e-06
7.200000000000000521e-06 -8.200000000000001111e-06
7.300000000070720039e-06 -8.300000000070718935e-06
7.200000000000000521e-06 -8.200000000000001111e-06
7.415470053968403539e-06 -8.415470053968403282e-06
7.300000000070720039e-06 -8.300000000070720629e-06
7.500000000070706265e-06 -8.500000000070706855e-06
7.384529946173024459e-06 -8.384529946173022508e-06
7.615470053968417718e-06 -8.615470053968418308e-06
7.500000000070704571e-06 -8.500000000070703467e-06
7.700000000070721291e-06 -8.700000000070720187e-06
7.584529946173006450e-06 -8.584529946173007040e-06
8.800000000000002143e-06 -9.400000000000001480e-06
8.800000000000002143e-06 -9.400000000000001480e-06
-9.915470053880192462e-06 -4.600000000000000004e-06
-9.915470053880192462e-06 -4.600000000000000004e-06
-9.684529946319811035e-06 -4.600000000000000004e-06
-9.684529946319811035e-06 -4.600000000000000004e-06
-9.515470053880191210e-06 -4.600000000000000004e-06
-9.515470053880191210e-06 -4.600000000000000004e-06
-9.284529946319809783e-06 -4.600000000000000004e-06
-9.284529946319809783e-06 -4.600000000000000004e-06
-9.115470053880191651e-06 -4.600000000000000004e-06
-9.115470053880191651e-06 -4.600000000000000004e-06
-8.884529946319811918e-06 -4.600000000000000004e-06
-8.884529946319810224e-06 -4.600000000000000004e-06
-8.715470053880192093e-06 -4.600000000000000004e-06
-8.715470053880192093e-06 -4.600000000000000004e-06
-8.484529946319810666e-06 -4.600000000000000004e-06
-8.484529946319810666e-06 -4.600000000000000004e-06
-8.400000000000000890e-06 -4.600000000000000004e-06
-8.400000000000000890e-06 -4.600000000000000004e-06
-8.400000000000000890e-06 -4.600000000000000004e-06
-8.400000000000000890e-06 -4.600000000000000004e-06
-8.400000000000000890e-06 -4.600000000000000004e-06
-8.400000000000000890e-06 -4.600000000000000004e-06
-8.400000000000000890e-06 -4.600000000000000004e-06
-8.400000000000000890e-06 -4.600000000000000004e-06
-8.400000000000000890e-06 -4.600000000000000004e-06
-8.400000000000000890e-06 -4.600000000000000004e-06
-8.400000000000000890e-06 -4.600000000000000004e-06
-8.400000000000000890e-06 -4.600000000000000004e-06
-7.115470053880191318e-06 -4.200000000000000445e-06
-7.115470053880191318e-06 -4.200000000000000445e-06
-6.884529946319812432e-06 -4.200000000000000445e-06
-6.884529946319811585e-06 -4.200000000000000445e-06
-6.715470053880192607e-06 -4.200000000000000445e-06
-6.715470053880191760e-06 -4.200000000000000445e-06
-6.484529946319812027e-06 -4.200000000000000445e-06
-6.484529946319812027e-06 -4.200000000000000445e-06
-6.315470053880191354e-06 -4.200000000000000445e-06
-6.315470053880191354e-06 -4.200000000000000445e-06
-6.084529946319811622e-06 -4.200000000000000445e-06
-6.084529946319810775e-06 -4.200000000000000445e-06
-5.915470053880191796e-06 -4.200000000000000445e-06
-5.915470053880191796e-06 -4.200000000000000445e-06
-5.684529946319811216e-06 -4.200000000000000445e-06
-5.684529946319811216e-06 -4.200000000000000445e-06
-5.515470053880191391e-06 -4.200000000000000445e-06
-5.515470053880191391e-06 -4.200000000000000445e-06
-5.284529946319811658e-06 -4.200000000000000445e-06
-5.284529946319810811e-06 -4.200000000000000445e-06
-5.115470053880191832e-06 -4.200000000000000445e-06
-5.115470053880190985e-06 -4.200000000000000445e-06
-4.884529946319811252e-06 -4.200000000000000445e-06
-4.884529946319811252e-06 -4.200000000000000445e-06
-4.715470053880191427e-06 -4.200000000000000445e-06
-4.715470053880191427e-06 -4.200000000000000445e-06
-4.484529946319811694e-06 -4.200000000000000445e-06
-4.484529946319810847e-06 -4.200000000000000445e-06
-4.315470053880191021e-06 -4.200000000000000445e-06
-4.315470053880191021e-06 -4.200000000000000445e-06
-4.084529946319811289e-06 -4.200000000000000445e-06
-4.084529946319811289e-06 -4.200000000000000445e-06
-3.915470053880191463e-06 -4.200000000000000445e-06
-3.915470053880190616e-06 -4.200000000000000445e-06
-3.684529946319810460e-06 -4.200000000000000445e-06
-3.684529946319810460e-06 -4.200000000000000445e-06
-3.515470053880190634e-06 -4.200000000000000445e-06
-3.515470053880190210e-06 -4.200000000000000445e-06
-3.284529946319810054e-06 -4.200000000000000445e-06
-3.284529946319810054e-06 -4.200000000000000445e-06
-3.199999999999999855e-06 -4.200000000000000445e-06
-3.199999999999999855e-06 -4.200000000000000445e-06
-3.199999999999999855e-06 -4.200000000000000445e-06
-3.199999999999999855e-06 -4.200000000000000445e-06
-3.199999999999999855e-06 -4.200000000000000445e-06
-3.199999999999999855e-06 -4.200000000000000445e-06
-3.199999999999999855e-06 -4.200000000000000445e-06
-3.199999999999999855e-06 -4.200000000000000445e-06
-5.999999999999993376e-07 -4.800000000000000630e-06
-3.199999999999999855e-06 -4.200000000000000445e-06
-5.845299460315915460e-07 -4.815470053968408104e-06
-5.999999999999993376e-07 -4.800000000000000630e-06
-4.999999999292888199e-07 -4.900000000070710830e-06
-5.999999999999993376e-07 -4.800000000000000630e-06
-3.845299460315915551e-07 -5.015470053968408730e-06
-4.999999999292889258e-07 -4.900000000070710830e-06
-2.999999999292889348e-07 -5.100000000070710609e-06
-4.154700538269858820e-07 -4.984529946173014403e-06
1.999999999999997792e-07 -6.000000000000000152e-06
-2.999999999292891466e-07 -5.100000000070710609e-06
1.999999999999997792e-07 -6.000000000000000152e-06
-2.154700538269861293e-07 -5.184529946173014182e-06
1.999999999999997792e-07 -6.000000000000000152e-06
1.999999999999997792e-07 -6.000000000000000152e-06
1.999999999999997792e-07 -6.000000000000000152e-06
1.999999999999997792e-07 -6.000000000000000152e-06
1.999999999999997792e-07 -6.000000000000000152e-06
1.999999999999997792e-07 -6.000000000000000152e-06
1.999999999999997792e-07 -6.000000000000000152e-06
1.999999999999997792e-07 -6.000000000000000152e-06
2.154700539684083119e-07 -6.015470053968408473e-06
1.999999999999997792e-07 -6.000000000000000152e-06
3.000000000707110910e-07 -6.100000000070711199e-06
2.422649731925728219e-07 -6.042264973192573406e-06
3.577350269488487247e-07 -6.157735026948848992e-06
3.000000000707105086e-07 -6.100000000070711199e-06
1.999999999999997792e-07 -6.000000000000000152e-06
1.999999999999997792e-07 -6.000000000000000152e-06
2.577350270195591455e-07 -6.057735027019559412e-06
2.000000001414213000e-07 -6.000000000141421620e-06
3.999999999999995584e-07 -6.199999999999999931e-06
3.422649731218620305e-07 -6.142264973121862139e-06
4.577350270195594541e-07 -6.257735027019560039e-06
3.999999999999995584e-07 -6.199999999999999931e-06
2.955341802000160001e-07 -6.095534180200016055e-06
2.255983065376912783e-07 -6.025598306537691386e-06
3.410683602939668105e-07 -6.141068360293966972e-06
2.377991533218786046e-07 -6.037799153321879110e-06
3.622008468195421215e-07 -6.162200846819542441e-06
2.589316398474544185e-07 -6.058931639847454580e-06
3.744016936037298448e-07 -6.174401693603730165e-06
3.044658199414047524e-07 -6.104465819941405496e-06
3.999999999999994525e-07 -6.199999999999999931e-06
3.422649731218620305e-07 -6.142264973121862139e-06
4.577350270195586071e-07 -6.257735027019559192e-06
3.999999999999995584e-07 -6.199999999999999931e-06
6.000000001414213349e-07 -6.400000000141422872e-06
5.422649731218615450e-07 -6.342264973121862765e-06
6.577350270195599745e-07 -6.457735027019560665e-06
6.000000001414217584e-07 -6.400000000141422872e-06
5.000000000707096525e-07 -6.300000000070710131e-06
4.422649731925723364e-07 -6.242264973192573186e-06
5.577350269488479745e-07 -6.357735026948848771e-06
5.000000000707102878e-07 -6.300000000070710978e-06
4.955341802000165204e-07 -6.295534180200017529e-06
4.255983065376910575e-07 -6.225598306537691166e-06
5.410683602939668015e-07 -6.341068360293967598e-06
4.377991533218783573e-07 -6.237799153321878889e-06
5.622008468195423771e-07 -6.362200846819543068e-06
4.589316398474539859e-07 -6.258931639847454359e-06
5.744016936037296769e-07 -6.374401693603730791e-06
5.044658199414041611e-07 -6.304465819941405275e-06
7.000000000707120787e-07 -6.500000000070712452e-06
5.845299461730133316e-07 -6.384529946173014551e-06
8.154700539684082847e-07 -6.615470053968407811e-06
7.000000000707128199e-07 -6.500000000070713299e-06
1.584529946031592877e-06 -6.615470053968406963e-06
1.599999999999999928e-06 -6.600000000000000337e-06
1.599999999999999928e-06 -6.600000000000000337e-06
1.599999999999999928e-06 -6.600000000000000337e-06
1.684529946119809766e-06 -6.600000000000000337e-06
1.684529946119809766e-06 -6.600000000000000337e-06
1.915470053680189710e-06 -6.600000000000000337e-06
1.915470053680189710e-06 -6.600000000000000337e-06
2.084529946119809960e-06 -6.600000000000000337e-06
2.084529946119809960e-06 -6.600000000000000337e-06
2.315470053680190539e-06 -6.600000000000000337e-06
2.315470053680190963e-06 -6.600000000000000337e-06
2.484529946119811212e-06 -6.600000000000000337e-06
2.484529946119811212e-06 -6.600000000000000337e-06
2.715470053680190945e-06 -6.600000000000000337e-06
2.715470053680190945e-06 -6.600000000000000337e-06
2.884529946119810347e-06 -6.600000000000000337e-06
2.884529946119810770e-06 -6.600000000000000337e-06
3.115470053680190503e-06 -6.600000000000000337e-06
3.115470053680190503e-06 -6.600000000000000337e-06
3.284529946119810329e-06 -6.600000000000000337e-06
3.284529946119810329e-06 -6.600000000000000337e-06
3.515470053680191332e-06 -6.600000000000000337e-06
3.515470053680191332e-06 -6.600000000000000337e-06
3.684529946119811158e-06 -6.600000000000000337e-06
3.684529946119811158e-06 -6.600000000000000337e-06
3.915470053680190890e-06 -6.600000000000000337e-06
3.915470053680190890e-06 -6.600000000000000337e-06
4.084529946119810716e-06 -6.600000000000000337e-06
4.084529946119810716e-06 -6.600000000000000337e-06
4.315470053680191296e-06 -6.600000000000000337e-06
4.600000000000000004e-06 -6.000000000000000152e-06
4.442264973059905249e-06 -6.600000000000000337e-06
4.642264973192573258e-06 -6.042264973192573406e-06
4.557735026840095963e-06 -6.600000000000000337e-06
4.700000000070711051e-06 -6.100000000070711199e-06
4.600000000000000004e-06 -6.000000000000000152e-06
4.600000000000000004e-06 -6.000000000000000152e-06
4.657735027019559264e-06 -6.057735027019559412e-06
4.600000000141421472e-06 -6.000000000141421620e-06
4.799999999999999783e-06 -6.199999999999999931e-06
4.742264973121861990e-06 -6.142264973121862139e-06
4.857735027019559890e-06 -6.257735027019560039e-06
4.799999999999999783e-06 -6.199999999999999931e-06
4.695534180200016754e-06 -6.095534180200016902e-06
4.625598306537691238e-06 -6.025598306537691386e-06
4.741068360293966823e-06 -6.141068360293966972e-06
4.637799153321878961e-06 -6.037799153321879110e-06
4.762200846819542293e-06 -6.162200846819542441e-06
4.658931639847455278e-06 -6.058931639847455427e-06
4.774401693603730863e-06 -6.174401693603731012e-06
4.704465819941404500e-06 -6.104465819941404649e-06
4.799999999999999783e-06 -6.199999999999999931e-06
4.742264973121861990e-06 -6.142264973121862139e-06
4.857735027019560737e-06 -6.257735027019560886e-06
4.799999999999999783e-06 -6.199999999999999931e-06
5.000000000000001256e-06 -6.400000000000000557e-06
4.942264973121863463e-06 -6.342264973121862765e-06
5.000000000000001256e-06 -6.400000000000000557e-06
5.000000000000001256e-06 -6.400000000000000557e-06
4.900000000070711677e-06 -6.300000000070711825e-06
4.842264973192574731e-06 -6.242264973192574033e-06
4.957735026948850316e-06 -6.357735026948849618e-06
4.900000000070712524e-06 -6.300000000070711825e-06
4.895534180200017380e-06 -6.295534180200017529e-06
4.825598306537691017e-06 -6.225598306537691166e-06
4.941068360293968296e-06 -6.341068360293968445e-06
4.837799153321878741e-06 -6.237799153321878889e-06
4.962200846819544613e-06 -6.362200846819543915e-06
4.858931639847455057e-06 -6.258931639847454359e-06
4.974401693603732337e-06 -6.374401693603731638e-06
4.904465819941405974e-06 -6.304465819941405275e-06
5.000000000000001256e-06 -6.400000000000000557e-06
4.984529946173015250e-06 -6.384529946173014551e-06
5.000000000000001256e-06 -6.400000000000000557e-06
5.000000000000001256e-06 -6.400000000000000557e-06
5.000000000000001256e-06 -6.400000000000000557e-06
5.000000000000001256e-06 -6.400000000000000557e-06
5.599999999999998900e-06 -7.000000000000000742e-06
5.000000000000001256e-06 -6.400000000000000557e-06
5.599999999999998900e-06 -7.000000000000000742e-06
5.599999999999998900e-06 -7.000000000000000742e-06
5.615470053968411456e-06 -7.015470053968413298e-06
5.599999999999998900e-06 -7.000000000000000742e-06
5.700000000070715029e-06 -7.100000000070716024e-06
5.599999999999998900e-06 -7.000000000000000742e-06
5.815470053968412929e-06 -7.215470053968413077e-06
5.700000000070715876e-06 -7.100000000070716871e-06
5.900000000070716502e-06 -7.300000000070715803e-06
5.784529946173019449e-06 -7.184529946173019597e-06
6.015470053968405085e-06 -7.415470053968403539e-06
5.900000000070716502e-06 -7.300000000070715803e-06
6.100000000070706964e-06 -7.500000000070706265e-06
5.984529946173020922e-06 -7.384529946173019377e-06
6.215470053968414181e-06 -7.615470053968414330e-06
6.100000000070705270e-06 -7.500000000070704571e-06
7.200000000000000521e-06 -8.200000000000001111e-06
6.184529946173007996e-06 -7.584529946173008144e-06
7.200000000000000521e-06 -8.200000000000001111e-06
7.200000000000000521e-06 -8.200000000000001111e-06
7.200000000000000521e-06 -8.200000000000001111e-06
7.200000000000000521e-06 -8.200000000000001111e-06
7.200000000000000521e-06 -8.200000000000001111e-06
7.200000000000000521e-06 -8.200000000000001111e-06
7.200000000000000521e-06 -8.200000000000001111e-06
7.200000000000000521e-06 -8.200000000000001111e-06
7.200000000000000521e-06 -8.200000000000001111e-06
7.200000000000000521e-06 -8.200000000000001111e-06
7.200000000000000521e-06 -8.200000000000001111e-06
7.200000000000000521e-06 -8.200000000000001111e-06
7.215470053968417312e-06 -8.215470053968418750e-06
7.200000000000000521e-06 -8.200000000000001111e-06
7.300000000070721733e-06 -8.300000000070720629e-06
7.200000000000000521e-06 -8.200000000000001111e-06
7.415470053968400998e-06 -8.415470053968399894e-06
7.300000000070721733e-06 -8.300000000070720629e-06
7.500000000070702877e-06 -8.500000000070703467e-06
7.384529946173025306e-06 -8.384529946173024202e-06
7.615470053968419412e-06 -8.615470053968420002e-06
7.500000000070701183e-06 -8.500000000070700079e-06
-9.915470053880192462e-06 -4.600000000000000004e-06
-9.915470053880192462e-06 -4.600000000000000004e-06
-9.684529946319811035e-06 -4.600000000000000004e-06
-9.684529946319811035e-06 -4.600000000000000004e-06
-9.515470053880191210e-06 -4.600000000000000004e-06
-9.515470053880191210e-06 -4.600000000000000004e-06
-9.284529946319809783e-06 -4.600000000000000004e-06
-9.284529946319809783e-06 -4.600000000000000004e-06
-9.115470053880191651e-06 -4.600000000000000004e-06
-9.115470053880191651e-06 -4.600000000000000004e-06
-8.884529946319811918e-06 -4.600000000000000004e-06
-8.884529946319810224e-06 -4.600000000000000004e-06
-8.715470053880192093e-06 -4.600000000000000004e-06
-8.715470053880192093e-06 -4.600000000000000004e-06
-8.484529946319810666e-06 -4.600000000000000004e-06
-8.484529946319810666e-06 -4.600000000000000004e-06
-8.400000000000000890e-06 -4.600000000000000004e-06
-8.400000000000000890e-06 -4.600000000000000004e-06
-8.400000000000000890e-06 -4.600000000000000004e-06
-8.400000000000000890e-06 -4.600000000000000004e-06
-8.400000000000000890e-06 -4.600000000000000004e-06
-8.400000000000000890e-06 -4.600000000000000004e-06
-8.400000000000000890e-06 -4.600000000000000004e-06
-8.400000000000000890e-06 -4.600000000000000004e-06
-8.400000000000000890e-06 -4.600000000000000004e-06
-8.400000000000000890e-06 -4.600000000000000004e-06
-7.284529946319811144e-06 -4.200000000000000445e-06
-7.284529946319810297e-06 -4.200000000000000445e-06
-7.115470053880191318e-06 -4.200000000000000445e-06
-7.115470053880191318e-06 -4.200000000000000445e-06
-6.884529946319812432e-06 -4.200000000000000445e-06
-6.884529946319811585e-06 -4.200000000000000445e-06
-6.715470053880192607e-06 -4.200000000000000445e-06
-6.715470053880191760e-06 -4.200000000000000445e-06
-6.484529946319812027e-06 -4.200000000000000445e-06
-6.484529946319812027e-06 -4.200000000000000445e-06
-6.315470053880191354e-06 -4.200000000000000445e-06
-6.315470053880191354e-06 -4.200000000000000445e-06
-6.084529946319811622e-06 -4.200000000000000445e-06
-6.084529946319810775e-06 -4.200000000000000445e-06
-5.915470053880191796e-06 -4.200000000000000445e-06
-5.915470053880191796e-06 -4.200000000000000445e-06
-5.684529946319811216e-06 -4.200000000000000445e-06
-5.684529946319811216e-06 -4.200000000000000445e-06
-5.515470053880191391e-06 -4.200000000000000445e-06
-5.515470053880191391e-06 -4.200000000000000445e-06
-5.284529946319811658e-06 -4.200000000000000445e-06
-5.284529946319810811e-06 -4.200000000000000445e-06
-5.115470053880191832e-06 -4.200000000000000445e-06
-5.115470053880190985e-06 -4.200000000000000445e-06
-4.884529946319811252e-06 -4.200000000000000445e-06
-4.884529946319811252e-06 -4.200000000000000445e-06
-4.715470053880191427e-06 -4.200000000000000445e-06
-4.715470053880191427e-06 -4.200000000000000445e-06
-4.484529946319811694e-06 -4.200000000000000445e-06
-4.484529946319810847e-06 -4.200000000000000445e-06
-4.315470053880191021e-06 -4.200000000000000445e-06
-4.315470053880191021e-06 -4.200000000000000445e-06
-4.084529946319811289e-06 -4.200000000000000445e-06
-4.084529946319811289e-06 -4.200000000000000445e-06
-3.915470053880191463e-06 -4.200000000000000445e-06
-3.915470053880190616e-06 -4.200000000000000445e-06
-3.684529946319810460e-06 -4.200000000000000445e-06
-3.684529946319810460e-06 -4.200000000000000445e-06
-3.515470053880190634e-06 -4.200000000000000445e-06
-3.515470053880190210e-06 -4.200000000000000445e-06
-3.284529946319810054e-06 -4.200000000000000445e-06
-3.284529946319810054e-06 -4.200000000000000445e-06
-3.199999999999999855e-06 -4.200000000000000445e-06
-3.199999999999999855e-06 -4.200000000000000445e-06
-3.199999999999999855e-06 -4.200000000000000445e-06
-3.199999999999999855e-06 -4.200000000000000445e-06
-3.199999999999999855e-06 -4.200000000000000445e-06
-3.199999999999999855e-06 -4.200000000000000445e-06
-3.199999999999999855e-06 -4.200000000000000445e-06
-3.199999999999999855e-06 -4.200000000000000445e-06
-3.199999999999999855e-06 -4.200000000000000445e-06
-3.199999999999999855e-06 -4.200000000000000445e-06
-5.999999999999993376e-07 -4.800000000000000630e-06
-1.200000000000000369e-06 -4.200000000000000445e-06
-5.999999999999993376e-07 -4.800000000000000630e-06
-5.999999999999993376e-07 -4.800000000000000630e-06
-5.845299460315920754e-07 -4.815470053968408104e-06
-5.999999999999993376e-07 -4.800000000000000630e-06
-4.999999999292891375e-07 -4.900000000070710830e-06
-5.999999999999993376e-07 -4.800000000000000630e-06
-3.845299460315925080e-07 -5.015470053968407883e-06
-4.999999999292889258e-07 -4.900000000070710830e-06
-2.999999999292893584e-07 -5.100000000070710609e-06
-4.154700538269859879e-07 -4.984529946173014403e-06
-1.845299460315910612e-07 -5.215470053968409356e-06
-2.999999999292891466e-07 -5.100000000070710609e-06
-9.999999992928818950e-08 -5.300000000070712082e-06
-2.154700538269859440e-07 -5.184529946173014182e-06
1.999999999999997792e-07 -5.915470053880190949e-06
-9.999999992928809685e-08 -5.300000000070712082e-06
1.999999999999997792e-07 -5.915470053880190949e-06
-1.547005382698517218e-08 -5.384529946173015655e-06
1.999999999999997792e-07 -5.915470053880190949e-06
1.000000000707108618e-07 -5.500000000070711861e-06
1.999999999999997792e-07 -5.957735026940095974e-06
1.999999999999997792e-07 -5.842264973159905261e-06
1.999999999999997792e-07 -5.957735026940095974e-06
1.999999999999997792e-07 -5.842264973159905261e-06
1.999999999999997792e-07 -5.957735026940095974e-06
1.999999999999997792e-07 -5.842264973159905261e-06
2.577350270195591455e-07 -6.057735027019559412e-06
1.999999999999997792e-07 -5.842264973159905261e-06
1.999999999999997792e-07 -5.757735027040096058e-06
1.999999999999997792e-07 -5.642264973259906191e-06
1.999999999999997792e-07 -5.757735027040096058e-06
1.999999999999997792e-07 -5.642264973259906191e-06
1.999999999999997792e-07 -5.757735027040096058e-06
1.422649731218622513e-07 -5.542264973121862801e-06
1.999999999999997792e-07 -5.757735027040096058e-06
1.999999999999997792e-07 -5.642264973259906191e-06
3.000000000707107204e-07 -6.100000000070711199e-06
1.999999999999997792e-07 -5.684529946319811216e-06
4.154700539684072440e-07 -6.215470053968407405e-06
1.999999999999997792e-07 -5.684529946319811216e-06
5.000000000707101819e-07 -6.300000000070710978e-06
1.999999999999997792e-07 -5.684529946319811216e-06
6.154700539684096702e-07 -6.415470053968410572e-06
5.000000000707097584e-07 -6.300000000070710978e-06
1.599999999999999928e-06 -6.600000000000000337e-06
1.599999999999999928e-06 -6.600000000000000337e-06
1.599999999999999928e-06 -6.600000000000000337e-06
1.599999999999999928e-06 -6.600000000000000337e-06
1.684529946119809766e-06 -6.600000000000000337e-06
1.684529946119809766e-06 -6.600000000000000337e-06
1.915470053680189710e-06 -6.600000000000000337e-06
1.915470053680189710e-06 -6.600000000000000337e-06
2.084529946119809960e-06 -6.600000000000000337e-06
2.084529946119809960e-06 -6.600000000000000337e-06
2.315470053680190539e-06 -6.600000000000000337e-06
2.315470053680190963e-06 -6.600000000000000337e-06
2.484529946119811212e-06 -6.600000000000000337e-06
2.484529946119811212e-06 -6.600000000000000337e-06
2.715470053680190945e-06 -6.600000000000000337e-06
2.715470053680190945e-06 -6.600000000000000337e-06
2.884529946119810347e-06 -6.600000000000000337e-06
2.884529946119810770e-06 -6.600000000000000337e-06
3.115470053680190503e-06 -6.600000000000000337e-06
3.115470053680190503e-06 -6.600000000000000337e-06
3.284529946119810329e-06 -6.600000000000000337e-06
3.284529946119810329e-06 -6.600000000000000337e-06
3.515470053680191332e-06 -6.600000000000000337e-06
3.515470053680191332e-06 -6.600000000000000337e-06
3.684529946119811158e-06 -6.600000000000000337e-06
3.684529946119811158e-06 -6.600000000000000337e-06
3.915470053680190890e-06 -6.600000000000000337e-06
4.600000000000000004e-06 -6.000000000000000152e-06
4.600000000000000004e-06 -6.000000000000000152e-06
4.600000000000000004e-06 -6.000000000000000152e-06
4.600000000000000004e-06 -6.000000000000000152e-06
4.615470053826986010e-06 -5.984529946173014146e-06
4.600000000000000004e-06 -6.000000000000000152e-06
4.600000000000000004e-06 -6.000000000000000152e-06
4.600000000000000004e-06 -6.000000000000000152e-06
4.657735026878137796e-06 -5.942264973121862359e-06
4.642264973051151790e-06 -5.957735026948848365e-06
4.699999999929289583e-06 -5.900000000070710573e-06
4.699999999929289583e-06 -5.900000000070710573e-06
4.757735026807427375e-06 -5.842264973192572780e-06
4.742264972980440522e-06 -5.857735027019559633e-06
4.799999999999999783e-06 -5.800000000000000373e-06
4.799999999999999783e-06 -5.800000000000000373e-06
4.857735026878136728e-06 -5.742264973121863427e-06
4.625598306396269770e-06 -5.974401693603730385e-06
4.695534180058595286e-06 -5.904465819941404870e-06
4.637799153180457493e-06 -5.962200846819542662e-06
4.741068360152545355e-06 -5.858931639847454800e-06
4.658931639706032963e-06 -5.941068360293967192e-06
4.762200846678120825e-06 -5.837799153321879331e-06
4.704465819799983032e-06 -5.895534180200017123e-06
4.774401693462308548e-06 -5.825598306537691607e-06
4.742264972980441369e-06 -5.857735027019558786e-06
4.799999999999999783e-06 -5.800000000000000373e-06
4.799999999999999783e-06 -5.800000000000000373e-06
4.857735026878138422e-06 -5.742264973121861733e-06
4.842264973051153263e-06 -5.757735026948847739e-06
4.899999999929291056e-06 -5.700000000070709947e-06
4.899999999929291056e-06 -5.700000000070709947e-06
4.957735026807428849e-06 -5.642264973192572154e-06
4.942264972980441996e-06 -5.657735027019559007e-06
5.000000000000001256e-06 -5.600000000000000594e-06
5.000000000000001256e-06 -5.600000000000000594e-06
5.000000000000001256e-06 -5.600000000000000594e-06
4.858931639706033589e-06 -5.741068360293967413e-06
4.962200846678122298e-06 -5.637799153321879551e-06
4.904465819799984506e-06 -5.695534180200016497e-06
4.974401693462310022e-06 -5.625598306537691828e-06
4.825598306396269549e-06 -5.774401693603730606e-06
4.895534180058595065e-06 -5.704465819941405937e-06
4.837799153180457273e-06 -5.762200846819542883e-06
4.941068360152545982e-06 -5.658931639847455021e-06
4.984529946031595476e-06 -5.615470053968406373e-06
5.000000000000001256e-06 -5.600000000000000594e-06
5.000000000000001256e-06 -5.600000000000000594e-06
5.000000000000001256e-06 -5.600000000000000594e-06
5.000000000000001256e-06 -5.600000000000000594e-06
5.000000000000001256e-06 -5.600000000000000594e-06
5.000000000000001256e-06 -5.600000000000000594e-06
5.000000000000001256e-06 -5.600000000000000594e-06
5.000000000000001256e-06 -5.600000000000000594e-06
5.000000000000001256e-06 -5.600000000000000594e-06
5.599999999999998900e-06 -7.000000000000000742e-06
5.000000000000001256e-06 -5.600000000000000594e-06
5.599999999999998900e-06 -7.000000000000000742e-06
5.000000000000001256e-06 -5.600000000000000594e-06
5.615470053968412303e-06 -7.015470053968414145e-06
5.000000000000001256e-06 -5.600000000000000594e-06
5.700000000070715876e-06 -7.100000000070716871e-06
5.599999999999998900e-06 -7.000000000000000742e-06
5.815470053968413776e-06 -7.215470053968413924e-06
5.700000000070716723e-06 -7.100000000070717718e-06
5.900000000070717349e-06 -7.300000000070716650e-06
5.784529946173021143e-06 -7.184529946173021292e-06
6.015470053968402544e-06 -7.415470053968400998e-06
5.900000000070719043e-06 -7.300000000070718345e-06
6.100000000070705270e-06 -7.500000000070704571e-06
5.984529946173022616e-06 -7.384529946173021071e-06
7.200000000000000521e-06 -8.200000000000001111e-06
6.100000000070704423e-06 -7.500000000070703724e-06
7.200000000000000521e-06 -8.200000000000001111e-06
7.200000000000000521e-06 -8.200000000000001111e-06
7.200000000000000521e-06 -8.200000000000001111e-06
7.200000000000000521e-06 -8.200000000000001111e-06
7.200000000000000521e-06 -8.200000000000001111e-06
7.200000000000000521e-06 -8.200000000000001111e-06
7.200000000000000521e-06 -8.200000000000001111e-06
7.200000000000000521e-06 -8.200000000000001111e-06
7.200000000000000521e-06 -8.200000000000001111e-06
7.200000000000000521e-06 -8.200000000000001111e-06
7.200000000000000521e-06 -8.200000000000001111e-06
7.200000000000000521e-06 -8.200000000000001111e-06
7.200000000000000521e-06 -8.200000000000001111e-06
7.200000000000000521e-06 -8.200000000000001111e-06
7.215470053968418160e-06 -8.215470053968418750e-06
7.200000000000000521e-06 -8.200000000000001111e-06
7.300000000070721733e-06 -8.300000000070722323e-06
7.200000000000000521e-06 -8.200000000000001111e-06
7.415470053968398457e-06 -8.415470053968398200e-06
7.300000000070722580e-06 -8.300000000070722323e-06
-9.915470053880192462e-06 -4.600000000000000004e-06
-9.915470053880192462e-06 -4.600000000000000004e-06
-9.684529946319811035e-06 -4.600000000000000004e-06
-9.684529946319811035e-06 -4.600000000000000004e-06
-9.515470053880191210e-06 -4.600000000000000004e-06
-9.515470053880191210e-06 -4.600000000000000004e-06
-9.284529946319809783e-06 -4.600000000000000004e-06
-9.284529946319809783e-06 -4.600000000000000004e-06
-9.115470053880191651e-06 -4.600000000000000004e-06
-9.115470053880191651e-06 -4.600000000000000004e-06
-8.884529946319811918e-06 -4.600000000000000004e-06
-8.884529946319810224e-06 -4.600000000000000004e-06
-8.715470053880192093e-06 -4.600000000000000004e-06
-8.715470053880192093e-06 -4.600000000000000004e-06
-8.484529946319810666e-06 -4.600000000000000004e-06
-8.484529946319810666e-06 -4.600000000000000004e-06
-8.400000000000000890e-06 -4.600000000000000004e-06
-8.400000000000000890e-06 -4.600000000000000004e-06
-8.400000000000000890e-06 -4.600000000000000004e-06
-8.400000000000000890e-06 -4.600000000000000004e-06
-8.400000000000000890e-06 -4.600000000000000004e-06
-8.400000000000000890e-06 -4.600000000000000004e-06
-8.400000000000000890e-06 -4.600000000000000004e-06
-8.384529946173014037e-06 -4.584529946173013998e-06
-8.400000000000000890e-06 -4.600000000000000004e-06
-7.515470053880190877e-06 -4.200000000000000445e-06
-7.284529946319811144e-06 -4.200000000000000445e-06
-7.284529946319810297e-06 -4.200000000000000445e-06
-7.115470053880191318e-06 -4.200000000000000445e-06
-7.115470053880191318e-06 -4.200000000000000445e-06
-6.884529946319812432e-06 -4.200000000000000445e-06
-6.884529946319811585e-06 -4.200000000000000445e-06
-6.715470053880192607e-06 -4.200000000000000445e-06
-6.715470053880191760e-06 -4.200000000000000445e-06
-6.484529946319812027e-06 -4.200000000000000445e-06
-6.484529946319812027e-06 -4.200000000000000445e-06
-6.315470053880191354e-06 -4.200000000000000445e-06
-6.315470053880191354e-06 -4.200000000000000445e-06
-6.084529946319811622e-06 -4.200000000000000445e-06
-6.084529946319810775e-06 -4.200000000000000445e-06
-5.915470053880191796e-06 -4.200000000000000445e-06
-5.915470053880191796e-06 -4.200000000000000445e-06
-5.684529946319811216e-06 -4.200000000000000445e-06
-5.684529946319811216e-06 -4.200000000000000445e-06
-5.515470053880191391e-06 -4.200000000000000445e-06
-5.515470053880191391e-06 -4.200000000000000445e-06
-5.284529946319811658e-06 -4.200000000000000445e-06
-5.284529946319810811e-06 -4.200000000000000445e-06
-5.115470053880191832e-06 -4.200000000000000445e-06
-5.115470053880190985e-06 -4.200000000000000445e-06
-4.884529946319811252e-06 -4.200000000000000445e-06
-4.884529946319811252e-06 -4.200000000000000445e-06
-4.715470053880191427e-06 -4.200000000000000445e-06
-4.715470053880191427e-06 -4.200000000000000445e-06
-4.484529946319811694e-06 -4.200000000000000445e-06
-4.484529946319810847e-06 -4.200000000000000445e-06
-4.315470053880191021e-06 -4.200000000000000445e-06
-4.315470053880191021e-06 -4.200000000000000445e-06
-4.084529946319811289e-06 -4.200000000000000445e-06
-4.084529946319811289e-06 -4.200000000000000445e-06
-3.915470053880191463e-06 -4.200000000000000445e-06
-3.915470053880190616e-06 -4.200000000000000445e-06
-3.684529946319810460e-06 -4.200000000000000445e-06
-3.684529946319810460e-06 -4.200000000000000445e-06
-3.515470053880190634e-06 -4.200000000000000445e-06
-3.515470053880190210e-06 -4.200000000000000445e-06
-3.284529946319810054e-06 -4.200000000000000445e-06
-3.284529946319810054e-06 -4.200000000000000445e-06
-3.199999999999999855e-06 -4.200000000000000445e-06
-3.199999999999999855e-06 -4.200000000000000445e-06
-3.199999999999999855e-06 -4.200000000000000445e-06
-3.199999999999999855e-06 -4.200000000000000445e-06
-3.199999999999999855e-06 -4.200000000000000445e-06
-3.199999999999999855e-06 -4.200000000000000445e-06
-3.199999999999999855e-06 -4.200000000000000445e-06
-3.199999999999999855e-06 -4.200000000000000445e-06
-3.199999999999999855e-06 -4.200000000000000445e-06
-3.199999999999999855e-06 -4.200000000000000445e-06
-1.200000000000000369e-06 -4.200000000000000445e-06
-1.200000000000000369e-06 -4.200000000000000445e-06
-1.200000000000000369e-06 -4.200000000000000445e-06
-1.200000000000000369e-06 -4.200000000000000445e-06
-5.999999999999993376e-07 -4.800000000000000630e-06
-1.200000000000000369e-06 -4.200000000000000445e-06
-5.999999999999993376e-07 -4.800000000000000630e-06
-5.999999999999993376e-07 -4.800000000000000630e-06
-5.845299460315918637e-07 -4.815470053968408104e-06
-5.999999999999993376e-07 -4.800000000000000630e-06
-4.999999999292887140e-07 -4.900000000070711677e-06
-5.999999999999993376e-07 -4.800000000000000630e-06
-3.845299460315918727e-07 -5.015470053968407883e-06
-4.999999999292893493e-07 -4.900000000070710830e-06
-2.999999999292886701e-07 -5.100000000070711456e-06
-4.154700538269860938e-07 -4.984529946173013556e-06
-1.845299460315908495e-07 -5.215470053968409356e-06
-2.999999999292889348e-07 -5.100000000070711456e-06
-9.999999992928775274e-08 -5.300000000070712929e-06
-1.577350268074259953e-07 -5.242264973192574290e-06
-4.226497305115073441e-08 -5.357735026948849875e-06
-9.999999992928856007e-08 -5.300000000070712082e-06
-1.999999998585769349e-07 -5.200000000141423350e-06
-2.577350268781368835e-07 -5.142264973121863243e-06
-1.422649729804394864e-07 -5.257735027019561143e-06
-1.999999998585777554e-07 -5.200000000141422503e-06
0.000000000000000000e+00 -5.400000000000000814e-06
-5.773502687813719700e-08 -5.342264973121863022e-06
5.773502701955933989e-08 -5.457735027019560075e-06
0.000000000000000000e+00 -5.400000000000000814e-06
-1.044658197999823671e-07 -5.295534180200017786e-06
-1.744016934623078301e-07 -5.225598306537692270e-06
-5.893163970603219197e-08 -5.341068360293968702e-06
-1.622008466781206097e-07 -5.237799153321879146e-06
-3.779915318045651706e-08 -5.362200846819544172e-06
-1.410683601525449282e-07 -5.258931639847455463e-06
-2.559830639626926031e-08 -5.374401693603731048e-06
-9.553418005859475300e-08 -5.304465819941405532e-06
0.000000000000000000e+00 -5.400000000000000814e-06
-5.773502687813762052e-08 -5.342264973121863022e-06
5.773502701955978987e-08 -5.457735027019560922e-06
-2.051038352124320810e-22 -5.400000000000000814e-06
1.999999999999997792e-07 -5.600000000000000594e-06
1.422649731218622513e-07 -5.542264973121862801e-06
1.999999999999997792e-07 -5.600000000000000594e-06
1.999999999999997792e-07 -5.600000000000000594e-06
1.000000000707113118e-07 -5.500000000070711861e-06
4.226497319257306921e-08 -5.442264973192574069e-06
1.577350269488489985e-07 -5.557735026948849654e-06
1.000000000707107559e-07 -5.500000000070711861e-06
9.553418020001708117e-08 -5.495534180200017565e-06
2.559830653769149915e-08 -5.425598306537692049e-06
1.410683602939670314e-07 -5.541068360293967634e-06
3.779915332187882538e-08 -5.437799153321879772e-06
1.622008468195431893e-07 -5.562200846819543951e-06
5.893163984745461279e-08 -5.458931639847455242e-06
1.744016936037300921e-07 -5.574401693603730827e-06
1.044658199414049600e-07 -5.504465819941406158e-06
1.999999999999997792e-07 -5.600000000000000594e-06
1.845299461730136144e-07 -5.584529946173014588e-06
1.999999999999997792e-07 -5.600000000000000594e-06
1.999999999999997792e-07 -5.600000000000000594e-06
1.999999999999997792e-07 -5.600000000000000594e-06
1.999999999999997792e-07 -5.600000000000000594e-06
1.999999999999997792e-07 -5.600000000000000594e-06
1.999999999999997792e-07 -5.600000000000000594e-06
1.999999999999997792e-07 -5.600000000000000594e-06
1.999999999999997792e-07 -5.600000000000000594e-06
1.599999999999999928e-06 -6.600000000000000337e-06
1.599999999999999928e-06 -6.600000000000000337e-06
1.684529946119809766e-06 -6.600000000000000337e-06
1.684529946119809766e-06 -6.600000000000000337e-06
1.915470053680189710e-06 -6.600000000000000337e-06
1.915470053680189710e-06 -6.600000000000000337e-06
2.084529946119809960e-06 -6.600000000000000337e-06
2.084529946119809960e-06 -6.600000000000000337e-06
2.315470053680190539e-06 -6.600000000000000337e-06
2.315470053680190963e-06 -6.600000000000000337e-06
2.484529946119811212e-06 -6.600000000000000337e-06
2.484529946119811212e-06 -6.600000000000000337e-06
2.715470053680190945e-06 -6.600000000000000337e-06
2.715470053680190945e-06 -6.600000000000000337e-06
2.884529946119810347e-06 -6.600000000000000337e-06
2.884529946119810770e-06 -6.600000000000000337e-06
3.115470053680190503e-06 -6.600000000000000337e-06
3.115470053680190503e-06 -6.600000000000000337e-06
3.284529946119810329e-06 -6.600000000000000337e-06
3.284529946119810329e-06 -6.600000000000000337e-06
3.515470053680191332e-06 -6.600000000000000337e-06
4.600000000000000004e-06 -6.000000000000000152e-06
4.600000000000000004e-06 -6.000000000000000152e-06
4.600000000000000004e-06 -6.000000000000000152e-06
4.600000000000000004e-06 -6.000000000000000152e-06
4.615470053826986857e-06 -5.984529946173013299e-06
4.600000000000000004e-06 -6.000000000000000152e-06
4.699999999929289583e-06 -5.900000000070710573e-06
4.699999999929289583e-06 -5.900000000070710573e-06
5.000000000000001256e-06 -5.284529946319810811e-06
4.784529946031592309e-06 -5.815470053968407847e-06
5.000000000000001256e-06 -5.284529946319810811e-06
4.899999999929288515e-06 -5.700000000070712488e-06
5.000000000000001256e-06 -5.284529946319810811e-06
4.942264972980440302e-06 -5.657735027019560701e-06
5.000000000000001256e-06 -5.442264973159905702e-06
5.000000000000001256e-06 -5.557735026940096416e-06
5.000000000000001256e-06 -5.442264973159905702e-06
5.000000000000001256e-06 -5.557735026940097263e-06
5.000000000000001256e-06 -5.442264973159905702e-06
5.000000000000001256e-06 -5.557735026940096416e-06
5.000000000000001256e-06 -5.442264973159905702e-06
5.000000000000001256e-06 -5.357735027040097346e-06
5.000000000000001256e-06 -5.242264973259906633e-06
5.000000000000001256e-06 -5.357735027040097346e-06
5.000000000000001256e-06 -5.242264973259906633e-06
5.000000000000001256e-06 -5.357735027040097346e-06
5.000000000000001256e-06 -5.242264973259906633e-06
5.000000000000001256e-06 -5.357735027040097346e-06
5.000000000000001256e-06 -5.242264973259906633e-06
5.000000000000001256e-06 -5.515470053880192238e-06
5.000000000000001256e-06 -5.284529946319810811e-06
5.000000000000001256e-06 -5.515470053880192238e-06
5.000000000000001256e-06 -5.284529946319810811e-06
5.000000000000001256e-06 -5.515470053880192238e-06
5.000000000000001256e-06 -5.284529946319810811e-06
5.000000000000001256e-06 -5.515470053880192238e-06
5.000000000000001256e-06 -5.284529946319810811e-06
5.000000000000001256e-06 -5.515470053880192238e-06
5.000000000000001256e-06 -5.284529946319810811e-06
5.000000000000001256e-06 -5.515470053880192238e-06
5.000000000000001256e-06 -5.284529946319810811e-06
5.000000000000001256e-06 -5.515470053880192238e-06
5.000000000000001256e-06 -5.284529946319810811e-06
5.000000000000001256e-06 -5.515470053880192238e-06
5.000000000000001256e-06 -5.284529946319810811e-06
5.000000000000001256e-06 -5.515470053880192238e-06
5.000000000000001256e-06 -5.284529946319810811e-06
5.000000000000001256e-06 -5.515470053880192238e-06
5.000000000000001256e-06 -5.284529946319810811e-06
5.700000000070718417e-06 -7.100000000070719412e-06
5.400000000000000814e-06 -4.000000000000000666e-06
5.815470053968416317e-06 -7.215470053968415618e-06
5.400000000000000814e-06 -4.000000000000000666e-06
5.900000000070719890e-06 -7.300000000070719192e-06
5.400000000000000814e-06 -4.000000000000000666e-06
6.015470053968400850e-06 -7.415470053968399304e-06
5.400000000000000814e-06 -4.000000000000000666e-06
6.100000000070703576e-06 -7.500000000070702877e-06
5.984529946173024310e-06 -7.384529946173022765e-06
7.200000000000000521e-06 -8.200000000000001111e-06
7.200000000000000521e-06 -8.200000000000001111e-06
7.200000000000000521e-06 -8.200000000000001111e-06
7.200000000000000521e-06 -8.200000000000001111e-06
7.200000000000000521e-06 -8.200000000000001111e-06
7.200000000000000521e-06 -8.200000000000001111e-06
7.200000000000000521e-06 -8.200000000000001111e-06
7.200000000000000521e-06 -8.200000000000001111e-06
7.200000000000000521e-06 -8.200000000000001111e-06
7.200000000000000521e-06 -8.200000000000001111e-06
7.200000000000000521e-06 -8.200000000000001111e-06
7.200000000000000521e-06 -8.200000000000001111e-06
7.200000000000000521e-06 -8.200000000000001111e-06
7.200000000000000521e-06 -8.200000000000001111e-06
7.200000000000000521e-06 -8.200000000000001111e-06
7.200000000000000521e-06 -8.200000000000001111e-06
7.215470053968420701e-06 -8.215470053968422138e-06
7.200000000000000521e-06 -8.200000000000001111e-06
-9.915470053880192462e-06 -4.600000000000000004e-06
-9.915470053880192462e-06 -4.600000000000000004e-06
-9.684529946319811035e-06 -4.600000000000000004e-06
-9.684529946319811035e-06 -4.600000000000000004e-06
-9.515470053880191210e-06 -4.600000000000000004e-06
-9.515470053880191210e-06 -4.600000000000000004e-06
-9.284529946319809783e-06 -4.600000000000000004e-06
-9.284529946319809783e-06 -4.600000000000000004e-06
-9.115470053880191651e-06 -4.600000000000000004e-06
-9.115470053880191651e-06 -4.600000000000000004e-06
-8.884529946319811918e-06 -4.600000000000000004e-06
-8.884529946319810224e-06 -4.600000000000000004e-06
-8.715470053880192093e-06 -4.600000000000000004e-06
-8.715470053880192093e-06 -4.600000000000000004e-06
-8.484529946319810666e-06 -4.600000000000000004e-06
-8.484529946319810666e-06 -4.600000000000000004e-06
-8.400000000000000890e-06 -4.600000000000000004e-06
-8.400000000000000890e-06 -4.600000000000000004e-06
-8.400000000000000890e-06 -4.600000000000000004e-06
-8.384529946173015731e-06 -4.584529946173013998e-06
-8.400000000000000890e-06 -4.600000000000000004e-06
-8.300000000070712158e-06 -4.500000000070710424e-06
-8.300000000070712158e-06 -4.500000000070710424e-06
-7.684529946319809855e-06 -4.200000000000000445e-06
-7.515470053880190877e-06 -4.200000000000000445e-06
-7.515470053880190877e-06 -4.200000000000000445e-06
-7.284529946319811144e-06 -4.200000000000000445e-06
-7.284529946319810297e-06 -4.200000000000000445e-06
-7.115470053880191318e-06 -4.200000000000000445e-06
-7.115470053880191318e-06 -4.200000000000000445e-06
-6.884529946319812432e-06 -4.200000000000000445e-06
-6.884529946319811585e-06 -4.200000000000000445e-06
-6.715470053880192607e-06 -4.200000000000000445e-06
-6.715470053880191760e-06 -4.200000000000000445e-06
-6.484529946319812027e-06 -4.200000000000000445e-06
-6.484529946319812027e-06 -4.200000000000000445e-06
-6.315470053880191354e-06 -4.200000000000000445e-06
-6.315470053880191354e-06 -4.200000000000000445e-06
-6.084529946319811622e-06 -4.200000000000000445e-06
-6.084529946319810775e-06 -4.200000000000000445e-06
-5.915470053880191796e-06 -4.200000000000000445e-06
-5.915470053880191796e-06 -4.200000000000000445e-06
-5.684529946319811216e-06 -4.200000000000000445e-06
-5.684529946319811216e-06 -4.200000000000000445e-06
-5.515470053880191391e-06 -4.200000000000000445e-06
-5.515470053880191391e-06 -4.200000000000000445e-06
-5.284529946319811658e-06 -4.200000000000000445e-06
-5.284529946319810811e-06 -4.200000000000000445e-06
-5.115470053880191832e-06 -4.200000000000000445e-06
-5.115470053880190985e-06 -4.200000000000000445e-06
-4.884529946319811252e-06 -4.200000000000000445e-06
-4.884529946319811252e-06 -4.200000000000000445e-06
-4.715470053880191427e-06 -4.200000000000000445e-06
-4.715470053880191427e-06 -4.200000000000000445e-06
-4.484529946319811694e-06 -4.200000000000000445e-06
-4.484529946319810847e-06 -4.200000000000000445e-06
-4.315470053880191021e-06 -4.200000000000000445e-06
-4.315470053880191021e-06 -4.200000000000000445e-06
-4.084529946319811289e-06 -4.200000000000000445e-06
-4.084529946319811289e-06 -4.200000000000000445e-06
-3.915470053880191463e-06 -4.200000000000000445e-06
-3.915470053880190616e-06 -4.200000000000000445e-06
-3.684529946319810460e-06 -4.200000000000000445e-06
-3.684529946319810460e-06 -4.200000000000000445e-06
-3.515470053880190634e-06 -4.200000000000000445e-06
-3.515470053880190210e-06 -4.200000000000000445e-06
-3.284529946319810054e-06 -4.200000000000000445e-06
-3.284529946319810054e-06 -4.200000000000000445e-06
-3.199999999999999855e-06 -4.200000000000000445e-06
-3.199999999999999855e-06 -4.200000000000000445e-06
-3.199999999999999855e-06 -4.200000000000000445e-06
-3.199999999999999855e-06 -4.200000000000000445e-06
-3.199999999999999855e-06 -4.200000000000000445e-06
-3.199999999999999855e-06 -4.200000000000000445e-06
-3.199999999999999855e-06 -4.200000000000000445e-06
-3.184529946173013849e-06 -4.184529946173014439e-06
-3.199999999999999855e-06 -4.200000000000000445e-06
-2.315470053880189841e-06 -3.800000000000000040e-06
-1.200000000000000369e-06 -4.200000000000000445e-06
-2.084529946319809262e-06 -3.800000000000000040e-06
-1.200000000000000369e-06 -4.200000000000000445e-06
-1.215470053826986375e-06 -4.184529946173014439e-06
-1.200000000000000369e-06 -4.200000000000000445e-06
-1.200000000000000369e-06 -4.200000000000000445e-06
-1.200000000000000369e-06 -4.200000000000000445e-06
-1.200000000000000369e-06 -4.200000000000000445e-06
-5.999999999999993376e-07 -4.800000000000000630e-06
-1.200000000000000369e-06 -4.200000000000000445e-06
-5.999999999999993376e-07 -4.800000000000000630e-06
-5.999999999999993376e-07 -4.800000000000000630e-06
-5.845299460315924990e-07 -4.815470053968407257e-06
-5.999999999999993376e-07 -4.800000000000000630e-06
-4.999999999292891375e-07 -4.900000000070710830e-06
-5.577350268074269301e-07 -4.842264973192573037e-06
-4.422649730511509744e-07 -4.957735026948848622e-06
-4.999999999292888199e-07 -4.900000000070710830e-06
-5.999999999999993376e-07 -4.800000000000000630e-06
-5.999999999999993376e-07 -4.800000000000000630e-06
-5.422649729804400771e-07 -4.857735027019559890e-06
-5.999999999999993376e-07 -4.800000000000000630e-06
-3.999999999999995584e-07 -5.000000000000000409e-06
-4.577350268781370863e-07 -4.942264973121862616e-06
-3.422649729804401920e-07 -5.057735027019559669e-06
-3.999999999999995584e-07 -5.000000000000000409e-06
-5.044658197999827990e-07 -4.895534180200017380e-06
-5.744016934623078914e-07 -4.825598306537691864e-06
-4.589316397060323592e-07 -4.941068360293967449e-06
-5.622008466781204857e-07 -4.837799153321879588e-06
-4.377991531804565188e-07 -4.962200846819543766e-06
-5.410683601525448042e-07 -4.858931639847455057e-06
-4.255983063962692720e-07 -4.974401693603730642e-06
-4.955341800585944173e-07 -4.904465819941405974e-06
-3.999999999999995584e-07 -5.000000000000000409e-06
-4.577350268781370863e-07 -4.942264973121862616e-06
-3.422649729804401920e-07 -5.057735027019559669e-06
-3.999999999999995584e-07 -5.000000000000000409e-06
-1.999999998585781789e-07 -5.200000000141421656e-06
-2.577350268781373071e-07 -5.142264973121862396e-06
-1.422649729804407569e-07 -5.257735027019559449e-06
-1.999999999999997792e-07 -5.200000000000000188e-06
-2.999999999292886701e-07 -5.100000000070711456e-06
-3.577350268074265156e-07 -5.042264973192573664e-06
-2.422649730511510364e-07 -5.157735026948849249e-06
-2.999999999292888290e-07 -5.100000000070711456e-06
-3.044658197999829140e-07 -5.095534180200017159e-06
-3.744016934623080592e-07 -5.025598306537691643e-06
-2.589316397060325800e-07 -5.141068360293967229e-06
-3.622008466781207065e-07 -5.037799153321879367e-06
-2.377991531804567661e-07 -5.162200846819543545e-06
-3.410683601525449721e-07 -5.058931639847454837e-06
-2.255983063962694928e-07 -5.174401693603730422e-06
-2.955341800585945851e-07 -5.104465819941405753e-06
-9.999999992928967180e-08 -5.300000000070710388e-06
-2.154700538269861028e-07 -5.184529946173014182e-06
1.547005396840726213e-08 -5.415470053968408288e-06
-9.999999992929046590e-08 -5.300000000070709541e-06
1.000000000707105441e-07 -5.500000000070711014e-06
-1.547005382698757101e-08 -5.384529946173013114e-06
1.999999999999997792e-07 -5.600000000000000594e-06
1.000000000707107691e-07 -5.500000000070711861e-06
1.999999999999997792e-07 -5.600000000000000594e-06
1.845299461730140114e-07 -5.584529946173014588e-06
1.999999999999997792e-07 -5.600000000000000594e-06
1.999999999999997792e-07 -5.600000000000000594e-06
1.999999999999997792e-07 -5.600000000000000594e-06
1.999999999999997792e-07 -5.600000000000000594e-06
1.999999999999997792e-07 -5.600000000000000594e-06
1.999999999999997792e-07 -5.600000000000000594e-06
1.684529946119809766e-06 -6.600000000000000337e-06
1.999999999999997792e-07 -5.600000000000000594e-06
1.915470053680189710e-06 -6.600000000000000337e-06
1.915470053680189710e-06 -6.600000000000000337e-06
2.084529946119809960e-06 -6.600000000000000337e-06
2.084529946119809960e-06 -6.600000000000000337e-06
2.315470053680190539e-06 -6.600000000000000337e-06
2.315470053680190963e-06 -6.600000000000000337e-06
2.484529946119811212e-06 -6.600000000000000337e-06
2.484529946119811212e-06 -6.600000000000000337e-06
2.715470053680190945e-06 -6.600000000000000337e-06
2.715470053680190945e-06 -6.600000000000000337e-06
2.884529946119810347e-06 -6.600000000000000337e-06
2.884529946119810770e-06 -6.600000000000000337e-06
3.115470053680190503e-06 -6.600000000000000337e-06
3.115470053680190503e-06 -6.600000000000000337e-06
3.284529946119810329e-06 -6.600000000000000337e-06
3.284529946119810329e-06 -6.600000000000000337e-06
4.600000000000000004e-06 -6.000000000000000152e-06
5.000000000000001256e-06 -4.884529946319810405e-06
4.600000000000000004e-06 -6.000000000000000152e-06
5.000000000000001256e-06 -4.884529946319810405e-06
5.000000000000001256e-06 -5.115470053880190985e-06
5.000000000000001256e-06 -4.884529946319810405e-06
5.000000000000001256e-06 -5.115470053880190985e-06
5.000000000000001256e-06 -4.884529946319810405e-06
5.000000000000001256e-06 -5.115470053880190985e-06
5.000000000000001256e-06 -4.884529946319810405e-06
5.000000000000001256e-06 -5.115470053880190985e-06
5.000000000000001256e-06 -4.884529946319810405e-06
5.000000000000001256e-06 -5.115470053880190985e-06
5.000000000000001256e-06 -4.884529946319810405e-06
5.000000000000001256e-06 -5.157735026940096010e-06
5.000000000000001256e-06 -5.042264973159905297e-06
5.000000000000001256e-06 -5.157735026940096010e-06
5.000000000000001256e-06 -5.042264973159905297e-06
5.000000000000001256e-06 -5.157735026940096010e-06
5.000000000000001256e-06 -5.042264973159905297e-06
5.000000000000001256e-06 -5.157735026940096010e-06
5.000000000000001256e-06 -5.042264973159905297e-06
5.000000000000001256e-06 -4.957735027040096094e-06
5.000000000000001256e-06 -4.842264973259905380e-06
5.000000000000001256e-06 -4.957735027040096094e-06
5.000000000000001256e-06 -4.842264973259905380e-06
5.000000000000001256e-06 -4.957735027040096094e-06
5.000000000000001256e-06 -4.842264973259905380e-06
5.000000000000001256e-06 -4.957735027040096094e-06
5.000000000000001256e-06 -4.842264973259905380e-06
5.000000000000001256e-06 -5.115470053880190985e-06
5.000000000000001256e-06 -4.884529946319810405e-06
5.000000000000001256e-06 -5.115470053880190985e-06
5.000000000000001256e-06 -4.884529946319810405e-06
5.000000000000001256e-06 -5.115470053880190985e-06
5.000000000000001256e-06 -4.884529946319810405e-06
5.000000000000001256e-06 -5.115470053880190985e-06
5.000000000000001256e-06 -4.884529946319810405e-06
5.000000000000001256e-06 -5.115470053880190985e-06
5.000000000000001256e-06 -4.884529946319810405e-06
5.000000000000001256e-06 -5.115470053880190985e-06
5.400000000000000814e-06 -4.000000000000000666e-06
5.000000000000001256e-06 -5.115470053880190985e-06
5.400000000000000814e-06 -4.000000000000000666e-06
5.000000000000001256e-06 -5.115470053880190985e-06
5.400000000000000814e-06 -4.000000000000000666e-06
5.400000000000000814e-06 -4.000000000000000666e-06
5.400000000000000814e-06 -4.000000000000000666e-06
5.400000000000000814e-06 -4.000000000000000666e-06
5.400000000000000814e-06 -4.000000000000000666e-06
5.400000000000000814e-06 -4.000000000000000666e-06
5.400000000000000814e-06 -4.000000000000000666e-06
5.400000000000000814e-06 -4.000000000000000666e-06
5.400000000000000814e-06 -4.000000000000000666e-06
5.400000000000000814e-06 -4.000000000000000666e-06
5.400000000000000814e-06 -4.000000000000000666e-06
5.400000000000000814e-06 -4.000000000000000666e-06
5.400000000000000814e-06 -4.000000000000000666e-06
5.400000000000000814e-06 -4.000000000000000666e-06
5.400000000000000814e-06 -4.000000000000000666e-06
5.400000000000000814e-06 -4.000000000000000666e-06
5.400000000000000814e-06 -4.000000000000000666e-06
5.400000000000000814e-06 -4.000000000000000666e-06
5.400000000000000814e-06 -4.000000000000000666e-06
7.200000000000000521e-06 -8.200000000000001111e-06
5.400000000000000814e-06 -4.000000000000000666e-06
7.200000000000000521e-06 -8.200000000000001111e-06
5.400000000000000814e-06 -4.000000000000000666e-06
7.200000000000000521e-06 -8.200000000000001111e-06
5.400000000000000814e-06 -4.000000000000000666e-06
7.200000000000000521e-06 -8.200000000000001111e-06
7.200000000000000521e-06 -8.200000000000001111e-06
7.200000000000000521e-06 -8.200000000000001111e-06
7.200000000000000521e-06 -8.200000000000001111e-06
7.200000000000000521e-06 -8.200000000000001111e-06
7.200000000000000521e-06 -8.200000000000001111e-06
7.200000000000000521e-06 -8.200000000000001111e-06
7.200000000000000521e-06 -8.200000000000001111e-06
-9.957735026940096640e-06 -4.600000000000000004e-06
-9.957735026940096640e-06 -4.600000000000000004e-06
-9.842264973159907621e-06 -4.600000000000000004e-06
-9.842264973159905927e-06 -4.600000000000000004e-06
-9.757735027040097571e-06 -4.600000000000000004e-06
-9.757735027040095876e-06 -4.600000000000000004e-06
-9.642264973259906857e-06 -4.600000000000000004e-06
-9.642264973259906857e-06 -4.600000000000000004e-06
-9.757735027040097571e-06 -4.600000000000000004e-06
-9.757735027040095876e-06 -4.600000000000000004e-06
-9.642264973259906857e-06 -4.600000000000000004e-06
-9.642264973259906857e-06 -4.600000000000000004e-06
-9.957735026940096640e-06 -4.600000000000000004e-06
-9.957735026940096640e-06 -4.600000000000000004e-06
-9.842264973159907621e-06 -4.600000000000000004e-06
-9.842264973159905927e-06 -4.600000000000000004e-06
-9.557735026940095388e-06 -4.600000000000000004e-06
-9.557735026940095388e-06 -4.600000000000000004e-06
-9.442264973159906368e-06 -4.600000000000000004e-06
-9.442264973159906368e-06 -4.600000000000000004e-06
-9.357735027040096318e-06 -4.600000000000000004e-06
-9.357735027040096318e-06 -4.600000000000000004e-06
-9.242264973259907299e-06 -4.600000000000000004e-06
-9.242264973259905605e-06 -4.600000000000000004e-06
-9.357735027040096318e-06 -4.600000000000000004e-06
-9.357735027040096318e-06 -4.600000000000000004e-06
-9.242264973259907299e-06 -4.600000000000000004e-06
-9.242264973259905605e-06 -4.600000000000000004e-06
-9.557735026940095388e-06 -4.600000000000000004e-06
-9.557735026940095388e-06 -4.600000000000000004e-06
-9.442264973159906368e-06 -4.600000000000000004e-06
-9.442264973159906368e-06 -4.600000000000000004e-06
-9.157735026940094135e-06 -4.600000000000000004e-06
-9.157735026940094135e-06 -4.600000000000000004e-06
-9.042264973159906810e-06 -4.600000000000000004e-06
-9.042264973159905116e-06 -4.600000000000000004e-06
-8.957735027040095066e-06 -4.600000000000000004e-06
-8.957735027040096760e-06 -4.600000000000000004e-06
-8.842264973259907740e-06 -4.600000000000000004e-06
-8.842264973259907740e-06 -4.600000000000000004e-06
-8.957735027040095066e-06 -4.600000000000000004e-06
-8.957735027040096760e-06 -4.600000000000000004e-06
-8.842264973259907740e-06 -4.600000000000000004e-06
-8.842264973259907740e-06 -4.600000000000000004e-06
-9.157735026940094135e-06 -4.600000000000000004e-06
-9.157735026940094135e-06 -4.600000000000000004e-06
-9.042264973159906810e-06 -4.600000000000000004e-06
-9.042264973159905116e-06 -4.600000000000000004e-06
-8.757735026940096271e-06 -4.600000000000000004e-06
-8.757735026940094577e-06 -4.600000000000000004e-06
-8.642264973159907251e-06 -4.600000000000000004e-06
-8.642264973159905557e-06 -4.600000000000000004e-06
-8.557735027040095507e-06 -4.600000000000000004e-06
-8.557735027040097201e-06 -4.600000000000000004e-06
-8.442264973259908182e-06 -4.600000000000000004e-06
-8.442264973259906488e-06 -4.600000000000000004e-06
-8.557735027040095507e-06 -4.600000000000000004e-06
-8.557735027040097201e-06 -4.600000000000000004e-06
-8.442264973259908182e-06 -4.600000000000000004e-06
-8.342264973121863098e-06 -4.542264973121862211e-06
-8.757735026940096271e-06 -4.600000000000000004e-06
-8.757735026940094577e-06 -4.600000000000000004e-06
-8.642264973159907251e-06 -4.600000000000000004e-06
-8.642264973159905557e-06 -4.600000000000000004e-06
-8.400000000000000890e-06 -4.600000000000000004e-06
-8.400000000000000890e-06 -4.600000000000000004e-06
-8.400000000000000890e-06 -4.600000000000000004e-06
-8.342264973121863098e-06 -4.542264973121862211e-06
-8.357735026948849951e-06 -4.557735026948849064e-06
-8.300000000070712158e-06 -4.500000000070711271e-06
-8.300000000070712158e-06 -4.500000000070711271e-06
-8.242264973192574366e-06 -4.442264973192573479e-06
-8.257735027019561219e-06 -4.457735027019560332e-06
-8.200000000141423426e-06 -4.400000000141422539e-06
-8.200000000141423426e-06 -4.400000000141421692e-06
-8.142264973121863319e-06 -4.342264973121862432e-06
-8.341068360293967931e-06 -4.541068360293967891e-06
-8.237799153321880916e-06 -4.437799153321879182e-06
-8.295534180200018709e-06 -4.495534180200016975e-06
-8.225598306537692346e-06 -4.425598306537691459e-06
-8.374401693603731971e-06 -4.574401693603730237e-06
-8.304465819941407302e-06 -4.504465819941405568e-06
-8.362200846819545095e-06 -4.562200846819543361e-06
-8.258931639847456386e-06 -4.458931639847455499e-06
-8.215470053968408585e-06 -4.415470053968407698e-06
-8.100000000070712379e-06 -4.300000000070710645e-06
-7.684529946319809855e-06 -4.200000000000000445e-06
-7.684529946319809855e-06 -4.200000000000000445e-06
-7.515470053880190877e-06 -4.200000000000000445e-06
-7.515470053880190877e-06 -4.200000000000000445e-06
-7.284529946319811144e-06 -4.200000000000000445e-06
-7.284529946319810297e-06 -4.200000000000000445e-06
-7.115470053880191318e-06 -4.200000000000000445e-06
-7.115470053880191318e-06 -4.200000000000000445e-06
-6.884529946319812432e-06 -4.200000000000000445e-06
-6.884529946319811585e-06 -4.200000000000000445e-06
-6.715470053880192607e-06 -4.200000000000000445e-06
-6.715470053880191760e-06 -4.200000000000000445e-06
-6.484529946319812027e-06 -4.200000000000000445e-06
-6.484529946319812027e-06 -4.200000000000000445e-06
-6.315470053880191354e-06 -4.200000000000000445e-06
-6.315470053880191354e-06 -4.200000000000000445e-06
-6.084529946319811622e-06 -4.200000000000000445e-06
-6.084529946319810775e-06 -4.200000000000000445e-06
-5.915470053880191796e-06 -4.200000000000000445e-06
-5.915470053880191796e-06 -4.200000000000000445e-06
-5.684529946319811216e-06 -4.200000000000000445e-06
-5.684529946319811216e-06 -4.200000000000000445e-06
-5.515470053880191391e-06 -4.200000000000000445e-06
-5.515470053880191391e-06 -4.200000000000000445e-06
-5.284529946319811658e-06 -4.200000000000000445e-06
-5.284529946319810811e-06 -4.200000000000000445e-06
-5.115470053880191832e-06 -4.200000000000000445e-06
-5.115470053880190985e-06 -4.200000000000000445e-06
-4.884529946319811252e-06 -4.200000000000000445e-06
-4.884529946319811252e-06 -4.200000000000000445e-06
-4.715470053880191427e-06 -4.200000000000000445e-06
-4.715470053880191427e-06 -4.200000000000000445e-06
-4.484529946319811694e-06 -4.200000000000000445e-06
-4.484529946319810847e-06 -4.200000000000000445e-06
-4.315470053880191021e-06 -4.200000000000000445e-06
-4.315470053880191021e-06 -4.200000000000000445e-06
-4.084529946319811289e-06 -4.200000000000000445e-06
-4.084529946319811289e-06 -4.200000000000000445e-06
-3.915470053880191463e-06 -4.200000000000000445e-06
-3.915470053880190616e-06 -4.200000000000000445e-06
-3.684529946319810460e-06 -4.200000000000000445e-06
-3.684529946319810460e-06 -4.200000000000000445e-06
-3.515470053880190634e-06 -4.200000000000000445e-06
-3.515470053880190210e-06 -4.200000000000000445e-06
-3.284529946319810054e-06 -4.200000000000000445e-06
-3.284529946319810054e-06 -4.200000000000000445e-06
-3.199999999999999855e-06 -4.200000000000000445e-06
-3.199999999999999855e-06 -4.200000000000000445e-06
-3.199999999999999855e-06 -4.200000000000000445e-06
-3.184529946173013849e-06 -4.184529946173014439e-06
-3.199999999999999855e-06 -4.200000000000000445e-06
-3.100000000070711123e-06 -4.100000000070711713e-06
-3.100000000070711123e-06 -4.100000000070711713e-06
-2.484529946319809667e-06 -3.800000000000000040e-06
-2.315470053880189841e-06 -3.800000000000000040e-06
-2.315470053880189841e-06 -3.800000000000000040e-06
-2.084529946319809685e-06 -3.800000000000000040e-06
-2.084529946319809262e-06 -3.800000000000000040e-06
-1.299999999929289101e-06 -4.100000000070711713e-06
-1.915470053880189859e-06 -3.800000000000000040e-06
-1.200000000000000369e-06 -4.200000000000000445e-06
-1.299999999929289313e-06 -4.100000000070711713e-06
-1.200000000000000369e-06 -4.200000000000000445e-06
-1.215470053826986375e-06 -4.184529946173014439e-06
-1.200000000000000369e-06 -4.200000000000000445e-06
-1.200000000000000369e-06 -4.200000000000000445e-06
-1.115470053880190743e-06 -4.200000000000000445e-06
-1.115470053880190743e-06 -4.200000000000000445e-06
-5.999999999999993376e-07 -4.715470053880191427e-06
-6.999999999292903990e-07 -4.300000000070709798e-06
-5.999999999999993376e-07 -4.757735026940095605e-06
-5.999999999999993376e-07 -4.642264973159904891e-06
-5.999999999999993376e-07 -4.757735026940095605e-06
-5.999999999999993376e-07 -4.642264973159904891e-06
-5.999999999999993376e-07 -4.757735026940095605e-06
-5.999999999999993376e-07 -4.642264973159904891e-06
-5.422649729804403947e-07 -4.857735027019559890e-06
-5.999999999999993376e-07 -4.642264973159904891e-06
-5.999999999999993376e-07 -4.557735027040095688e-06
-5.999999999999993376e-07 -4.442264973259905822e-06
-5.999999999999993376e-07 -4.557735027040095688e-06
-5.999999999999993376e-07 -4.442264973259905822e-06
-5.999999999999993376e-07 -4.557735027040095688e-06
-6.577350268781382948e-07 -4.342264973121861585e-06
-5.999999999999993376e-07 -4.557735027040095688e-06
-5.999999999999993376e-07 -4.442264973259905822e-06
-4.999999999292886081e-07 -4.900000000070711677e-06
-5.999999999999993376e-07 -4.484529946319810847e-06
-3.845299460315918727e-07 -5.015470053968407883e-06
-5.999999999999993376e-07 -4.484529946319810847e-06
-2.999999999292887760e-07 -5.100000000070711456e-06
-5.999999999999993376e-07 -4.484529946319810847e-06
-1.845299460315932317e-07 -5.215470053968406815e-06
-2.999999999292891466e-07 -5.100000000070710609e-06
-9.999999992929030708e-08 -5.300000000070710388e-06
-2.154700538269859440e-07 -5.184529946173014182e-06
1.547005396840797681e-08 -5.415470053968409135e-06
-9.999999992929053207e-08 -5.300000000070709541e-06
1.000000000707111794e-07 -5.500000000070711861e-06
-1.547005382698766696e-08 -5.384529946173013114e-06
1.999999999999997792e-07 -5.600000000000000594e-06
1.000000000707109147e-07 -5.500000000070711861e-06
1.999999999999997792e-07 -5.600000000000000594e-06
1.845299461730139320e-07 -5.584529946173014588e-06
1.999999999999997792e-07 -5.600000000000000594e-06
1.999999999999997792e-07 -5.600000000000000594e-06
1.999999999999997792e-07 -5.600000000000000594e-06
1.999999999999997792e-07 -5.600000000000000594e-06
1.915470053680189710e-06 -6.600000000000000337e-06
1.999999999999997792e-07 -5.600000000000000594e-06
2.084529946119809960e-06 -6.600000000000000337e-06
2.084529946119809960e-06 -6.600000000000000337e-06
2.315470053680190539e-06 -6.600000000000000337e-06
2.315470053680190963e-06 -6.600000000000000337e-06
2.484529946119811212e-06 -6.600000000000000337e-06
2.484529946119811212e-06 -6.600000000000000337e-06
2.715470053680190945e-06 -6.600000000000000337e-06
2.715470053680190945e-06 -6.600000000000000337e-06
2.884529946119810347e-06 -6.600000000000000337e-06
2.884529946119810770e-06 -6.600000000000000337e-06
3.115470053680190503e-06 -6.600000000000000337e-06
5.000000000000001256e-06 -4.484529946319810847e-06
5.000000000000001256e-06 -4.715470053880191427e-06
5.000000000000001256e-06 -4.484529946319810847e-06
5.000000000000001256e-06 -4.715470053880191427e-06
5.000000000000001256e-06 -4.484529946319810847e-06
5.000000000000001256e-06 -4.715470053880191427e-06
5.000000000000001256e-06 -4.484529946319810847e-06
5.000000000000001256e-06 -4.715470053880191427e-06
5.000000000000001256e-06 -4.484529946319810847e-06
5.000000000000001256e-06 -4.715470053880191427e-06
5.000000000000001256e-06 -4.484529946319810847e-06
5.000000000000001256e-06 -4.715470053880191427e-06
5.000000000000001256e-06 -4.484529946319810847e-06
5.000000000000001256e-06 -4.715470053880191427e-06
5.000000000000001256e-06 -4.484529946319810847e-06
5.000000000000001256e-06 -4.715470053880191427e-06
5.000000000000001256e-06 -4.484529946319810847e-06
5.000000000000001256e-06 -4.757735026940095605e-06
5.000000000000001256e-06 -4.642264973159904891e-06
5.000000000000001256e-06 -4.757735026940095605e-06
5.000000000000001256e-06 -4.642264973159904891e-06
5.000000000000001256e-06 -4.757735026940095605e-06
5.000000000000001256e-06 -4.642264973159904891e-06
5.000000000000001256e-06 -4.757735026940095605e-06
5.000000000000001256e-06 -4.642264973159904891e-06
5.000000000000001256e-06 -4.557735027040095688e-06
5.000000000000001256e-06 -4.442264973259905822e-06
5.000000000000001256e-06 -4.557735027040095688e-06
5.057735026878139049e-06 -4.342264973121862432e-06
5.000000000000001256e-06 -4.557735027040095688e-06
5.000000000000001256e-06 -4.442264973259905822e-06
5.000000000000001256e-06 -4.557735027040095688e-06
5.000000000000001256e-06 -4.442264973259905822e-06
5.000000000000001256e-06 -4.715470053880191427e-06
5.099999999929289988e-06 -4.300000000070711492e-06
5.000000000000001256e-06 -4.715470053880191427e-06
5.215470053826986194e-06 -4.184529946173015286e-06
5.000000000000001256e-06 -4.715470053880191427e-06
5.299999999929289767e-06 -4.100000000070711713e-06
5.299999999929290614e-06 -4.100000000070710866e-06
5.400000000000000814e-06 -4.000000000000000666e-06
5.384529946031594188e-06 -4.015470053968407293e-06
5.400000000000000814e-06 -4.000000000000000666e-06
5.400000000000000814e-06 -4.000000000000000666e-06
5.400000000000000814e-06 -4.000000000000000666e-06
5.400000000000000814e-06 -4.000000000000000666e-06
5.400000000000000814e-06 -4.000000000000000666e-06
5.400000000000000814e-06 -4.000000000000000666e-06
5.400000000000000814e-06 -4.000000000000000666e-06
5.400000000000000814e-06 -4.000000000000000666e-06
5.400000000000000814e-06 -4.000000000000000666e-06
5.400000000000000814e-06 -4.000000000000000666e-06
5.400000000000000814e-06 -4.000000000000000666e-06
5.400000000000000814e-06 -4.000000000000000666e-06
5.400000000000000814e-06 -4.000000000000000666e-06
5.400000000000000814e-06 -4.000000000000000666e-06
5.400000000000000814e-06 -4.000000000000000666e-06
5.400000000000000814e-06 -4.000000000000000666e-06
5.400000000000000814e-06 -4.000000000000000666e-06
5.400000000000000814e-06 -4.000000000000000666e-06
5.400000000000000814e-06 -4.000000000000000666e-06
5.400000000000000814e-06 -4.000000000000000666e-06
5.400000000000000814e-06 -4.000000000000000666e-06
5.400000000000000814e-06 -4.000000000000000666e-06
5.400000000000000814e-06 -4.000000000000000666e-06
5.400000000000000814e-06 -4.000000000000000666e-06
5.400000000000000814e-06 -4.000000000000000666e-06
5.400000000000000814e-06 -4.000000000000000666e-06
5.400000000000000814e-06 -4.000000000000000666e-06
5.400000000000000814e-06 -4.000000000000000666e-06
5.400000000000000814e-06 -4.000000000000000666e-06
5.400000000000000814e-06 -4.000000000000000666e-06
5.400000000000000814e-06 -4.000000000000000666e-06
5.400000000000000814e-06 -4.000000000000000666e-06
5.400000000000000814e-06 -4.000000000000000666e-06
5.400000000000000814e-06 -4.000000000000000666e-06
5.400000000000000814e-06 -4.000000000000000666e-06
7.200000000000000521e-06 -8.200000000000001111e-06
5.400000000000000814e-06 -4.000000000000000666e-06
7.200000000000000521e-06 -8.200000000000001111e-06
5.400000000000000814e-06 -4.000000000000000666e-06
-9.915470053880192462e-06 -4.600000000000000004e-06
-9.915470053880192462e-06 -4.600000000000000004e-06
-9.684529946319811035e-06 -4.600000000000000004e-06
-9.684529946319811035e-06 -4.600000000000000004e-06
-9.515470053880191210e-06 -4.600000000000000004e-06
-9.515470053880191210e-06 -4.600000000000000004e-06
-9.284529946319809783e-06 -4.600000000000000004e-06
-9.284529946319809783e-06 -4.600000000000000004e-06
-9.115470053880191651e-06 -4.600000000000000004e-06
-9.115470053880191651e-06 -4.600000000000000004e-06
-8.884529946319811918e-06 -4.600000000000000004e-06
-8.884529946319810224e-06 -4.600000000000000004e-06
-8.715470053880192093e-06 -4.600000000000000004e-06
-8.715470053880192093e-06 -4.600000000000000004e-06
-8.300000000070712158e-06 -4.500000000070710424e-06
-8.184529946173014258e-06 -4.384529946173014218e-06
-8.257735027019561219e-06 -4.457735027019560332e-06
-8.200000000000001111e-06 -4.400000000000000224e-06
-8.200000000141423426e-06 -4.400000000141422539e-06
-8.142264973121863319e-06 -4.342264973121862432e-06
-8.157735026948850172e-06 -4.357735026948849285e-06
-8.100000000070712379e-06 -4.300000000070710645e-06
-8.100000000070712379e-06 -4.300000000070711492e-06
-8.042264973192574587e-06 -4.242264973192573700e-06
-8.057735027019561440e-06 -4.257735027019559706e-06
-8.000000000141423647e-06 -4.200000000141422760e-06
-8.000000000000001332e-06 -4.200000000000000445e-06
-8.000000000000001332e-06 -4.200000000000000445e-06
-8.174401693603732192e-06 -4.374401693603731305e-06
-8.104465819941405829e-06 -4.304465819941404942e-06
-8.162200846819543621e-06 -4.362200846819542735e-06
-8.058931639847456607e-06 -4.258931639847455720e-06
-8.141068360293968152e-06 -4.341068360293968112e-06
-8.037799153321881137e-06 -4.237799153321879403e-06
-8.095534180200017235e-06 -4.295534180200016348e-06
-8.025598306537692567e-06 -4.225598306537691680e-06
-8.057735027019559745e-06 -4.257735027019559706e-06
-7.957735026940095460e-06 -4.200000000000000445e-06
-7.842264973159904747e-06 -4.200000000000000445e-06
-7.842264973159904747e-06 -4.200000000000000445e-06
-7.757735027040094696e-06 -4.200000000000000445e-06
-7.757735027040094696e-06 -4.200000000000000445e-06
-7.642264973259905677e-06 -4.200000000000000445e-06
-7.642264973259905677e-06 -4.200000000000000445e-06
-7.757735027040094696e-06 -4.200000000000000445e-06
-7.757735027040094696e-06 -4.200000000000000445e-06
-7.642264973259905677e-06 -4.200000000000000445e-06
-7.642264973259905677e-06 -4.200000000000000445e-06
-7.957735026940095460e-06 -4.200000000000000445e-06
-7.957735026940095460e-06 -4.200000000000000445e-06
-7.842264973159904747e-06 -4.200000000000000445e-06
-7.842264973159904747e-06 -4.200000000000000445e-06
-7.557735026940095055e-06 -4.200000000000000445e-06
-7.557735026940095055e-06 -4.200000000000000445e-06
-7.442264973159906035e-06 -4.200000000000000445e-06
-7.442264973159906035e-06 -4.200000000000000445e-06
-7.357735027040096832e-06 -4.200000000000000445e-06
-7.357735027040095985e-06 -4.200000000000000445e-06
-7.242264973259906119e-06 -4.200000000000000445e-06
-7.242264973259906119e-06 -4.200000000000000445e-06
-7.357735027040096832e-06 -4.200000000000000445e-06
-7.357735027040095985e-06 -4.200000000000000445e-06
-7.242264973259906119e-06 -4.200000000000000445e-06
-7.242264973259906119e-06 -4.200000000000000445e-06
-7.557735026940095055e-06 -4.200000000000000445e-06
-7.557735026940095055e-06 -4.200000000000000445e-06
-7.442264973159906035e-06 -4.200000000000000445e-06
-7.442264973159906035e-06 -4.200000000000000445e-06
-7.157735026940096343e-06 -4.200000000000000445e-06
-7.157735026940096343e-06 -4.200000000000000445e-06
-7.042264973159905630e-06 -4.200000000000000445e-06
-7.042264973159905630e-06 -4.200000000000000445e-06
-6.957735027040096427e-06 -4.200000000000000445e-06
-6.957735027040095580e-06 -4.200000000000000445e-06
-6.842264973259906560e-06 -4.200000000000000445e-06
-6.842264973259906560e-06 -4.200000000000000445e-06
-6.957735027040096427e-06 -4.200000000000000445e-06
-6.957735027040095580e-06 -4.200000000000000445e-06
-6.842264973259906560e-06 -4.200000000000000445e-06
-6.842264973259906560e-06 -4.200000000000000445e-06
-7.157735026940096343e-06 -4.200000000000000445e-06
-7.157735026940096343e-06 -4.200000000000000445e-06
-7.042264973159905630e-06 -4.200000000000000445e-06
-7.042264973159905630e-06 -4.200000000000000445e-06
-6.757735026940097632e-06 -4.200000000000000445e-06
-6.757735026940096785e-06 -4.200000000000000445e-06
-6.642264973159906071e-06 -4.200000000000000445e-06
-6.642264973159904377e-06 -4.200000000000000445e-06
-6.557735027040096021e-06 -4.200000000000000445e-06
-6.557735027040096021e-06 -4.200000000000000445e-06
-6.442264973259907002e-06 -4.200000000000000445e-06
-6.442264973259907002e-06 -4.200000000000000445e-06
-6.557735027040096021e-06 -4.200000000000000445e-06
-6.557735027040096021e-06 -4.200000000000000445e-06
-6.442264973259907002e-06 -4.200000000000000445e-06
-6.442264973259907002e-06 -4.200000000000000445e-06
-6.757735026940097632e-06 -4.200000000000000445e-06
-6.757735026940096785e-06 -4.200000000000000445e-06
-6.642264973159906071e-06 -4.200000000000000445e-06
-6.642264973159904377e-06 -4.200000000000000445e-06
-6.357735026940096379e-06 -4.200000000000000445e-06
-6.357735026940096379e-06 -4.200000000000000445e-06
-6.242264973159904819e-06 -4.200000000000000445e-06
-6.242264973159904819e-06 -4.200000000000000445e-06
-6.157735027040094769e-06 -4.200000000000000445e-06
-6.157735027040094769e-06 -4.200000000000000445e-06
-6.042264973259905750e-06 -4.200000000000000445e-06
-6.042264973259905750e-06 -4.200000000000000445e-06
-6.157735027040094769e-06 -4.200000000000000445e-06
-6.157735027040094769e-06 -4.200000000000000445e-06
-6.042264973259905750e-06 -4.200000000000000445e-06
-6.042264973259905750e-06 -4.200000000000000445e-06
-6.357735026940096379e-06 -4.200000000000000445e-06
-6.357735026940096379e-06 -4.200000000000000445e-06
-6.242264973159904819e-06 -4.200000000000000445e-06
-6.242264973159904819e-06 -4.200000000000000445e-06
-5.957735026940096821e-06 -4.200000000000000445e-06
-5.957735026940095974e-06 -4.200000000000000445e-06
-5.842264973159906108e-06 -4.200000000000000445e-06
-5.842264973159905261e-06 -4.200000000000000445e-06
-5.757735027040096058e-06 -4.200000000000000445e-06
-5.757735027040095210e-06 -4.200000000000000445e-06
-5.642264973259906191e-06 -4.200000000000000445e-06
-5.642264973259906191e-06 -4.200000000000000445e-06
-5.757735027040096058e-06 -4.200000000000000445e-06
-5.757735027040095210e-06 -4.200000000000000445e-06
-5.642264973259906191e-06 -4.200000000000000445e-06
-5.642264973259906191e-06 -4.200000000000000445e-06
-5.957735026940096821e-06 -4.200000000000000445e-06
-5.957735026940095974e-06 -4.200000000000000445e-06
-5.842264973159906108e-06 -4.200000000000000445e-06
-5.842264973159905261e-06 -4.200000000000000445e-06
-5.557735026940096416e-06 -4.200000000000000445e-06
-5.557735026940095569e-06 -4.200000000000000445e-06
-5.442264973159906549e-06 -4.200000000000000445e-06
-5.442264973159905702e-06 -4.200000000000000445e-06
-5.357735027040097346e-06 -4.200000000000000445e-06
-5.357735027040095652e-06 -4.200000000000000445e-06
-5.242264973259906633e-06 -4.200000000000000445e-06
-5.242264973259906633e-06 -4.200000000000000445e-06
-5.357735027040097346e-06 -4.200000000000000445e-06
-5.357735027040095652e-06 -4.200000000000000445e-06
-5.242264973259906633e-06 -4.200000000000000445e-06
-5.242264973259906633e-06 -4.200000000000000445e-06
-5.557735026940096416e-06 -4.200000000000000445e-06
-5.557735026940095569e-06 -4.200000000000000445e-06
-5.442264973159906549e-06 -4.200000000000000445e-06
-5.442264973159905702e-06 -4.200000000000000445e-06
-5.157735026940096010e-06 -4.200000000000000445e-06
-5.157735026940096010e-06 -4.200000000000000445e-06
-5.042264973159906144e-06 -4.200000000000000445e-06
-5.042264973159905297e-06 -4.200000000000000445e-06
-4.957735027040096094e-06 -4.200000000000000445e-06
-4.957735027040096094e-06 -4.200000000000000445e-06
-4.842264973259905380e-06 -4.200000000000000445e-06
-4.842264973259905380e-06 -4.200000000000000445e-06
-4.957735027040096094e-06 -4.200000000000000445e-06
-4.957735027040096094e-06 -4.200000000000000445e-06
-4.842264973259905380e-06 -4.200000000000000445e-06
-4.842264973259905380e-06 -4.200000000000000445e-06
-5.157735026940096010e-06 -4.200000000000000445e-06
-5.157735026940096010e-06 -4.200000000000000445e-06
-5.042264973159906144e-06 -4.200000000000000445e-06
-5.042264973159905297e-06 -4.200000000000000445e-06
-4.757735026940095605e-06 -4.200000000000000445e-06
-4.757735026940095605e-06 -4.200000000000000445e-06
-4.642264973159904891e-06 -4.200000000000000445e-06
-4.642264973159904891e-06 -4.200000000000000445e-06
-4.557735027040095688e-06 -4.200000000000000445e-06
-4.557735027040095688e-06 -4.200000000000000445e-06
-4.442264973259905822e-06 -4.200000000000000445e-06
-4.442264973259905822e-06 -4.200000000000000445e-06
-4.557735027040095688e-06 -4.200000000000000445e-06
-4.557735027040095688e-06 -4.200000000000000445e-06
-4.442264973259905822e-06 -4.200000000000000445e-06
-4.442264973259905822e-06 -4.200000000000000445e-06
-4.757735026940095605e-06 -4.200000000000000445e-06
-4.757735026940095605e-06 -4.200000000000000445e-06
-4.642264973159904891e-06 -4.200000000000000445e-06
-4.642264973159904891e-06 -4.200000000000000445e-06
-4.357735026940096046e-06 -4.200000000000000445e-06
-4.357735026940096046e-06 -4.200000000000000445e-06
-4.242264973159905333e-06 -4.200000000000000445e-06
-4.242264973159905333e-06 -4.200000000000000445e-06
-4.157735027040096130e-06 -4.200000000000000445e-06
-4.157735027040095283e-06 -4.200000000000000445e-06
-4.042264973259906264e-06 -4.200000000000000445e-06
-4.042264973259906264e-06 -4.200000000000000445e-06
-4.157735027040096130e-06 -4.200000000000000445e-06
-4.157735027040095283e-06 -4.200000000000000445e-06
-4.042264973259906264e-06 -4.200000000000000445e-06
-4.042264973259906264e-06 -4.200000000000000445e-06
-4.357735026940096046e-06 -4.200000000000000445e-06
-4.357735026940096046e-06 -4.200000000000000445e-06
-4.242264973159905333e-06 -4.200000000000000445e-06
-4.242264973159905333e-06 -4.200000000000000445e-06
-3.957735026940095641e-06 -4.200000000000000445e-06
-3.957735026940095641e-06 -4.200000000000000445e-06
-3.842264973159904928e-06 -4.200000000000000445e-06
-3.842264973159904928e-06 -4.200000000000000445e-06
-3.757735027040095301e-06 -4.200000000000000445e-06
-3.757735027040095301e-06 -4.200000000000000445e-06
-3.642264973259905435e-06 -4.200000000000000445e-06
-3.642264973259905011e-06 -4.200000000000000445e-06
-3.757735027040095301e-06 -4.200000000000000445e-06
-3.757735027040095301e-06 -4.200000000000000445e-06
-3.642264973259905435e-06 -4.200000000000000445e-06
-3.642264973259905011e-06 -4.200000000000000445e-06
-3.957735026940095641e-06 -4.200000000000000445e-06
-3.957735026940095641e-06 -4.200000000000000445e-06
-3.842264973159904928e-06 -4.200000000000000445e-06
-3.842264973159904928e-06 -4.200000000000000445e-06
-3.557735026940095659e-06 -4.200000000000000445e-06
-3.557735026940095659e-06 -4.200000000000000445e-06
-3.442264973159906216e-06 -4.200000000000000445e-06
-3.442264973159905793e-06 -4.200000000000000445e-06
-3.357735027040096166e-06 -4.200000000000000445e-06
-3.357735027040095743e-06 -4.200000000000000445e-06
-3.242264973259905029e-06 -4.200000000000000445e-06
-3.242264973259905029e-06 -4.200000000000000445e-06
-3.357735027040096166e-06 -4.200000000000000445e-06
-3.357735027040095743e-06 -4.200000000000000445e-06
-3.242264973259905029e-06 -4.200000000000000445e-06
-3.142264973121862486e-06 -4.142264973121862653e-06
-3.557735026940095659e-06 -4.200000000000000445e-06
-3.557735026940095659e-06 -4.200000000000000445e-06
-3.442264973159906216e-06 -4.200000000000000445e-06
-3.442264973159905793e-06 -4.200000000000000445e-06
-3.199999999999999855e-06 -4.200000000000000445e-06
-3.199999999999999855e-06 -4.200000000000000445e-06
-3.199999999999999855e-06 -4.200000000000000445e-06
-3.142264973121862486e-06 -4.142264973121862653e-06
-3.157735026948848916e-06 -4.157735026948849506e-06
-3.100000000070711123e-06 -4.100000000070711713e-06
-3.100000000070711123e-06 -4.100000000070711713e-06
-3.042264973192573330e-06 -4.042264973192573921e-06
-3.057735027019559336e-06 -4.057735027019559927e-06
-3.000000000141421967e-06 -4.000000000141422134e-06
-3.000000000000000076e-06 -4.000000000000000666e-06
-2.942264973121863130e-06 -3.942264973121863720e-06
-3.141068360293966896e-06 -4.141068360293967486e-06
-3.037799153321879034e-06 -4.037799153321879624e-06
-3.095534180200016826e-06 -4.095534180200017416e-06
-3.025598306537691734e-06 -4.025598306537691900e-06
-3.174401693603730089e-06 -4.174401693603730679e-06
-3.104465819941404996e-06 -4.104465819941406010e-06
-3.162200846819542365e-06 -4.162200846819542955e-06
-3.058931639847454504e-06 -4.058931639847455094e-06
-3.015470053968407973e-06 -4.015470053968408140e-06
-2.900000000070711767e-06 -3.900000000070711934e-06
-2.484529946319810090e-06 -3.800000000000000040e-06
-2.484529946319809667e-06 -3.800000000000000040e-06
-2.315470053880189841e-06 -3.800000000000000040e-06
-2.315470053880189841e-06 -3.800000000000000040e-06
-2.084529946319809685e-06 -3.800000000000000040e-06
-2.084529946319809262e-06 -3.800000000000000040e-06
-1.915470053880189859e-06 -3.800000000000000040e-06
-1.915470053880189859e-06 -3.800000000000000040e-06
-1.384529946031592886e-06 -4.015470053968408140e-06
-1.499999999929288881e-06 -3.900000000070711087e-06
-1.299999999929289313e-06 -4.100000000070711713e-06
-1.357735026807427106e-06 -4.042264973192573921e-06
-1.242264973051151732e-06 -4.157735026948849506e-06
-1.299999999929289525e-06 -4.100000000070711713e-06
-1.400000000000000148e-06 -4.000000000000000666e-06
-1.457735026878137517e-06 -3.942264973121862873e-06
-1.342264972980441311e-06 -4.057735027019559927e-06
-1.399999999858578680e-06 -4.000000000141422134e-06
-1.200000000000000369e-06 -4.200000000000000445e-06
-1.257735026878137950e-06 -4.142264973121862653e-06
-1.200000000000000369e-06 -4.200000000000000445e-06
-1.200000000000000369e-06 -4.200000000000000445e-06
-1.304465819799984033e-06 -4.095534180200016569e-06
-1.374401693462308702e-06 -4.025598306537691900e-06
-1.258931639706033541e-06 -4.141068360293967486e-06
-1.362200846678121402e-06 -4.037799153321879624e-06
-1.237799153180457859e-06 -4.162200846819542955e-06
-1.341068360152545509e-06 -4.058931639847455094e-06
-1.225598306396270559e-06 -4.174401693603729832e-06
-1.295534180058595228e-06 -4.104465819941405163e-06
-1.157735026940095556e-06 -4.200000000000000445e-06
-1.157735026940095556e-06 -4.200000000000000445e-06
-1.042264973159905478e-06 -4.200000000000000445e-06
-1.042264973159905478e-06 -4.200000000000000445e-06
-9.577350270400956394e-07 -4.200000000000000445e-06
-9.577350270400958512e-07 -4.200000000000000445e-06
-7.422649729804416562e-07 -4.257735027019558859e-06
-8.422649732599057731e-07 -4.200000000000000445e-06
-9.577350270400956394e-07 -4.200000000000000445e-06
-9.577350270400958512e-07 -4.200000000000000445e-06
-8.422649732599056672e-07 -4.200000000000000445e-06
-8.422649732599057731e-07 -4.200000000000000445e-06
-1.157735026940095556e-06 -4.200000000000000445e-06
-1.257735026878137950e-06 -4.142264973121862653e-06
-1.042264973159905478e-06 -4.200000000000000445e-06
-1.042264973159905478e-06 -4.200000000000000445e-06
-8.000000000000008108e-07 -4.200000000000000445e-06
-8.000000000000008108e-07 -4.200000000000000445e-06
-7.422649729804405974e-07 -4.257735027019560553e-06
-8.000000000000008108e-07 -4.200000000000000445e-06
-5.999999999999993376e-07 -4.400000000000000224e-06
-6.577350268781367066e-07 -4.342264973121863279e-06
-5.999999999999993376e-07 -4.400000000000000224e-06
-5.999999999999993376e-07 -4.400000000000000224e-06
-6.999999999292884932e-07 -4.300000000070711492e-06
-7.577350268074259681e-07 -4.242264973192575394e-06
-6.422649730511503830e-07 -4.357735026948849285e-06
-6.999999999292877521e-07 -4.300000000070712339e-06
-7.044658197999839547e-07 -4.295534180200016348e-06
-7.744016934623092587e-07 -4.225598306537691680e-06
-6.589316397060327207e-07 -4.341068360293967265e-06
-7.622008466781217472e-07 -4.237799153321879403e-06
-6.377991531804566156e-07 -4.362200846819543582e-06
-7.410683601525456422e-07 -4.258931639847454873e-06
-6.255983063962691041e-07 -4.374401693603730458e-06
-6.955341800585945141e-07 -4.304465819941405789e-06
-5.999999999999993376e-07 -4.400000000000000224e-06
-6.154700538269839671e-07 -4.384529946173015912e-06
-5.999999999999993376e-07 -4.400000000000000224e-06
-5.999999999999993376e-07 -4.400000000000000224e-06
-5.999999999999993376e-07 -4.400000000000000224e-06
-5.999999999999993376e-07 -4.400000000000000224e-06
-5.999999999999993376e-07 -4.400000000000000224e-06
-5.999999999999993376e-07 -4.400000000000000224e-06
-5.999999999999993376e-07 -4.400000000000000224e-06
-5.999999999999993376e-07 -4.400000000000000224e-06
-1.845299460315941847e-07 -5.215470053968405968e-06
-5.999999999999993376e-07 -4.400000000000000224e-06
-9.999999992929090265e-08 -5.300000000070709541e-06
-5.999999999999993376e-07 -4.400000000000000224e-06
1.547005396840734154e-08 -5.415470053968408288e-06
-9.999999992929167027e-08 -5.300000000070708694e-06
1.000000000707107294e-07 -5.500000000070711861e-06
-1.547005382698860995e-08 -5.384529946173012267e-06
1.999999999999997792e-07 -5.600000000000000594e-06
1.000000000707105441e-07 -5.500000000070711014e-06
1.999999999999997792e-07 -5.600000000000000594e-06
1.845299461730140114e-07 -5.584529946173014588e-06
1.999999999999997792e-07 -5.600000000000000594e-06
1.999999999999997792e-07 -5.600000000000000594e-06
1.999999999999997792e-07 -5.600000000000000594e-06
1.999999999999997792e-07 -5.600000000000000594e-06
2.315470053680190539e-06 -6.600000000000000337e-06
2.315470053680190963e-06 -6.600000000000000337e-06
2.484529946119811212e-06 -6.600000000000000337e-06
2.484529946119811212e-06 -6.600000000000000337e-06
2.715470053680190945e-06 -6.600000000000000337e-06
5.000000000000001256e-06 -4.400000000000000224e-06
5.000000000000001256e-06 -4.400000000000000224e-06
5.000000000000001256e-06 -4.400000000000000224e-06
5.000000000000001256e-06 -4.400000000000000224e-06
5.000000000000001256e-06 -4.400000000000000224e-06
5.000000000000001256e-06 -4.400000000000000224e-06
5.000000000000001256e-06 -4.400000000000000224e-06
5.000000000000001256e-06 -4.400000000000000224e-06
5.000000000000001256e-06 -4.400000000000000224e-06
5.000000000000001256e-06 -4.400000000000000224e-06
5.000000000000001256e-06 -4.400000000000000224e-06
5.000000000000001256e-06 -4.400000000000000224e-06
5.000000000000001256e-06 -4.400000000000000224e-06
5.000000000000001256e-06 -4.400000000000000224e-06
5.000000000000001256e-06 -4.400000000000000224e-06
5.000000000000001256e-06 -4.400000000000000224e-06
5.000000000000001256e-06 -4.400000000000000224e-06
5.000000000000001256e-06 -4.400000000000000224e-06
5.000000000000001256e-06 -4.400000000000000224e-06
5.000000000000001256e-06 -4.400000000000000224e-06
5.015470053826987262e-06 -4.384529946173014218e-06
5.000000000000001256e-06 -4.400000000000000224e-06
5.000000000000001256e-06 -4.400000000000000224e-06
5.000000000000001256e-06 -4.400000000000000224e-06
5.057735026878139049e-06 -4.342264973121862432e-06
5.042264973051153043e-06 -4.357735026948848438e-06
5.099999999929289988e-06 -4.300000000070711492e-06
5.099999999929290835e-06 -4.300000000070710645e-06
5.157735026807427781e-06 -4.242264973192573700e-06
5.142264972980442622e-06 -4.257735027019558859e-06
5.200000000000001035e-06 -4.200000000000000445e-06
5.200000000000001035e-06 -4.200000000000000445e-06
5.257735026878138828e-06 -4.142264973121862653e-06
5.025598306396271023e-06 -4.374401693603730458e-06
5.095534180058596538e-06 -4.304465819941404942e-06
5.037799153180458746e-06 -4.362200846819542735e-06
5.141068360152546608e-06 -4.258931639847454873e-06
5.058931639706034216e-06 -4.341068360293967265e-06
5.162200846678122078e-06 -4.237799153321879403e-06
5.104465819799984285e-06 -4.295534180200017196e-06
5.174401693462309801e-06 -4.225598306537691680e-06
5.142264972980441775e-06 -4.257735027019559706e-06
5.200000000000001035e-06 -4.200000000000000445e-06
5.200000000000001035e-06 -4.200000000000000445e-06
5.257735026878138828e-06 -4.142264973121862653e-06
5.242264973051152822e-06 -4.157735026948848659e-06
5.299999999929290614e-06 -4.100000000070710866e-06
5.299999999929289767e-06 -4.100000000070711713e-06
5.357735026807426713e-06 -4.042264973192574768e-06
5.342264972980442401e-06 -4.057735027019559079e-06
5.400000000000000814e-06 -4.000000000000000666e-06
5.399999999858579347e-06 -4.000000000141422134e-06
5.400000000000000814e-06 -4.000000000000000666e-06
5.258931639706034842e-06 -4.141068360293966639e-06
5.362200846678121857e-06 -4.037799153321879624e-06
5.304465819799984911e-06 -4.095534180200016569e-06
5.374401693462309580e-06 -4.025598306537691900e-06
5.225598306396271649e-06 -4.174401693603729832e-06
5.295534180058596318e-06 -4.104465819941405163e-06
5.237799153180459372e-06 -4.162200846819542108e-06
5.341068360152546387e-06 -4.058931639847455094e-06
5.384529946031593341e-06 -4.015470053968408140e-06
5.400000000000000814e-06 -4.000000000000000666e-06
5.400000000000000814e-06 -4.000000000000000666e-06
5.400000000000000814e-06 -4.000000000000000666e-06
5.400000000000000814e-06 -4.000000000000000666e-06
5.400000000000000814e-06 -4.000000000000000666e-06
5.400000000000000814e-06 -4.000000000000000666e-06
5.400000000000000814e-06 -4.000000000000000666e-06
5.400000000000000814e-06 -4.000000000000000666e-06
5.400000000000000814e-06 -4.000000000000000666e-06
5.400000000000000814e-06 -4.000000000000000666e-06
5.400000000000000814e-06 -4.000000000000000666e-06
5.400000000000000814e-06 -4.000000000000000666e-06
5.400000000000000814e-06 -4.000000000000000666e-06
5.400000000000000814e-06 -4.000000000000000666e-06
5.400000000000000814e-06 -4.000000000000000666e-06
5.400000000000000814e-06 -4.000000000000000666e-06
5.400000000000000814e-06 -4.000000000000000666e-06
5.400000000000000814e-06 -4.000000000000000666e-06
5.400000000000000814e-06 -4.000000000000000666e-06
5.400000000000000814e-06 -4.000000000000000666e-06
5.400000000000000814e-06 -4.000000000000000666e-06
5.400000000000000814e-06 -4.000000000000000666e-06
5.400000000000000814e-06 -4.000000000000000666e-06
5.400000000000000814e-06 -4.000000000000000666e-06
5.400000000000000814e-06 -4.000000000000000666e-06
5.400000000000000814e-06 -4.000000000000000666e-06
5.400000000000000814e-06 -4.000000000000000666e-06
5.400000000000000814e-06 -4.000000000000000666e-06
5.400000000000000814e-06 -4.000000000000000666e-06
5.400000000000000814e-06 -4.000000000000000666e-06
5.400000000000000814e-06 -4.000000000000000666e-06
5.400000000000000814e-06 -4.000000000000000666e-06
5.400000000000000814e-06 -4.000000000000000666e-06
5.400000000000000814e-06 -4.000000000000000666e-06
5.400000000000000814e-06 -4.000000000000000666e-06
5.400000000000000814e-06 -4.000000000000000666e-06
5.400000000000000814e-06 -4.000000000000000666e-06
5.400000000000000814e-06 -4.000000000000000666e-06
5.400000000000000814e-06 -4.000000000000000666e-06
5.400000000000000814e-06 -4.000000000000000666e-06
5.400000000000000814e-06 -4.000000000000000666e-06
5.400000000000000814e-06 -4.000000000000000666e-06
5.400000000000000814e-06 -4.000000000000000666e-06
-9.915470053880192462e-06 -4.600000000000000004e-06
-9.915470053880192462e-06 -4.600000000000000004e-06
-9.684529946319811035e-06 -4.600000000000000004e-06
-9.684529946319811035e-06 -4.600000000000000004e-06
-9.515470053880191210e-06 -4.600000000000000004e-06
-9.515470053880191210e-06 -4.600000000000000004e-06
-9.284529946319809783e-06 -4.600000000000000004e-06
-9.284529946319809783e-06 -4.600000000000000004e-06
-9.115470053880191651e-06 -4.600000000000000004e-06
-9.115470053880191651e-06 -4.600000000000000004e-06
-8.884529946319811918e-06 -4.600000000000000004e-06
-8.884529946319810224e-06 -4.600000000000000004e-06
-8.715470053880192093e-06 -4.600000000000000004e-06
-8.100000000070712379e-06 -4.300000000070711492e-06
-8.100000000070712379e-06 -4.300000000070711492e-06
-8.000000000000001332e-06 -4.200000000000000445e-06
-8.015470053968408806e-06 -4.215470053968408766e-06
-8.000000000000001332e-06 -4.200000000000000445e-06
-8.000000000000001332e-06 -4.200000000000000445e-06
-8.000000000000001332e-06 -4.200000000000000445e-06
-7.915470053880191282e-06 -4.200000000000000445e-06
-7.915470053880191282e-06 -4.200000000000000445e-06
-7.684529946319809855e-06 -4.200000000000000445e-06
-7.684529946319809855e-06 -4.200000000000000445e-06
-7.515470053880190877e-06 -4.200000000000000445e-06
-7.515470053880190877e-06 -4.200000000000000445e-06
-7.284529946319811144e-06 -4.200000000000000445e-06
-7.284529946319810297e-06 -4.200000000000000445e-06
-7.115470053880191318e-06 -4.200000000000000445e-06
-7.115470053880191318e-06 -4.200000000000000445e-06
-6.884529946319812432e-06 -4.200000000000000445e-06
-6.884529946319811585e-06 -4.200000000000000445e-06
-6.715470053880192607e-06 -4.200000000000000445e-06
-6.715470053880191760e-06 -4.200000000000000445e-06
-6.484529946319812027e-06 -4.200000000000000445e-06
-6.484529946319812027e-06 -4.200000000000000445e-06
-6.315470053880191354e-06 -4.200000000000000445e-06
-6.315470053880191354e-06 -4.200000000000000445e-06
-6.084529946319811622e-06 -4.200000000000000445e-06
-6.084529946319810775e-06 -4.200000000000000445e-06
-5.915470053880191796e-06 -4.200000000000000445e-06
-5.915470053880191796e-06 -4.200000000000000445e-06
-5.684529946319811216e-06 -4.200000000000000445e-06
-5.684529946319811216e-06 -4.200000000000000445e-06
-5.515470053880191391e-06 -4.200000000000000445e-06
-5.515470053880191391e-06 -4.200000000000000445e-06
-5.284529946319811658e-06 -4.200000000000000445e-06
-5.284529946319810811e-06 -4.200000000000000445e-06
-5.115470053880191832e-06 -4.200000000000000445e-06
-5.115470053880190985e-06 -4.200000000000000445e-06
-4.884529946319811252e-06 -4.200000000000000445e-06
-4.884529946319811252e-06 -4.200000000000000445e-06
-4.715470053880191427e-06 -4.200000000000000445e-06
-4.715470053880191427e-06 -4.200000000000000445e-06
-4.484529946319811694e-06 -4.200000000000000445e-06
-4.484529946319810847e-06 -4.200000000000000445e-06
-4.315470053880191021e-06 -4.200000000000000445e-06
-4.315470053880191021e-06 -4.200000000000000445e-06
-4.084529946319811289e-06 -4.200000000000000445e-06
-4.084529946319811289e-06 -4.200000000000000445e-06
-3.915470053880191463e-06 -4.200000000000000445e-06
-3.915470053880190616e-06 -4.200000000000000445e-06
-3.684529946319810460e-06 -4.200000000000000445e-06
-3.684529946319810460e-06 -4.200000000000000445e-06
-3.515470053880190634e-06 -4.200000000000000445e-06
-3.515470053880190210e-06 -4.200000000000000445e-06
-3.100000000070711123e-06 -4.100000000070711713e-06
-2.984529946173013223e-06 -3.984529946173013813e-06
-3.057735027019559760e-06 -4.057735027019559927e-06
-3.000000000000000076e-06 -4.000000000000000666e-06
-3.000000000141421544e-06 -4.000000000141422134e-06
-2.942264973121862283e-06 -3.942264973121862873e-06
-2.957735026948848289e-06 -3.957735026948848879e-06
-2.900000000070710497e-06 -3.900000000070710240e-06
-2.900000000070710920e-06 -3.900000000070711087e-06
-2.842264973192573128e-06 -3.842264973192573294e-06
-2.857735027019559557e-06 -3.857735027019559300e-06
-2.800000000141421765e-06 -3.800000000141421508e-06
-2.800000000141421765e-06 -3.800000000141421508e-06
-2.800000000000000297e-06 -3.800000000000000040e-06
-2.974401693603730309e-06 -3.974401693603730899e-06
-2.904465819941405217e-06 -3.904465819941405384e-06
-2.962200846819542586e-06 -3.962200846819543176e-06
-2.858931639847455148e-06 -3.858931639847455314e-06
-2.941068360293967540e-06 -3.941068360293967706e-06
-2.837799153321879255e-06 -3.837799153321878998e-06
-2.895534180200017047e-06 -3.895534180200016790e-06
-2.825598306537691955e-06 -3.825598306537691274e-06
-2.857735027019560404e-06 -3.857735027019560147e-06
-2.757735026940095695e-06 -3.800000000000000040e-06
-2.642264973159905829e-06 -3.800000000000000040e-06
-2.642264973159905829e-06 -3.800000000000000040e-06
-2.557735027040095779e-06 -3.800000000000000040e-06
-2.557735027040095355e-06 -3.800000000000000040e-06
-2.442264973259905065e-06 -3.800000000000000040e-06
-2.442264973259905065e-06 -3.800000000000000040e-06
-2.557735027040095779e-06 -3.800000000000000040e-06
-2.557735027040095355e-06 -3.800000000000000040e-06
-2.442264973259905065e-06 -3.800000000000000040e-06
-2.442264973259905065e-06 -3.800000000000000040e-06
-2.757735026940095695e-06 -3.800000000000000040e-06
-2.757735026940095695e-06 -3.800000000000000040e-06
-2.642264973159905829e-06 -3.800000000000000040e-06
-2.642264973159905829e-06 -3.800000000000000040e-06
-2.357735026940095290e-06 -3.800000000000000040e-06
-2.357735026940095713e-06 -3.800000000000000040e-06
-2.242264973159906271e-06 -3.800000000000000040e-06
-2.242264973159905847e-06 -3.800000000000000040e-06
-2.157735027040095797e-06 -3.800000000000000040e-06
-2.157735027040095797e-06 -3.800000000000000040e-06
-2.042264973259905084e-06 -3.800000000000000040e-06
-2.042264973259904660e-06 -3.800000000000000040e-06
-2.157735027040095797e-06 -3.800000000000000040e-06
-2.157735027040095797e-06 -3.800000000000000040e-06
-2.042264973259905084e-06 -3.800000000000000040e-06
-2.042264973259904660e-06 -3.800000000000000040e-06
-2.357735026940095290e-06 -3.800000000000000040e-06
-2.357735026940095713e-06 -3.800000000000000040e-06
-2.242264973159906271e-06 -3.800000000000000040e-06
-2.242264973159905847e-06 -3.800000000000000040e-06
-1.957735026940094884e-06 -3.800000000000000040e-06
-1.957735026940094884e-06 -3.800000000000000040e-06
-1.842264973159904595e-06 -3.800000000000000040e-06
-1.842264973159904595e-06 -3.800000000000000040e-06
-1.757735027040094968e-06 -3.800000000000000040e-06
-1.757735027040094968e-06 -3.800000000000000040e-06
-1.542264972980440667e-06 -3.857735027019559300e-06
-1.642264973259905102e-06 -3.800000000000000040e-06
-1.757735027040094968e-06 -3.800000000000000040e-06
-1.757735027040094968e-06 -3.800000000000000040e-06
-1.642264973259905102e-06 -3.800000000000000040e-06
-1.542264973121862559e-06 -3.742264973121862671e-06
-1.957735026940094884e-06 -3.800000000000000040e-06
-1.957735026940094884e-06 -3.800000000000000040e-06
-1.842264973159904595e-06 -3.800000000000000040e-06
-1.842264973159904595e-06 -3.800000000000000040e-06
-1.399999999858578469e-06 -4.000000000141422134e-06
-1.457735026878138364e-06 -3.942264973121862026e-06
-1.342264972980441311e-06 -4.057735027019559927e-06
-1.400000000000000148e-06 -4.000000000000000666e-06
-1.457735027019559409e-06 -3.657735027019559521e-06
-1.400000000141421828e-06 -3.600000000141421729e-06
-1.400000000141421616e-06 -3.600000000141421729e-06
-1.400000000000000148e-06 -3.600000000000000261e-06
-1.437799153180457215e-06 -3.962200846819543176e-06
-1.541068360152545500e-06 -3.858931639847454467e-06
-1.425598306396270338e-06 -3.974401693603730052e-06
-1.495534180058595431e-06 -3.904465819941405384e-06
-1.541068360293966968e-06 -3.741068360293967080e-06
-1.437799153321879106e-06 -3.637799153321879218e-06
-1.495534180200016687e-06 -3.695534180200016587e-06
-1.425598306537691595e-06 -3.625598306537691919e-06
-1.504465819799982966e-06 -3.895534180200017637e-06
-1.574401693462308481e-06 -3.825598306537691274e-06
-1.458931639706033320e-06 -3.941068360293967706e-06
-1.562200846678121182e-06 -3.837799153321878998e-06
-1.574401693603730161e-06 -3.774401693603730273e-06
-1.504465819941405069e-06 -3.704465819941405181e-06
-1.562200846819542861e-06 -3.762200846819542973e-06
-1.458931639847454788e-06 -3.658931639847454688e-06
-1.299999999929289525e-06 -4.100000000070711713e-06
-1.400000000000000148e-06 -3.600000000000000261e-06
-8.845299463198105864e-07 -4.200000000000000445e-06
-8.845299463198105864e-07 -4.200000000000000445e-06
-8.000000000000008108e-07 -4.200000000000000445e-06
-8.000000000000008108e-07 -4.200000000000000445e-06
-7.845299460315912194e-07 -4.215470053968409613e-06
-8.000000000000008108e-07 -4.200000000000000445e-06
-6.999999999292872227e-07 -4.300000000070713186e-06
-8.000000000000008108e-07 -4.200000000000000445e-06
-5.999999999999993376e-07 -4.400000000000000224e-06
-6.999999999292865874e-07 -4.300000000070714033e-06
-5.999999999999993376e-07 -4.400000000000000224e-06
-6.154700538269828025e-07 -4.384529946173016760e-06
-5.999999999999993376e-07 -4.400000000000000224e-06
-5.999999999999993376e-07 -4.400000000000000224e-06
-5.999999999999993376e-07 -4.400000000000000224e-06
-5.999999999999993376e-07 -4.400000000000000224e-06
-5.999999999999993376e-07 -4.400000000000000224e-06
-5.999999999999993376e-07 -4.400000000000000224e-06
-5.999999999999993376e-07 -4.400000000000000224e-06
-5.999999999999993376e-07 -4.400000000000000224e-06
-5.999999999999993376e-07 -4.400000000000000224e-06
-5.999999999999993376e-07 -4.400000000000000224e-06
-5.999999999999993376e-07 -4.400000000000000224e-06
-5.999999999999993376e-07 -4.400000000000000224e-06
1.547005396840781800e-08 -5.415470053968408288e-06
-5.999999999999993376e-07 -4.400000000000000224e-06
1.000000000707108088e-07 -5.500000000070711861e-06
-5.999999999999993376e-07 -4.400000000000000224e-06
1.999999999999997792e-07 -5.600000000000000594e-06
1.000000000707104118e-07 -5.500000000070711014e-06
1.999999999999997792e-07 -5.600000000000000594e-06
1.845299461730137467e-07 -5.584529946173014588e-06
2.315470053680190539e-06 -6.600000000000000337e-06
5.000000000000001256e-06 -4.400000000000000224e-06
5.000000000000001256e-06 -4.400000000000000224e-06
5.000000000000001256e-06 -4.400000000000000224e-06
5.000000000000001256e-06 -4.400000000000000224e-06
5.000000000000001256e-06 -4.400000000000000224e-06
5.000000000000001256e-06 -4.400000000000000224e-06
5.000000000000001256e-06 -4.400000000000000224e-06
5.000000000000001256e-06 -4.400000000000000224e-06
5.000000000000001256e-06 -4.400000000000000224e-06
5.000000000000001256e-06 -4.400000000000000224e-06
5.000000000000001256e-06 -4.400000000000000224e-06
5.000000000000001256e-06 -4.400000000000000224e-06
5.000000000000001256e-06 -4.400000000000000224e-06
5.000000000000001256e-06 -4.400000000000000224e-06
5.000000000000001256e-06 -4.400000000000000224e-06
5.000000000000001256e-06 -4.400000000000000224e-06
5.000000000000001256e-06 -4.400000000000000224e-06
5.000000000000001256e-06 -4.400000000000000224e-06
5.000000000000001256e-06 -4.400000000000000224e-06
5.000000000000001256e-06 -4.400000000000000224e-06
5.015470053826987262e-06 -4.384529946173014218e-06
5.000000000000001256e-06 -4.400000000000000224e-06
5.099999999929289988e-06 -4.300000000070711492e-06
5.099999999929289988e-06 -4.300000000070711492e-06
5.400000000000000814e-06 -3.684529946319810460e-06
5.184529946031592714e-06 -4.215470053968408766e-06
5.400000000000000814e-06 -3.684529946319810460e-06
5.299999999929290614e-06 -4.100000000070710866e-06
5.400000000000000814e-06 -3.684529946319810460e-06
5.342264972980441554e-06 -4.057735027019559927e-06
5.400000000000000814e-06 -3.842264973159904928e-06
5.400000000000000814e-06 -3.957735026940095641e-06
5.400000000000000814e-06 -3.842264973159904928e-06
5.400000000000000814e-06 -3.957735026940096488e-06
5.400000000000000814e-06 -3.842264973159904928e-06
5.400000000000000814e-06 -3.957735026940095641e-06
5.400000000000000814e-06 -3.842264973159904928e-06
5.400000000000000814e-06 -3.757735027040095301e-06
5.400000000000000814e-06 -3.642264973259905435e-06
5.400000000000000814e-06 -3.757735027040095301e-06
5.400000000000000814e-06 -3.642264973259905435e-06
5.400000000000000814e-06 -3.757735027040095301e-06
5.400000000000000814e-06 -3.642264973259905435e-06
5.400000000000000814e-06 -3.757735027040095301e-06
5.400000000000000814e-06 -3.642264973259905435e-06
5.400000000000000814e-06 -3.915470053880191463e-06
5.400000000000000814e-06 -3.684529946319810460e-06
5.400000000000000814e-06 -3.915470053880191463e-06
5.400000000000000814e-06 -3.684529946319810460e-06
5.400000000000000814e-06 -3.915470053880191463e-06
5.400000000000000814e-06 -3.684529946319810460e-06
5.400000000000000814e-06 -3.915470053880191463e-06
5.400000000000000814e-06 -3.684529946319810460e-06
5.400000000000000814e-06 -3.915470053880191463e-06
5.400000000000000814e-06 -3.684529946319810460e-06
5.400000000000000814e-06 -3.915470053880191463e-06
5.400000000000000814e-06 -3.684529946319810460e-06
5.400000000000000814e-06 -3.915470053880191463e-06
5.400000000000000814e-06 -3.684529946319810460e-06
5.400000000000000814e-06 -3.915470053880191463e-06
5.400000000000000814e-06 -3.684529946319810460e-06
5.400000000000000814e-06 -3.915470053880191463e-06
5.400000000000000814e-06 -3.684529946319810460e-06
5.400000000000000814e-06 -3.915470053880191463e-06
5.400000000000000814e-06 -3.684529946319810460e-06
5.400000000000000814e-06 -3.915470053880191463e-06
5.400000000000000814e-06 -3.684529946319810460e-06
5.400000000000000814e-06 -3.915470053880191463e-06
5.400000000000000814e-06 -3.684529946319810460e-06
5.400000000000000814e-06 -3.915470053880191463e-06
5.400000000000000814e-06 -3.684529946319810460e-06
5.400000000000000814e-06 -3.915470053880191463e-06
5.400000000000000814e-06 -3.684529946319810460e-06
5.400000000000000814e-06 -3.915470053880191463e-06
5.400000000000000814e-06 -3.684529946319810460e-06
5.400000000000000814e-06 -3.915470053880191463e-06
5.400000000000000814e-06 -3.684529946319810460e-06
5.400000000000000814e-06 -3.915470053880191463e-06
5.400000000000000814e-06 -3.684529946319810460e-06
5.400000000000000814e-06 -3.915470053880191463e-06
5.400000000000000814e-06 -3.684529946319810460e-06
5.400000000000000814e-06 -3.915470053880191463e-06
5.400000000000000814e-06 -3.684529946319810460e-06
5.400000000000000814e-06 -3.915470053880191463e-06
5.400000000000000814e-06 -3.684529946319810460e-06
5.400000000000000814e-06 -3.915470053880191463e-06
5.400000000000000814e-06 -3.684529946319810460e-06
5.400000000000000814e-06 -3.915470053880191463e-06
5.400000000000000814e-06 -3.684529946319810460e-06
-9.915470053880192462e-06 -4.600000000000000004e-06
-9.915470053880192462e-06 -4.600000000000000004e-06
-9.684529946319811035e-06 -4.600000000000000004e-06
-9.684529946319811035e-06 -4.600000000000000004e-06
-9.515470053880191210e-06 -4.600000000000000004e-06
-9.515470053880191210e-06 -4.600000000000000004e-06
-9.284529946319809783e-06 -4.600000000000000004e-06
-9.284529946319809783e-06 -4.600000000000000004e-06
-9.115470053880191651e-06 -4.600000000000000004e-06
-9.115470053880191651e-06 -4.600000000000000004e-06
-8.884529946319811918e-06 -4.600000000000000004e-06
-8.000000000000001332e-06 -4.200000000000000445e-06
-8.015470053968408806e-06 -4.215470053968407919e-06
-8.000000000000001332e-06 -4.200000000000000445e-06
-8.000000000000001332e-06 -4.200000000000000445e-06
-8.000000000000001332e-06 -4.200000000000000445e-06
-8.000000000000001332e-06 -4.200000000000000445e-06
-8.000000000000001332e-06 -4.200000000000000445e-06
-8.000000000000001332e-06 -4.200000000000000445e-06
-8.000000000000001332e-06 -4.200000000000000445e-06
-7.915470053880191282e-06 -4.200000000000000445e-06
-7.915470053880191282e-06 -4.200000000000000445e-06
-7.684529946319809855e-06 -4.200000000000000445e-06
-7.684529946319809855e-06 -4.200000000000000445e-06
-7.515470053880190877e-06 -4.200000000000000445e-06
-7.515470053880190877e-06 -4.200000000000000445e-06
-7.284529946319811144e-06 -4.200000000000000445e-06
-7.284529946319810297e-06 -4.200000000000000445e-06
-7.115470053880191318e-06 -4.200000000000000445e-06
-7.115470053880191318e-06 -4.200000000000000445e-06
-6.884529946319812432e-06 -4.200000000000000445e-06
-6.884529946319811585e-06 -4.200000000000000445e-06
-6.715470053880192607e-06 -4.200000000000000445e-06
-6.715470053880191760e-06 -4.200000000000000445e-06
-6.484529946319812027e-06 -4.200000000000000445e-06
-6.484529946319812027e-06 -4.200000000000000445e-06
-6.315470053880191354e-06 -4.200000000000000445e-06
-6.315470053880191354e-06 -4.200000000000000445e-06
-6.084529946319811622e-06 -4.200000000000000445e-06
-6.084529946319810775e-06 -4.200000000000000445e-06
-5.915470053880191796e-06 -4.200000000000000445e-06
-5.915470053880191796e-06 -4.200000000000000445e-06
-5.684529946319811216e-06 -4.200000000000000445e-06
-5.684529946319811216e-06 -4.200000000000000445e-06
-5.515470053880191391e-06 -4.200000000000000445e-06
-5.515470053880191391e-06 -4.200000000000000445e-06
-5.284529946319811658e-06 -4.200000000000000445e-06
-5.284529946319810811e-06 -4.200000000000000445e-06
-5.115470053880191832e-06 -4.200000000000000445e-06
-5.115470053880190985e-06 -4.200000000000000445e-06
-4.884529946319811252e-06 -4.200000000000000445e-06
-4.884529946319811252e-06 -4.200000000000000445e-06
-4.715470053880191427e-06 -4.200000000000000445e-06
-4.715470053880191427e-06 -4.200000000000000445e-06
-4.484529946319811694e-06 -4.200000000000000445e-06
-4.484529946319810847e-06 -4.200000000000000445e-06
-4.315470053880191021e-06 -4.200000000000000445e-06
-4.315470053880191021e-06 -4.200000000000000445e-06
-4.084529946319811289e-06 -4.200000000000000445e-06
-4.084529946319811289e-06 -4.200000000000000445e-06
-3.915470053880191463e-06 -4.200000000000000445e-06
-3.915470053880190616e-06 -4.200000000000000445e-06
-3.684529946319810460e-06 -4.200000000000000445e-06
-3.684529946319810460e-06 -4.200000000000000445e-06
-3.515470053880190634e-06 -4.200000000000000445e-06
-2.900000000070709226e-06 -3.900000000070709393e-06
-2.900000000070710073e-06 -3.900000000070710240e-06
-2.800000000000000297e-06 -3.800000000000000040e-06
-2.815470053968407347e-06 -3.815470053968407514e-06
-2.800000000000000297e-06 -3.800000000000000040e-06
-2.800000000000000297e-06 -3.800000000000000040e-06
-2.800000000000000297e-06 -3.800000000000000040e-06
-2.715470053880190670e-06 -3.800000000000000040e-06
-2.715470053880190670e-06 -3.800000000000000040e-06
-2.484529946319810090e-06 -3.800000000000000040e-06
-2.484529946319809667e-06 -3.800000000000000040e-06
-2.315470053880189841e-06 -3.800000000000000040e-06
-2.315470053880189841e-06 -3.800000000000000040e-06
-2.084529946319809685e-06 -3.800000000000000040e-06
-2.084529946319809262e-06 -3.800000000000000040e-06
-1.915470053880189859e-06 -3.800000000000000040e-06
-1.400000000000000148e-06 -3.284529946319809631e-06
-1.500000000070710984e-06 -3.700000000070710884e-06
-1.400000000000000148e-06 -3.284529946319809631e-06
-1.457735027019559621e-06 -3.657735027019559521e-06
-1.400000000000000148e-06 -3.442264973159905793e-06
-1.400000000000000148e-06 -3.557735026940095659e-06
-1.400000000000000148e-06 -3.442264973159905793e-06
-1.400000000000000148e-06 -3.557735026940096083e-06
-1.400000000000000148e-06 -3.442264973159905793e-06
-1.400000000000000148e-06 -3.557735026940095659e-06
-1.400000000000000148e-06 -3.442264973159905793e-06
-1.400000000000000148e-06 -3.357735027040096166e-06
-1.400000000000000148e-06 -3.242264973259905029e-06
-1.400000000000000148e-06 -3.357735027040096166e-06
-1.342264973121862779e-06 -3.142264973121862486e-06
-1.400000000000000148e-06 -3.357735027040096166e-06
-1.400000000000000148e-06 -3.242264973259905029e-06
-1.400000000000000148e-06 -3.357735027040096166e-06
-1.400000000000000148e-06 -3.242264973259905453e-06
-1.400000000000000148e-06 -3.515470053880190634e-06
-1.300000000070710993e-06 -3.100000000070710700e-06
-1.400000000000000148e-06 -3.515470053880190634e-06
-1.184529946173014363e-06 -2.984529946173014070e-06
-1.400000000000000148e-06 -3.515470053880190634e-06
-1.100000000070711002e-06 -2.900000000070710920e-06
-8.000000000000008108e-07 -4.200000000000000445e-06
-1.000000000000000590e-06 -2.800000000000000297e-06
-8.000000000000008108e-07 -4.200000000000000445e-06
-1.000000000000000590e-06 -2.800000000000000297e-06
-7.845299460315897371e-07 -4.215470053968411307e-06
-1.000000000000000590e-06 -2.800000000000000297e-06
-6.999999999292859521e-07 -4.300000000070714880e-06
-1.000000000000000590e-06 -2.800000000000000297e-06
-5.999999999999993376e-07 -4.400000000000000224e-06
-1.000000000000000590e-06 -2.800000000000000297e-06
-5.999999999999993376e-07 -4.400000000000000224e-06
-6.154700538269815319e-07 -4.384529946173018454e-06
-5.999999999999993376e-07 -4.400000000000000224e-06
-5.999999999999993376e-07 -4.400000000000000224e-06
-5.999999999999993376e-07 -4.400000000000000224e-06
-5.999999999999993376e-07 -4.400000000000000224e-06
-5.999999999999993376e-07 -4.400000000000000224e-06
-5.999999999999993376e-07 -4.400000000000000224e-06
-5.999999999999993376e-07 -4.400000000000000224e-06
-5.999999999999993376e-07 -4.400000000000000224e-06
-5.999999999999993376e-07 -4.400000000000000224e-06
-5.999999999999993376e-07 -4.400000000000000224e-06
-5.999999999999993376e-07 -4.400000000000000224e-06
-5.999999999999993376e-07 -4.400000000000000224e-06
-5.999999999999993376e-07 -4.400000000000000224e-06
-5.999999999999993376e-07 -4.400000000000000224e-06
1.000000000707106765e-07 -5.500000000070711861e-06
-5.999999999999993376e-07 -4.400000000000000224e-06
5.000000000000001256e-06 -4.400000000000000224e-06
5.000000000000001256e-06 -4.400000000000000224e-06
5.000000000000001256e-06 -4.400000000000000224e-06
5.000000000000001256e-06 -4.400000000000000224e-06
5.000000000000001256e-06 -4.400000000000000224e-06
5.000000000000001256e-06 -4.400000000000000224e-06
5.000000000000001256e-06 -4.400000000000000224e-06
5.000000000000001256e-06 -4.400000000000000224e-06
5.000000000000001256e-06 -4.400000000000000224e-06
5.000000000000001256e-06 -4.400000000000000224e-06
5.000000000000001256e-06 -4.400000000000000224e-06
5.000000000000001256e-06 -4.400000000000000224e-06
5.000000000000001256e-06 -4.400000000000000224e-06
5.000000000000001256e-06 -4.400000000000000224e-06
5.000000000000001256e-06 -4.400000000000000224e-06
5.400000000000000814e-06 -3.284529946319809631e-06
5.000000000000001256e-06 -4.400000000000000224e-06
5.400000000000000814e-06 -3.284529946319809631e-06
5.000000000000001256e-06 -4.400000000000000224e-06
5.400000000000000814e-06 -3.284529946319809631e-06
5.400000000000000814e-06 -3.515470053880190634e-06
5.400000000000000814e-06 -3.284529946319809631e-06
5.400000000000000814e-06 -3.515470053880190634e-06
5.400000000000000814e-06 -3.284529946319809631e-06
5.400000000000000814e-06 -3.515470053880190634e-06
5.400000000000000814e-06 -3.284529946319809631e-06
5.400000000000000814e-06 -3.515470053880190634e-06
5.400000000000000814e-06 -3.284529946319809631e-06
5.400000000000000814e-06 -3.515470053880190634e-06
5.400000000000000814e-06 -3.284529946319809631e-06
5.400000000000000814e-06 -3.557735026940096083e-06
5.400000000000000814e-06 -3.442264973159905793e-06
5.400000000000000814e-06 -3.557735026940095659e-06
5.400000000000000814e-06 -3.442264973159905793e-06
5.400000000000000814e-06 -3.557735026940096083e-06
5.400000000000000814e-06 -3.442264973159905793e-06
5.400000000000000814e-06 -3.557735026940095659e-06
5.400000000000000814e-06 -3.442264973159905793e-06
5.400000000000000814e-06 -3.357735027040096166e-06
5.400000000000000814e-06 -3.242264973259905029e-06
5.400000000000000814e-06 -3.357735027040096166e-06
5.400000000000000814e-06 -3.242264973259905453e-06
5.400000000000000814e-06 -3.357735027040096166e-06
5.400000000000000814e-06 -3.242264973259905029e-06
5.400000000000000814e-06 -3.357735027040096166e-06
5.400000000000000814e-06 -3.242264973259905453e-06
5.400000000000000814e-06 -3.515470053880190634e-06
5.400000000000000814e-06 -3.284529946319809631e-06
5.400000000000000814e-06 -3.515470053880190634e-06
5.400000000000000814e-06 -3.284529946319809631e-06
5.400000000000000814e-06 -3.515470053880190634e-06
5.400000000000000814e-06 -3.284529946319809631e-06
5.400000000000000814e-06 -3.515470053880190634e-06
5.400000000000000814e-06 -3.284529946319809631e-06
5.400000000000000814e-06 -3.515470053880190634e-06
5.400000000000000814e-06 -3.284529946319809631e-06
5.400000000000000814e-06 -3.515470053880190634e-06
5.400000000000000814e-06 -3.284529946319809631e-06
5.400000000000000814e-06 -3.515470053880190634e-06
5.400000000000000814e-06 -3.284529946319809631e-06
5.400000000000000814e-06 -3.515470053880190634e-06
5.400000000000000814e-06 -3.284529946319809631e-06
5.400000000000000814e-06 -3.515470053880190634e-06
5.400000000000000814e-06 -3.284529946319809631e-06
5.400000000000000814e-06 -3.515470053880190634e-06
5.400000000000000814e-06 -3.284529946319809631e-06
5.400000000000000814e-06 -3.515470053880190634e-06
5.400000000000000814e-06 -3.284529946319809631e-06
5.400000000000000814e-06 -3.515470053880190634e-06
5.400000000000000814e-06 -3.284529946319809631e-06
5.400000000000000814e-06 -3.515470053880190634e-06
5.400000000000000814e-06 -3.284529946319809631e-06
5.400000000000000814e-06 -3.515470053880190634e-06
5.400000000000000814e-06 -3.284529946319809631e-06
5.400000000000000814e-06 -3.515470053880190634e-06
5.400000000000000814e-06 -3.284529946319809631e-06
5.400000000000000814e-06 -3.515470053880190634e-06
5.400000000000000814e-06 -3.284529946319809631e-06
5.400000000000000814e-06 -3.515470053880190634e-06
5.400000000000000814e-06 -3.284529946319809631e-06
5.400000000000000814e-06 -3.515470053880190634e-06
5.400000000000000814e-06 -3.284529946319809631e-06
5.400000000000000814e-06 -3.515470053880190634e-06
5.400000000000000814e-06 -3.284529946319809631e-06
5.400000000000000814e-06 -3.515470053880190634e-06
5.400000000000000814e-06 -3.284529946319809631e-06
5.400000000000000814e-06 -3.515470053880190634e-06
5.400000000000000814e-06 -3.284529946319809631e-06
5.400000000000000814e-06 -3.515470053880190634e-06
5.400000000000000814e-06 -3.284529946319809631e-06
-9.915470053880192462e-06 -4.600000000000000004e-06
-9.915470053880192462e-06 -4.600000000000000004e-06
-9.684529946319811035e-06 -4.600000000000000004e-06
-9.684529946319811035e-06 -4.600000000000000004e-06
-9.515470053880191210e-06 -4.600000000000000004e-06
-9.515470053880191210e-06 -4.600000000000000004e-06
-9.284529946319809783e-06 -4.600000000000000004e-06
-9.284529946319809783e-06 -4.600000000000000004e-06
-9.115470053880191651e-06 -4.600000000000000004e-06
-9.115470053880191651e-06 -4.600000000000000004e-06
-8.000000000000001332e-06 -4.200000000000000445e-06
-8.000000000000001332e-06 -4.200000000000000445e-06
-8.000000000000001332e-06 -4.200000000000000445e-06
-8.000000000000001332e-06 -4.200000000000000445e-06
-8.000000000000001332e-06 -4.200000000000000445e-06
-8.000000000000001332e-06 -4.200000000000000445e-06
-8.000000000000001332e-06 -4.200000000000000445e-06
-8.000000000000001332e-06 -4.200000000000000445e-06
-8.000000000000001332e-06 -4.200000000000000445e-06
-8.000000000000001332e-06 -4.200000000000000445e-06
-7.915470053880191282e-06 -4.200000000000000445e-06
-7.915470053880191282e-06 -4.200000000000000445e-06
-7.684529946319809855e-06 -4.200000000000000445e-06
-7.684529946319809855e-06 -4.200000000000000445e-06
-7.515470053880190877e-06 -4.200000000000000445e-06
-7.515470053880190877e-06 -4.200000000000000445e-06
-7.284529946319811144e-06 -4.200000000000000445e-06
-7.284529946319810297e-06 -4.200000000000000445e-06
-7.115470053880191318e-06 -4.200000000000000445e-06
-7.115470053880191318e-06 -4.200000000000000445e-06
-6.884529946319812432e-06 -4.200000000000000445e-06
-6.884529946319811585e-06 -4.200000000000000445e-06
-6.715470053880192607e-06 -4.200000000000000445e-06
-6.715470053880191760e-06 -4.200000000000000445e-06
-6.484529946319812027e-06 -4.200000000000000445e-06
-6.484529946319812027e-06 -4.200000000000000445e-06
-6.315470053880191354e-06 -4.200000000000000445e-06
-6.315470053880191354e-06 -4.200000000000000445e-06
-6.084529946319811622e-06 -4.200000000000000445e-06
-6.084529946319810775e-06 -4.200000000000000445e-06
-5.915470053880191796e-06 -4.200000000000000445e-06
-5.915470053880191796e-06 -4.200000000000000445e-06
-5.684529946319811216e-06 -4.200000000000000445e-06
-5.684529946319811216e-06 -4.200000000000000445e-06
-5.515470053880191391e-06 -4.200000000000000445e-06
-5.515470053880191391e-06 -4.200000000000000445e-06
-5.284529946319811658e-06 -4.200000000000000445e-06
-5.284529946319810811e-06 -4.200000000000000445e-06
-5.115470053880191832e-06 -4.200000000000000445e-06
-5.115470053880190985e-06 -4.200000000000000445e-06
-4.884529946319811252e-06 -4.200000000000000445e-06
-4.884529946319811252e-06 -4.200000000000000445e-06
-4.715470053880191427e-06 -4.200000000000000445e-06
-4.715470053880191427e-06 -4.200000000000000445e-06
-4.484529946319811694e-06 -4.200000000000000445e-06
-4.484529946319810847e-06 -4.200000000000000445e-06
-4.315470053880191021e-06 -4.200000000000000445e-06
-4.315470053880191021e-06 -4.200000000000000445e-06
-4.084529946319811289e-06 -4.200000000000000445e-06
-4.084529946319811289e-06 -4.200000000000000445e-06
-3.915470053880191463e-06 -4.200000000000000445e-06
-3.915470053880190616e-06 -4.200000000000000445e-06
-3.684529946319810460e-06 -4.200000000000000445e-06
-2.800000000000000297e-06 -3.800000000000000040e-06
-2.815470053968406500e-06 -3.815470053968406667e-06
-2.800000000000000297e-06 -3.800000000000000040e-06
-2.800000000000000297e-06 -3.800000000000000040e-06
-2.800000000000000297e-06 -3.800000000000000040e-06
-2.800000000000000297e-06 -3.800000000000000040e-06
-2.800000000000000297e-06 -3.800000000000000040e-06
-2.800000000000000297e-06 -3.800000000000000040e-06
-2.800000000000000297e-06 -3.800000000000000040e-06
-2.715470053880190670e-06 -3.800000000000000040e-06
-2.715470053880190670e-06 -3.800000000000000040e-06
-2.484529946319810090e-06 -3.800000000000000040e-06
-2.484529946319809667e-06 -3.800000000000000040e-06
-2.315470053880189841e-06 -3.800000000000000040e-06
-2.315470053880189841e-06 -3.800000000000000040e-06
-2.084529946319809685e-06 -3.800000000000000040e-06
-1.400000000000000148e-06 -3.199999999999999855e-06
-1.400000000000000148e-06 -3.199999999999999855e-06
-1.400000000000000148e-06 -3.199999999999999855e-06
-1.400000000000000148e-06 -3.199999999999999855e-06
-1.384529946173014142e-06 -3.184529946173013849e-06
-1.400000000000000148e-06 -3.199999999999999855e-06
-1.400000000000000148e-06 -3.199999999999999855e-06
-1.400000000000000148e-06 -3.199999999999999855e-06
-1.342264973121862568e-06 -3.142264973121862486e-06
-1.357735026948848785e-06 -3.157735026948848492e-06
-1.300000000070711205e-06 -3.100000000070710700e-06
-1.300000000070710993e-06 -3.100000000070710700e-06
-1.242264973192573412e-06 -3.042264973192573330e-06
-1.257735027019559630e-06 -3.057735027019559336e-06
-1.200000000141422049e-06 -3.000000000141421544e-06
-1.200000000000000369e-06 -3.000000000000000076e-06
-1.142264973121862788e-06 -2.942264973121862707e-06
-1.374401693603730594e-06 -3.174401693603730089e-06
-1.304465819941405290e-06 -3.104465819941404996e-06
-1.362200846819543082e-06 -3.162200846819542789e-06
-1.258931639847455008e-06 -3.058931639847454504e-06
-1.341068360293967612e-06 -3.141068360293967319e-06
-1.237799153321879327e-06 -3.037799153321879034e-06
-1.295534180200016908e-06 -3.095534180200016403e-06
-1.225598306537691815e-06 -3.025598306537691734e-06
-1.257735027019559841e-06 -3.057735027019559336e-06
-1.200000000141422049e-06 -3.000000000141421544e-06
-1.200000000141421837e-06 -3.000000000141421544e-06
-1.142264973121862788e-06 -2.942264973121862707e-06
-1.157735026948849006e-06 -2.957735026948848713e-06
-1.100000000070711425e-06 -2.900000000070710920e-06
-1.100000000070711214e-06 -2.900000000070710920e-06
-1.042264973192573633e-06 -2.842264973192573551e-06
-1.057735027019559639e-06 -2.857735027019559557e-06
-1.000000000141422270e-06 -2.800000000141421765e-06
-1.000000000141422058e-06 -2.800000000141421765e-06
-1.000000000000000590e-06 -2.800000000000000297e-06
-1.141068360293967621e-06 -2.941068360293967116e-06
-1.037799153321879548e-06 -2.837799153321879255e-06
-1.095534180200017129e-06 -2.895534180200016624e-06
-1.025598306537692036e-06 -2.825598306537691955e-06
-1.174401693603730391e-06 -2.974401693603730309e-06
-1.104465819941405510e-06 -2.904465819941405217e-06
-1.162200846819543303e-06 -2.962200846819543010e-06
-1.058931639847455229e-06 -2.858931639847454724e-06
-1.015470053968408064e-06 -2.815470053968407771e-06
-1.000000000000000590e-06 -2.800000000000000297e-06
-1.000000000000000590e-06 -2.800000000000000297e-06
-1.000000000000000590e-06 -2.800000000000000297e-06
-1.000000000000000590e-06 -2.800000000000000297e-06
-1.000000000000000590e-06 -2.800000000000000297e-06
-1.000000000000000590e-06 -2.800000000000000297e-06
-1.000000000000000590e-06 -2.800000000000000297e-06
-1.000000000000000590e-06 -2.800000000000000297e-06
-1.000000000000000590e-06 -2.800000000000000297e-06
-1.000000000000000590e-06 -2.800000000000000297e-06
-1.000000000000000590e-06 -2.800000000000000297e-06
-1.000000000000000590e-06 -2.800000000000000297e-06
-1.000000000000000590e-06 -2.800000000000000297e-06
-1.000000000000000590e-06 -2.800000000000000297e-06
-1.000000000000000590e-06 -2.800000000000000297e-06
-1.000000000000000590e-06 -2.800000000000000297e-06
-1.000000000000000590e-06 -2.800000000000000297e-06
-1.000000000000000590e-06 -2.800000000000000297e-06
-1.000000000000000590e-06 -2.800000000000000297e-06
-5.999999999999993376e-07 -4.400000000000000224e-06
-5.999999999999993376e-07 -1.599999999999999928e-06
-5.999999999999993376e-07 -4.400000000000000224e-06
-5.999999999999993376e-07 -1.599999999999999928e-06
-5.999999999999993376e-07 -4.400000000000000224e-06
-5.999999999999993376e-07 -1.599999999999999928e-06
-5.999999999999993376e-07 -4.400000000000000224e-06
-5.999999999999993376e-07 -1.599999999999999928e-06
-5.999999999999993376e-07 -4.400000000000000224e-06
-5.999999999999993376e-07 -1.599999999999999928e-06
5.000000000000001256e-06 -4.400000000000000224e-06
5.000000000000001256e-06 -4.400000000000000224e-06
5.000000000000001256e-06 -4.400000000000000224e-06
5.400000000000000814e-06 -2.884529946319810072e-06
5.000000000000001256e-06 -4.400000000000000224e-06
5.400000000000000814e-06 -2.884529946319810072e-06
5.000000000000001256e-06 -4.400000000000000224e-06
5.400000000000000814e-06 -2.884529946319810072e-06
5.000000000000001256e-06 -4.400000000000000224e-06
5.400000000000000814e-06 -2.884529946319810072e-06
5.400000000000000814e-06 -3.115470053880190229e-06
5.400000000000000814e-06 -2.884529946319810072e-06
5.400000000000000814e-06 -3.115470053880190229e-06
5.400000000000000814e-06 -2.884529946319810072e-06
5.400000000000000814e-06 -3.115470053880190229e-06
5.400000000000000814e-06 -2.884529946319810072e-06
5.400000000000000814e-06 -3.115470053880190229e-06
5.400000000000000814e-06 -2.884529946319810072e-06
5.400000000000000814e-06 -3.115470053880190229e-06
5.400000000000000814e-06 -2.884529946319810072e-06
5.400000000000000814e-06 -3.115470053880190229e-06
5.400000000000000814e-06 -2.884529946319810072e-06
5.400000000000000814e-06 -3.115470053880190229e-06
5.400000000000000814e-06 -2.884529946319810072e-06
5.400000000000000814e-06 -3.115470053880190229e-06
5.400000000000000814e-06 -2.884529946319810072e-06
5.400000000000000814e-06 -3.115470053880190229e-06
5.400000000000000814e-06 -2.884529946319810072e-06
5.400000000000000814e-06 -3.115470053880190229e-06
5.400000000000000814e-06 -2.884529946319810072e-06
5.400000000000000814e-06 -3.157735026940095677e-06
5.400000000000000814e-06 -3.042264973159905387e-06
5.400000000000000814e-06 -3.157735026940095254e-06
5.400000000000000814e-06 -3.042264973159905387e-06
5.400000000000000814e-06 -3.157735026940095677e-06
5.400000000000000814e-06 -3.042264973159905387e-06
5.400000000000000814e-06 -3.157735026940095254e-06
5.400000000000000814e-06 -3.042264973159905387e-06
5.400000000000000814e-06 -2.957735027040095337e-06
5.400000000000000814e-06 -2.842264973259905471e-06
5.400000000000000814e-06 -2.957735027040095337e-06
5.400000000000000814e-06 -2.842264973259905471e-06
5.400000000000000814e-06 -2.957735027040095337e-06
5.400000000000000814e-06 -2.842264973259905471e-06
5.400000000000000814e-06 -2.957735027040095337e-06
5.400000000000000814e-06 -2.842264973259905471e-06
5.400000000000000814e-06 -3.115470053880190229e-06
5.400000000000000814e-06 -2.884529946319810072e-06
5.400000000000000814e-06 -3.115470053880190229e-06
5.400000000000000814e-06 -2.884529946319810072e-06
5.400000000000000814e-06 -3.115470053880190229e-06
5.400000000000000814e-06 -2.884529946319810072e-06
5.400000000000000814e-06 -3.115470053880190229e-06
5.400000000000000814e-06 -2.884529946319810072e-06
5.400000000000000814e-06 -3.115470053880190229e-06
5.400000000000000814e-06 -2.884529946319810072e-06
5.400000000000000814e-06 -3.115470053880190229e-06
5.400000000000000814e-06 -2.884529946319810072e-06
5.400000000000000814e-06 -3.115470053880190229e-06
5.400000000000000814e-06 -2.884529946319810072e-06
5.400000000000000814e-06 -3.115470053880190229e-06
5.400000000000000814e-06 -2.884529946319810072e-06
5.400000000000000814e-06 -3.115470053880190229e-06
5.400000000000000814e-06 -2.884529946319810072e-06
5.400000000000000814e-06 -3.115470053880190229e-06
5.400000000000000814e-06 -2.884529946319810072e-06
5.400000000000000814e-06 -3.115470053880190229e-06
5.400000000000000814e-06 -2.884529946319810072e-06
5.400000000000000814e-06 -3.115470053880190229e-06
5.400000000000000814e-06 -2.884529946319810072e-06
5.400000000000000814e-06 -3.115470053880190229e-06
5.400000000000000814e-06 -2.884529946319810072e-06
5.400000000000000814e-06 -3.115470053880190229e-06
5.400000000000000814e-06 -2.884529946319810072e-06
5.400000000000000814e-06 -3.115470053880190229e-06
5.400000000000000814e-06 -2.884529946319810072e-06
5.400000000000000814e-06 -3.115470053880190229e-06
5.400000000000000814e-06 -2.884529946319810072e-06
5.400000000000000814e-06 -3.115470053880190229e-06
5.400000000000000814e-06 -2.884529946319810072e-06
5.400000000000000814e-06 -3.115470053880190229e-06
5.400000000000000814e-06 -2.884529946319810072e-06
5.400000000000000814e-06 -3.115470053880190229e-06
5.400000000000000814e-06 -2.884529946319810072e-06
5.400000000000000814e-06 -3.115470053880190229e-06
5.400000000000000814e-06 -2.884529946319810072e-06
5.400000000000000814e-06 -3.115470053880190229e-06
5.400000000000000814e-06 -2.884529946319810072e-06
5.400000000000000814e-06 -3.115470053880190229e-06
5.400000000000000814e-06 -2.884529946319810072e-06
-9.915470053880192462e-06 -4.600000000000000004e-06
-9.915470053880192462e-06 -4.600000000000000004e-06
-9.684529946319811035e-06 -4.600000000000000004e-06
-9.684529946319811035e-06 -4.600000000000000004e-06
-9.515470053880191210e-06 -4.600000000000000004e-06
-9.515470053880191210e-06 -4.600000000000000004e-06
-9.284529946319809783e-06 -4.600000000000000004e-06
-9.284529946319809783e-06 -4.600000000000000004e-06
-8.000000000000001332e-06 -4.200000000000000445e-06
-8.000000000000001332e-06 -4.200000000000000445e-06
-8.000000000000001332e-06 -4.200000000000000445e-06
-8.000000000000001332e-06 -4.200000000000000445e-06
-8.000000000000001332e-06 -4.200000000000000445e-06
-8.000000000000001332e-06 -4.200000000000000445e-06
-8.000000000000001332e-06 -4.200000000000000445e-06
-8.000000000000001332e-06 -4.200000000000000445e-06
-8.000000000000001332e-06 -4.200000000000000445e-06
-8.000000000000001332e-06 -4.200000000000000445e-06
-8.000000000000001332e-06 -4.200000000000000445e-06
-8.000000000000001332e-06 -4.200000000000000445e-06
-7.915470053880191282e-06 -4.200000000000000445e-06
-7.915470053880191282e-06 -4.200000000000000445e-06
-7.684529946319809855e-06 -4.200000000000000445e-06
-7.684529946319809855e-06 -4.200000000000000445e-06
-7.515470053880190877e-06 -4.200000000000000445e-06
-7.515470053880190877e-06 -4.200000000000000445e-06
-7.284529946319811144e-06 -4.200000000000000445e-06
-7.284529946319810297e-06 -4.200000000000000445e-06
-7.115470053880191318e-06 -4.200000000000000445e-06
-7.115470053880191318e-06 -4.200000000000000445e-06
-6.884529946319812432e-06 -4.200000000000000445e-06
-6.884529946319811585e-06 -4.200000000000000445e-06
-6.715470053880192607e-06 -4.200000000000000445e-06
-6.715470053880191760e-06 -4.200000000000000445e-06
-6.484529946319812027e-06 -4.200000000000000445e-06
-6.484529946319812027e-06 -4.200000000000000445e-06
-6.315470053880191354e-06 -4.200000000000000445e-06
-6.315470053880191354e-06 -4.200000000000000445e-06
-6.084529946319811622e-06 -4.200000000000000445e-06
-6.084529946319810775e-06 -4.200000000000000445e-06
-5.915470053880191796e-06 -4.200000000000000445e-06
-5.915470053880191796e-06 -4.200000000000000445e-06
-5.684529946319811216e-06 -4.200000000000000445e-06
-5.684529946319811216e-06 -4.200000000000000445e-06
-5.515470053880191391e-06 -4.200000000000000445e-06
-5.515470053880191391e-06 -4.200000000000000445e-06
-5.284529946319811658e-06 -4.200000000000000445e-06
-5.284529946319810811e-06 -4.200000000000000445e-06
-5.115470053880191832e-06 -4.200000000000000445e-06
-5.115470053880190985e-06 -4.200000000000000445e-06
-4.884529946319811252e-06 -4.200000000000000445e-06
-4.884529946319811252e-06 -4.200000000000000445e-06
-4.715470053880191427e-06 -4.200000000000000445e-06
-4.715470053880191427e-06 -4.200000000000000445e-06
-4.484529946319811694e-06 -4.200000000000000445e-06
-4.484529946319810847e-06 -4.200000000000000445e-06
-4.315470053880191021e-06 -4.200000000000000445e-06
-4.315470053880191021e-06 -4.200000000000000445e-06
-4.084529946319811289e-06 -4.200000000000000445e-06
-4.084529946319811289e-06 -4.200000000000000445e-06
-3.915470053880191463e-06 -4.200000000000000445e-06
-3.915470053880190616e-06 -4.200000000000000445e-06
-2.800000000000000297e-06 -3.800000000000000040e-06
-2.800000000000000297e-06 -3.800000000000000040e-06
-2.800000000000000297e-06 -3.800000000000000040e-06
-2.800000000000000297e-06 -3.800000000000000040e-06
-2.800000000000000297e-06 -3.800000000000000040e-06
-2.800000000000000297e-06 -3.800000000000000040e-06
-2.800000000000000297e-06 -3.800000000000000040e-06
-2.800000000000000297e-06 -3.800000000000000040e-06
-2.800000000000000297e-06 -3.800000000000000040e-06
-2.800000000000000297e-06 -3.800000000000000040e-06
-2.715470053880190670e-06 -3.800000000000000040e-06
-2.715470053880190670e-06 -3.800000000000000040e-06
-2.484529946319810090e-06 -3.800000000000000040e-06
-1.400000000000000148e-06 -3.199999999999999855e-06
-1.400000000000000148e-06 -3.199999999999999855e-06
-1.400000000000000148e-06 -3.199999999999999855e-06
-1.400000000000000148e-06 -3.199999999999999855e-06
-1.384529946173013719e-06 -3.184529946173013426e-06
-1.400000000000000148e-06 -3.199999999999999855e-06
-1.300000000070710993e-06 -3.100000000070710700e-06
-1.300000000070711205e-06 -3.100000000070710700e-06
-1.000000000000000590e-06 -2.484529946319809667e-06
-1.215470053968408267e-06 -3.015470053968407973e-06
-1.000000000000000590e-06 -2.484529946319810090e-06
-1.100000000070711425e-06 -2.900000000070711344e-06
-1.000000000000000590e-06 -2.484529946319809667e-06
-1.057735027019560062e-06 -2.857735027019559557e-06
-1.000000000000000590e-06 -2.642264973159905829e-06
-1.000000000000000590e-06 -2.757735026940096119e-06
-1.000000000000000590e-06 -2.642264973159905829e-06
-1.000000000000000590e-06 -2.757735026940096119e-06
-1.000000000000000590e-06 -2.642264973159905829e-06
-1.000000000000000590e-06 -2.757735026940096119e-06
-1.000000000000000590e-06 -2.642264973159905829e-06
-1.000000000000000590e-06 -2.557735027040095779e-06
-1.000000000000000590e-06 -2.442264973259905065e-06
-1.000000000000000590e-06 -2.557735027040095779e-06
-1.000000000000000590e-06 -2.442264973259905065e-06
-1.000000000000000590e-06 -2.557735027040095779e-06
-1.000000000000000590e-06 -2.442264973259905065e-06
-1.000000000000000590e-06 -2.557735027040095779e-06
-1.000000000000000590e-06 -2.442264973259905065e-06
-1.000000000000000590e-06 -2.715470053880190670e-06
-1.000000000000000590e-06 -2.484529946319810090e-06
-1.000000000000000590e-06 -2.715470053880190670e-06
-1.000000000000000590e-06 -2.484529946319809667e-06
-1.000000000000000590e-06 -2.715470053880190670e-06
-1.000000000000000590e-06 -2.484529946319810090e-06
-1.000000000000000590e-06 -2.715470053880190670e-06
-1.000000000000000590e-06 -2.484529946319809667e-06
-1.000000000000000590e-06 -2.715470053880190670e-06
-1.000000000000000590e-06 -2.484529946319810090e-06
-1.000000000000000590e-06 -2.715470053880190670e-06
-5.999999999999993376e-07 -1.599999999999999928e-06
-1.000000000000000590e-06 -2.715470053880190670e-06
-5.999999999999993376e-07 -1.599999999999999928e-06
-1.000000000000000590e-06 -2.715470053880190670e-06
-5.999999999999993376e-07 -1.599999999999999928e-06
-5.999999999999993376e-07 -1.599999999999999928e-06
-5.999999999999993376e-07 -1.599999999999999928e-06
-5.999999999999993376e-07 -1.599999999999999928e-06
-5.999999999999993376e-07 -1.599999999999999928e-06
-5.999999999999993376e-07 -1.599999999999999928e-06
-5.999999999999993376e-07 -1.599999999999999928e-06
-5.999999999999993376e-07 -1.599999999999999928e-06
-5.999999999999993376e-07 -1.599999999999999928e-06
-5.999999999999993376e-07 -1.599999999999999928e-06
-5.999999999999993376e-07 -1.599999999999999928e-06
-5.999999999999993376e-07 -1.599999999999999928e-06
-5.999999999999993376e-07 -1.599999999999999928e-06
-5.999999999999993376e-07 -1.599999999999999928e-06
-5.999999999999993376e-07 -1.599999999999999928e-06
5.400000000000000814e-06 -2.715470053880190670e-06
-5.999999999999993376e-07 -1.599999999999999928e-06
5.400000000000000814e-06 -2.715470053880190670e-06
5.400000000000000814e-06 -2.484529946319810090e-06
5.400000000000000814e-06 -2.715470053880190670e-06
5.400000000000000814e-06 -2.484529946319809667e-06
5.400000000000000814e-06 -2.715470053880190670e-06
5.400000000000000814e-06 -2.484529946319810090e-06
5.400000000000000814e-06 -2.715470053880190670e-06
5.400000000000000814e-06 -2.484529946319809667e-06
5.400000000000000814e-06 -2.715470053880190670e-06
5.400000000000000814e-06 -2.484529946319810090e-06
5.400000000000000814e-06 -2.715470053880190670e-06
5.400000000000000814e-06 -2.484529946319809667e-06
5.400000000000000814e-06 -2.715470053880190670e-06
5.400000000000000814e-06 -2.484529946319810090e-06
5.400000000000000814e-06 -2.715470053880190670e-06
5.400000000000000814e-06 -2.484529946319809667e-06
5.400000000000000814e-06 -2.715470053880190670e-06
5.400000000000000814e-06 -2.484529946319810090e-06
5.400000000000000814e-06 -2.715470053880190670e-06
5.400000000000000814e-06 -2.484529946319809667e-06
5.400000000000000814e-06 -2.715470053880190670e-06
5.400000000000000814e-06 -2.484529946319810090e-06
5.400000000000000814e-06 -2.715470053880190670e-06
5.400000000000000814e-06 -2.484529946319809667e-06
5.400000000000000814e-06 -2.715470053880190670e-06
5.400000000000000814e-06 -2.484529946319810090e-06
5.400000000000000814e-06 -2.715470053880190670e-06
5.400000000000000814e-06 -2.484529946319809667e-06
5.400000000000000814e-06 -2.757735026940096119e-06
5.400000000000000814e-06 -2.642264973159905829e-06
5.400000000000000814e-06 -2.757735026940096119e-06
5.400000000000000814e-06 -2.642264973159905829e-06
5.400000000000000814e-06 -2.757735026940096119e-06
5.400000000000000814e-06 -2.642264973159905829e-06
5.400000000000000814e-06 -2.757735026940096119e-06
5.400000000000000814e-06 -2.642264973159905829e-06
5.400000000000000814e-06 -2.557735027040095779e-06
5.400000000000000814e-06 -2.442264973259905065e-06
5.400000000000000814e-06 -2.557735027040095779e-06
5.400000000000000814e-06 -2.442264973259905065e-06
5.400000000000000814e-06 -2.557735027040095779e-06
5.400000000000000814e-06 -2.442264973259905065e-06
5.400000000000000814e-06 -2.557735027040095779e-06
5.400000000000000814e-06 -2.442264973259905065e-06
5.400000000000000814e-06 -2.715470053880190670e-06
5.400000000000000814e-06 -2.484529946319810090e-06
5.400000000000000814e-06 -2.715470053880190670e-06
5.400000000000000814e-06 -2.484529946319809667e-06
5.400000000000000814e-06 -2.715470053880190670e-06
5.400000000000000814e-06 -2.484529946319810090e-06
5.400000000000000814e-06 -2.715470053880190670e-06
5.400000000000000814e-06 -2.484529946319809667e-06
5.400000000000000814e-06 -2.715470053880190670e-06
5.400000000000000814e-06 -2.484529946319810090e-06
5.400000000000000814e-06 -2.715470053880190670e-06
5.400000000000000814e-06 -2.484529946319809667e-06
5.400000000000000814e-06 -2.715470053880190670e-06
5.400000000000000814e-06 -2.484529946319810090e-06
5.400000000000000814e-06 -2.715470053880190670e-06
5.400000000000000814e-06 -2.484529946319809667e-06
5.400000000000000814e-06 -2.715470053880190670e-06
5.400000000000000814e-06 -2.484529946319810090e-06
5.400000000000000814e-06 -2.715470053880190670e-06
5.400000000000000814e-06 -2.484529946319809667e-06
5.400000000000000814e-06 -2.715470053880190670e-06
5.400000000000000814e-06 -2.484529946319810090e-06
5.400000000000000814e-06 -2.715470053880190670e-06
5.400000000000000814e-06 -2.484529946319809667e-06
5.400000000000000814e-06 -2.715470053880190670e-06
5.400000000000000814e-06 -2.484529946319810090e-06
5.400000000000000814e-06 -2.715470053880190670e-06
5.400000000000000814e-06 -2.484529946319809667e-06
5.400000000000000814e-06 -2.715470053880190670e-06
5.400000000000000814e-06 -2.484529946319810090e-06
5.400000000000000814e-06 -2.715470053880190670e-06
5.400000000000000814e-06 -2.484529946319809667e-06
5.400000000000000814e-06 -2.715470053880190670e-06
5.400000000000000814e-06 -2.484529946319810090e-06
5.400000000000000814e-06 -2.715470053880190670e-06
5.400000000000000814e-06 -2.484529946319809667e-06
5.400000000000000814e-06 -2.715470053880190670e-06
5.400000000000000814e-06 -2.484529946319810090e-06
5.400000000000000814e-06 -2.715470053880190670e-06
5.400000000000000814e-06 -2.484529946319809667e-06
5.400000000000000814e-06 -2.715470053880190670e-06
6.199999999999999931e-06 0.000000000000000000e+00
5.400000000000000814e-06 -2.715470053880190670e-06
6.199999999999999931e-06 0.000000000000000000e+00
-9.915470053880192462e-06 -4.600000000000000004e-06
-9.915470053880192462e-06 -4.600000000000000004e-06
-9.684529946319811035e-06 -4.600000000000000004e-06
-9.684529946319811035e-06 -4.600000000000000004e-06
-9.515470053880191210e-06 -4.600000000000000004e-06
-9.515470053880191210e-06 -4.600000000000000004e-06
-8.000000000000001332e-06 -4.200000000000000445e-06
-8.000000000000001332e-06 -4.200000000000000445e-06
-8.000000000000001332e-06 -4.200000000000000445e-06
-8.000000000000001332e-06 -4.200000000000000445e-06
-8.000000000000001332e-06 -4.200000000000000445e-06
-8.000000000000001332e-06 -4.200000000000000445e-06
-8.000000000000001332e-06 -4.200000000000000445e-06
-8.000000000000001332e-06 -4.200000000000000445e-06
-8.000000000000001332e-06 -4.200000000000000445e-06
-8.000000000000001332e-06 -4.200000000000000445e-06
-8.000000000000001332e-06 -4.200000000000000445e-06
-8.000000000000001332e-06 -4.200000000000000445e-06
-8.000000000000001332e-06 -4.200000000000000445e-06
-8.000000000000001332e-06 -4.200000000000000445e-06
-7.915470053880191282e-06 -4.200000000000000445e-06
-7.915470053880191282e-06 -4.200000000000000445e-06
-7.684529946319809855e-06 -4.200000000000000445e-06
-7.684529946319809855e-06 -4.200000000000000445e-06
-7.515470053880190877e-06 -4.200000000000000445e-06
-7.515470053880190877e-06 -4.200000000000000445e-06
-7.284529946319811144e-06 -4.200000000000000445e-06
-7.284529946319810297e-06 -4.200000000000000445e-06
-7.115470053880191318e-06 -4.200000000000000445e-06
-7.115470053880191318e-06 -4.200000000000000445e-06
-6.884529946319812432e-06 -4.200000000000000445e-06
-6.884529946319811585e-06 -4.200000000000000445e-06
-6.715470053880192607e-06 -4.200000000000000445e-06
-6.715470053880191760e-06 -4.200000000000000445e-06
-6.484529946319812027e-06 -4.200000000000000445e-06
-6.484529946319812027e-06 -4.200000000000000445e-06
-6.315470053880191354e-06 -4.200000000000000445e-06
-6.315470053880191354e-06 -4.200000000000000445e-06
-6.084529946319811622e-06 -4.200000000000000445e-06
-6.084529946319810775e-06 -4.200000000000000445e-06
-5.915470053880191796e-06 -4.200000000000000445e-06
-5.915470053880191796e-06 -4.200000000000000445e-06
-5.684529946319811216e-06 -4.200000000000000445e-06
-5.684529946319811216e-06 -4.200000000000000445e-06
-5.515470053880191391e-06 -4.200000000000000445e-06
-5.515470053880191391e-06 -4.200000000000000445e-06
-5.284529946319811658e-06 -4.200000000000000445e-06
-5.284529946319810811e-06 -4.200000000000000445e-06
-5.115470053880191832e-06 -4.200000000000000445e-06
-5.115470053880190985e-06 -4.200000000000000445e-06
-4.884529946319811252e-06 -4.200000000000000445e-06
-4.884529946319811252e-06 -4.200000000000000445e-06
-4.715470053880191427e-06 -4.200000000000000445e-06
-4.715470053880191427e-06 -4.200000000000000445e-06
-4.484529946319811694e-06 -4.200000000000000445e-06
-4.484529946319810847e-06 -4.200000000000000445e-06
-4.315470053880191021e-06 -4.200000000000000445e-06
-4.315470053880191021e-06 -4.200000000000000445e-06
-4.084529946319811289e-06 -4.200000000000000445e-06
-4.084529946319811289e-06 -4.200000000000000445e-06
-2.800000000000000297e-06 -3.800000000000000040e-06
-2.800000000000000297e-06 -3.800000000000000040e-06
-2.800000000000000297e-06 -3.800000000000000040e-06
-2.800000000000000297e-06 -3.800000000000000040e-06
-2.800000000000000297e-06 -3.800000000000000040e-06
-2.800000000000000297e-06 -3.800000000000000040e-06
-2.800000000000000297e-06 -3.800000000000000040e-06
-2.800000000000000297e-06 -3.800000000000000040e-06
-2.800000000000000297e-06 -3.800000000000000040e-06
-2.800000000000000297e-06 -3.800000000000000040e-06
-2.800000000000000297e-06 -3.800000000000000040e-06
-2.800000000000000297e-06 -3.800000000000000040e-06
-2.715470053880190670e-06 -3.800000000000000040e-06
-2.715470053880190670e-06 -3.800000000000000040e-06
-1.400000000000000148e-06 -3.199999999999999855e-06
-1.000000000000000590e-06 -2.084529946319809262e-06
-1.400000000000000148e-06 -3.199999999999999855e-06
-1.000000000000000590e-06 -2.084529946319809685e-06
-1.000000000000000590e-06 -2.315470053880189841e-06
-1.000000000000000590e-06 -2.084529946319809262e-06
-1.000000000000000590e-06 -2.315470053880189841e-06
-1.000000000000000590e-06 -2.084529946319809685e-06
-1.000000000000000590e-06 -2.315470053880189841e-06
-1.000000000000000590e-06 -2.084529946319809262e-06
-1.000000000000000590e-06 -2.315470053880189841e-06
-1.000000000000000590e-06 -2.084529946319809685e-06
-1.000000000000000590e-06 -2.315470053880189841e-06
-1.000000000000000590e-06 -2.084529946319809262e-06
-1.000000000000000590e-06 -2.357735026940095290e-06
-1.000000000000000590e-06 -2.242264973159906271e-06
-1.000000000000000590e-06 -2.357735026940095713e-06
-1.000000000000000590e-06 -2.242264973159905847e-06
-1.000000000000000590e-06 -2.357735026940095290e-06
-1.000000000000000590e-06 -2.242264973159906271e-06
-1.000000000000000590e-06 -2.357735026940095713e-06
-1.000000000000000590e-06 -2.242264973159905847e-06
-1.000000000000000590e-06 -2.157735027040095797e-06
-1.000000000000000590e-06 -2.042264973259904660e-06
-1.000000000000000590e-06 -2.157735027040095797e-06
-9.422649731218631151e-07 -1.942264973121862117e-06
-1.000000000000000590e-06 -2.157735027040095797e-06
-1.000000000000000590e-06 -2.042264973259904660e-06
-1.000000000000000590e-06 -2.157735027040095797e-06
-1.000000000000000590e-06 -2.042264973259904660e-06
-1.000000000000000590e-06 -2.315470053880189841e-06
-9.000000000707115403e-07 -1.900000000070710330e-06
-1.000000000000000590e-06 -2.315470053880189841e-06
-7.845299461730127931e-07 -1.784529946173011795e-06
-1.000000000000000590e-06 -2.315470053880189841e-06
-7.000000000707090082e-07 -1.700000000070708645e-06
-7.000000000707080553e-07 -1.700000000070707798e-06
-5.999999999999993376e-07 -1.599999999999999928e-06
-6.154700539684042704e-07 -1.615470053968404649e-06
-5.999999999999993376e-07 -1.599999999999999928e-06
-5.999999999999993376e-07 -1.599999999999999928e-06
-5.999999999999993376e-07 -1.599999999999999928e-06
-5.999999999999993376e-07 -1.599999999999999928e-06
-5.999999999999993376e-07 -1.599999999999999928e-06
-5.999999999999993376e-07 -1.599999999999999928e-06
-5.999999999999993376e-07 -1.599999999999999928e-06
-5.999999999999993376e-07 -1.599999999999999928e-06
-5.999999999999993376e-07 -1.599999999999999928e-06
-5.999999999999993376e-07 -1.599999999999999928e-06
-5.999999999999993376e-07 -1.599999999999999928e-06
-5.999999999999993376e-07 -1.599999999999999928e-06
-5.999999999999993376e-07 -1.599999999999999928e-06
-5.999999999999993376e-07 -1.599999999999999928e-06
-5.999999999999993376e-07 -1.599999999999999928e-06
-5.999999999999993376e-07 -1.599999999999999928e-06
-5.999999999999993376e-07 -1.599999999999999928e-06
-5.999999999999993376e-07 -1.599999999999999928e-06
-5.999999999999993376e-07 -1.599999999999999928e-06
-5.999999999999993376e-07 -1.599999999999999928e-06
-5.999999999999993376e-07 -1.599999999999999928e-06
-5.999999999999993376e-07 -1.599999999999999928e-06
-5.999999999999993376e-07 -1.599999999999999928e-06
5.400000000000000814e-06 -2.315470053880189841e-06
5.400000000000000814e-06 -2.084529946319809685e-06
5.400000000000000814e-06 -2.315470053880189841e-06
5.400000000000000814e-06 -2.084529946319809262e-06
5.400000000000000814e-06 -2.315470053880189841e-06
5.400000000000000814e-06 -2.084529946319809685e-06
5.400000000000000814e-06 -2.315470053880189841e-06
5.400000000000000814e-06 -2.084529946319809262e-06
5.400000000000000814e-06 -2.315470053880189841e-06
5.400000000000000814e-06 -2.084529946319809685e-06
5.400000000000000814e-06 -2.315470053880189841e-06
5.400000000000000814e-06 -2.084529946319809262e-06
5.400000000000000814e-06 -2.315470053880189841e-06
5.400000000000000814e-06 -2.084529946319809685e-06
5.400000000000000814e-06 -2.315470053880189841e-06
5.400000000000000814e-06 -2.084529946319809262e-06
5.400000000000000814e-06 -2.315470053880189841e-06
5.400000000000000814e-06 -2.084529946319809685e-06
5.400000000000000814e-06 -2.315470053880189841e-06
5.400000000000000814e-06 -2.084529946319809262e-06
5.400000000000000814e-06 -2.315470053880189841e-06
5.400000000000000814e-06 -2.084529946319809685e-06
5.400000000000000814e-06 -2.315470053880189841e-06
5.400000000000000814e-06 -2.084529946319809262e-06
5.400000000000000814e-06 -2.315470053880189841e-06
5.400000000000000814e-06 -2.084529946319809685e-06
5.400000000000000814e-06 -2.315470053880189841e-06
5.400000000000000814e-06 -2.084529946319809262e-06
5.400000000000000814e-06 -2.357735026940095290e-06
5.400000000000000814e-06 -2.242264973159906271e-06
5.400000000000000814e-06 -2.357735026940095713e-06
5.400000000000000814e-06 -2.242264973159905847e-06
5.400000000000000814e-06 -2.357735026940095290e-06
5.400000000000000814e-06 -2.242264973159906271e-06
5.400000000000000814e-06 -2.357735026940095713e-06
5.400000000000000814e-06 -2.242264973159905847e-06
5.400000000000000814e-06 -2.157735027040095797e-06
5.400000000000000814e-06 -2.042264973259904660e-06
5.400000000000000814e-06 -2.157735027040095797e-06
5.400000000000000814e-06 -2.042264973259904660e-06
5.400000000000000814e-06 -2.157735027040095797e-06
5.400000000000000814e-06 -2.042264973259904660e-06
5.400000000000000814e-06 -2.157735027040095797e-06
5.400000000000000814e-06 -2.042264973259904660e-06
5.400000000000000814e-06 -2.315470053880189841e-06
5.400000000000000814e-06 -2.084529946319809685e-06
5.400000000000000814e-06 -2.315470053880189841e-06
5.400000000000000814e-06 -2.084529946319809262e-06
5.400000000000000814e-06 -2.315470053880189841e-06
5.400000000000000814e-06 -2.084529946319809685e-06
5.400000000000000814e-06 -2.315470053880189841e-06
5.400000000000000814e-06 -2.084529946319809262e-06
5.400000000000000814e-06 -2.315470053880189841e-06
5.400000000000000814e-06 -2.084529946319809685e-06
5.400000000000000814e-06 -2.315470053880189841e-06
5.400000000000000814e-06 -2.084529946319809262e-06
5.400000000000000814e-06 -2.315470053880189841e-06
5.400000000000000814e-06 -2.084529946319809685e-06
5.400000000000000814e-06 -2.315470053880189841e-06
5.400000000000000814e-06 -2.084529946319809262e-06
5.400000000000000814e-06 -2.315470053880189841e-06
5.400000000000000814e-06 -2.084529946319809685e-06
5.400000000000000814e-06 -2.315470053880189841e-06
5.400000000000000814e-06 -2.084529946319809262e-06
5.400000000000000814e-06 -2.315470053880189841e-06
5.400000000000000814e-06 -2.084529946319809685e-06
5.400000000000000814e-06 -2.315470053880189841e-06
5.400000000000000814e-06 -2.084529946319809262e-06
5.400000000000000814e-06 -2.315470053880189841e-06
5.400000000000000814e-06 -2.084529946319809685e-06
5.400000000000000814e-06 -2.315470053880189841e-06
5.400000000000000814e-06 -2.084529946319809262e-06
5.400000000000000814e-06 -2.315470053880189841e-06
5.400000000000000814e-06 -2.084529946319809685e-06
5.400000000000000814e-06 -2.315470053880189841e-06
6.199999999999999931e-06 0.000000000000000000e+00
5.400000000000000814e-06 -2.315470053880189841e-06
6.199999999999999931e-06 0.000000000000000000e+00
5.400000000000000814e-06 -2.315470053880189841e-06
6.199999999999999931e-06 0.000000000000000000e+00
6.199999999999999931e-06 0.000000000000000000e+00
6.199999999999999931e-06 0.000000000000000000e+00
6.199999999999999931e-06 0.000000000000000000e+00
6.199999999999999931e-06 0.000000000000000000e+00
6.199999999999999931e-06 0.000000000000000000e+00
6.199999999999999931e-06 0.000000000000000000e+00
6.199999999999999931e-06 0.000000000000000000e+00
6.199999999999999931e-06 0.000000000000000000e+00
-9.915470053880192462e-06 -4.600000000000000004e-06
-9.915470053880192462e-06 -4.600000000000000004e-06
-9.684529946319811035e-06 -4.600000000000000004e-06
-9.684529946319811035e-06 -4.600000000000000004e-06
-9.515470053880191210e-06 -4.600000000000000004e-06
-9.515470053880191210e-06 -4.600000000000000004e-06
-8.000000000000001332e-06 -4.200000000000000445e-06
-8.000000000000001332e-06 -4.200000000000000445e-06
-8.000000000000001332e-06 -4.200000000000000445e-06
-8.000000000000001332e-06 -4.200000000000000445e-06
-8.000000000000001332e-06 -4.200000000000000445e-06
-8.000000000000001332e-06 -4.200000000000000445e-06
-8.000000000000001332e-06 -4.200000000000000445e-06
-8.000000000000001332e-06 -4.200000000000000445e-06
-8.000000000000001332e-06 -4.200000000000000445e-06
-8.000000000000001332e-06 -4.200000000000000445e-06
-8.000000000000001332e-06 -4.200000000000000445e-06
-8.000000000000001332e-06 -4.200000000000000445e-06
-8.000000000000001332e-06 -4.200000000000000445e-06
-8.000000000000001332e-06 -4.200000000000000445e-06
-7.915470053880191282e-06 -4.200000000000000445e-06
-7.915470053880191282e-06 -4.200000000000000445e-06
-7.684529946319809855e-06 -4.200000000000000445e-06
-7.684529946319809855e-06 -4.200000000000000445e-06
-7.515470053880190877e-06 -4.200000000000000445e-06
-7.515470053880190877e-06 -4.200000000000000445e-06
-7.284529946319811144e-06 -4.200000000000000445e-06
-7.284529946319810297e-06 -4.200000000000000445e-06
-7.115470053880191318e-06 -4.200000000000000445e-06
-7.115470053880191318e-06 -4.200000000000000445e-06
-6.884529946319812432e-06 -4.200000000000000445e-06
-6.884529946319811585e-06 -4.200000000000000445e-06
-6.715470053880192607e-06 -4.200000000000000445e-06
-6.715470053880191760e-06 -4.200000000000000445e-06
-6.484529946319812027e-06 -4.200000000000000445e-06
-6.484529946319812027e-06 -4.200000000000000445e-06
-6.315470053880191354e-06 -4.200000000000000445e-06
-6.315470053880191354e-06 -4.200000000000000445e-06
-6.084529946319811622e-06 -4.200000000000000445e-06
-6.084529946319810775e-06 -4.200000000000000445e-06
-5.915470053880191796e-06 -4.200000000000000445e-06
-5.915470053880191796e-06 -4.200000000000000445e-06
-5.684529946319811216e-06 -4.200000000000000445e-06
-5.684529946319811216e-06 -4.200000000000000445e-06
-5.515470053880191391e-06 -4.200000000000000445e-06
-5.515470053880191391e-06 -4.200000000000000445e-06
-5.284529946319811658e-06 -4.200000000000000445e-06
-5.284529946319810811e-06 -4.200000000000000445e-06
-5.115470053880191832e-06 -4.200000000000000445e-06
-5.115470053880190985e-06 -4.200000000000000445e-06
-4.884529946319811252e-06 -4.200000000000000445e-06
-4.884529946319811252e-06 -4.200000000000000445e-06
-4.715470053880191427e-06 -4.200000000000000445e-06
-4.715470053880191427e-06 -4.200000000000000445e-06
-4.484529946319811694e-06 -4.200000000000000445e-06
-4.484529946319810847e-06 -4.200000000000000445e-06
-4.315470053880191021e-06 -4.200000000000000445e-06
-4.315470053880191021e-06 -4.200000000000000445e-06
-2.800000000000000297e-06 -3.800000000000000040e-06
-2.800000000000000297e-06 -3.800000000000000040e-06
-2.800000000000000297e-06 -3.800000000000000040e-06
-2.800000000000000297e-06 -3.800000000000000040e-06
-2.800000000000000297e-06 -3.800000000000000040e-06
-2.800000000000000297e-06 -3.800000000000000040e-06
-2.800000000000000297e-06 -3.800000000000000040e-06
-2.800000000000000297e-06 -3.800000000000000040e-06
-2.800000000000000297e-06 -3.800000000000000040e-06
-2.800000000000000297e-06 -3.800000000000000040e-06
-2.800000000000000297e-06 -3.800000000000000040e-06
-1.000000000000000590e-06 -1.999999999999999486e-06
-1.000000000000000590e-06 -1.999999999999999486e-06
-1.000000000000000590e-06 -1.999999999999999486e-06
-1.000000000000000590e-06 -1.999999999999999486e-06
-1.000000000000000590e-06 -1.999999999999999486e-06
-1.000000000000000590e-06 -1.999999999999999486e-06
-1.000000000000000590e-06 -1.999999999999999486e-06
-1.000000000000000590e-06 -1.999999999999999486e-06
-1.000000000000000590e-06 -1.999999999999999486e-06
-1.000000000000000590e-06 -1.999999999999999486e-06
-1.000000000000000590e-06 -1.999999999999999486e-06
-1.000000000000000590e-06 -1.999999999999999486e-06
-1.000000000000000590e-06 -1.999999999999999486e-06
-1.000000000000000590e-06 -1.999999999999999486e-06
-1.000000000000000590e-06 -1.999999999999999486e-06
-1.000000000000000590e-06 -1.999999999999999486e-06
-1.000000000000000590e-06 -1.999999999999999486e-06
-1.000000000000000590e-06 -1.999999999999999486e-06
-9.845299461730145840e-07 -1.984529946173013480e-06
-1.000000000000000590e-06 -1.999999999999999486e-06
-1.000000000000000590e-06 -1.999999999999999486e-06
-1.000000000000000590e-06 -1.999999999999999486e-06
-9.422649731218631151e-07 -1.942264973121862117e-06
-9.577350269488492270e-07 -1.957735026948848123e-06
-9.000000000707115403e-07 -1.900000000070710330e-06
-9.000000000707115403e-07 -1.900000000070710330e-06
-8.422649731925738536e-07 -1.842264973192572750e-06
-8.577350270195599654e-07 -1.857735027019558756e-06
-8.000000001414222787e-07 -1.800000000141421175e-06
-8.000000001414222787e-07 -1.800000000141421175e-06
-7.422649731218633359e-07 -1.742264973121862761e-06
-9.744016936037306117e-07 -1.974401693603729719e-06
-9.044658199414058370e-07 -1.904465819941404627e-06
-9.622008468195433120e-07 -1.962200846819541996e-06
-8.589316398474554501e-07 -1.858931639847454346e-06
-9.410683602939676304e-07 -1.941068360293966526e-06
-8.377991533218796627e-07 -1.837799153321878665e-06
-8.955341802000170317e-07 -1.895534180200015822e-06
-8.255983065376922570e-07 -1.825598306537691153e-06
-8.577350270195597537e-07 -1.857735027019558756e-06
-8.000000000000008108e-07 -1.799999999999999707e-06
-8.000000000000008108e-07 -1.799999999999999707e-06
-7.422649731218619595e-07 -1.742264973121861279e-06
-7.577350269488475419e-07 -1.757735026948846861e-06
-7.000000000707098552e-07 -1.700000000070709704e-06
-7.000000000707091141e-07 -1.700000000070708857e-06
-6.422649731925717450e-07 -1.642264973192571912e-06
-6.577350270195582804e-07 -1.657735027019558341e-06
-5.999999999999993376e-07 -1.599999999999999928e-06
-5.999999999999993376e-07 -1.599999999999999928e-06
-5.999999999999993376e-07 -1.599999999999999928e-06
-7.410683602939672160e-07 -1.741068360293966535e-06
-6.377991533218782953e-07 -1.637799153321878462e-06
-6.955341802000160879e-07 -1.695534180200015831e-06
-6.255983065376907838e-07 -1.625598306537691162e-06
-7.744016936037308325e-07 -1.774401693603729940e-06
-7.044658199414055284e-07 -1.704465819941405271e-06
-7.622008468195433210e-07 -1.762200846819542429e-06
-6.589316398474545062e-07 -1.658931639847454567e-06
-6.154700539684055409e-07 -1.615470053968406131e-06
-5.999999999999993376e-07 -1.599999999999999928e-06
-5.999999999999993376e-07 -1.599999999999999928e-06
-5.999999999999993376e-07 -1.599999999999999928e-06
-5.999999999999993376e-07 -1.599999999999999928e-06
-5.999999999999993376e-07 -1.599999999999999928e-06
-5.999999999999993376e-07 -1.599999999999999928e-06
-5.999999999999993376e-07 -1.599999999999999928e-06
-5.999999999999993376e-07 -1.599999999999999928e-06
-5.999999999999993376e-07 -1.599999999999999928e-06
-5.999999999999993376e-07 -1.599999999999999928e-06
-5.999999999999993376e-07 -1.599999999999999928e-06
-5.999999999999993376e-07 -1.599999999999999928e-06
-5.999999999999993376e-07 -1.599999999999999928e-06
-5.999999999999993376e-07 -1.599999999999999928e-06
-5.999999999999993376e-07 -1.599999999999999928e-06
-5.999999999999993376e-07 -1.599999999999999928e-06
-5.999999999999993376e-07 -1.599999999999999928e-06
-5.999999999999993376e-07 -1.599999999999999928e-06
-5.999999999999993376e-07 -1.599999999999999928e-06
-5.999999999999993376e-07 -1.599999999999999928e-06
-5.999999999999993376e-07 -1.599999999999999928e-06
-5.999999999999993376e-07 -1.599999999999999928e-06
-5.999999999999993376e-07 -1.599999999999999928e-06
-5.999999999999993376e-07 -1.599999999999999928e-06
-5.999999999999993376e-07 -1.599999999999999928e-06
2.400000000000000738e-06 1.000000000000000590e-06
2.400000000000000738e-06 1.000000000000000590e-06
4.400000000000000224e-06 1.999999999999997792e-07
2.484529946119811212e-06 1.000000000000000590e-06
5.400000000000000814e-06 -1.915470053880189436e-06
4.400000000000000224e-06 1.999999999999997792e-07
5.400000000000000814e-06 -1.915470053880189436e-06
4.400000000000000224e-06 1.999999999999997792e-07
5.400000000000000814e-06 -1.915470053880189436e-06
4.400000000000000224e-06 1.999999999999997792e-07
5.400000000000000814e-06 -1.915470053880189436e-06
5.400000000000000814e-06 -1.684529946319809703e-06
5.400000000000000814e-06 -1.915470053880189436e-06
5.400000000000000814e-06 -1.684529946319809703e-06
5.400000000000000814e-06 -1.915470053880189436e-06
5.400000000000000814e-06 -1.684529946319809703e-06
5.400000000000000814e-06 -1.915470053880189436e-06
5.400000000000000814e-06 -1.684529946319809703e-06
5.400000000000000814e-06 -1.915470053880189436e-06
5.400000000000000814e-06 -1.684529946319809703e-06
5.400000000000000814e-06 -1.915470053880189436e-06
5.400000000000000814e-06 -1.684529946319809703e-06
5.400000000000000814e-06 -1.915470053880189436e-06
5.400000000000000814e-06 -1.684529946319809703e-06
5.400000000000000814e-06 -1.915470053880189436e-06
5.400000000000000814e-06 -1.684529946319809703e-06
5.400000000000000814e-06 -1.915470053880189436e-06
5.400000000000000814e-06 -1.684529946319809703e-06
5.400000000000000814e-06 -1.915470053880189436e-06
5.400000000000000814e-06 -1.684529946319809703e-06
5.400000000000000814e-06 -1.957735026940094884e-06
5.400000000000000814e-06 -1.842264973159904806e-06
5.400000000000000814e-06 -1.957735026940094461e-06
5.400000000000000814e-06 -1.842264973159904806e-06
5.400000000000000814e-06 -1.957735026940094884e-06
5.400000000000000814e-06 -1.842264973159904806e-06
5.400000000000000814e-06 -1.957735026940094461e-06
5.400000000000000814e-06 -1.842264973159904806e-06
5.400000000000000814e-06 -1.757735027040094968e-06
5.400000000000000814e-06 -1.642264973259904890e-06
5.400000000000000814e-06 -1.757735027040094968e-06
5.400000000000000814e-06 -1.642264973259904890e-06
5.400000000000000814e-06 -1.757735027040094968e-06
5.400000000000000814e-06 -1.642264973259904890e-06
5.400000000000000814e-06 -1.757735027040094968e-06
5.400000000000000814e-06 -1.642264973259904890e-06
5.400000000000000814e-06 -1.915470053880189436e-06
5.400000000000000814e-06 -1.684529946319809703e-06
5.400000000000000814e-06 -1.915470053880189436e-06
5.400000000000000814e-06 -1.684529946319809703e-06
5.400000000000000814e-06 -1.915470053880189436e-06
5.400000000000000814e-06 -1.684529946319809703e-06
5.400000000000000814e-06 -1.915470053880189436e-06
5.400000000000000814e-06 -1.684529946319809703e-06
5.400000000000000814e-06 -1.915470053880189436e-06
5.400000000000000814e-06 -1.684529946319809703e-06
5.400000000000000814e-06 -1.915470053880189436e-06
5.400000000000000814e-06 -1.684529946319809703e-06
5.400000000000000814e-06 -1.915470053880189436e-06
5.400000000000000814e-06 -1.684529946319809703e-06
5.400000000000000814e-06 -1.915470053880189436e-06
5.400000000000000814e-06 -1.684529946319809703e-06
5.400000000000000814e-06 -1.915470053880189436e-06
5.400000000000000814e-06 -1.684529946319809703e-06
5.400000000000000814e-06 -1.915470053880189436e-06
5.400000000000000814e-06 -1.684529946319809703e-06
5.400000000000000814e-06 -1.915470053880189436e-06
6.099999999929282955e-06 -1.000000000707175189e-07
5.400000000000000814e-06 -1.915470053880189436e-06
6.199999999999999931e-06 0.000000000000000000e+00
5.400000000000000814e-06 -1.915470053880189436e-06
6.199999999999999931e-06 0.000000000000000000e+00
6.199999999999999931e-06 0.000000000000000000e+00
6.199999999999999931e-06 0.000000000000000000e+00
6.199999999999999931e-06 0.000000000000000000e+00
6.199999999999999931e-06 0.000000000000000000e+00
6.199999999999999931e-06 0.000000000000000000e+00
6.199999999999999931e-06 0.000000000000000000e+00
6.199999999999999931e-06 0.000000000000000000e+00
6.199999999999999931e-06 0.000000000000000000e+00
6.199999999999999931e-06 0.000000000000000000e+00
6.199999999999999931e-06 0.000000000000000000e+00
6.199999999999999931e-06 0.000000000000000000e+00
6.199999999999999931e-06 0.000000000000000000e+00
6.199999999999999931e-06 0.000000000000000000e+00
6.199999999999999931e-06 0.000000000000000000e+00
6.199999999999999931e-06 0.000000000000000000e+00
6.199999999999999931e-06 0.000000000000000000e+00
6.199999999999999931e-06 0.000000000000000000e+00
6.199999999999999931e-06 0.000000000000000000e+00
-9.915470053880192462e-06 -4.600000000000000004e-06
-9.915470053880192462e-06 -4.600000000000000004e-06
-9.684529946319811035e-06 -4.600000000000000004e-06
-9.684529946319811035e-06 -4.600000000000000004e-06
-8.000000000000001332e-06 -4.200000000000000445e-06
-8.000000000000001332e-06 -4.200000000000000445e-06
-8.000000000000001332e-06 -4.200000000000000445e-06
-8.000000000000001332e-06 -4.200000000000000445e-06
-8.000000000000001332e-06 -4.200000000000000445e-06
-8.000000000000001332e-06 -4.200000000000000445e-06
-8.000000000000001332e-06 -4.200000000000000445e-06
-8.000000000000001332e-06 -4.200000000000000445e-06
-8.000000000000001332e-06 -4.200000000000000445e-06
-8.000000000000001332e-06 -4.200000000000000445e-06
-8.000000000000001332e-06 -4.200000000000000445e-06
-8.000000000000001332e-06 -4.200000000000000445e-06
-8.000000000000001332e-06 -4.200000000000000445e-06
-8.000000000000001332e-06 -4.200000000000000445e-06
-8.000000000000001332e-06 -4.200000000000000445e-06
-8.000000000000001332e-06 -4.200000000000000445e-06
-7.915470053880191282e-06 -4.200000000000000445e-06
-7.915470053880191282e-06 -4.200000000000000445e-06
-7.684529946319809855e-06 -4.200000000000000445e-06
-7.684529946319809855e-06 -4.200000000000000445e-06
-7.515470053880190877e-06 -4.200000000000000445e-06
-7.515470053880190877e-06 -4.200000000000000445e-06
-7.284529946319811144e-06 -4.200000000000000445e-06
-7.284529946319810297e-06 -4.200000000000000445e-06
-7.115470053880191318e-06 -4.200000000000000445e-06
-7.115470053880191318e-06 -4.200000000000000445e-06
-6.884529946319812432e-06 -4.200000000000000445e-06
-6.884529946319811585e-06 -4.200000000000000445e-06
-6.715470053880192607e-06 -4.200000000000000445e-06
-6.715470053880191760e-06 -4.200000000000000445e-06
-6.484529946319812027e-06 -4.200000000000000445e-06
-6.484529946319812027e-06 -4.200000000000000445e-06
-6.315470053880191354e-06 -4.200000000000000445e-06
-6.315470053880191354e-06 -4.200000000000000445e-06
-6.084529946319811622e-06 -4.200000000000000445e-06
-6.084529946319810775e-06 -4.200000000000000445e-06
-5.915470053880191796e-06 -4.200000000000000445e-06
-5.915470053880191796e-06 -4.200000000000000445e-06
-5.684529946319811216e-06 -4.200000000000000445e-06
-5.684529946319811216e-06 -4.200000000000000445e-06
-5.515470053880191391e-06 -4.200000000000000445e-06
-5.515470053880191391e-06 -4.200000000000000445e-06
-5.284529946319811658e-06 -4.200000000000000445e-06
-5.284529946319810811e-06 -4.200000000000000445e-06
-5.115470053880191832e-06 -4.200000000000000445e-06
-5.115470053880190985e-06 -4.200000000000000445e-06
-4.884529946319811252e-06 -4.200000000000000445e-06
-4.884529946319811252e-06 -4.200000000000000445e-06
-4.715470053880191427e-06 -4.200000000000000445e-06
-4.715470053880191427e-06 -4.200000000000000445e-06
-4.484529946319811694e-06 -4.200000000000000445e-06
-4.484529946319810847e-06 -4.200000000000000445e-06
-4.315470053880191021e-06 -4.200000000000000445e-06
-4.315470053880191021e-06 -4.200000000000000445e-06
-2.800000000000000297e-06 -3.800000000000000040e-06
-2.800000000000000297e-06 -3.800000000000000040e-06
-2.800000000000000297e-06 -3.800000000000000040e-06
-2.800000000000000297e-06 -3.800000000000000040e-06
-2.800000000000000297e-06 -3.800000000000000040e-06
-2.800000000000000297e-06 -3.800000000000000040e-06
-2.800000000000000297e-06 -3.800000000000000040e-06
-2.800000000000000297e-06 -3.800000000000000040e-06
-2.800000000000000297e-06 -3.800000000000000040e-06
-1.000000000000000590e-06 -1.999999999999999486e-06
-1.000000000000000590e-06 -1.999999999999999486e-06
-1.000000000000000590e-06 -1.999999999999999486e-06
-1.000000000000000590e-06 -1.999999999999999486e-06
-1.000000000000000590e-06 -1.999999999999999486e-06
-1.000000000000000590e-06 -1.999999999999999486e-06
-1.000000000000000590e-06 -1.999999999999999486e-06
-1.000000000000000590e-06 -1.999999999999999486e-06
-1.000000000000000590e-06 -1.999999999999999486e-06
-1.000000000000000590e-06 -1.999999999999999486e-06
-1.000000000000000590e-06 -1.999999999999999486e-06
-1.000000000000000590e-06 -1.999999999999999486e-06
-1.000000000000000590e-06 -1.999999999999999486e-06
-1.000000000000000590e-06 -1.999999999999999486e-06
-1.000000000000000590e-06 -1.999999999999999486e-06
-1.000000000000000590e-06 -1.999999999999999486e-06
-9.845299461730145840e-07 -1.984529946173013480e-06
-1.000000000000000590e-06 -1.999999999999999486e-06
-9.000000000707115403e-07 -1.900000000070710330e-06
-9.000000000707116461e-07 -1.900000000070710542e-06
-5.999999999999993376e-07 -1.284529946319810145e-06
-8.154700539684086024e-07 -1.815470053968407604e-06
-5.999999999999993376e-07 -1.284529946319810145e-06
-7.000000000707119728e-07 -1.700000000070711822e-06
-5.999999999999993376e-07 -1.284529946319810145e-06
-6.577350270195597627e-07 -1.657735027019559823e-06
-5.999999999999993376e-07 -1.442264973159905036e-06
-5.999999999999993376e-07 -1.557735026940095114e-06
-5.999999999999993376e-07 -1.442264973159905036e-06
-5.999999999999993376e-07 -1.557735026940095114e-06
-5.999999999999993376e-07 -1.442264973159905036e-06
-5.999999999999993376e-07 -1.557735026940095114e-06
-5.999999999999993376e-07 -1.442264973159905036e-06
-5.999999999999993376e-07 -1.357735027040095410e-06
-5.999999999999993376e-07 -1.242264973259905331e-06
-5.999999999999993376e-07 -1.357735027040095621e-06
-5.999999999999993376e-07 -1.242264973259905543e-06
-5.999999999999993376e-07 -1.357735027040095410e-06
-5.999999999999993376e-07 -1.242264973259905331e-06
-5.999999999999993376e-07 -1.357735027040095621e-06
-5.999999999999993376e-07 -1.242264973259905543e-06
-5.999999999999993376e-07 -1.515470053880190513e-06
-5.999999999999993376e-07 -1.284529946319810145e-06
-5.999999999999993376e-07 -1.515470053880190301e-06
-5.999999999999993376e-07 -1.284529946319810145e-06
-5.999999999999993376e-07 -1.515470053880190513e-06
-5.999999999999993376e-07 -1.284529946319810145e-06
-5.999999999999993376e-07 -1.515470053880190301e-06
-5.999999999999993376e-07 -1.284529946319810145e-06
-5.999999999999993376e-07 -1.515470053880190513e-06
-5.999999999999993376e-07 -1.284529946319810145e-06
-5.999999999999993376e-07 -1.515470053880190301e-06
-5.999999999999993376e-07 -1.284529946319810145e-06
-5.999999999999993376e-07 -1.515470053880190513e-06
-5.999999999999993376e-07 -1.284529946319810145e-06
-5.999999999999993376e-07 -1.515470053880190301e-06
-5.999999999999993376e-07 -1.284529946319810145e-06
-5.999999999999993376e-07 -1.515470053880190513e-06
-5.999999999999993376e-07 -1.284529946319810145e-06
-5.999999999999993376e-07 -1.515470053880190301e-06
-5.999999999999993376e-07 -1.284529946319810145e-06
-5.999999999999993376e-07 -1.515470053880190513e-06
-1.999999999999997792e-07 0.000000000000000000e+00
-5.999999999999993376e-07 -1.515470053880190301e-06
2.400000000000000738e-06 1.000000000000000590e-06
2.400000000000000738e-06 1.000000000000000590e-06
2.400000000000000738e-06 1.000000000000000590e-06
2.400000000000000738e-06 1.000000000000000590e-06
2.400000000000000738e-06 1.000000000000000590e-06
2.484529946119811212e-06 1.000000000000000590e-06
2.484529946119811212e-06 1.000000000000000590e-06
4.400000000000000224e-06 1.999999999999997792e-07
4.300000000070711492e-06 2.999999999292887231e-07
4.400000000000000224e-06 1.999999999999997792e-07
4.384529946173014218e-06 2.154700538269855469e-07
4.400000000000000224e-06 1.999999999999997792e-07
4.400000000000000224e-06 1.999999999999997792e-07
4.400000000000000224e-06 1.999999999999997792e-07
4.400000000000000224e-06 1.999999999999997792e-07
5.400000000000000814e-06 -1.515470053880190301e-06
4.400000000000000224e-06 1.999999999999997792e-07
5.400000000000000814e-06 -1.515470053880190513e-06
4.400000000000000224e-06 1.999999999999997792e-07
5.400000000000000814e-06 -1.515470053880190301e-06
5.400000000000000814e-06 -1.284529946319810145e-06
5.400000000000000814e-06 -1.515470053880190513e-06
5.400000000000000814e-06 -1.284529946319810145e-06
5.400000000000000814e-06 -1.515470053880190301e-06
5.400000000000000814e-06 -1.284529946319810145e-06
5.400000000000000814e-06 -1.515470053880190513e-06
5.400000000000000814e-06 -1.284529946319810145e-06
5.400000000000000814e-06 -1.515470053880190301e-06
5.400000000000000814e-06 -1.284529946319810145e-06
5.400000000000000814e-06 -1.515470053880190513e-06
5.400000000000000814e-06 -1.284529946319810145e-06
5.400000000000000814e-06 -1.515470053880190301e-06
5.400000000000000814e-06 -1.284529946319810145e-06
5.400000000000000814e-06 -1.557735026940095114e-06
5.400000000000000814e-06 -1.442264973159905036e-06
5.400000000000000814e-06 -1.557735026940095114e-06
5.400000000000000814e-06 -1.442264973159905036e-06
5.400000000000000814e-06 -1.557735026940095114e-06
5.400000000000000814e-06 -1.442264973159905036e-06
5.400000000000000814e-06 -1.557735026940095114e-06
5.400000000000000814e-06 -1.442264973159905036e-06
5.400000000000000814e-06 -1.357735027040095410e-06
5.400000000000000814e-06 -1.242264973259905331e-06
5.400000000000000814e-06 -1.357735027040095621e-06
5.400000000000000814e-06 -1.242264973259905543e-06
5.400000000000000814e-06 -1.357735027040095410e-06
5.400000000000000814e-06 -1.242264973259905331e-06
5.400000000000000814e-06 -1.357735027040095621e-06
5.400000000000000814e-06 -1.242264973259905543e-06
5.400000000000000814e-06 -1.515470053880190513e-06
5.400000000000000814e-06 -1.284529946319810145e-06
5.400000000000000814e-06 -1.515470053880190301e-06
5.400000000000000814e-06 -1.284529946319810145e-06
5.400000000000000814e-06 -1.515470053880190513e-06
5.400000000000000814e-06 -1.284529946319810145e-06
5.400000000000000814e-06 -1.515470053880190301e-06
5.400000000000000814e-06 -1.284529946319810145e-06
5.400000000000000814e-06 -1.515470053880190513e-06
5.400000000000000814e-06 -1.284529946319810145e-06
5.400000000000000814e-06 -1.515470053880190301e-06
5.815470053826990614e-06 -3.845299461730095819e-07
5.400000000000000814e-06 -1.515470053880190513e-06
5.899999999929294187e-06 -3.000000000707063793e-07
5.400000000000000814e-06 -1.515470053880190301e-06
6.015470053826981923e-06 -1.845299461730193583e-07
5.984529946031598607e-06 -2.154700539684025150e-07
6.099999999929284649e-06 -1.000000000707158116e-07
6.099999999929283802e-06 -1.000000000707168704e-07
6.199999999999999931e-06 0.000000000000000000e+00
6.184529946031586528e-06 -1.547005396841382664e-08
6.199999999999999931e-06 0.000000000000000000e+00
6.199999999999999931e-06 0.000000000000000000e+00
6.199999999999999931e-06 0.000000000000000000e+00
6.199999999999999931e-06 0.000000000000000000e+00
6.199999999999999931e-06 0.000000000000000000e+00
6.199999999999999931e-06 0.000000000000000000e+00
6.199999999999999931e-06 0.000000000000000000e+00
6.199999999999999931e-06 0.000000000000000000e+00
6.199999999999999931e-06 0.000000000000000000e+00
6.199999999999999931e-06 0.000000000000000000e+00
6.199999999999999931e-06 0.000000000000000000e+00
6.199999999999999931e-06 0.000000000000000000e+00
6.199999999999999931e-06 0.000000000000000000e+00
6.199999999999999931e-06 0.000000000000000000e+00
6.199999999999999931e-06 0.000000000000000000e+00
6.199999999999999931e-06 0.000000000000000000e+00
6.199999999999999931e-06 0.000000000000000000e+00
6.199999999999999931e-06 0.000000000000000000e+00
6.999999999999999048e-06 1.200000000000000369e-06
6.199999999999999931e-06 0.000000000000000000e+00
6.999999999999999048e-06 1.200000000000000369e-06
6.999999999999999048e-06 1.200000000000000369e-06
6.999999999999999048e-06 1.200000000000000369e-06
-9.915470053880192462e-06 -4.600000000000000004e-06
-9.915470053880192462e-06 -4.600000000000000004e-06
-9.684529946319811035e-06 -4.600000000000000004e-06
-9.684529946319811035e-06 -4.600000000000000004e-06
-8.000000000000001332e-06 -4.200000000000000445e-06
-8.000000000000001332e-06 -4.200000000000000445e-06
-8.000000000000001332e-06 -4.200000000000000445e-06
-8.000000000000001332e-06 -4.200000000000000445e-06
-8.000000000000001332e-06 -4.200000000000000445e-06
-8.000000000000001332e-06 -4.200000000000000445e-06
-8.000000000000001332e-06 -4.200000000000000445e-06
-8.000000000000001332e-06 -4.200000000000000445e-06
-8.000000000000001332e-06 -4.200000000000000445e-06
-8.000000000000001332e-06 -4.200000000000000445e-06
-8.000000000000001332e-06 -4.200000000000000445e-06
-8.000000000000001332e-06 -4.200000000000000445e-06
-8.000000000000001332e-06 -4.200000000000000445e-06
-8.000000000000001332e-06 -4.200000000000000445e-06
-8.000000000000001332e-06 -4.200000000000000445e-06
-8.000000000000001332e-06 -4.200000000000000445e-06
-7.915470053880191282e-06 -4.200000000000000445e-06
-7.915470053880191282e-06 -4.200000000000000445e-06
-7.684529946319809855e-06 -4.200000000000000445e-06
-7.684529946319809855e-06 -4.200000000000000445e-06
-7.515470053880190877e-06 -4.200000000000000445e-06
-7.515470053880190877e-06 -4.200000000000000445e-06
-7.284529946319811144e-06 -4.200000000000000445e-06
-7.284529946319810297e-06 -4.200000000000000445e-06
-7.115470053880191318e-06 -4.200000000000000445e-06
-7.115470053880191318e-06 -4.200000000000000445e-06
-6.884529946319812432e-06 -4.200000000000000445e-06
-6.884529946319811585e-06 -4.200000000000000445e-06
-6.715470053880192607e-06 -4.200000000000000445e-06
-6.715470053880191760e-06 -4.200000000000000445e-06
-6.484529946319812027e-06 -4.200000000000000445e-06
-6.484529946319812027e-06 -4.200000000000000445e-06
-6.315470053880191354e-06 -4.200000000000000445e-06
-6.315470053880191354e-06 -4.200000000000000445e-06
-6.084529946319811622e-06 -4.200000000000000445e-06
-6.084529946319810775e-06 -4.200000000000000445e-06
-5.915470053880191796e-06 -4.200000000000000445e-06
-5.915470053880191796e-06 -4.200000000000000445e-06
-5.684529946319811216e-06 -4.200000000000000445e-06
-5.684529946319811216e-06 -4.200000000000000445e-06
-5.515470053880191391e-06 -4.200000000000000445e-06
-5.515470053880191391e-06 -4.200000000000000445e-06
-5.284529946319811658e-06 -4.200000000000000445e-06
-5.284529946319810811e-06 -4.200000000000000445e-06
-5.115470053880191832e-06 -4.200000000000000445e-06
-5.115470053880190985e-06 -4.200000000000000445e-06
-4.884529946319811252e-06 -4.200000000000000445e-06
-4.884529946319811252e-06 -4.200000000000000445e-06
-4.715470053880191427e-06 -4.200000000000000445e-06
-4.715470053880191427e-06 -4.200000000000000445e-06
-4.484529946319811694e-06 -4.200000000000000445e-06
-4.484529946319810847e-06 -4.200000000000000445e-06
-2.800000000000000297e-06 -3.800000000000000040e-06
-2.800000000000000297e-06 -3.800000000000000040e-06
-2.800000000000000297e-06 -3.800000000000000040e-06
-2.800000000000000297e-06 -3.800000000000000040e-06
-2.800000000000000297e-06 -3.800000000000000040e-06
-2.800000000000000297e-06 -3.800000000000000040e-06
-2.800000000000000297e-06 -3.800000000000000040e-06
-1.000000000000000590e-06 -1.999999999999999486e-06
-1.000000000000000590e-06 -1.999999999999999486e-06
-1.000000000000000590e-06 -1.999999999999999486e-06
-1.000000000000000590e-06 -1.999999999999999486e-06
-1.000000000000000590e-06 -1.999999999999999486e-06
-1.000000000000000590e-06 -1.999999999999999486e-06
-1.000000000000000590e-06 -1.999999999999999486e-06
-1.000000000000000590e-06 -1.999999999999999486e-06
-1.000000000000000590e-06 -1.999999999999999486e-06
-1.000000000000000590e-06 -1.999999999999999486e-06
-1.000000000000000590e-06 -1.999999999999999486e-06
-1.000000000000000590e-06 -1.999999999999999486e-06
-1.000000000000000590e-06 -1.999999999999999486e-06
-1.000000000000000590e-06 -1.999999999999999486e-06
-5.999999999999993376e-07 -8.845299463198106923e-07
-1.000000000000000590e-06 -1.999999999999999486e-06
-5.999999999999993376e-07 -8.845299463198106923e-07
-1.000000000000000590e-06 -1.999999999999999486e-06
-5.999999999999993376e-07 -8.845299463198106923e-07
-5.999999999999993376e-07 -1.115470053880190954e-06
-5.999999999999993376e-07 -8.845299463198106923e-07
-5.999999999999993376e-07 -1.115470053880190743e-06
-5.999999999999993376e-07 -8.845299463198106923e-07
-5.999999999999993376e-07 -1.115470053880190954e-06
-5.999999999999993376e-07 -8.845299463198106923e-07
-5.999999999999993376e-07 -1.115470053880190743e-06
-5.999999999999993376e-07 -8.845299463198106923e-07
-5.999999999999993376e-07 -1.115470053880190954e-06
-5.999999999999993376e-07 -8.845299463198106923e-07
-5.999999999999993376e-07 -1.157735026940095556e-06
-5.999999999999993376e-07 -1.042264973159905478e-06
-5.999999999999993376e-07 -1.157735026940095556e-06
-5.999999999999993376e-07 -1.042264973159905478e-06
-5.999999999999993376e-07 -1.157735026940095556e-06
-5.999999999999993376e-07 -1.042264973159905478e-06
-5.999999999999993376e-07 -1.157735026940095556e-06
-5.999999999999993376e-07 -1.042264973159905478e-06
-5.999999999999993376e-07 -9.577350270400958512e-07
-5.999999999999993376e-07 -8.422649732599057731e-07
-5.999999999999993376e-07 -9.577350270400958512e-07
-5.999999999999993376e-07 -8.422649732599057731e-07
-5.999999999999993376e-07 -9.577350270400958512e-07
-5.999999999999993376e-07 -8.422649732599057731e-07
-5.999999999999993376e-07 -9.577350270400958512e-07
-5.999999999999993376e-07 -8.422649732599057731e-07
-5.999999999999993376e-07 -1.115470053880190743e-06
-5.999999999999993376e-07 -8.845299463198106923e-07
-5.999999999999993376e-07 -1.115470053880190954e-06
-5.999999999999993376e-07 -8.845299463198106923e-07
-5.999999999999993376e-07 -1.115470053880190743e-06
-5.999999999999993376e-07 -8.845299463198106923e-07
-5.999999999999993376e-07 -1.115470053880190954e-06
-5.999999999999993376e-07 -8.845299463198106923e-07
-5.999999999999993376e-07 -1.115470053880190743e-06
-5.999999999999993376e-07 -8.845299463198106923e-07
-5.999999999999993376e-07 -1.115470053880190954e-06
-1.999999999999997792e-07 0.000000000000000000e+00
-5.999999999999993376e-07 -1.115470053880190743e-06
-1.999999999999997792e-07 0.000000000000000000e+00
-5.999999999999993376e-07 -1.115470053880190954e-06
-1.999999999999997792e-07 0.000000000000000000e+00
-1.999999999999997792e-07 0.000000000000000000e+00
-1.999999999999997792e-07 0.000000000000000000e+00
-1.999999999999997792e-07 0.000000000000000000e+00
-1.999999999999997792e-07 0.000000000000000000e+00
-1.999999999999997792e-07 0.000000000000000000e+00
2.400000000000000738e-06 1.000000000000000590e-06
2.400000000000000738e-06 1.000000000000000590e-06
2.400000000000000738e-06 1.000000000000000590e-06
2.400000000000000738e-06 1.000000000000000590e-06
2.400000000000000738e-06 1.000000000000000590e-06
2.400000000000000738e-06 1.000000000000000590e-06
2.400000000000000738e-06 1.000000000000000590e-06
2.484529946119811212e-06 1.000000000000000590e-06
2.484529946119811212e-06 1.000000000000000590e-06
2.715470053680190945e-06 1.000000000000000590e-06
2.715470053680190945e-06 1.000000000000000590e-06
4.300000000070711492e-06 2.999999999292888819e-07
4.200000000000000445e-06 3.999999999999995584e-07
4.400000000000000224e-06 1.999999999999997792e-07
4.300000000070711492e-06 2.999999999292888290e-07
4.400000000000000224e-06 1.999999999999997792e-07
4.384529946173014218e-06 2.154700538269856264e-07
4.400000000000000224e-06 1.999999999999997792e-07
4.400000000000000224e-06 1.999999999999997792e-07
4.400000000000000224e-06 1.999999999999997792e-07
4.400000000000000224e-06 1.999999999999997792e-07
4.400000000000000224e-06 1.999999999999997792e-07
4.400000000000000224e-06 1.999999999999997792e-07
5.400000000000000814e-06 -1.115470053880190743e-06
4.400000000000000224e-06 1.999999999999997792e-07
5.400000000000000814e-06 -1.115470053880190954e-06
5.400000000000000814e-06 -8.845299463198106923e-07
5.400000000000000814e-06 -1.115470053880190743e-06
5.400000000000000814e-06 -8.845299463198106923e-07
5.400000000000000814e-06 -1.115470053880190954e-06
5.400000000000000814e-06 -8.845299463198106923e-07
5.400000000000000814e-06 -1.115470053880190743e-06
5.400000000000000814e-06 -8.845299463198106923e-07
5.400000000000000814e-06 -1.115470053880190954e-06
5.400000000000000814e-06 -8.845299463198106923e-07
5.400000000000000814e-06 -1.157735026940095556e-06
5.400000000000000814e-06 -1.042264973159905478e-06
5.400000000000000814e-06 -1.157735026940095556e-06
5.400000000000000814e-06 -1.042264973159905478e-06
5.400000000000000814e-06 -1.157735026940095556e-06
5.400000000000000814e-06 -1.042264973159905478e-06
5.400000000000000814e-06 -1.157735026940095556e-06
5.400000000000000814e-06 -1.042264973159905478e-06
5.400000000000000814e-06 -9.577350270400958512e-07
5.400000000000000814e-06 -8.422649732599057731e-07
5.400000000000000814e-06 -9.577350270400958512e-07
5.457735026878136066e-06 -7.422649731218645006e-07
5.400000000000000814e-06 -9.577350270400958512e-07
5.400000000000000814e-06 -8.422649732599057731e-07
5.400000000000000814e-06 -9.577350270400958512e-07
5.400000000000000814e-06 -8.422649732599057731e-07
5.400000000000000814e-06 -1.115470053880190743e-06
5.499999999929287005e-06 -7.000000000707130316e-07
5.400000000000000814e-06 -1.115470053880190954e-06
5.615470053826986600e-06 -5.845299461730115316e-07
5.400000000000000814e-06 -1.115470053880190743e-06
5.699999999929291020e-06 -5.000000000707078526e-07
5.699999999929291867e-06 -5.000000000707071114e-07
5.815470053826988920e-06 -3.845299461730112760e-07
5.784529946031596287e-06 -4.154700539684038559e-07
5.899999999929292493e-06 -3.000000000707080734e-07
5.899999999929293340e-06 -3.000000000707072793e-07
6.015470053826984464e-06 -1.845299461730172937e-07
5.984529946031597760e-06 -2.154700539684041032e-07
6.099999999929286343e-06 -1.000000000707141043e-07
6.099999999929285496e-06 -1.000000000707153087e-07
6.199999999999999931e-06 0.000000000000000000e+00
6.184529946031588222e-06 -1.547005396841205316e-08
6.199999999999999931e-06 0.000000000000000000e+00
6.199999999999999931e-06 0.000000000000000000e+00
6.199999999999999931e-06 0.000000000000000000e+00
6.199999999999999931e-06 0.000000000000000000e+00
6.199999999999999931e-06 0.000000000000000000e+00
6.199999999999999931e-06 0.000000000000000000e+00
6.199999999999999931e-06 0.000000000000000000e+00
6.199999999999999931e-06 0.000000000000000000e+00
6.199999999999999931e-06 0.000000000000000000e+00
6.199999999999999931e-06 0.000000000000000000e+00
6.199999999999999931e-06 0.000000000000000000e+00
6.199999999999999931e-06 0.000000000000000000e+00
6.199999999999999931e-06 0.000000000000000000e+00
6.199999999999999931e-06 0.000000000000000000e+00
6.199999999999999931e-06 0.000000000000000000e+00
6.199999999999999931e-06 0.000000000000000000e+00
6.899999999929281225e-06 1.099999999929281911e-06
6.199999999999999931e-06 0.000000000000000000e+00
6.999999999999999048e-06 1.200000000000000369e-06
6.984529946031583951e-06 1.184529946031584849e-06
6.999999999999999048e-06 1.200000000000000369e-06
6.999999999999999048e-06 1.200000000000000369e-06
6.999999999999999048e-06 1.200000000000000369e-06
6.999999999999999048e-06 1.200000000000000369e-06
6.999999999999999048e-06 1.200000000000000369e-06
6.999999999999999048e-06 1.200000000000000369e-06
6.999999999999999048e-06 1.200000000000000369e-06
-9.915470053880192462e-06 -4.600000000000000004e-06
-9.915470053880192462e-06 -4.600000000000000004e-06
-8.000000000000001332e-06 -4.200000000000000445e-06
-8.000000000000001332e-06 -4.200000000000000445e-06
-8.000000000000001332e-06 -4.200000000000000445e-06
-8.000000000000001332e-06 -4.200000000000000445e-06
-8.000000000000001332e-06 -4.200000000000000445e-06
-8.000000000000001332e-06 -4.200000000000000445e-06
-8.000000000000001332e-06 -4.200000000000000445e-06
-8.000000000000001332e-06 -4.200000000000000445e-06
-8.000000000000001332e-06 -4.200000000000000445e-06
-8.000000000000001332e-06 -4.200000000000000445e-06
-8.000000000000001332e-06 -4.200000000000000445e-06
-8.000000000000001332e-06 -4.200000000000000445e-06
-8.000000000000001332e-06 -4.200000000000000445e-06
-8.000000000000001332e-06 -4.200000000000000445e-06
-8.000000000000001332e-06 -4.200000000000000445e-06
-8.000000000000001332e-06 -4.200000000000000445e-06
-8.000000000000001332e-06 -4.200000000000000445e-06
-8.000000000000001332e-06 -4.200000000000000445e-06
-7.915470053880191282e-06 -4.200000000000000445e-06
-7.915470053880191282e-06 -4.200000000000000445e-06
-7.684529946319809855e-06 -4.200000000000000445e-06
-7.684529946319809855e-06 -4.200000000000000445e-06
-7.515470053880190877e-06 -4.200000000000000445e-06
-7.515470053880190877e-06 -4.200000000000000445e-06
-7.284529946319811144e-06 -4.200000000000000445e-06
-7.284529946319810297e-06 -4.200000000000000445e-06
-7.115470053880191318e-06 -4.200000000000000445e-06
-7.115470053880191318e-06 -4.200000000000000445e-06
-6.884529946319812432e-06 -4.200000000000000445e-06
-6.884529946319811585e-06 -4.200000000000000445e-06
-6.715470053880192607e-06 -4.200000000000000445e-06
-6.715470053880191760e-06 -4.200000000000000445e-06
-6.484529946319812027e-06 -4.200000000000000445e-06
-6.484529946319812027e-06 -4.200000000000000445e-06
-6.315470053880191354e-06 -4.200000000000000445e-06
-6.315470053880191354e-06 -4.200000000000000445e-06
-6.084529946319811622e-06 -4.200000000000000445e-06
-6.084529946319810775e-06 -4.200000000000000445e-06
-5.915470053880191796e-06 -4.200000000000000445e-06
-5.915470053880191796e-06 -4.200000000000000445e-06
-5.684529946319811216e-06 -4.200000000000000445e-06
-5.684529946319811216e-06 -4.200000000000000445e-06
-5.515470053880191391e-06 -4.200000000000000445e-06
-5.515470053880191391e-06 -4.200000000000000445e-06
-5.284529946319811658e-06 -4.200000000000000445e-06
-5.284529946319810811e-06 -4.200000000000000445e-06
-5.115470053880191832e-06 -4.200000000000000445e-06
-5.115470053880190985e-06 -4.200000000000000445e-06
-4.884529946319811252e-06 -4.200000000000000445e-06
-4.884529946319811252e-06 -4.200000000000000445e-06
-4.715470053880191427e-06 -4.200000000000000445e-06
-4.715470053880191427e-06 -4.200000000000000445e-06
-4.484529946319811694e-06 -4.200000000000000445e-06
-4.484529946319810847e-06 -4.200000000000000445e-06
-2.800000000000000297e-06 -3.800000000000000040e-06
-1.000000000000000590e-06 -1.999999999999999486e-06
-2.800000000000000297e-06 -3.800000000000000040e-06
-1.000000000000000590e-06 -1.999999999999999486e-06
-1.000000000000000590e-06 -1.999999999999999486e-06
-1.000000000000000590e-06 -1.999999999999999486e-06
-1.000000000000000590e-06 -1.999999999999999486e-06
-1.000000000000000590e-06 -1.999999999999999486e-06
-1.000000000000000590e-06 -1.999999999999999486e-06
-5.999999999999993376e-07 -4.845299463198097575e-07
-1.000000000000000590e-06 -1.999999999999999486e-06
-5.999999999999993376e-07 -4.845299463198097575e-07
-1.000000000000000590e-06 -1.999999999999999486e-06
-5.999999999999993376e-07 -4.845299463198097575e-07
-1.000000000000000590e-06 -1.999999999999999486e-06
-5.999999999999993376e-07 -4.845299463198097575e-07
-5.999999999999993376e-07 -7.154700538801907607e-07
-5.999999999999993376e-07 -4.845299463198097575e-07
-5.999999999999993376e-07 -7.154700538801907607e-07
-5.999999999999993376e-07 -4.845299463198097575e-07
-5.999999999999993376e-07 -7.154700538801907607e-07
-5.999999999999993376e-07 -4.845299463198097575e-07
-5.999999999999993376e-07 -7.154700538801907607e-07
-5.999999999999993376e-07 -4.845299463198097575e-07
-5.999999999999993376e-07 -7.154700538801907607e-07
-5.999999999999993376e-07 -4.845299463198097575e-07
-5.999999999999993376e-07 -7.154700538801907607e-07
-5.999999999999993376e-07 -4.845299463198097575e-07
-5.999999999999993376e-07 -7.154700538801907607e-07
-5.999999999999993376e-07 -4.845299463198097575e-07
-5.999999999999993376e-07 -7.154700538801907607e-07
-5.999999999999993376e-07 -4.845299463198097575e-07
-5.999999999999993376e-07 -7.154700538801907607e-07
-5.999999999999993376e-07 -4.845299463198097575e-07
-5.999999999999993376e-07 -7.154700538801907607e-07
-5.999999999999993376e-07 -4.845299463198097575e-07
-5.999999999999993376e-07 -7.577350269400955740e-07
-5.999999999999993376e-07 -6.422649731599047548e-07
-5.999999999999993376e-07 -7.577350269400955740e-07
-5.999999999999993376e-07 -6.422649731599047548e-07
-5.999999999999993376e-07 -7.577350269400955740e-07
-5.999999999999993376e-07 -6.422649731599047548e-07
-5.999999999999993376e-07 -7.577350269400955740e-07
-5.999999999999993376e-07 -6.422649731599047548e-07
-5.999999999999993376e-07 -5.577350270400944929e-07
-5.999999999999993376e-07 -4.422649732599045736e-07
-5.999999999999993376e-07 -5.577350270400944929e-07
-5.422649731218617568e-07 -3.422649731218619246e-07
-5.999999999999993376e-07 -5.577350270400944929e-07
-5.999999999999993376e-07 -4.422649732599045736e-07
-5.999999999999993376e-07 -5.577350270400944929e-07
-5.999999999999993376e-07 -4.422649732599045736e-07
-5.999999999999993376e-07 -7.154700538801907607e-07
-5.000000000707103937e-07 -3.000000000707106145e-07
-5.999999999999993376e-07 -7.154700538801907607e-07
-3.845299461730136583e-07 -1.845299461730138791e-07
-5.999999999999993376e-07 -7.154700538801907607e-07
-3.000000000707106145e-07 -1.000000000707108088e-07
-3.000000000707110910e-07 -1.000000000707113118e-07
-1.999999999999997792e-07 0.000000000000000000e+00
-2.154700539684078089e-07 -1.547005396840802975e-08
-1.999999999999997792e-07 0.000000000000000000e+00
-1.999999999999997792e-07 0.000000000000000000e+00
-1.999999999999997792e-07 0.000000000000000000e+00
-1.999999999999997792e-07 0.000000000000000000e+00
-1.999999999999997792e-07 0.000000000000000000e+00
-1.999999999999997792e-07 0.000000000000000000e+00
-1.999999999999997792e-07 0.000000000000000000e+00
-1.999999999999997792e-07 0.000000000000000000e+00
-1.999999999999997792e-07 0.000000000000000000e+00
-1.999999999999997792e-07 0.000000000000000000e+00
2.400000000000000738e-06 1.000000000000000590e-06
2.400000000000000738e-06 1.000000000000000590e-06
2.400000000000000738e-06 1.000000000000000590e-06
2.400000000000000738e-06 1.000000000000000590e-06
2.400000000000000738e-06 1.000000000000000590e-06
2.400000000000000738e-06 1.000000000000000590e-06
2.400000000000000738e-06 1.000000000000000590e-06
2.400000000000000738e-06 1.000000000000000590e-06
2.400000000000000738e-06 1.000000000000000590e-06
2.484529946119811212e-06 1.000000000000000590e-06
2.484529946119811212e-06 1.000000000000000590e-06
2.715470053680190945e-06 1.000000000000000590e-06
2.715470053680190945e-06 1.000000000000000590e-06
2.884529946119810347e-06 1.000000000000000590e-06
2.884529946119810770e-06 1.000000000000000590e-06
4.215470053968407919e-06 3.845299460315920845e-07
4.200000000000000445e-06 3.999999999999995584e-07
4.300000000070711492e-06 2.999999999292888819e-07
4.200000000000000445e-06 3.999999999999995584e-07
4.400000000000000224e-06 1.999999999999997792e-07
4.300000000070711492e-06 2.999999999292888290e-07
4.400000000000000224e-06 1.999999999999997792e-07
4.384529946173014218e-06 2.154700538269856264e-07
4.400000000000000224e-06 1.999999999999997792e-07
4.400000000000000224e-06 1.999999999999997792e-07
4.400000000000000224e-06 1.999999999999997792e-07
4.400000000000000224e-06 1.999999999999997792e-07
4.400000000000000224e-06 1.999999999999997792e-07
4.400000000000000224e-06 1.999999999999997792e-07
4.484529946119810275e-06 1.999999999999997792e-07
4.484529946119810275e-06 1.999999999999997792e-07
5.400000000000000814e-06 -8.000000000000008108e-07
4.715470053680190007e-06 1.999999999999997792e-07
5.400000000000000814e-06 -8.000000000000008108e-07
5.400000000000000814e-06 -8.000000000000008108e-07
5.400000000000000814e-06 -8.000000000000008108e-07
5.415470053826989362e-06 -7.845299461730116285e-07
5.400000000000000814e-06 -8.000000000000008108e-07
5.400000000000000814e-06 -8.000000000000008108e-07
5.400000000000000814e-06 -8.000000000000008108e-07
5.457735026878139454e-06 -7.422649731218609007e-07
5.442264973051154295e-06 -7.577350269488462714e-07
5.499999999929292088e-06 -7.000000000707076318e-07
5.499999999929291241e-06 -7.000000000707084788e-07
5.557735026807429033e-06 -6.422649731925698392e-07
5.542264972980442180e-06 -6.577350270195571157e-07
5.599999999999998900e-06 -5.999999999999993376e-07
5.599999999999998900e-06 -5.999999999999993376e-07
5.657735026878135845e-06 -5.422649731218624979e-07
5.425598306396271428e-06 -7.744016936037294561e-07
5.495534180058596097e-06 -7.044658199414037285e-07
5.437799153180458304e-06 -7.622008468195423681e-07
5.541068360152545319e-06 -6.589316398474537651e-07
5.458931639706033774e-06 -7.410683602939668983e-07
5.562200846678120789e-06 -6.377991533218782953e-07
5.504465819799982149e-06 -6.955341802000174643e-07
5.574401693462307665e-06 -6.255983065376913132e-07
5.542264972980439639e-06 -6.577350270195598686e-07
5.599999999858577432e-06 -6.000000001414212290e-07
5.599999999858576585e-06 -6.000000001414216525e-07
5.657735026878137539e-06 -5.422649731218610156e-07
5.642264973051152380e-06 -5.577350269488463863e-07
5.699999999929290173e-06 -5.000000000707091231e-07
5.699999999929291020e-06 -5.000000000707081702e-07
5.757735026807428812e-06 -4.422649731925709071e-07
5.742264972980441959e-06 -4.577350270195573895e-07
5.800000000000000373e-06 -3.999999999999995584e-07
5.800000000000000373e-06 -3.999999999999995584e-07
5.857735026878139012e-06 -3.422649731218610247e-07
5.658931639706032706e-06 -5.410683602939657427e-07
5.762200846678121415e-06 -4.377991533218781985e-07
5.704465819799984470e-06 -4.955341802000149323e-07
5.774401693462309138e-06 -4.255983065376907399e-07
5.625598306396269513e-06 -5.744016936037291475e-07
5.695534180058594182e-06 -5.044658199414049022e-07
5.637799153180457236e-06 -5.622008468195416360e-07
5.741068360152545098e-06 -4.589316398474540918e-07
5.784529946031594593e-06 -4.154700539684052853e-07
5.899999999929291646e-06 -3.000000000707091322e-07
5.899999999929292493e-06 -3.000000000707087087e-07
6.015470053826986158e-06 -1.845299461730149114e-07
5.984529946031596066e-06 -2.154700539684055061e-07
6.099999999929288884e-06 -1.000000000707117485e-07
6.099999999929287190e-06 -1.000000000707132838e-07
6.199999999999999931e-06 0.000000000000000000e+00
6.184529946031589916e-06 -1.547005396841012087e-08
6.199999999999999931e-06 0.000000000000000000e+00
6.199999999999999931e-06 0.000000000000000000e+00
6.199999999999999931e-06 0.000000000000000000e+00
6.199999999999999931e-06 0.000000000000000000e+00
6.199999999999999931e-06 0.000000000000000000e+00
6.199999999999999931e-06 0.000000000000000000e+00
6.199999999999999931e-06 0.000000000000000000e+00
6.199999999999999931e-06 0.000000000000000000e+00
6.199999999999999931e-06 0.000000000000000000e+00
6.199999999999999931e-06 0.000000000000000000e+00
6.199999999999999931e-06 0.000000000000000000e+00
6.199999999999999931e-06 0.000000000000000000e+00
6.199999999999999931e-06 0.000000000000000000e+00
6.199999999999999931e-06 0.000000000000000000e+00
6.815470053826980193e-06 1.015470053826979820e-06
6.199999999999999931e-06 0.000000000000000000e+00
6.899999999929282919e-06 1.099999999929283393e-06
6.899999999929282072e-06 1.099999999929282546e-06
6.999999999999999048e-06 1.200000000000000369e-06
6.984529946031584798e-06 1.184529946031586119e-06
6.999999999999999048e-06 1.200000000000000369e-06
6.999999999999999048e-06 1.200000000000000369e-06
6.999999999999999048e-06 1.200000000000000369e-06
6.999999999999999048e-06 1.200000000000000369e-06
6.999999999999999048e-06 1.200000000000000369e-06
6.999999999999999048e-06 1.200000000000000369e-06
6.999999999999999048e-06 1.200000000000000369e-06
6.999999999999999048e-06 1.200000000000000369e-06
6.999999999999999048e-06 1.200000000000000369e-06
6.999999999999999048e-06 1.200000000000000369e-06
6.999999999999999048e-06 1.200000000000000369e-06
-9.915470053880192462e-06 -4.600000000000000004e-06
-9.915470053880192462e-06 -4.600000000000000004e-06
-8.000000000000001332e-06 -4.200000000000000445e-06
-8.000000000000001332e-06 -4.200000000000000445e-06
-8.000000000000001332e-06 -4.200000000000000445e-06
-8.000000000000001332e-06 -4.200000000000000445e-06
-8.000000000000001332e-06 -4.200000000000000445e-06
-8.000000000000001332e-06 -4.200000000000000445e-06
-8.000000000000001332e-06 -4.200000000000000445e-06
-8.000000000000001332e-06 -4.200000000000000445e-06
-8.000000000000001332e-06 -4.200000000000000445e-06
-8.000000000000001332e-06 -4.200000000000000445e-06
-8.000000000000001332e-06 -4.200000000000000445e-06
-8.000000000000001332e-06 -4.200000000000000445e-06
-8.000000000000001332e-06 -4.200000000000000445e-06
-8.000000000000001332e-06 -4.200000000000000445e-06
-8.000000000000001332e-06 -4.200000000000000445e-06
-8.000000000000001332e-06 -4.200000000000000445e-06
-8.000000000000001332e-06 -4.200000000000000445e-06
-8.000000000000001332e-06 -4.200000000000000445e-06
-7.915470053880191282e-06 -4.200000000000000445e-06
-7.915470053880191282e-06 -4.200000000000000445e-06
-7.684529946319809855e-06 -4.200000000000000445e-06
-7.684529946319809855e-06 -4.200000000000000445e-06
-7.515470053880190877e-06 -4.200000000000000445e-06
-7.515470053880190877e-06 -4.200000000000000445e-06
-7.284529946319811144e-06 -4.200000000000000445e-06
-7.284529946319810297e-06 -4.200000000000000445e-06
-7.115470053880191318e-06 -4.200000000000000445e-06
-7.115470053880191318e-06 -4.200000000000000445e-06
-6.884529946319812432e-06 -4.200000000000000445e-06
-6.884529946319811585e-06 -4.200000000000000445e-06
-6.715470053880192607e-06 -4.200000000000000445e-06
-6.715470053880191760e-06 -4.200000000000000445e-06
-6.484529946319812027e-06 -4.200000000000000445e-06
-6.484529946319812027e-06 -4.200000000000000445e-06
-6.315470053880191354e-06 -4.200000000000000445e-06
-6.315470053880191354e-06 -4.200000000000000445e-06
-6.084529946319811622e-06 -4.200000000000000445e-06
-6.084529946319810775e-06 -4.200000000000000445e-06
-5.915470053880191796e-06 -4.200000000000000445e-06
-5.915470053880191796e-06 -4.200000000000000445e-06
-5.684529946319811216e-06 -4.200000000000000445e-06
-5.684529946319811216e-06 -4.200000000000000445e-06
-5.515470053880191391e-06 -4.200000000000000445e-06
-5.515470053880191391e-06 -4.200000000000000445e-06
-5.284529946319811658e-06 -4.200000000000000445e-06
-5.284529946319810811e-06 -4.200000000000000445e-06
-5.115470053880191832e-06 -4.200000000000000445e-06
-5.115470053880190985e-06 -4.200000000000000445e-06
-4.884529946319811252e-06 -4.200000000000000445e-06
-4.884529946319811252e-06 -4.200000000000000445e-06
-4.715470053880191427e-06 -4.200000000000000445e-06
-4.715470053880191427e-06 -4.200000000000000445e-06
-2.800000000000000297e-06 -3.800000000000000040e-06
-5.999999999999993376e-07 -3.999999999999995584e-07
-5.999999999999993376e-07 -3.999999999999995584e-07
-5.999999999999993376e-07 -3.999999999999995584e-07
-5.999999999999993376e-07 -3.999999999999995584e-07
-5.999999999999993376e-07 -3.999999999999995584e-07
-5.999999999999993376e-07 -3.999999999999995584e-07
-5.999999999999993376e-07 -3.999999999999995584e-07
-5.999999999999993376e-07 -3.999999999999995584e-07
-5.999999999999993376e-07 -3.999999999999995584e-07
-5.999999999999993376e-07 -3.999999999999995584e-07
-5.999999999999993376e-07 -3.999999999999995584e-07
-5.999999999999993376e-07 -3.999999999999995584e-07
-5.999999999999993376e-07 -3.999999999999995584e-07
-5.999999999999993376e-07 -3.999999999999995584e-07
-5.999999999999993376e-07 -3.999999999999995584e-07
-5.999999999999993376e-07 -3.999999999999995584e-07
-5.999999999999993376e-07 -3.999999999999995584e-07
-5.999999999999993376e-07 -3.999999999999995584e-07
-5.999999999999993376e-07 -3.999999999999995584e-07
-5.999999999999993376e-07 -3.999999999999995584e-07
-5.999999999999993376e-07 -3.999999999999995584e-07
-5.999999999999993376e-07 -3.999999999999995584e-07
-5.999999999999993376e-07 -3.999999999999995584e-07
-5.999999999999993376e-07 -3.999999999999995584e-07
-5.999999999999993376e-07 -3.999999999999995584e-07
-5.999999999999993376e-07 -3.999999999999995584e-07
-5.999999999999993376e-07 -3.999999999999995584e-07
-5.999999999999993376e-07 -3.999999999999995584e-07
-5.999999999999993376e-07 -3.999999999999995584e-07
-5.999999999999993376e-07 -3.999999999999995584e-07
-5.999999999999993376e-07 -3.999999999999995584e-07
-5.999999999999993376e-07 -3.999999999999995584e-07
-5.999999999999993376e-07 -3.999999999999995584e-07
-5.999999999999993376e-07 -3.999999999999995584e-07
-5.999999999999993376e-07 -3.999999999999995584e-07
-5.999999999999993376e-07 -3.999999999999995584e-07
-5.845299461730140727e-07 -3.845299461730142936e-07
-5.999999999999993376e-07 -3.999999999999995584e-07
-5.999999999999993376e-07 -3.999999999999995584e-07
-5.999999999999993376e-07 -3.999999999999995584e-07
-5.422649731218618626e-07 -3.422649731218620834e-07
-5.577350269488485039e-07 -3.577350269488486718e-07
-5.000000000707108172e-07 -3.000000000707110910e-07
-5.000000000707102878e-07 -3.000000000707105616e-07
-4.422649731925727070e-07 -2.422649731925729278e-07
-4.577350270195586600e-07 -2.577350270195588808e-07
-4.000000001414209733e-07 -2.000000001414211942e-07
-3.999999999999995584e-07 -1.999999999999997792e-07
-3.422649731218619246e-07 -1.422649731218621190e-07
-5.744016936037293593e-07 -3.744016936037295801e-07
-5.044658199414043728e-07 -3.044658199414045936e-07
-5.622008468195420595e-07 -3.622008468195422803e-07
-4.589316398474540388e-07 -2.589316398474542596e-07
-5.410683602939663780e-07 -3.410683602939665458e-07
-4.377991533218782514e-07 -2.377991533218784722e-07
-4.955341802000158852e-07 -2.955341802000161060e-07
-4.255983065376909517e-07 -2.255983065376911725e-07
-4.577350270195586600e-07 -2.577350270195588808e-07
-4.000000001414209733e-07 -2.000000001414211942e-07
-3.999999999999995584e-07 -1.999999999999997792e-07
-3.422649731218619246e-07 -1.422649731218621190e-07
-3.577350269488480365e-07 -1.577350269488482308e-07
-3.000000000707103498e-07 -1.000000000707105838e-07
-3.000000000707104027e-07 -1.000000000707105971e-07
-2.422649731925727160e-07 -4.226497319257296333e-08
-2.577350270195588279e-07 -5.773502701955907519e-08
-1.999999999999997792e-07 0.000000000000000000e+00
-1.999999999999997792e-07 0.000000000000000000e+00
-1.999999999999997792e-07 0.000000000000000000e+00
-3.410683602939664929e-07 -1.410683602939667402e-07
-2.377991533218784722e-07 -3.779915332187869303e-08
-2.955341802000161060e-07 -9.553418020001635325e-08
-2.255983065376911725e-07 -2.559830653769139327e-08
-3.744016936037295801e-07 -1.744016936037298009e-07
-3.044658199414045936e-07 -1.044658199414048409e-07
-3.622008468195422803e-07 -1.622008468195424747e-07
-2.589316398474542596e-07 -5.893163984745448044e-08
-2.154700539684073060e-07 -1.547005396840752683e-08
-1.999999999999997792e-07 0.000000000000000000e+00
-1.999999999999997792e-07 0.000000000000000000e+00
-1.999999999999997792e-07 0.000000000000000000e+00
-1.999999999999997792e-07 0.000000000000000000e+00
-1.999999999999997792e-07 0.000000000000000000e+00
-1.999999999999997792e-07 0.000000000000000000e+00
-1.999999999999997792e-07 0.000000000000000000e+00
-1.999999999999997792e-07 0.000000000000000000e+00
-1.999999999999997792e-07 0.000000000000000000e+00
-1.999999999999997792e-07 0.000000000000000000e+00
-1.999999999999997792e-07 0.000000000000000000e+00
-1.999999999999997792e-07 0.000000000000000000e+00
-1.999999999999997792e-07 0.000000000000000000e+00
2.400000000000000738e-06 1.000000000000000590e-06
2.400000000000000738e-06 1.000000000000000590e-06
2.400000000000000738e-06 1.000000000000000590e-06
2.400000000000000738e-06 1.000000000000000590e-06
2.400000000000000738e-06 1.000000000000000590e-06
2.400000000000000738e-06 1.000000000000000590e-06
2.400000000000000738e-06 1.000000000000000590e-06
2.400000000000000738e-06 1.000000000000000590e-06
2.400000000000000738e-06 1.000000000000000590e-06
2.400000000000000738e-06 1.000000000000000590e-06
2.484529946119811212e-06 1.000000000000000590e-06
2.484529946119811212e-06 1.000000000000000590e-06
2.715470053680190945e-06 1.000000000000000590e-06
2.715470053680190945e-06 1.000000000000000590e-06
2.884529946119810347e-06 1.000000000000000590e-06
2.884529946119810770e-06 1.000000000000000590e-06
4.200000000000000445e-06 3.999999999999995584e-07
3.115470053680190503e-06 1.000000000000000590e-06
4.200000000000000445e-06 3.999999999999995584e-07
4.200000000000000445e-06 3.999999999999995584e-07
4.215470053968407919e-06 3.845299460315920845e-07
4.200000000000000445e-06 3.999999999999995584e-07
4.300000000070711492e-06 2.999999999292888819e-07
4.200000000000000445e-06 3.999999999999995584e-07
4.400000000000000224e-06 1.999999999999997792e-07
4.300000000070711492e-06 2.999999999292887760e-07
4.400000000000000224e-06 1.999999999999997792e-07
4.384529946173014218e-06 2.154700538269856528e-07
4.400000000000000224e-06 1.999999999999997792e-07
4.400000000000000224e-06 1.999999999999997792e-07
4.484529946119810275e-06 1.999999999999997792e-07
4.484529946119810275e-06 1.999999999999997792e-07
4.715470053680190007e-06 1.999999999999997792e-07
4.715470053680190007e-06 1.999999999999997792e-07
4.884529946119809833e-06 1.999999999999997792e-07
4.884529946119809833e-06 1.999999999999997792e-07
5.115470053680191260e-06 1.999999999999997792e-07
5.115470053680190413e-06 1.999999999999997792e-07
5.584529946031594814e-06 -6.154700539684034233e-07
5.284529946119810238e-06 1.999999999999997792e-07
5.699999999929288479e-06 -5.000000000707107113e-07
5.515470053680189124e-06 1.999999999999997792e-07
5.742264972980440265e-06 -4.577350270195590306e-07
5.799999999858578058e-06 -4.000000001414222968e-07
5.800000000000000373e-06 -3.999999999999995584e-07
5.857735026878137318e-06 -3.422649731218626658e-07
5.842264973051151312e-06 -3.577350269488493070e-07
5.642264973059903925e-06 1.999999999999997792e-07
5.899999999929289952e-06 -3.000000000707110910e-07
5.757735026840095485e-06 1.999999999999997792e-07
5.942264972980441739e-06 -2.577350270195592514e-07
5.999999999858579531e-06 -2.000000001414224912e-07
6.000000000000001846e-06 -1.999999999999997792e-07
6.057735026878139639e-06 -1.422649731218615896e-07
5.825598306396270986e-06 -3.744016936037293154e-07
5.895534180058595655e-06 -3.044658199414051230e-07
5.837799153180458710e-06 -3.622008468195418568e-07
5.941068360152546572e-06 -2.589316398474543126e-07
5.858931639706034179e-06 -3.410683602939659635e-07
5.962200846678122888e-06 -2.377991533218784193e-07
5.904465819799985943e-06 -2.955341802000151531e-07
5.974401693462310612e-06 -2.255983065376909607e-07
5.942264972980443433e-06 -2.577350270195579809e-07
6.000000000000001846e-06 -1.999999999999997792e-07
6.000000000000001846e-06 -1.999999999999997792e-07
6.057735026878137945e-06 -1.422649731218628337e-07
6.042264973051151939e-06 -1.577350269488496337e-07
6.099999999929288884e-06 -1.000000000707114838e-07
6.099999999929289731e-06 -1.000000000707113779e-07
6.157735026807426677e-06 -4.226497319257325449e-08
6.142264972980440671e-06 -5.773502701955957811e-08
6.199999999858578463e-06 -1.414214414367456372e-16
6.199999999999999931e-06 0.000000000000000000e+00
6.199999999999999931e-06 0.000000000000000000e+00
6.058931639706034806e-06 -1.410683602939666872e-07
6.162200846678121821e-06 -3.779915332187856068e-08
6.104465819799984028e-06 -9.553418020001672383e-08
6.174401693462308697e-06 -2.559830653769155209e-08
6.025598306396272460e-06 -1.744016936037291921e-07
6.095534180058597128e-06 -1.044658199414040071e-07
6.037799153180459336e-06 -1.622008468195421570e-07
6.141068360152546351e-06 -5.893163984745405693e-08
6.184529946031592457e-06 -1.547005396840776506e-08
6.199999999999999931e-06 0.000000000000000000e+00
6.199999999999999931e-06 0.000000000000000000e+00
6.199999999999999931e-06 0.000000000000000000e+00
6.199999999999999931e-06 0.000000000000000000e+00
6.199999999999999931e-06 0.000000000000000000e+00
6.199999999999999931e-06 0.000000000000000000e+00
6.199999999999999931e-06 0.000000000000000000e+00
6.199999999999999931e-06 0.000000000000000000e+00
6.199999999999999931e-06 0.000000000000000000e+00
6.199999999999999931e-06 0.000000000000000000e+00
6.615470053826989731e-06 8.154700538269908402e-07
6.199999999999999931e-06 0.000000000000000000e+00
6.699999999929293304e-06 8.999999999292939899e-07
6.699999999929294151e-06 8.999999999292946252e-07
6.815470053826981887e-06 1.015470053826981726e-06
6.784529946031598571e-06 9.845299460315981983e-07
6.899999999929283766e-06 1.099999999929284663e-06
6.899999999929282919e-06 1.099999999929283181e-06
6.999999999999999048e-06 1.200000000000000369e-06
6.984529946031585645e-06 1.184529946031586754e-06
6.999999999999999048e-06 1.200000000000000369e-06
6.999999999999999048e-06 1.200000000000000369e-06
6.999999999999999048e-06 1.200000000000000369e-06
6.999999999999999048e-06 1.200000000000000369e-06
6.999999999999999048e-06 1.200000000000000369e-06
6.999999999999999048e-06 1.200000000000000369e-06
6.999999999999999048e-06 1.200000000000000369e-06
6.999999999999999048e-06 1.200000000000000369e-06
6.999999999999999048e-06 1.200000000000000369e-06
6.999999999999999048e-06 1.200000000000000369e-06
6.999999999999999048e-06 1.200000000000000369e-06
6.999999999999999048e-06 1.200000000000000369e-06
6.999999999999999048e-06 1.200000000000000369e-06
6.999999999999999048e-06 1.200000000000000369e-06
6.999999999999999048e-06 1.200000000000000369e-06
-9.915470053880192462e-06 -4.600000000000000004e-06
-8.000000000000001332e-06 -4.200000000000000445e-06
-8.000000000000001332e-06 -4.200000000000000445e-06
-8.000000000000001332e-06 -4.200000000000000445e-06
-8.000000000000001332e-06 -4.200000000000000445e-06
-8.000000000000001332e-06 -4.200000000000000445e-06
-8.000000000000001332e-06 -4.200000000000000445e-06
-8.000000000000001332e-06 -4.200000000000000445e-06
-8.000000000000001332e-06 -4.200000000000000445e-06
-8.000000000000001332e-06 -4.200000000000000445e-06
-8.000000000000001332e-06 -4.200000000000000445e-06
-8.000000000000001332e-06 -4.200000000000000445e-06
-8.000000000000001332e-06 -4.200000000000000445e-06
-8.000000000000001332e-06 -4.200000000000000445e-06
-8.000000000000001332e-06 -4.200000000000000445e-06
-8.000000000000001332e-06 -4.200000000000000445e-06
-8.000000000000001332e-06 -4.200000000000000445e-06
-8.000000000000001332e-06 -4.200000000000000445e-06
-8.000000000000001332e-06 -4.200000000000000445e-06
-8.000000000000001332e-06 -4.200000000000000445e-06
-7.915470053880191282e-06 -4.200000000000000445e-06
-7.915470053880191282e-06 -4.200000000000000445e-06
-7.684529946319809855e-06 -4.200000000000000445e-06
-7.684529946319809855e-06 -4.200000000000000445e-06
-7.515470053880190877e-06 -4.200000000000000445e-06
-7.515470053880190877e-06 -4.200000000000000445e-06
-7.284529946319811144e-06 -4.200000000000000445e-06
-7.284529946319810297e-06 -4.200000000000000445e-06
-7.115470053880191318e-06 -4.200000000000000445e-06
-7.115470053880191318e-06 -4.200000000000000445e-06
-6.884529946319812432e-06 -4.200000000000000445e-06
-6.884529946319811585e-06 -4.200000000000000445e-06
-6.715470053880192607e-06 -4.200000000000000445e-06
-6.715470053880191760e-06 -4.200000000000000445e-06
-6.484529946319812027e-06 -4.200000000000000445e-06
-6.484529946319812027e-06 -4.200000000000000445e-06
-6.315470053880191354e-06 -4.200000000000000445e-06
-6.315470053880191354e-06 -4.200000000000000445e-06
-6.084529946319811622e-06 -4.200000000000000445e-06
-6.084529946319810775e-06 -4.200000000000000445e-06
-5.915470053880191796e-06 -4.200000000000000445e-06
-5.915470053880191796e-06 -4.200000000000000445e-06
-5.684529946319811216e-06 -4.200000000000000445e-06
-5.684529946319811216e-06 -4.200000000000000445e-06
-5.515470053880191391e-06 -4.200000000000000445e-06
-5.515470053880191391e-06 -4.200000000000000445e-06
-5.284529946319811658e-06 -4.200000000000000445e-06
-5.284529946319810811e-06 -4.200000000000000445e-06
-5.115470053880191832e-06 -4.200000000000000445e-06
-5.115470053880190985e-06 -4.200000000000000445e-06
-4.884529946319811252e-06 -4.200000000000000445e-06
-5.999999999999993376e-07 -3.999999999999995584e-07
-5.999999999999993376e-07 -3.999999999999995584e-07
-5.999999999999993376e-07 -3.999999999999995584e-07
-5.999999999999993376e-07 -3.999999999999995584e-07
-5.999999999999993376e-07 -3.999999999999995584e-07
-5.999999999999993376e-07 -3.999999999999995584e-07
-5.999999999999993376e-07 -3.999999999999995584e-07
-5.999999999999993376e-07 -3.999999999999995584e-07
-5.999999999999993376e-07 -3.999999999999995584e-07
-5.999999999999993376e-07 -3.999999999999995584e-07
-5.999999999999993376e-07 -3.999999999999995584e-07
-5.999999999999993376e-07 -3.999999999999995584e-07
-5.999999999999993376e-07 -3.999999999999995584e-07
-5.999999999999993376e-07 -3.999999999999995584e-07
-5.999999999999993376e-07 -3.999999999999995584e-07
-5.999999999999993376e-07 -3.999999999999995584e-07
-5.999999999999993376e-07 -3.999999999999995584e-07
-5.999999999999993376e-07 -3.999999999999995584e-07
-5.999999999999993376e-07 -3.999999999999995584e-07
-5.999999999999993376e-07 -3.999999999999995584e-07
-5.999999999999993376e-07 -3.999999999999995584e-07
-5.999999999999993376e-07 -3.999999999999995584e-07
-5.999999999999993376e-07 -3.999999999999995584e-07
-5.999999999999993376e-07 -3.999999999999995584e-07
-5.999999999999993376e-07 -3.999999999999995584e-07
-5.999999999999993376e-07 -3.999999999999995584e-07
-5.999999999999993376e-07 -3.999999999999995584e-07
-5.999999999999993376e-07 -3.999999999999995584e-07
-5.999999999999993376e-07 -3.999999999999995584e-07
-5.999999999999993376e-07 -3.999999999999995584e-07
-5.999999999999993376e-07 -3.999999999999995584e-07
-5.999999999999993376e-07 -3.999999999999995584e-07
-5.999999999999993376e-07 -3.999999999999995584e-07
-5.999999999999993376e-07 -3.999999999999995584e-07
-5.999999999999993376e-07 -3.999999999999995584e-07
-5.999999999999993376e-07 -3.999999999999995584e-07
-5.845299461730141786e-07 -3.845299461730143465e-07
-5.999999999999993376e-07 -3.999999999999995584e-07
-5.000000000707110290e-07 -3.000000000707113027e-07
-5.000000000707110290e-07 -3.000000000707111968e-07
-1.999999999999997792e-07 3.154700536801897299e-07
-4.154700539684077734e-07 -2.154700539684079942e-07
-1.999999999999997792e-07 3.154700536801897299e-07
-3.000000000707106145e-07 -1.000000000707108088e-07
-1.999999999999997792e-07 3.154700536801897299e-07
-2.577350270195588808e-07 -5.773502701955910166e-08
-1.999999999999997792e-07 1.577350268400948649e-07
-1.999999999999997792e-07 4.226497305990489272e-08
-1.999999999999997792e-07 1.577350268400948649e-07
-1.999999999999997792e-07 4.226497305990489272e-08
-1.999999999999997792e-07 1.577350268400948649e-07
-1.999999999999997792e-07 4.226497305990489272e-08
-1.999999999999997792e-07 1.577350268400948649e-07
-1.999999999999997792e-07 2.422649729599046768e-07
-1.999999999999997792e-07 3.577350267400947020e-07
-1.999999999999997792e-07 2.422649729599046768e-07
-1.999999999999997792e-07 3.577350267400947020e-07
-1.999999999999997792e-07 2.422649729599046768e-07
-1.999999999999997792e-07 3.577350267400947020e-07
-1.999999999999997792e-07 2.422649729599046768e-07
-1.999999999999997792e-07 3.577350267400947020e-07
-1.999999999999997792e-07 8.452994611980978543e-08
-1.999999999999997792e-07 3.154700536801897299e-07
-1.999999999999997792e-07 8.452994611980978543e-08
-1.999999999999997792e-07 3.154700536801897299e-07
-1.999999999999997792e-07 8.452994611980978543e-08
-1.999999999999997792e-07 3.154700536801897299e-07
-1.999999999999997792e-07 8.452994611980978543e-08
-1.999999999999997792e-07 3.154700536801897299e-07
-1.999999999999997792e-07 8.452994611980978543e-08
-1.999999999999997792e-07 3.154700536801897299e-07
-1.999999999999997792e-07 8.452994611980978543e-08
1.999999999999997792e-07 1.200000000000000369e-06
2.300000000070711583e-06 1.099999999929289746e-06
2.184529946173011142e-06 1.215470053826990187e-06
2.400000000000000738e-06 1.000000000000000590e-06
2.300000000070711583e-06 1.099999999929289746e-06
2.400000000000000738e-06 1.000000000000000590e-06
2.384529946173014732e-06 1.015470053826986596e-06
2.400000000000000738e-06 1.000000000000000590e-06
2.400000000000000738e-06 1.000000000000000590e-06
2.400000000000000738e-06 1.000000000000000590e-06
2.400000000000000738e-06 1.000000000000000590e-06
2.400000000000000738e-06 1.000000000000000590e-06
2.400000000000000738e-06 1.000000000000000590e-06
2.484529946119811212e-06 1.000000000000000590e-06
2.484529946119811212e-06 1.000000000000000590e-06
2.715470053680190945e-06 1.000000000000000590e-06
2.715470053680190945e-06 1.000000000000000590e-06
2.884529946119810347e-06 1.000000000000000590e-06
2.884529946119810770e-06 1.000000000000000590e-06
3.115470053680190503e-06 1.000000000000000590e-06
3.115470053680190503e-06 1.000000000000000590e-06
3.284529946119810329e-06 1.000000000000000590e-06
3.284529946119810329e-06 1.000000000000000590e-06
4.200000000000000445e-06 3.999999999999995584e-07
3.515470053680191332e-06 1.000000000000000590e-06
4.200000000000000445e-06 3.999999999999995584e-07
4.200000000000000445e-06 3.999999999999995584e-07
4.215470053968407919e-06 3.845299460315918727e-07
4.200000000000000445e-06 3.999999999999995584e-07
4.300000000070711492e-06 2.999999999292888290e-07
4.242264973192573700e-06 3.577350268074265156e-07
4.357735026948848438e-06 2.422649730511514599e-07
4.300000000070710645e-06 2.999999999292890937e-07
4.200000000141421913e-06 3.999999998585780375e-07
4.200000000000000445e-06 3.999999999999995584e-07
4.257735027019559706e-06 3.422649729804406155e-07
4.200000000000000445e-06 3.999999999999995584e-07
4.400000000000000224e-06 1.999999999999997792e-07
4.342264973121862432e-06 2.577350268781373071e-07
4.400000000000000224e-06 1.999999999999997792e-07
4.400000000000000224e-06 1.999999999999997792e-07
4.295534180200017196e-06 3.044658197999830198e-07
4.225598306537691680e-06 3.744016934623082181e-07
4.341068360293968112e-06 2.589316397060322623e-07
4.237799153321879403e-06 3.622008466781207065e-07
4.362200846819543582e-06 2.377991531804567926e-07
4.258931639847454873e-06 3.410683601525448132e-07
4.374401693603730458e-06 2.255983063962693340e-07
4.304465819941405789e-06 2.955341800585944792e-07
4.442264973059905249e-06 1.999999999999997792e-07
4.442264973059905249e-06 1.999999999999997792e-07
4.557735026840095963e-06 1.999999999999997792e-07
4.557735026840095963e-06 1.999999999999997792e-07
4.642264972959905166e-06 1.999999999999997792e-07
4.642264972959905166e-06 1.999999999999997792e-07
4.757735026740095032e-06 1.999999999999997792e-07
4.757735026740094185e-06 1.999999999999997792e-07
4.642264972959905166e-06 1.999999999999997792e-07
4.642264972959905166e-06 1.999999999999997792e-07
4.757735026740095032e-06 1.999999999999997792e-07
4.757735026740094185e-06 1.999999999999997792e-07
4.442264973059905249e-06 1.999999999999997792e-07
4.342264973121862432e-06 2.577350268781373071e-07
4.557735026840095963e-06 1.999999999999997792e-07
4.557735026840095963e-06 1.999999999999997792e-07
4.842264973059905655e-06 1.999999999999997792e-07
4.842264973059904808e-06 1.999999999999997792e-07
4.957735026840097215e-06 1.999999999999997792e-07
4.957735026840096368e-06 1.999999999999997792e-07
5.042264972959906418e-06 1.999999999999997792e-07
5.042264972959906418e-06 1.999999999999997792e-07
5.157735026740096285e-06 1.999999999999997792e-07
5.157735026740096285e-06 1.999999999999997792e-07
5.042264972959906418e-06 1.999999999999997792e-07
5.042264972959906418e-06 1.999999999999997792e-07
5.157735026740096285e-06 1.999999999999997792e-07
5.157735026740096285e-06 1.999999999999997792e-07
4.842264973059905655e-06 1.999999999999997792e-07
4.842264973059904808e-06 1.999999999999997792e-07
4.957735026840097215e-06 1.999999999999997792e-07
4.957735026840096368e-06 1.999999999999997792e-07
5.242264973059906060e-06 1.999999999999997792e-07
5.242264973059906060e-06 1.999999999999997792e-07
5.357735026840096774e-06 1.999999999999997792e-07
5.357735026840096774e-06 1.999999999999997792e-07
5.442264972959905977e-06 1.999999999999997792e-07
5.442264972959905977e-06 1.999999999999997792e-07
5.557735026740094996e-06 1.999999999999997792e-07
5.557735026740093302e-06 1.999999999999997792e-07
5.442264972959905977e-06 1.999999999999997792e-07
5.442264972959905977e-06 1.999999999999997792e-07
5.557735026740094996e-06 1.999999999999997792e-07
5.557735026740093302e-06 1.999999999999997792e-07
5.242264973059906060e-06 1.999999999999997792e-07
5.242264973059906060e-06 1.999999999999997792e-07
5.357735026840096774e-06 1.999999999999997792e-07
5.357735026840096774e-06 1.999999999999997792e-07
5.642264973059904772e-06 1.999999999999997792e-07
5.642264973059903925e-06 1.999999999999997792e-07
5.757735026840096332e-06 1.999999999999997792e-07
5.757735026840095485e-06 1.999999999999997792e-07
5.842264972959906382e-06 1.999999999999997792e-07
5.842264972959905535e-06 1.999999999999997792e-07
6.057735027019561107e-06 1.422649729804397511e-07
5.957735026740096249e-06 1.999999999999997792e-07
5.842264972959906382e-06 1.999999999999997792e-07
5.842264972959905535e-06 1.999999999999997792e-07
5.957735026740097943e-06 1.999999999999997792e-07
6.057735026878139639e-06 2.577350268781379953e-07
5.642264973059904772e-06 1.999999999999997792e-07
5.642264973059903925e-06 1.999999999999997792e-07
5.757735026840096332e-06 1.999999999999997792e-07
5.757735026840095485e-06 1.999999999999997792e-07
6.199999999999999931e-06 0.000000000000000000e+00
6.142264973121862139e-06 5.773502687813819623e-08
6.199999999999999931e-06 0.000000000000000000e+00
6.199999999999999931e-06 0.000000000000000000e+00
6.142264972980440671e-06 3.422649729804399803e-07
6.199999999858578463e-06 3.999999998585780905e-07
6.199999999999999931e-06 3.999999999999995584e-07
6.257735026878139418e-06 4.577350268781381450e-07
6.162200846819543288e-06 3.779915318045719204e-08
6.058931639847455427e-06 1.410683601525452723e-07
6.174401693603730165e-06 2.559830639627016690e-08
6.104465819941405496e-06 9.553418005859533533e-08
6.058931639706034806e-06 2.589316397060328447e-07
6.162200846678121821e-06 3.622008466781210242e-07
6.104465819799984028e-06 3.044658197999828081e-07
6.174401693462308697e-06 3.744016934623080063e-07
6.095534180200018596e-06 1.044658197999826054e-07
6.025598306537693081e-06 1.744016934623082271e-07
6.141068360293967819e-06 5.893163970603266181e-08
6.037799153321880804e-06 1.622008466781207685e-07
6.025598306396272460e-06 2.255983063962703663e-07
6.095534180058597128e-06 2.955341800585955910e-07
6.037799153180459336e-06 2.377991531804574014e-07
6.141068360152546351e-06 3.410683601525455544e-07
6.199999999999999931e-06 0.000000000000000000e+00
6.299999999929291204e-06 4.999999999292901963e-07
6.199999999999999931e-06 0.000000000000000000e+00
6.415470053826984869e-06 6.154700538269832260e-07
6.199999999999999931e-06 0.000000000000000000e+00
6.499999999929286748e-06 6.999999999292863756e-07
6.499999999929285054e-06 6.999999999292843639e-07
6.615470053826987190e-06 8.154700538269887226e-07
6.584529946031586086e-06 7.845299460315875136e-07
6.699999999929291610e-06 8.999999999292922958e-07
6.699999999929292457e-06 8.999999999292931428e-07
6.815470053826983581e-06 1.015470053826983208e-06
6.784529946031596877e-06 9.845299460315962925e-07
6.899999999929285460e-06 1.099999999929286358e-06
6.899999999929284613e-06 1.099999999929284875e-06
6.999999999999999048e-06 1.200000000000000369e-06
6.984529946031587339e-06 1.184529946031588237e-06
6.999999999999999048e-06 1.200000000000000369e-06
6.999999999999999048e-06 1.200000000000000369e-06
6.999999999999999048e-06 1.200000000000000369e-06
6.999999999999999048e-06 1.200000000000000369e-06
6.999999999999999048e-06 1.200000000000000369e-06
6.999999999999999048e-06 1.200000000000000369e-06
6.999999999999999048e-06 1.200000000000000369e-06
6.999999999999999048e-06 1.200000000000000369e-06
6.999999999999999048e-06 1.200000000000000369e-06
6.999999999999999048e-06 1.200000000000000369e-06
6.999999999999999048e-06 1.200000000000000369e-06
6.999999999999999048e-06 1.200000000000000369e-06
6.999999999999999048e-06 1.200000000000000369e-06
6.999999999999999048e-06 1.200000000000000369e-06
6.999999999999999048e-06 1.200000000000000369e-06
6.999999999999999048e-06 1.200000000000000369e-06
6.999999999999999048e-06 1.200000000000000369e-06
6.999999999999999048e-06 1.200000000000000369e-06
6.999999999999999048e-06 1.200000000000000369e-06
-8.000000000000001332e-06 -4.200000000000000445e-06
-8.000000000000001332e-06 -4.200000000000000445e-06
-8.000000000000001332e-06 -4.200000000000000445e-06
-8.000000000000001332e-06 -4.200000000000000445e-06
-8.000000000000001332e-06 -4.200000000000000445e-06
-8.000000000000001332e-06 -4.200000000000000445e-06
-8.000000000000001332e-06 -4.200000000000000445e-06
-8.000000000000001332e-06 -4.200000000000000445e-06
-8.000000000000001332e-06 -4.200000000000000445e-06
-8.000000000000001332e-06 -4.200000000000000445e-06
-8.000000000000001332e-06 -4.200000000000000445e-06
-8.000000000000001332e-06 -4.200000000000000445e-06
-8.000000000000001332e-06 -4.200000000000000445e-06
-8.000000000000001332e-06 -4.200000000000000445e-06
-8.000000000000001332e-06 -4.200000000000000445e-06
-8.000000000000001332e-06 -4.200000000000000445e-06
-8.000000000000001332e-06 -4.200000000000000445e-06
-8.000000000000001332e-06 -4.200000000000000445e-06
-8.000000000000001332e-06 -4.200000000000000445e-06
-8.000000000000001332e-06 -4.200000000000000445e-06
-7.915470053880191282e-06 -4.200000000000000445e-06
-7.915470053880191282e-06 -4.200000000000000445e-06
-7.684529946319809855e-06 -4.200000000000000445e-06
-7.684529946319809855e-06 -4.200000000000000445e-06
-7.515470053880190877e-06 -4.200000000000000445e-06
-7.515470053880190877e-06 -4.200000000000000445e-06
-7.284529946319811144e-06 -4.200000000000000445e-06
-7.284529946319810297e-06 -4.200000000000000445e-06
-7.115470053880191318e-06 -4.200000000000000445e-06
-7.115470053880191318e-06 -4.200000000000000445e-06
-6.884529946319812432e-06 -4.200000000000000445e-06
-6.884529946319811585e-06 -4.200000000000000445e-06
-6.715470053880192607e-06 -4.200000000000000445e-06
-6.715470053880191760e-06 -4.200000000000000445e-06
-6.484529946319812027e-06 -4.200000000000000445e-06
-6.484529946319812027e-06 -4.200000000000000445e-06
-6.315470053880191354e-06 -4.200000000000000445e-06
-6.315470053880191354e-06 -4.200000000000000445e-06
-6.084529946319811622e-06 -4.200000000000000445e-06
-6.084529946319810775e-06 -4.200000000000000445e-06
-5.915470053880191796e-06 -4.200000000000000445e-06
-5.915470053880191796e-06 -4.200000000000000445e-06
-5.684529946319811216e-06 -4.200000000000000445e-06
-5.684529946319811216e-06 -4.200000000000000445e-06
-5.515470053880191391e-06 -4.200000000000000445e-06
-5.515470053880191391e-06 -4.200000000000000445e-06
-5.284529946319811658e-06 -4.200000000000000445e-06
-5.999999999999993376e-07 -3.999999999999995584e-07
-5.999999999999993376e-07 -3.999999999999995584e-07
-5.999999999999993376e-07 -3.999999999999995584e-07
-5.999999999999993376e-07 -3.999999999999995584e-07
-5.999999999999993376e-07 -3.999999999999995584e-07
-5.999999999999993376e-07 -3.999999999999995584e-07
-5.999999999999993376e-07 -3.999999999999995584e-07
-5.999999999999993376e-07 -3.999999999999995584e-07
-5.999999999999993376e-07 -3.999999999999995584e-07
-5.999999999999993376e-07 -3.999999999999995584e-07
-5.999999999999993376e-07 -3.999999999999995584e-07
-5.999999999999993376e-07 -3.999999999999995584e-07
-5.999999999999993376e-07 -3.999999999999995584e-07
-5.999999999999993376e-07 -3.999999999999995584e-07
-5.999999999999993376e-07 -3.999999999999995584e-07
-5.999999999999993376e-07 -3.999999999999995584e-07
-5.999999999999993376e-07 -3.999999999999995584e-07
-5.999999999999993376e-07 -3.999999999999995584e-07
-5.999999999999993376e-07 -3.999999999999995584e-07
-5.999999999999993376e-07 -3.999999999999995584e-07
-5.999999999999993376e-07 -3.999999999999995584e-07
-5.999999999999993376e-07 -3.999999999999995584e-07
-5.999999999999993376e-07 -3.999999999999995584e-07
-5.999999999999993376e-07 -3.999999999999995584e-07
-5.999999999999993376e-07 -3.999999999999995584e-07
-5.999999999999993376e-07 -3.999999999999995584e-07
-5.999999999999993376e-07 -3.999999999999995584e-07
-5.999999999999993376e-07 -3.999999999999995584e-07
-5.999999999999993376e-07 -3.999999999999995584e-07
-5.999999999999993376e-07 -3.999999999999995584e-07
-5.999999999999993376e-07 -3.999999999999995584e-07
-5.999999999999993376e-07 -3.999999999999995584e-07
-5.999999999999993376e-07 -3.999999999999995584e-07
-5.999999999999993376e-07 -3.999999999999995584e-07
-1.999999999999997792e-07 7.154700536801906117e-07
-5.999999999999993376e-07 -3.999999999999995584e-07
-1.999999999999997792e-07 7.154700536801906117e-07
-5.999999999999993376e-07 -3.999999999999995584e-07
-1.999999999999997792e-07 7.154700536801906117e-07
-1.999999999999997792e-07 4.845299461198096085e-07
-1.999999999999997792e-07 7.154700536801906117e-07
-1.999999999999997792e-07 4.845299461198096085e-07
-1.999999999999997792e-07 7.154700536801906117e-07
-1.999999999999997792e-07 4.845299461198096085e-07
-1.999999999999997792e-07 7.154700536801906117e-07
-1.999999999999997792e-07 4.845299461198096085e-07
-1.999999999999997792e-07 7.154700536801906117e-07
-1.999999999999997792e-07 4.845299461198096085e-07
-1.999999999999997792e-07 7.154700536801906117e-07
-1.999999999999997792e-07 4.422649730599044776e-07
-1.999999999999997792e-07 5.577350268400944498e-07
-1.999999999999997792e-07 4.422649730599044776e-07
-1.999999999999997792e-07 5.577350268400944498e-07
-1.999999999999997792e-07 4.422649730599044776e-07
-1.999999999999997792e-07 5.577350268400944498e-07
-1.999999999999997792e-07 4.422649730599044776e-07
-1.999999999999997792e-07 5.577350268400944498e-07
-1.999999999999997792e-07 6.422649729599046058e-07
-1.999999999999997792e-07 7.577350267400956368e-07
-1.999999999999997792e-07 6.422649729599046058e-07
-1.422649731218622513e-07 8.577350268781382858e-07
-1.999999999999997792e-07 6.422649729599046058e-07
-1.999999999999997792e-07 7.577350267400956368e-07
-1.999999999999997792e-07 6.422649729599046058e-07
-1.999999999999997792e-07 7.577350267400956368e-07
-1.999999999999997792e-07 4.845299461198096085e-07
-1.000000000707107559e-07 8.999999999292898606e-07
-1.999999999999997792e-07 4.845299461198096085e-07
1.547005382698596297e-08 1.015470053826986596e-06
-1.999999999999997792e-07 4.845299461198096085e-07
9.999999992928919535e-08 1.099999999929289746e-06
9.999999992928918211e-08 1.099999999929289746e-06
1.999999999999997792e-07 1.200000000000000369e-06
1.845299460315923582e-07 1.184529946031592895e-06
1.999999999999997792e-07 1.200000000000000369e-06
1.999999999999997792e-07 1.200000000000000369e-06
1.999999999999997792e-07 1.200000000000000369e-06
2.100000000070707568e-06 1.299999999929292701e-06
1.984529946173013480e-06 1.415470053826986154e-06
2.215470053968408433e-06 1.184529946031592895e-06
2.100000000070708415e-06 1.299999999929292066e-06
2.300000000070711583e-06 1.099999999929289957e-06
2.184529946173011989e-06 1.215470053826989128e-06
2.400000000000000738e-06 1.000000000000000590e-06
2.300000000070710736e-06 1.099999999929290593e-06
2.400000000000000738e-06 1.000000000000000590e-06
2.384529946173014309e-06 1.015470053826987231e-06
2.400000000000000738e-06 1.000000000000000590e-06
2.400000000000000738e-06 1.000000000000000590e-06
2.484529946119811212e-06 1.000000000000000590e-06
2.484529946119811212e-06 1.000000000000000590e-06
2.715470053680190945e-06 1.000000000000000590e-06
2.715470053680190945e-06 1.000000000000000590e-06
2.884529946119810347e-06 1.000000000000000590e-06
2.884529946119810770e-06 1.000000000000000590e-06
3.115470053680190503e-06 1.000000000000000590e-06
3.115470053680190503e-06 1.000000000000000590e-06
3.284529946119810329e-06 1.000000000000000590e-06
3.284529946119810329e-06 1.000000000000000590e-06
3.515470053680191332e-06 1.000000000000000590e-06
3.515470053680191332e-06 1.000000000000000590e-06
4.200000000000000445e-06 4.845299461198096085e-07
3.684529946119811158e-06 1.000000000000000590e-06
4.200000000000000445e-06 4.845299461198096085e-07
4.100000000070711713e-06 8.999999999292896488e-07
4.200000000000000445e-06 4.422649730599044776e-07
4.200000000000000445e-06 5.577350268400944498e-07
4.200000000000000445e-06 4.422649730599044776e-07
4.200000000000000445e-06 5.577350268400944498e-07
4.200000000000000445e-06 4.422649730599044776e-07
4.200000000000000445e-06 5.577350268400944498e-07
4.257735027019559706e-06 3.422649729804401920e-07
4.200000000000000445e-06 5.577350268400944498e-07
4.200000000000000445e-06 6.422649729599046058e-07
4.200000000000000445e-06 7.577350267400956368e-07
4.200000000000000445e-06 6.422649729599046058e-07
4.200000000000000445e-06 7.577350267400956368e-07
4.200000000000000445e-06 6.422649729599046058e-07
4.142264973121862653e-06 8.577350268781381799e-07
4.200000000000000445e-06 6.422649729599046058e-07
4.200000000000000445e-06 7.577350267400956368e-07
4.300000000070711492e-06 2.999999999292888290e-07
4.200000000000000445e-06 7.154700536801906117e-07
4.715470053680190007e-06 1.999999999999997792e-07
4.200000000000000445e-06 7.154700536801906117e-07
4.884529946119809833e-06 1.999999999999997792e-07
4.884529946119809833e-06 1.999999999999997792e-07
5.115470053680191260e-06 1.999999999999997792e-07
5.115470053680190413e-06 1.999999999999997792e-07
5.284529946119811085e-06 1.999999999999997792e-07
5.284529946119810238e-06 1.999999999999997792e-07
5.515470053680189971e-06 1.999999999999997792e-07
5.515470053680189124e-06 1.999999999999997792e-07
5.684529946119809797e-06 1.999999999999997792e-07
5.684529946119808950e-06 1.999999999999997792e-07
6.099999999929291425e-06 2.999999999292905230e-07
6.215470053826985937e-06 4.154700538269856173e-07
6.142264972980442365e-06 3.422649729804416743e-07
6.199999999999999931e-06 3.999999999999995584e-07
6.199999999999999931e-06 3.999999999999995584e-07
6.257735026878137724e-06 4.577350268781368745e-07
6.242264973051151718e-06 4.422649730511512391e-07
6.299999999929290357e-06 4.999999999292889258e-07
6.299999999929289510e-06 4.999999999292881846e-07
6.357735026807427303e-06 5.577350268074259772e-07
6.342264972980441297e-06 5.422649729804396536e-07
6.399999999858579090e-06 5.999999998585773403e-07
6.399999999858579937e-06 5.999999998585778697e-07
6.457735026878140044e-06 6.577350268781389301e-07
6.225598306396269698e-06 4.255983063962693779e-07
6.295534180058595214e-06 4.955341800585939937e-07
6.237799153180457421e-06 4.377991531804568364e-07
6.341068360152546130e-06 5.410683601525448042e-07
6.258931639706033738e-06 4.589316397060327297e-07
6.362200846678122447e-06 5.622008466781208034e-07
6.304465819799984654e-06 5.044658197999835402e-07
6.374401693462310170e-06 5.744016934623082090e-07
6.342264972980442991e-06 5.422649729804411359e-07
6.400000000000001404e-06 5.999999999999993376e-07
6.400000000000001404e-06 5.999999999999993376e-07
6.457735026878137503e-06 6.577350268781360714e-07
6.442264973051150650e-06 6.422649730511496419e-07
6.499999999929288443e-06 6.999999999292878579e-07
6.499999999929287595e-06 6.999999999292874344e-07
6.557735026807425388e-06 7.577350268074256505e-07
6.542264972980440229e-06 7.422649729804407033e-07
6.599999999999999490e-06 8.000000000000008108e-07
6.599999999858577175e-06 7.999999998585784959e-07
6.657735026878138129e-06 8.577350268781392387e-07
6.458931639706034364e-06 6.589316397060332501e-07
6.562200846678121379e-06 7.622008466781222766e-07
6.504465819799982739e-06 7.044658197999826841e-07
6.574401693462308255e-06 7.744016934623089411e-07
6.425598306396271171e-06 6.255983063962698453e-07
6.495534180058596687e-06 6.955341800585965258e-07
6.437799153180458047e-06 6.377991531804569333e-07
6.541068360152545909e-06 7.410683601525463833e-07
6.584529946031590322e-06 7.845299460315910076e-07
6.699999999929290763e-06 8.999999999292913429e-07
6.699999999929291610e-06 8.999999999292916605e-07
6.815470053826985275e-06 1.015470053826985114e-06
6.784529946031595183e-06 9.845299460315948102e-07
6.899999999929288001e-06 1.099999999929288687e-06
6.899999999929286307e-06 1.099999999929286993e-06
6.999999999999999048e-06 1.200000000000000369e-06
6.984529946031589033e-06 1.184529946031590354e-06
6.999999999999999048e-06 1.200000000000000369e-06
6.999999999999999048e-06 1.200000000000000369e-06
6.999999999999999048e-06 1.200000000000000369e-06
6.999999999999999048e-06 1.200000000000000369e-06
6.999999999999999048e-06 1.200000000000000369e-06
6.999999999999999048e-06 1.200000000000000369e-06
6.999999999999999048e-06 1.200000000000000369e-06
6.999999999999999048e-06 1.200000000000000369e-06
6.999999999999999048e-06 1.200000000000000369e-06
6.999999999999999048e-06 1.200000000000000369e-06
6.999999999999999048e-06 1.200000000000000369e-06
6.999999999999999048e-06 1.200000000000000369e-06
6.999999999999999048e-06 1.200000000000000369e-06
6.999999999999999048e-06 1.200000000000000369e-06
6.999999999999999048e-06 1.200000000000000369e-06
6.999999999999999048e-06 1.200000000000000369e-06
6.999999999999999048e-06 1.200000000000000369e-06
6.999999999999999048e-06 1.200000000000000369e-06
6.999999999999999048e-06 1.200000000000000369e-06
6.999999999999999048e-06 1.200000000000000369e-06
6.999999999999999048e-06 1.200000000000000369e-06
6.999999999999999048e-06 1.200000000000000369e-06
6.999999999999999048e-06 1.200000000000000369e-06
-8.000000000000001332e-06 -4.200000000000000445e-06
-8.000000000000001332e-06 -4.200000000000000445e-06
-8.000000000000001332e-06 -4.200000000000000445e-06
-8.000000000000001332e-06 -4.200000000000000445e-06
-8.000000000000001332e-06 -4.200000000000000445e-06
-8.000000000000001332e-06 -4.200000000000000445e-06
-8.000000000000001332e-06 -4.200000000000000445e-06
-8.000000000000001332e-06 -4.200000000000000445e-06
-8.000000000000001332e-06 -4.200000000000000445e-06
-8.000000000000001332e-06 -4.200000000000000445e-06
-8.000000000000001332e-06 -4.200000000000000445e-06
-8.000000000000001332e-06 -4.200000000000000445e-06
-8.000000000000001332e-06 -4.200000000000000445e-06
-8.000000000000001332e-06 -4.200000000000000445e-06
-8.000000000000001332e-06 -4.200000000000000445e-06
-8.000000000000001332e-06 -4.200000000000000445e-06
-8.000000000000001332e-06 -4.200000000000000445e-06
-8.000000000000001332e-06 -4.200000000000000445e-06
-8.000000000000001332e-06 -4.200000000000000445e-06
-8.000000000000001332e-06 -4.200000000000000445e-06
-7.915470053880191282e-06 -4.200000000000000445e-06
-7.915470053880191282e-06 -4.200000000000000445e-06
-7.684529946319809855e-06 -4.200000000000000445e-06
-7.684529946319809855e-06 -4.200000000000000445e-06
-7.515470053880190877e-06 -4.200000000000000445e-06
-7.515470053880190877e-06 -4.200000000000000445e-06
-7.284529946319811144e-06 -4.200000000000000445e-06
-7.284529946319810297e-06 -4.200000000000000445e-06
-7.115470053880191318e-06 -4.200000000000000445e-06
-7.115470053880191318e-06 -4.200000000000000445e-06
-6.884529946319812432e-06 -4.200000000000000445e-06
-6.884529946319811585e-06 -4.200000000000000445e-06
-6.715470053880192607e-06 -4.200000000000000445e-06
-6.715470053880191760e-06 -4.200000000000000445e-06
-6.484529946319812027e-06 -4.200000000000000445e-06
-6.484529946319812027e-06 -4.200000000000000445e-06
-6.315470053880191354e-06 -4.200000000000000445e-06
-6.315470053880191354e-06 -4.200000000000000445e-06
-6.084529946319811622e-06 -4.200000000000000445e-06
-6.084529946319810775e-06 -4.200000000000000445e-06
-5.915470053880191796e-06 -4.200000000000000445e-06
-5.915470053880191796e-06 -4.200000000000000445e-06
-5.684529946319811216e-06 -4.200000000000000445e-06
-5.999999999999993376e-07 -3.999999999999995584e-07
-5.999999999999993376e-07 -3.999999999999995584e-07
-5.999999999999993376e-07 -3.999999999999995584e-07
-5.999999999999993376e-07 -3.999999999999995584e-07
-5.999999999999993376e-07 -3.999999999999995584e-07
-5.999999999999993376e-07 -3.999999999999995584e-07
-5.999999999999993376e-07 -3.999999999999995584e-07
-5.999999999999993376e-07 -3.999999999999995584e-07
-5.999999999999993376e-07 -3.999999999999995584e-07
-5.999999999999993376e-07 -3.999999999999995584e-07
-5.999999999999993376e-07 -3.999999999999995584e-07
-5.999999999999993376e-07 -3.999999999999995584e-07
-5.999999999999993376e-07 -3.999999999999995584e-07
-5.999999999999993376e-07 -3.999999999999995584e-07
-5.999999999999993376e-07 -3.999999999999995584e-07
-5.999999999999993376e-07 -3.999999999999995584e-07
-5.999999999999993376e-07 -3.999999999999995584e-07
-5.999999999999993376e-07 -3.999999999999995584e-07
-5.999999999999993376e-07 -3.999999999999995584e-07
-5.999999999999993376e-07 -3.999999999999995584e-07
-5.999999999999993376e-07 -3.999999999999995584e-07
-5.999999999999993376e-07 -3.999999999999995584e-07
-5.999999999999993376e-07 -3.999999999999995584e-07
-5.999999999999993376e-07 -3.999999999999995584e-07
-5.999999999999993376e-07 -3.999999999999995584e-07
-5.999999999999993376e-07 -3.999999999999995584e-07
-1.999999999999997792e-07 8.000000000000008108e-07
-5.999999999999993376e-07 -3.999999999999995584e-07
-1.999999999999997792e-07 8.000000000000008108e-07
-5.999999999999993376e-07 -3.999999999999995584e-07
-1.999999999999997792e-07 8.000000000000008108e-07
-5.999999999999993376e-07 -3.999999999999995584e-07
-1.999999999999997792e-07 8.000000000000008108e-07
-1.999999999999997792e-07 8.000000000000008108e-07
-1.999999999999997792e-07 8.000000000000008108e-07
-1.999999999999997792e-07 8.000000000000008108e-07
-1.999999999999997792e-07 8.000000000000008108e-07
-1.999999999999997792e-07 8.000000000000008108e-07
-1.999999999999997792e-07 8.000000000000008108e-07
-1.999999999999997792e-07 8.000000000000008108e-07
-1.999999999999997792e-07 8.000000000000008108e-07
-1.999999999999997792e-07 8.000000000000008108e-07
-1.999999999999997792e-07 8.000000000000008108e-07
-1.999999999999997792e-07 8.000000000000008108e-07
-1.999999999999997792e-07 8.000000000000008108e-07
-1.999999999999997792e-07 8.000000000000008108e-07
-1.999999999999997792e-07 8.000000000000008108e-07
-1.999999999999997792e-07 8.000000000000008108e-07
-1.999999999999997792e-07 8.000000000000008108e-07
-1.999999999999997792e-07 8.000000000000008108e-07
-1.999999999999997792e-07 8.000000000000008108e-07
-1.999999999999997792e-07 8.000000000000008108e-07
-1.845299461730136938e-07 8.154700538269869227e-07
-1.999999999999997792e-07 8.000000000000008108e-07
-1.999999999999997792e-07 8.000000000000008108e-07
-1.999999999999997792e-07 8.000000000000008108e-07
-1.422649731218620396e-07 8.577350268781386034e-07
-1.577350269488482573e-07 8.422649730511523857e-07
-1.000000000707105309e-07 8.999999999292900724e-07
-1.000000000707105838e-07 8.999999999292899665e-07
-4.226497319257285745e-08 9.577350268074277590e-07
-5.773502701955902225e-08 9.422649729804415413e-07
0.000000000000000000e+00 1.000000000000000590e-06
0.000000000000000000e+00 1.000000000000000590e-06
5.773502687813774625e-08 1.057735026878138383e-06
-1.744016936037297744e-07 8.255983063962707891e-07
-1.044658199414047350e-07 8.955341800585958815e-07
-1.622008468195425011e-07 8.377991531804580889e-07
-5.893163984745437457e-08 9.410683601525461625e-07
-1.410683602939667137e-07 8.589316397060338763e-07
-3.779915332187864009e-08 9.622008466781220558e-07
-9.553418020001639296e-08 9.044658197999841574e-07
-2.559830653769131386e-08 9.744016934623093556e-07
-5.773502701955902225e-08 9.422649729804415413e-07
0.000000000000000000e+00 1.000000000000000590e-06
-1.414214149669660355e-16 9.999999998585791221e-07
5.773502687813772640e-08 1.057735026878138383e-06
4.226497305115155498e-08 1.042264973051152165e-06
9.999999992928927476e-08 1.099999999929289957e-06
9.999999992928918211e-08 1.099999999929289746e-06
1.577350268074269482e-07 1.157735026807427538e-06
1.422649729804407569e-07 1.142264972980441320e-06
1.999999999999997792e-07 1.200000000000000369e-06
1.999999999999997792e-07 1.200000000000000369e-06
1.999999999999997792e-07 1.200000000000000369e-06
5.893163970603308533e-08 1.058931639706033761e-06
1.622008466781211391e-07 1.162200846678121835e-06
1.044658197999834392e-07 1.104465819799984042e-06
1.744016934623084653e-07 1.174401693462309135e-06
2.559830639627002132e-08 1.025598306396270568e-06
9.553418005859504416e-08 1.095534180058595661e-06
3.779915318045731777e-08 1.037799153180457868e-06
1.410683601525454046e-07 1.141068360152545942e-06
1.845299460315924377e-07 1.184529946031593107e-06
1.999999999999997792e-07 1.200000000000000369e-06
1.999999999999997792e-07 1.200000000000000369e-06
1.999999999999997792e-07 1.200000000000000369e-06
1.999999999999997792e-07 1.200000000000000369e-06
8.845299461198106492e-07 1.799999999999999707e-06
1.115470053680190594e-06 1.799999999999999707e-06
1.115470053680190594e-06 1.799999999999999707e-06
1.900000000070710330e-06 1.499999999929289304e-06
1.284529946119810208e-06 1.799999999999999707e-06
2.015470053968405266e-06 1.384529946031594580e-06
1.900000000070710330e-06 1.499999999929289304e-06
2.100000000070708839e-06 1.299999999929291642e-06
1.984529946173013480e-06 1.415470053826986366e-06
2.215470053968407586e-06 1.184529946031593742e-06
2.100000000070709686e-06 1.299999999929291007e-06
2.300000000070710736e-06 1.099999999929290593e-06
2.242264973192572943e-06 1.157735026807428174e-06
2.357735026948848952e-06 1.042264973051152165e-06
2.300000000070711159e-06 1.099999999929289957e-06
2.200000000000000959e-06 1.200000000000000369e-06
2.142264973121861896e-06 1.257735026878139009e-06
2.257735027019559796e-06 1.142264972980441532e-06
2.200000000000000959e-06 1.200000000000000369e-06
2.400000000000000738e-06 1.000000000000000590e-06
2.342264973121862946e-06 1.057735026878138171e-06
2.400000000000000738e-06 1.000000000000000590e-06
2.400000000000000738e-06 1.000000000000000590e-06
2.295534180200017286e-06 1.104465819799983831e-06
2.225598306537692194e-06 1.174401693462309135e-06
2.341068360293967779e-06 1.058931639706033550e-06
2.237799153321879917e-06 1.162200846678121623e-06
2.362200846819543672e-06 1.037799153180457868e-06
2.258931639847455387e-06 1.141068360152545942e-06
2.374401693603730972e-06 1.025598306396270357e-06
2.304465819941405880e-06 1.095534180058595661e-06
2.442264973059905763e-06 1.000000000000000590e-06
2.442264973059905763e-06 1.000000000000000590e-06
2.557735026840096053e-06 1.000000000000000590e-06
2.557735026840096053e-06 1.000000000000000590e-06
2.642264972959905680e-06 1.000000000000000590e-06
2.642264972959905680e-06 1.000000000000000590e-06
2.757735026740095546e-06 1.000000000000000590e-06
2.757735026740095546e-06 1.000000000000000590e-06
2.642264972959905680e-06 1.000000000000000590e-06
2.642264972959905680e-06 1.000000000000000590e-06
2.757735026740095546e-06 1.000000000000000590e-06
2.757735026740095546e-06 1.000000000000000590e-06
2.442264973059905763e-06 1.000000000000000590e-06
2.342264973121862946e-06 1.057735026878138171e-06
2.557735026840096053e-06 1.000000000000000590e-06
2.557735026840096053e-06 1.000000000000000590e-06
2.842264973059905322e-06 1.000000000000000590e-06
2.842264973059905322e-06 1.000000000000000590e-06
2.957735026840095188e-06 1.000000000000000590e-06
2.957735026840095188e-06 1.000000000000000590e-06
3.042264972959905238e-06 1.000000000000000590e-06
3.042264972959905238e-06 1.000000000000000590e-06
3.157735026740095528e-06 1.000000000000000590e-06
3.157735026740095528e-06 1.000000000000000590e-06
3.042264972959905238e-06 1.000000000000000590e-06
3.042264972959905238e-06 1.000000000000000590e-06
3.157735026740095528e-06 1.000000000000000590e-06
3.157735026740095528e-06 1.000000000000000590e-06
2.842264973059905322e-06 1.000000000000000590e-06
2.842264973059905322e-06 1.000000000000000590e-06
2.957735026840095188e-06 1.000000000000000590e-06
2.957735026840095188e-06 1.000000000000000590e-06
3.242264973059904880e-06 1.000000000000000590e-06
3.242264973059904880e-06 1.000000000000000590e-06
3.357735026840094747e-06 1.000000000000000590e-06
3.357735026840094747e-06 1.000000000000000590e-06
3.442264972959904797e-06 1.000000000000000590e-06
3.442264972959904797e-06 1.000000000000000590e-06
3.557735026740095934e-06 1.000000000000000590e-06
3.557735026740095934e-06 1.000000000000000590e-06
3.442264972959904797e-06 1.000000000000000590e-06
3.442264972959904797e-06 1.000000000000000590e-06
3.557735026740095934e-06 1.000000000000000590e-06
3.557735026740095934e-06 1.000000000000000590e-06
3.242264973059904880e-06 1.000000000000000590e-06
3.242264973059904880e-06 1.000000000000000590e-06
3.357735026840094747e-06 1.000000000000000590e-06
3.357735026840094747e-06 1.000000000000000590e-06
3.642264973059905709e-06 1.000000000000000590e-06
3.642264973059906133e-06 1.000000000000000590e-06
3.757735026840095999e-06 1.000000000000000590e-06
3.757735026840096423e-06 1.000000000000000590e-06
3.842264972959906049e-06 1.000000000000000590e-06
3.842264972959906049e-06 1.000000000000000590e-06
4.057735027019559927e-06 9.422649729804412237e-07
3.957735026740095916e-06 1.000000000000000590e-06
3.842264972959906049e-06 1.000000000000000590e-06
3.842264972959906049e-06 1.000000000000000590e-06
3.957735026740095916e-06 1.000000000000000590e-06
3.957735026740095916e-06 1.000000000000000590e-06
3.642264973059905709e-06 1.000000000000000590e-06
3.642264973059906133e-06 1.000000000000000590e-06
3.757735026840095999e-06 1.000000000000000590e-06
3.757735026840096423e-06 1.000000000000000590e-06
4.000000000000000666e-06 1.000000000000000590e-06
4.000000000000000666e-06 1.000000000000000590e-06
4.057735027019559927e-06 9.422649729804416472e-07
4.000000000000000666e-06 1.000000000000000590e-06
4.200000000000000445e-06 8.000000000000008108e-07
4.142264973121862653e-06 8.577350268781383916e-07
4.200000000000000445e-06 8.000000000000008108e-07
4.200000000000000445e-06 8.000000000000008108e-07
4.100000000070711713e-06 8.999999999292898606e-07
4.042264973192573921e-06 9.577350268074275473e-07
4.157735026948849506e-06 8.422649730511520680e-07
4.100000000070711713e-06 8.999999999292897547e-07
4.095534180200017416e-06 9.044658197999840515e-07
4.025598306537691900e-06 9.744016934623093556e-07
4.141068360293967486e-06 8.589316397060340881e-07
4.037799153321879624e-06 9.622008466781218441e-07
4.162200846819542955e-06 8.377991531804583007e-07
4.058931639847455094e-06 9.410683601525459508e-07
4.174401693603730679e-06 8.255983063962707891e-07
4.104465819941405163e-06 8.955341800585959873e-07
4.200000000000000445e-06 8.000000000000008108e-07
4.184529946173014439e-06 8.154700538269867109e-07
4.200000000000000445e-06 8.000000000000008108e-07
4.200000000000000445e-06 8.000000000000008108e-07
4.884529946119809833e-06 1.999999999999997792e-07
4.200000000000000445e-06 8.000000000000008108e-07
5.115470053680191260e-06 1.999999999999997792e-07
5.115470053680190413e-06 1.999999999999997792e-07
5.284529946119811085e-06 1.999999999999997792e-07
5.284529946119810238e-06 1.999999999999997792e-07
5.515470053680189971e-06 1.999999999999997792e-07
5.515470053680189124e-06 1.999999999999997792e-07
5.684529946119809797e-06 1.999999999999997792e-07
6.299999999929286969e-06 4.999999999292860670e-07
6.299999999929289510e-06 4.999999999292886081e-07
6.415470053826992493e-06 6.154700538269905316e-07
6.384529946031593931e-06 5.845299460315917578e-07
6.499999999929294372e-06 6.999999999292941048e-07
6.499999999929292678e-06 6.999999999292919872e-07
6.615470053826985496e-06 8.154700538269868168e-07
6.542264972980442770e-06 7.422649729804431385e-07
6.599999999999999490e-06 8.000000000000008108e-07
6.599999999999999490e-06 8.000000000000008108e-07
6.657735026878137282e-06 8.577350268781381799e-07
6.642264973051151276e-06 8.422649730511522798e-07
6.699999999929289069e-06 8.999999999292895430e-07
6.699999999929289069e-06 8.999999999292893312e-07
6.757735026807426861e-06 9.577350268074264885e-07
6.742264972980441702e-06 9.422649729804415413e-07
6.799999999858578648e-06 9.999999998585782751e-07
6.800000000000000963e-06 1.000000000000000590e-06
6.857735026878138755e-06 1.057735026878138806e-06
6.625598306396270103e-06 8.255983063962715303e-07
6.695534180058595619e-06 8.955341800585957756e-07
6.637799153180457826e-06 8.377991531804585124e-07
6.741068360152545688e-06 9.410683601525461625e-07
6.658931639706034143e-06 8.589316397060348292e-07
6.762200846678122852e-06 9.622008466781224793e-07
6.704465819799985060e-06 9.044658197999852162e-07
6.774401693462309728e-06 9.744016934623095673e-07
6.742264972980442549e-06 9.422649729804423883e-07
6.800000000000000963e-06 1.000000000000000590e-06
6.800000000000000963e-06 1.000000000000000590e-06
6.857735026878137061e-06 1.057735026878137112e-06
6.842264973051151055e-06 1.042264973051151106e-06
6.899999999929288848e-06 1.099999999929288899e-06
6.899999999929288848e-06 1.099999999929289322e-06
6.957735026807426641e-06 1.157735026807427115e-06
6.942264972980440635e-06 1.142264972980441109e-06
6.999999999999999048e-06 1.200000000000000369e-06
6.999999999999999048e-06 1.200000000000000369e-06
6.999999999999999048e-06 1.200000000000000369e-06
6.858931639706033922e-06 1.058931639706034185e-06
6.962200846678120937e-06 1.162200846678121835e-06
6.904465819799983145e-06 1.104465819799983619e-06
6.974401693462307814e-06 1.174401693462308923e-06
6.825598306396271576e-06 1.025598306396271627e-06
6.895534180058596245e-06 1.095534180058596508e-06
6.837799153180458453e-06 1.037799153180458715e-06
6.941068360152545467e-06 1.141068360152546365e-06
6.984529946031591574e-06 1.184529946031592684e-06
6.999999999999999048e-06 1.200000000000000369e-06
6.999999999999999048e-06 1.200000000000000369e-06
6.999999999999999048e-06 1.200000000000000369e-06
6.999999999999999048e-06 1.200000000000000369e-06
6.999999999999999048e-06 1.200000000000000369e-06
6.999999999999999048e-06 1.200000000000000369e-06
6.999999999999999048e-06 1.200000000000000369e-06
6.999999999999999048e-06 1.200000000000000369e-06
6.999999999999999048e-06 1.200000000000000369e-06
6.999999999999999048e-06 1.200000000000000369e-06
6.999999999999999048e-06 1.200000000000000369e-06
6.999999999999999048e-06 1.200000000000000369e-06
6.999999999999999048e-06 1.200000000000000369e-06
6.999999999999999048e-06 1.200000000000000369e-06
6.999999999999999048e-06 1.200000000000000369e-06
6.999999999999999048e-06 1.200000000000000369e-06
6.999999999999999048e-06 1.200000000000000369e-06
6.999999999999999048e-06 1.200000000000000369e-06
6.999999999999999048e-06 1.200000000000000369e-06
6.999999999999999048e-06 1.200000000000000369e-06
7.699999999929297282e-06 2.699999999929297297e-06
6.999999999999999048e-06 1.200000000000000369e-06
7.800000000000001553e-06 2.800000000000000297e-06
7.784529946031602549e-06 2.784529946031601293e-06
7.800000000000001553e-06 2.800000000000000297e-06
7.800000000000001553e-06 2.800000000000000297e-06
7.800000000000001553e-06 2.800000000000000297e-06
-8.000000000000001332e-06 -4.200000000000000445e-06
-8.000000000000001332e-06 -4.200000000000000445e-06
-8.000000000000001332e-06 -4.200000000000000445e-06
-8.000000000000001332e-06 -4.200000000000000445e-06
-8.000000000000001332e-06 -4.200000000000000445e-06
-8.000000000000001332e-06 -4.200000000000000445e-06
-8.000000000000001332e-06 -4.200000000000000445e-06
-8.000000000000001332e-06 -4.200000000000000445e-06
-8.000000000000001332e-06 -4.200000000000000445e-06
-8.000000000000001332e-06 -4.200000000000000445e-06
-8.000000000000001332e-06 -4.200000000000000445e-06
-8.000000000000001332e-06 -4.200000000000000445e-06
-8.000000000000001332e-06 -4.200000000000000445e-06
-8.000000000000001332e-06 -4.200000000000000445e-06
-8.000000000000001332e-06 -4.200000000000000445e-06
-8.000000000000001332e-06 -4.200000000000000445e-06
-8.000000000000001332e-06 -4.200000000000000445e-06
-8.000000000000001332e-06 -4.200000000000000445e-06
-8.000000000000001332e-06 -4.200000000000000445e-06
-8.000000000000001332e-06 -4.200000000000000445e-06
-7.915470053880191282e-06 -4.200000000000000445e-06
-7.915470053880191282e-06 -4.200000000000000445e-06
-7.684529946319809855e-06 -4.200000000000000445e-06
-7.684529946319809855e-06 -4.200000000000000445e-06
-7.515470053880190877e-06 -4.200000000000000445e-06
-7.515470053880190877e-06 -4.200000000000000445e-06
-7.284529946319811144e-06 -4.200000000000000445e-06
-4.800000000000000630e-06 6.599999999999999490e-06
-7.115470053880191318e-06 -4.200000000000000445e-06
-4.800000000000000630e-06 6.599999999999999490e-06
-6.884529946319812432e-06 -4.200000000000000445e-06
-4.800000000000000630e-06 6.599999999999999490e-06
-6.715470053880192607e-06 -4.200000000000000445e-06
-4.800000000000000630e-06 6.599999999999999490e-06
-6.484529946319812027e-06 -4.200000000000000445e-06
-4.800000000000000630e-06 6.599999999999999490e-06
-6.315470053880191354e-06 -4.200000000000000445e-06
-4.800000000000000630e-06 6.599999999999999490e-06
-4.800000000000000630e-06 6.599999999999999490e-06
-4.800000000000000630e-06 6.599999999999999490e-06
-2.099999999929306006e-06 5.099999999929306929e-06
-4.800000000000000630e-06 6.599999999999999490e-06
-1.984529946031576765e-06 4.984529946031578536e-06
-2.099999999929304735e-06 5.099999999929305235e-06
-1.899999999929274251e-06 4.899999999929274962e-06
-2.015470053827000739e-06 5.015470053827002509e-06
-1.784529946031593080e-06 4.784529946031593156e-06
-1.899999999929275098e-06 4.899999999929275809e-06
-5.999999999999993376e-07 -3.999999999999995584e-07
-1.815470053826972584e-06 4.815470053826973083e-06
-5.999999999999993376e-07 -3.999999999999995584e-07
-1.699999999929289930e-06 4.699999999929289583e-06
-5.999999999999993376e-07 -3.999999999999995584e-07
-1.615470053826986781e-06 4.615470053826986857e-06
-5.999999999999993376e-07 -3.999999999999995584e-07
-1.599999999999999928e-06 4.600000000000000004e-06
-5.999999999999993376e-07 -3.999999999999995584e-07
-1.599999999999999928e-06 4.600000000000000004e-06
-5.999999999999993376e-07 -3.999999999999995584e-07
-1.999999999999997792e-07 8.000000000000008108e-07
-5.999999999999993376e-07 -3.999999999999995584e-07
-1.999999999999997792e-07 8.000000000000008108e-07
-5.999999999999993376e-07 -3.999999999999995584e-07
-1.999999999999997792e-07 8.000000000000008108e-07
-1.999999999999997792e-07 8.000000000000008108e-07
-1.999999999999997792e-07 8.000000000000008108e-07
-1.999999999999997792e-07 8.000000000000008108e-07
-1.999999999999997792e-07 8.000000000000008108e-07
-1.999999999999997792e-07 8.000000000000008108e-07
-1.999999999999997792e-07 8.000000000000008108e-07
-1.999999999999997792e-07 8.000000000000008108e-07
-1.999999999999997792e-07 8.000000000000008108e-07
-1.999999999999997792e-07 8.000000000000008108e-07
-1.999999999999997792e-07 8.000000000000008108e-07
-1.999999999999997792e-07 8.000000000000008108e-07
-1.999999999999997792e-07 8.000000000000008108e-07
-1.999999999999997792e-07 8.000000000000008108e-07
-1.999999999999997792e-07 8.000000000000008108e-07
-1.999999999999997792e-07 8.000000000000008108e-07
-1.999999999999997792e-07 8.000000000000008108e-07
-1.999999999999997792e-07 8.000000000000008108e-07
-1.999999999999997792e-07 8.000000000000008108e-07
-1.999999999999997792e-07 8.000000000000008108e-07
-1.999999999999997792e-07 8.000000000000008108e-07
-1.999999999999997792e-07 8.000000000000008108e-07
-1.999999999999997792e-07 8.000000000000008108e-07
-1.999999999999997792e-07 8.000000000000008108e-07
-1.999999999999997792e-07 8.000000000000008108e-07
-1.999999999999997792e-07 8.000000000000008108e-07
-1.999999999999997792e-07 8.000000000000008108e-07
-1.999999999999997792e-07 8.000000000000008108e-07
-1.845299461730144614e-07 8.154700538269861815e-07
-1.999999999999997792e-07 8.000000000000008108e-07
-1.000000000707112324e-07 8.999999999292893312e-07
-1.000000000707107691e-07 8.999999999292898606e-07
1.999999999999997792e-07 1.515470053680190152e-06
-1.547005396840750036e-08 9.845299460315931161e-07
1.999999999999997792e-07 1.515470053680190152e-06
9.999999992928924829e-08 1.099999999929289746e-06
1.999999999999997792e-07 1.515470053680190152e-06
1.422649729804407569e-07 1.142264972980441320e-06
1.999999999999997792e-07 1.357735026840095472e-06
1.999999999999997792e-07 1.242264973059905606e-06
1.999999999999997792e-07 1.357735026840095472e-06
1.999999999999997792e-07 1.242264973059905394e-06
1.999999999999997792e-07 1.357735026840095472e-06
1.999999999999997792e-07 1.242264973059905606e-06
1.999999999999997792e-07 1.357735026840095472e-06
1.999999999999997792e-07 1.442264972959905311e-06
1.999999999999997792e-07 1.557735026740095177e-06
1.999999999999997792e-07 1.442264972959905311e-06
1.999999999999997792e-07 1.557735026740095177e-06
1.999999999999997792e-07 1.442264972959905311e-06
1.999999999999997792e-07 1.557735026740095177e-06
1.999999999999997792e-07 1.442264972959905311e-06
1.999999999999997792e-07 1.557735026740095177e-06
1.999999999999997792e-07 1.284529946119810208e-06
1.999999999999997792e-07 1.515470053680190152e-06
1.999999999999997792e-07 1.284529946119810208e-06
8.000000000000008108e-07 1.799999999999999707e-06
8.845299461198106492e-07 1.799999999999999707e-06
8.845299461198106492e-07 1.799999999999999707e-06
1.115470053680190594e-06 1.799999999999999707e-06
1.115470053680190594e-06 1.799999999999999707e-06
1.284529946119810208e-06 1.799999999999999707e-06
1.284529946119810208e-06 1.799999999999999707e-06
1.815470053968407392e-06 1.584529946031592242e-06
1.700000000070710551e-06 1.699999999929289083e-06
1.900000000070710330e-06 1.499999999929289304e-06
1.842264973192572538e-06 1.557735026807427097e-06
1.957735026948848123e-06 1.442264973051151723e-06
1.900000000070710330e-06 1.499999999929289304e-06
1.799999999999999707e-06 1.599999999999999928e-06
1.742264973121861914e-06 1.657735026878137720e-06
1.857735027019558756e-06 1.542264972980440879e-06
1.799999999999999707e-06 1.599999999999999928e-06
1.999999999999999486e-06 1.400000000000000148e-06
1.942264973121861693e-06 1.457735026878137729e-06
2.057735027019557899e-06 1.342264972980442158e-06
1.999999999999999486e-06 1.400000000000000148e-06
1.895534180200016034e-06 1.504465819799983601e-06
1.825598306537691153e-06 1.574401693462308481e-06
1.941068360293966103e-06 1.458931639706033320e-06
1.837799153321878453e-06 1.562200846678121182e-06
1.962200846819541996e-06 1.437799153180457426e-06
1.858931639847454134e-06 1.541068360152545500e-06
1.974401693603729296e-06 1.425598306396270338e-06
1.904465819941404415e-06 1.495534180058595219e-06
1.999999999999999486e-06 1.400000000000000148e-06
1.942264973121861693e-06 1.457735026878137729e-06
2.057735027019559593e-06 1.342264972980440464e-06
1.999999999999999486e-06 1.400000000000000148e-06
2.200000000141422427e-06 1.199999999858578901e-06
2.142264973121863590e-06 1.257735026878137315e-06
2.257735027019559796e-06 1.142264972980441320e-06
2.200000000000000959e-06 1.200000000000000369e-06
2.100000000070711804e-06 1.299999999929288466e-06
2.042264973192574435e-06 1.357735026807425623e-06
2.157735026948850020e-06 1.242264973051150885e-06
2.100000000070712227e-06 1.299999999929288043e-06
2.095534180200016236e-06 1.304465819799984457e-06
2.025598306537690720e-06 1.374401693462309126e-06
2.141068360293967153e-06 1.258931639706033752e-06
2.037799153321878444e-06 1.362200846678121614e-06
2.162200846819543469e-06 1.237799153180457647e-06
2.058931639847454337e-06 1.341068360152545721e-06
2.174401693603730769e-06 1.225598306396270348e-06
2.104465819941405677e-06 1.295534180058594805e-06
2.300000000070711583e-06 1.099999999929289534e-06
2.184529946173016224e-06 1.215470053826984893e-06
2.715470053680190945e-06 1.000000000000000590e-06
2.715470053680190945e-06 1.000000000000000590e-06
2.884529946119810347e-06 1.000000000000000590e-06
2.884529946119810770e-06 1.000000000000000590e-06
3.115470053680190503e-06 1.000000000000000590e-06
3.115470053680190503e-06 1.000000000000000590e-06
3.284529946119810329e-06 1.000000000000000590e-06
3.284529946119810329e-06 1.000000000000000590e-06
3.515470053680191332e-06 1.000000000000000590e-06
3.515470053680191332e-06 1.000000000000000590e-06
3.684529946119811158e-06 1.000000000000000590e-06
3.684529946119811158e-06 1.000000000000000590e-06
3.915470053680190890e-06 1.000000000000000590e-06
3.915470053680190890e-06 1.000000000000000590e-06
4.000000000000000666e-06 1.000000000000000590e-06
4.000000000000000666e-06 1.000000000000000590e-06
4.015470053968408987e-06 9.845299460315924809e-07
4.000000000000000666e-06 1.000000000000000590e-06
4.100000000070711713e-06 8.999999999292897547e-07
4.000000000000000666e-06 1.000000000000000590e-06
4.200000000000000445e-06 8.000000000000008108e-07
4.100000000070711713e-06 8.999999999292898606e-07
4.200000000000000445e-06 8.000000000000008108e-07
4.184529946173014439e-06 8.154700538269867109e-07
4.200000000000000445e-06 8.000000000000008108e-07
4.200000000000000445e-06 8.000000000000008108e-07
5.284529946119811085e-06 1.999999999999997792e-07
4.200000000000000445e-06 8.000000000000008108e-07
5.515470053680189971e-06 1.999999999999997792e-07
6.415470053826994187e-06 6.154700538269925433e-07
6.384529946031590542e-06 5.845299460315888991e-07
6.499999999929296066e-06 6.999999999292956930e-07
6.499999999929296066e-06 6.999999999292953754e-07
6.615470053826982954e-06 8.154700538269845934e-07
6.584529946031597098e-06 7.845299460315985250e-07
6.699999999929287375e-06 8.999999999292881665e-07
6.699999999929288222e-06 8.999999999292890136e-07
6.999999999999999048e-06 1.515470053680190152e-06
6.784529946031592642e-06 9.845299460315922691e-07
6.999999999999999048e-06 1.515470053680190152e-06
6.899999999929290542e-06 1.099999999929291228e-06
6.999999999999999048e-06 1.515470053680190152e-06
6.942264972980441482e-06 1.142264972980442379e-06
6.999999999999999048e-06 1.357735026840095472e-06
6.999999999999999048e-06 1.242264973059905606e-06
6.999999999999999048e-06 1.357735026840095472e-06
6.999999999999999048e-06 1.242264973059905394e-06
6.999999999999999048e-06 1.357735026840095472e-06
6.999999999999999048e-06 1.242264973059905606e-06
6.999999999999999048e-06 1.357735026840095472e-06
6.999999999999999048e-06 1.442264972959905311e-06
6.999999999999999048e-06 1.557735026740095177e-06
6.999999999999999048e-06 1.442264972959905311e-06
6.999999999999999048e-06 1.557735026740095177e-06
6.999999999999999048e-06 1.442264972959905311e-06
6.999999999999999048e-06 1.557735026740095177e-06
6.999999999999999048e-06 1.442264972959905311e-06
6.999999999999999048e-06 1.557735026740095177e-06
6.999999999999999048e-06 1.284529946119810208e-06
6.999999999999999048e-06 1.515470053680190152e-06
6.999999999999999048e-06 1.284529946119810208e-06
6.999999999999999048e-06 1.515470053680190152e-06
6.999999999999999048e-06 1.284529946119810208e-06
6.999999999999999048e-06 1.515470053680190152e-06
6.999999999999999048e-06 1.284529946119810208e-06
6.999999999999999048e-06 1.515470053680190152e-06
6.999999999999999048e-06 1.284529946119810208e-06
6.999999999999999048e-06 1.515470053680190152e-06
6.999999999999999048e-06 1.284529946119810208e-06
7.415470053826982918e-06 2.415470053826982086e-06
6.999999999999999048e-06 1.284529946119810208e-06
7.499999999929285644e-06 2.499999999929285659e-06
6.999999999999999048e-06 1.284529946119810208e-06
7.615470053826991168e-06 2.615470053826992029e-06
7.584529946031588371e-06 2.584529946031588809e-06
7.699999999929295588e-06 2.699999999929295602e-06
7.699999999929297282e-06 2.699999999929296873e-06
7.800000000000001553e-06 2.800000000000000297e-06
7.784529946031600855e-06 2.784529946031600446e-06
7.800000000000001553e-06 2.800000000000000297e-06
7.800000000000001553e-06 2.800000000000000297e-06
7.800000000000001553e-06 2.800000000000000297e-06
7.800000000000001553e-06 2.800000000000000297e-06
7.800000000000001553e-06 2.800000000000000297e-06
7.800000000000001553e-06 2.800000000000000297e-06
7.800000000000001553e-06 2.800000000000000297e-06
-8.000000000000001332e-06 -4.200000000000000445e-06
-8.000000000000001332e-06 -4.200000000000000445e-06
-8.000000000000001332e-06 -4.200000000000000445e-06
-8.000000000000001332e-06 -4.200000000000000445e-06
-8.000000000000001332e-06 -4.200000000000000445e-06
-8.000000000000001332e-06 -4.200000000000000445e-06
-8.000000000000001332e-06 -4.200000000000000445e-06
-8.000000000000001332e-06 -4.200000000000000445e-06
-8.000000000000001332e-06 -4.200000000000000445e-06
-8.000000000000001332e-06 -4.200000000000000445e-06
-8.000000000000001332e-06 -4.200000000000000445e-06
-8.000000000000001332e-06 -4.200000000000000445e-06
-8.000000000000001332e-06 -4.200000000000000445e-06
-4.800000000000000630e-06 6.599999999999999490e-06
-8.000000000000001332e-06 -4.200000000000000445e-06
-4.800000000000000630e-06 6.599999999999999490e-06
-8.000000000000001332e-06 -4.200000000000000445e-06
-4.800000000000000630e-06 6.599999999999999490e-06
-8.000000000000001332e-06 -4.200000000000000445e-06
-4.800000000000000630e-06 6.599999999999999490e-06
-4.800000000000000630e-06 6.599999999999999490e-06
-4.800000000000000630e-06 6.599999999999999490e-06
-4.800000000000000630e-06 6.599999999999999490e-06
-4.800000000000000630e-06 6.599999999999999490e-06
-4.800000000000000630e-06 6.599999999999999490e-06
-4.800000000000000630e-06 6.599999999999999490e-06
-4.800000000000000630e-06 6.599999999999999490e-06
-4.800000000000000630e-06 6.599999999999999490e-06
-4.800000000000000630e-06 6.599999999999999490e-06
-4.800000000000000630e-06 6.599999999999999490e-06
-4.800000000000000630e-06 6.599999999999999490e-06
-4.800000000000000630e-06 6.599999999999999490e-06
-4.800000000000000630e-06 6.599999999999999490e-06
-4.800000000000000630e-06 6.599999999999999490e-06
-4.800000000000000630e-06 6.599999999999999490e-06
-4.800000000000000630e-06 6.599999999999999490e-06
-4.800000000000000630e-06 6.599999999999999490e-06
-4.800000000000000630e-06 6.599999999999999490e-06
-4.800000000000000630e-06 6.599999999999999490e-06
-4.800000000000000630e-06 6.599999999999999490e-06
-4.800000000000000630e-06 6.599999999999999490e-06
-4.800000000000000630e-06 6.599999999999999490e-06
-2.184529946031607461e-06 5.184529946031607961e-06
-3.600000000000000261e-06 6.199999999999999931e-06
-2.099999999929303888e-06 5.099999999929305235e-06
-2.215470053826979765e-06 5.215470053826979418e-06
-1.984529946031578460e-06 4.984529946031580230e-06
-2.099999999929302194e-06 5.099999999929303541e-06
-1.899999999929275945e-06 4.899999999929276656e-06
-2.015470053826999044e-06 5.015470053827000815e-06
-1.784529946031592868e-06 4.784529946031593156e-06
-1.899999999929276580e-06 4.899999999929277503e-06
-1.699999999929289719e-06 4.699999999929289583e-06
-1.815470053826974278e-06 4.815470053826974777e-06
-1.599999999999999928e-06 4.600000000000000004e-06
-1.699999999929289507e-06 4.699999999929289583e-06
-1.599999999999999928e-06 4.600000000000000004e-06
-1.615470053826986357e-06 4.615470053826986857e-06
-1.599999999999999928e-06 4.600000000000000004e-06
-1.599999999999999928e-06 4.600000000000000004e-06
-1.599999999999999928e-06 4.600000000000000004e-06
-1.599999999999999928e-06 4.600000000000000004e-06
-1.599999999999999928e-06 4.600000000000000004e-06
-1.599999999999999928e-06 4.600000000000000004e-06
-1.999999999999997792e-07 8.000000000000008108e-07
-1.599999999999999928e-06 4.600000000000000004e-06
-1.999999999999997792e-07 8.000000000000008108e-07
-1.599999999999999928e-06 4.600000000000000004e-06
-1.999999999999997792e-07 8.000000000000008108e-07
-1.599999999999999928e-06 4.600000000000000004e-06
-1.999999999999997792e-07 8.000000000000008108e-07
-1.999999999999997792e-07 8.000000000000008108e-07
-1.999999999999997792e-07 8.000000000000008108e-07
-1.999999999999997792e-07 8.000000000000008108e-07
-1.999999999999997792e-07 8.000000000000008108e-07
-1.999999999999997792e-07 8.000000000000008108e-07
-1.999999999999997792e-07 8.000000000000008108e-07
-1.999999999999997792e-07 8.000000000000008108e-07
-1.999999999999997792e-07 8.000000000000008108e-07
-1.999999999999997792e-07 8.000000000000008108e-07
-1.999999999999997792e-07 8.000000000000008108e-07
-1.999999999999997792e-07 8.000000000000008108e-07
-1.999999999999997792e-07 8.000000000000008108e-07
-1.999999999999997792e-07 8.000000000000008108e-07
-1.999999999999997792e-07 8.000000000000008108e-07
1.999999999999997792e-07 1.915470053680190134e-06
-1.999999999999997792e-07 8.000000000000008108e-07
1.999999999999997792e-07 1.915470053680189710e-06
-1.999999999999997792e-07 8.000000000000008108e-07
1.999999999999997792e-07 1.915470053680190134e-06
1.999999999999997792e-07 1.684529946119809766e-06
1.999999999999997792e-07 1.915470053680189710e-06
1.999999999999997792e-07 1.684529946119809766e-06
1.999999999999997792e-07 1.915470053680190134e-06
1.999999999999997792e-07 1.684529946119809766e-06
1.999999999999997792e-07 1.915470053680189710e-06
1.999999999999997792e-07 1.684529946119809766e-06
1.999999999999997792e-07 1.915470053680190134e-06
1.999999999999997792e-07 1.684529946119809766e-06
1.999999999999997792e-07 1.915470053680189710e-06
1.999999999999997792e-07 1.642264973059905164e-06
1.999999999999997792e-07 1.757735026840095031e-06
1.999999999999997792e-07 1.642264973059904953e-06
1.999999999999997792e-07 1.757735026840095031e-06
1.999999999999997792e-07 1.642264973059905164e-06
1.999999999999997792e-07 1.757735026840095031e-06
1.999999999999997792e-07 1.642264973059904953e-06
1.999999999999997792e-07 1.757735026840095031e-06
1.999999999999997792e-07 1.842264972959904657e-06
1.999999999999997792e-07 1.957735026740094735e-06
1.999999999999997792e-07 1.842264972959904657e-06
1.999999999999997792e-07 1.957735026740094735e-06
1.999999999999997792e-07 1.842264972959904657e-06
1.999999999999997792e-07 1.957735026740094735e-06
1.999999999999997792e-07 1.842264972959904657e-06
1.999999999999997792e-07 1.957735026740094735e-06
1.999999999999997792e-07 1.642264973059905164e-06
1.999999999999997792e-07 1.757735026840095031e-06
7.577350269488474361e-07 1.842264973051152764e-06
7.000000000707096435e-07 1.899999999929289921e-06
5.999999999999993376e-07 1.999999999999999486e-06
5.999999999999993376e-07 1.999999999999999486e-06
6.577350270195581745e-07 1.942264972980441073e-06
5.999999999999993376e-07 1.999999999999999486e-06
7.999999999999993285e-07 1.800000000000001189e-06
7.422649731218617477e-07 1.857735026878138346e-06
8.000000000000008108e-07 1.799999999999999707e-06
8.000000000000003873e-07 1.800000000000000130e-06
6.955341802000158761e-07 1.904465819799983794e-06
6.255983065376907838e-07 1.974401693462308252e-06
7.410683602939670042e-07 1.858931639706032878e-06
6.377991533218781894e-07 1.962200846678120952e-06
7.622008468195432151e-07 1.837799153180456985e-06
6.589316398474544004e-07 1.941068360152545058e-06
7.744016936037307266e-07 1.825598306396269685e-06
7.044658199414054226e-07 1.895534180058594142e-06
8.422649730599056241e-07 1.799999999999999707e-06
8.422649730599057300e-07 1.799999999999999707e-06
9.577350268400959140e-07 1.799999999999999707e-06
9.577350268400957022e-07 1.799999999999999707e-06
1.042264972959905541e-06 1.799999999999999707e-06
1.042264972959905541e-06 1.799999999999999707e-06
1.157735026740095830e-06 1.799999999999999707e-06
1.157735026740095619e-06 1.799999999999999707e-06
1.042264972959905541e-06 1.799999999999999707e-06
1.042264972959905541e-06 1.799999999999999707e-06
1.157735026740095830e-06 1.799999999999999707e-06
1.157735026740095619e-06 1.799999999999999707e-06
8.422649730599056241e-07 1.799999999999999707e-06
7.422649731218632300e-07 1.857735026878136864e-06
9.577350268400959140e-07 1.799999999999999707e-06
9.577350268400957022e-07 1.799999999999999707e-06
1.242264973059905606e-06 1.799999999999999707e-06
1.242264973059905606e-06 1.799999999999999707e-06
1.357735026840095472e-06 1.799999999999999707e-06
1.357735026840095472e-06 1.799999999999999707e-06
1.442264972959905099e-06 1.799999999999999707e-06
1.442264972959905311e-06 1.799999999999999707e-06
1.657735027019558976e-06 1.742264972980440658e-06
1.557735026740095177e-06 1.799999999999999707e-06
1.442264972959905099e-06 1.799999999999999707e-06
1.442264972959905311e-06 1.799999999999999707e-06
1.557735026740095177e-06 1.799999999999999707e-06
1.557735026740095177e-06 1.799999999999999707e-06
1.242264973059905606e-06 1.799999999999999707e-06
1.242264973059905606e-06 1.799999999999999707e-06
1.357735026840095472e-06 1.799999999999999707e-06
1.357735026840095472e-06 1.799999999999999707e-06
1.599999999999999928e-06 1.799999999999999707e-06
1.599999999999999928e-06 1.799999999999999707e-06
1.657735027019559188e-06 1.742264972980440446e-06
1.599999999999999928e-06 1.799999999999999707e-06
1.799999999999999707e-06 1.599999999999999928e-06
1.742264973121862126e-06 1.657735026878137508e-06
1.857735027019558544e-06 1.542264972980441091e-06
1.799999999999999707e-06 1.599999999999999928e-06
1.700000000070710551e-06 1.699999999929289083e-06
1.642264973192572970e-06 1.757735026807426664e-06
1.757735026948847920e-06 1.642264973051151714e-06
1.700000000070710551e-06 1.699999999929289083e-06
1.695534180200016254e-06 1.704465819799983380e-06
1.625598306537691162e-06 1.774401693462308472e-06
1.741068360293966747e-06 1.658931639706032887e-06
1.637799153321878462e-06 1.762200846678121173e-06
1.762200846819542429e-06 1.637799153180457206e-06
1.658931639847454355e-06 1.741068360152545279e-06
1.774401693603729728e-06 1.625598306396269906e-06
1.704465819941404636e-06 1.695534180058594998e-06
1.900000000070710542e-06 1.499999999929289092e-06
1.784529946173013701e-06 1.615470053826985934e-06
2.015470053968408654e-06 1.384529946031590980e-06
1.900000000070711177e-06 1.499999999929288457e-06
2.100000000070713074e-06 1.299999999929287407e-06
1.984529946173014327e-06 1.415470053826985307e-06
2.715470053680190945e-06 1.000000000000000590e-06
2.100000000070714345e-06 1.299999999929286348e-06
2.884529946119810347e-06 1.000000000000000590e-06
2.884529946119810770e-06 1.000000000000000590e-06
3.115470053680190503e-06 1.000000000000000590e-06
3.115470053680190503e-06 1.000000000000000590e-06
3.284529946119810329e-06 1.000000000000000590e-06
3.284529946119810329e-06 1.000000000000000590e-06
3.515470053680191332e-06 1.000000000000000590e-06
3.515470053680191332e-06 1.000000000000000590e-06
3.684529946119811158e-06 1.000000000000000590e-06
3.684529946119811158e-06 1.000000000000000590e-06
3.915470053680190890e-06 1.000000000000000590e-06
3.915470053680190890e-06 1.000000000000000590e-06
4.000000000000000666e-06 1.000000000000000590e-06
4.000000000000000666e-06 1.000000000000000590e-06
4.000000000000000666e-06 1.000000000000000590e-06
4.000000000000000666e-06 1.000000000000000590e-06
4.000000000000000666e-06 1.000000000000000590e-06
4.000000000000000666e-06 1.000000000000000590e-06
4.015470053968408140e-06 9.845299460315929044e-07
4.000000000000000666e-06 1.000000000000000590e-06
4.100000000070711713e-06 8.999999999292897547e-07
4.000000000000000666e-06 1.000000000000000590e-06
4.200000000000000445e-06 8.000000000000008108e-07
4.100000000070711713e-06 8.999999999292893312e-07
4.200000000000000445e-06 8.000000000000008108e-07
4.184529946173015286e-06 8.154700538269863933e-07
6.499999999929297760e-06 6.999999999292974929e-07
6.999999999999999048e-06 1.915470053680189710e-06
6.584529946031599639e-06 7.845299460316006426e-07
6.999999999999999048e-06 1.915470053680190134e-06
6.999999999999999048e-06 1.684529946119809766e-06
6.999999999999999048e-06 1.915470053680189710e-06
6.999999999999999048e-06 1.684529946119809766e-06
6.999999999999999048e-06 1.915470053680190134e-06
6.999999999999999048e-06 1.684529946119809766e-06
6.999999999999999048e-06 1.915470053680189710e-06
6.999999999999999048e-06 1.684529946119809766e-06
6.999999999999999048e-06 1.915470053680190134e-06
6.999999999999999048e-06 1.684529946119809766e-06
6.999999999999999048e-06 1.915470053680189710e-06
6.999999999999999048e-06 1.642264973059905164e-06
6.999999999999999048e-06 1.757735026840095031e-06
6.999999999999999048e-06 1.642264973059904953e-06
6.999999999999999048e-06 1.757735026840095031e-06
6.999999999999999048e-06 1.642264973059905164e-06
6.999999999999999048e-06 1.757735026840095031e-06
6.999999999999999048e-06 1.642264973059904953e-06
6.999999999999999048e-06 1.757735026840095031e-06
6.999999999999999048e-06 1.842264972959904657e-06
6.999999999999999048e-06 1.957735026740094735e-06
6.999999999999999048e-06 1.842264972959904657e-06
7.057735026878137688e-06 2.057735026878138126e-06
6.999999999999999048e-06 1.842264972959904657e-06
6.999999999999999048e-06 1.957735026740094735e-06
6.999999999999999048e-06 1.842264972959904657e-06
6.999999999999999048e-06 1.957735026740094735e-06
6.999999999999999048e-06 1.684529946119809766e-06
7.099999999929289474e-06 2.099999999929289912e-06
6.999999999999999048e-06 1.684529946119809766e-06
7.215470053826987374e-06 2.215470053826987389e-06
6.999999999999999048e-06 1.684529946119809766e-06
7.299999999929290947e-06 2.299999999929290962e-06
7.299999999929291794e-06 2.299999999929291385e-06
7.415470053826984612e-06 2.415470053826983780e-06
7.384529946031596215e-06 2.384529946031594959e-06
7.499999999929287338e-06 2.499999999929286506e-06
7.499999999929285644e-06 2.499999999929284812e-06
7.615470053826988627e-06 2.615470053826989065e-06
7.584529946031588371e-06 2.584529946031588385e-06
7.699999999929293894e-06 2.699999999929293061e-06
7.699999999929293894e-06 2.699999999929294332e-06
7.800000000000001553e-06 2.800000000000000297e-06
7.784529946031599161e-06 2.784529946031597905e-06
7.800000000000001553e-06 2.800000000000000297e-06
7.800000000000001553e-06 2.800000000000000297e-06
7.800000000000001553e-06 2.800000000000000297e-06
7.800000000000001553e-06 2.800000000000000297e-06
7.800000000000001553e-06 2.800000000000000297e-06
7.800000000000001553e-06 2.800000000000000297e-06
7.800000000000001553e-06 2.800000000000000297e-06
7.800000000000001553e-06 2.800000000000000297e-06
7.800000000000001553e-06 2.800000000000000297e-06
7.800000000000001553e-06 2.800000000000000297e-06
7.800000000000001553e-06 2.800000000000000297e-06
-8.000000000000001332e-06 -4.200000000000000445e-06
-6.000000000000000152e-06 7.400000000000001994e-06
-6.000000000000000152e-06 7.400000000000001994e-06
-6.000000000000000152e-06 7.400000000000001994e-06
-6.000000000000000152e-06 7.400000000000001994e-06
-6.000000000000000152e-06 7.400000000000001994e-06
-6.000000000000000152e-06 7.400000000000001994e-06
-6.000000000000000152e-06 7.400000000000001994e-06
-6.000000000000000152e-06 7.400000000000001994e-06
-6.000000000000000152e-06 7.400000000000001994e-06
-6.000000000000000152e-06 7.400000000000001994e-06
-6.000000000000000152e-06 7.400000000000001994e-06
-6.000000000000000152e-06 7.400000000000001994e-06
-6.000000000000000152e-06 7.400000000000001994e-06
-4.800000000000000630e-06 6.599999999999999490e-06
-4.800000000000000630e-06 6.599999999999999490e-06
-4.800000000000000630e-06 6.599999999999999490e-06
-4.800000000000000630e-06 6.599999999999999490e-06
-4.800000000000000630e-06 6.599999999999999490e-06
-4.800000000000000630e-06 6.599999999999999490e-06
-4.800000000000000630e-06 6.599999999999999490e-06
-4.800000000000000630e-06 6.599999999999999490e-06
-4.800000000000000630e-06 6.599999999999999490e-06
-4.800000000000000630e-06 6.599999999999999490e-06
-4.800000000000000630e-06 6.599999999999999490e-06
-4.800000000000000630e-06 6.599999999999999490e-06
-4.800000000000000630e-06 6.599999999999999490e-06
-4.800000000000000630e-06 6.599999999999999490e-06
-4.800000000000000630e-06 6.599999999999999490e-06
-4.800000000000000630e-06 6.599999999999999490e-06
-4.800000000000000630e-06 6.599999999999999490e-06
-4.800000000000000630e-06 6.599999999999999490e-06
-4.800000000000000630e-06 6.599999999999999490e-06
-4.800000000000000630e-06 6.599999999999999490e-06
-4.800000000000000630e-06 6.599999999999999490e-06
-4.800000000000000630e-06 6.599999999999999490e-06
-4.800000000000000630e-06 6.599999999999999490e-06
-4.800000000000000630e-06 6.599999999999999490e-06
-4.800000000000000630e-06 6.599999999999999490e-06
-4.800000000000000630e-06 6.599999999999999490e-06
-4.800000000000000630e-06 6.599999999999999490e-06
-4.800000000000000630e-06 6.599999999999999490e-06
-4.800000000000000630e-06 6.599999999999999490e-06
-4.800000000000000630e-06 6.599999999999999490e-06
-3.600000000000000261e-06 6.199999999999999931e-06
-3.600000000000000261e-06 6.199999999999999931e-06
-2.184529946031606191e-06 5.184529946031606267e-06
-2.299999999929283762e-06 5.299999999929283838e-06
-2.099999999929302194e-06 5.099999999929302694e-06
-2.215470053826980612e-06 5.215470053826981112e-06
-1.984529946031579730e-06 4.984529946031581077e-06
-2.099999999929301771e-06 5.099999999929302694e-06
-1.899999999929277427e-06 4.899999999929278351e-06
-2.015470053826997774e-06 5.015470053826999120e-06
-1.784529946031593080e-06 4.784529946031593156e-06
-1.899999999929278698e-06 4.899999999929280045e-06
-1.699999999929289507e-06 4.699999999929289583e-06
-1.815470053826975972e-06 4.815470053826976471e-06
-1.599999999999999928e-06 4.600000000000000004e-06
-1.699999999929290354e-06 4.699999999929290430e-06
-1.599999999999999928e-06 4.600000000000000004e-06
-1.615470053826986781e-06 4.615470053826986857e-06
-1.599999999999999928e-06 4.600000000000000004e-06
-1.599999999999999928e-06 4.600000000000000004e-06
-1.599999999999999928e-06 4.600000000000000004e-06
-1.599999999999999928e-06 4.600000000000000004e-06
-1.599999999999999928e-06 4.600000000000000004e-06
-1.599999999999999928e-06 4.600000000000000004e-06
-1.599999999999999928e-06 4.600000000000000004e-06
-1.599999999999999928e-06 4.600000000000000004e-06
-1.599999999999999928e-06 4.600000000000000004e-06
-1.599999999999999928e-06 4.600000000000000004e-06
-1.599999999999999928e-06 4.600000000000000004e-06
-1.599999999999999928e-06 4.600000000000000004e-06
-1.999999999999997792e-07 8.000000000000008108e-07
-1.599999999999999928e-06 4.600000000000000004e-06
-1.999999999999997792e-07 8.000000000000008108e-07
-1.599999999999999928e-06 4.600000000000000004e-06
-1.999999999999997792e-07 8.000000000000008108e-07
1.999999999999997792e-07 2.315470053680191386e-06
1.999999999999997792e-07 2.084529946119809960e-06
1.999999999999997792e-07 2.315470053680190963e-06
1.999999999999997792e-07 2.084529946119809960e-06
1.999999999999997792e-07 2.315470053680191386e-06
1.999999999999997792e-07 2.084529946119809960e-06
1.999999999999997792e-07 2.315470053680190963e-06
1.999999999999997792e-07 2.084529946119809960e-06
1.999999999999997792e-07 2.315470053680191386e-06
1.999999999999997792e-07 2.084529946119809960e-06
1.999999999999997792e-07 2.315470053680190963e-06
1.999999999999997792e-07 2.084529946119809960e-06
1.999999999999997792e-07 2.315470053680191386e-06
1.999999999999997792e-07 2.084529946119809960e-06
1.999999999999997792e-07 2.315470053680190963e-06
1.999999999999997792e-07 2.084529946119809960e-06
1.999999999999997792e-07 2.315470053680191386e-06
1.999999999999997792e-07 2.084529946119809960e-06
1.999999999999997792e-07 2.315470053680190963e-06
1.999999999999997792e-07 2.084529946119809960e-06
1.999999999999997792e-07 2.315470053680191386e-06
1.999999999999997792e-07 2.042264973059904511e-06
1.999999999999997792e-07 2.157735026840095648e-06
1.999999999999997792e-07 2.042264973059904935e-06
1.999999999999997792e-07 2.157735026840095648e-06
1.999999999999997792e-07 2.042264973059904511e-06
1.999999999999997792e-07 2.157735026840095648e-06
1.999999999999997792e-07 2.042264973059904935e-06
1.999999999999997792e-07 2.157735026840095648e-06
1.999999999999997792e-07 2.242264972959906122e-06
1.999999999999997792e-07 2.357735026740095988e-06
1.999999999999997792e-07 2.242264972959906122e-06
2.577350268781377835e-07 2.457735026878138531e-06
1.999999999999997792e-07 2.242264972959906122e-06
1.999999999999997792e-07 2.357735026740095988e-06
1.999999999999997792e-07 2.242264972959906122e-06
1.999999999999997792e-07 2.357735026740096411e-06
5.999999999999993376e-07 2.042264973059904511e-06
5.999999999999993376e-07 2.157735026840095648e-06
5.999999999999993376e-07 2.042264973059904935e-06
5.999999999999993376e-07 2.157735026840095648e-06
5.999999999999993376e-07 2.042264973059904511e-06
5.999999999999993376e-07 2.157735026840095648e-06
6.577350270195593392e-07 1.942264972980439802e-06
5.999999999999993376e-07 2.157735026840095648e-06
5.999999999999993376e-07 2.242264972959906122e-06
5.999999999999993376e-07 2.357735026740095988e-06
5.999999999999993376e-07 2.242264972959906122e-06
5.999999999999993376e-07 2.357735026740096411e-06
5.999999999999993376e-07 2.242264972959906122e-06
5.422649731218616509e-07 2.457735026878138531e-06
5.999999999999993376e-07 2.242264972959906122e-06
5.999999999999993376e-07 2.357735026740096411e-06
7.000000000707117611e-07 1.899999999929288015e-06
5.999999999999993376e-07 2.315470053680190963e-06
1.115470053680190594e-06 1.799999999999999707e-06
5.999999999999993376e-07 2.315470053680191386e-06
1.284529946119810208e-06 1.799999999999999707e-06
1.284529946119810208e-06 1.799999999999999707e-06
1.515470053680190576e-06 1.799999999999999707e-06
1.515470053680190576e-06 1.799999999999999707e-06
1.599999999999999928e-06 1.799999999999999707e-06
1.599999999999999928e-06 1.799999999999999707e-06
1.615470053968407190e-06 1.784529946031592445e-06
1.599999999999999928e-06 1.799999999999999707e-06
1.700000000070710551e-06 1.699999999929289083e-06
1.599999999999999928e-06 1.799999999999999707e-06
1.815470053968407604e-06 1.584529946031592030e-06
1.700000000070710339e-06 1.699999999929289295e-06
1.900000000070711177e-06 1.499999999929288457e-06
1.784529946173013913e-06 1.615470053826985722e-06
2.015470053968410772e-06 1.384529946031589075e-06
1.900000000070710330e-06 1.499999999929289304e-06
2.884529946119810347e-06 1.000000000000000590e-06
1.984529946173013480e-06 1.415470053826985943e-06
3.115470053680190503e-06 1.000000000000000590e-06
3.115470053680190503e-06 1.000000000000000590e-06
3.284529946119810329e-06 1.000000000000000590e-06
3.284529946119810329e-06 1.000000000000000590e-06
3.515470053680191332e-06 1.000000000000000590e-06
3.515470053680191332e-06 1.000000000000000590e-06
3.684529946119811158e-06 1.000000000000000590e-06
3.684529946119811158e-06 1.000000000000000590e-06
3.915470053680190890e-06 1.000000000000000590e-06
3.915470053680190890e-06 1.000000000000000590e-06
4.000000000000000666e-06 1.000000000000000590e-06
4.000000000000000666e-06 1.000000000000000590e-06
4.000000000000000666e-06 1.000000000000000590e-06
4.000000000000000666e-06 1.000000000000000590e-06
4.000000000000000666e-06 1.000000000000000590e-06
4.000000000000000666e-06 1.000000000000000590e-06
4.000000000000000666e-06 1.000000000000000590e-06
4.000000000000000666e-06 1.000000000000000590e-06
4.000000000000000666e-06 1.000000000000000590e-06
4.000000000000000666e-06 1.000000000000000590e-06
4.015470053968408987e-06 9.845299460315922691e-07
4.000000000000000666e-06 1.000000000000000590e-06
4.100000000070712560e-06 8.999999999292891194e-07
6.999999999999999048e-06 1.999999999999999486e-06
6.999999999999999048e-06 1.999999999999999486e-06
6.999999999999999048e-06 1.999999999999999486e-06
6.999999999999999048e-06 1.999999999999999486e-06
6.999999999999999048e-06 1.999999999999999486e-06
6.999999999999999048e-06 1.999999999999999486e-06
6.999999999999999048e-06 1.999999999999999486e-06
6.999999999999999048e-06 1.999999999999999486e-06
6.999999999999999048e-06 1.999999999999999486e-06
6.999999999999999048e-06 1.999999999999999486e-06
6.999999999999999048e-06 1.999999999999999486e-06
6.999999999999999048e-06 1.999999999999999486e-06
6.999999999999999048e-06 1.999999999999999486e-06
6.999999999999999048e-06 1.999999999999999486e-06
7.015470053826987595e-06 2.015470053826987610e-06
6.999999999999999048e-06 1.999999999999999486e-06
6.999999999999999048e-06 1.999999999999999486e-06
6.999999999999999048e-06 1.999999999999999486e-06
7.057735026878137688e-06 2.057735026878137702e-06
7.042264973051152529e-06 2.042264973051152967e-06
7.099999999929290321e-06 2.099999999929290759e-06
7.099999999929289474e-06 2.099999999929289912e-06
7.157735026807427267e-06 2.157735026807427281e-06
7.142264972980441261e-06 2.142264972980441699e-06
7.199999999858578206e-06 2.199999999858579068e-06
7.200000000000000521e-06 2.200000000000000959e-06
7.257735026878138314e-06 2.257735026878138328e-06
7.025598306396269662e-06 2.025598306396270100e-06
7.095534180058595177e-06 2.095534180058595192e-06
7.037799153180457385e-06 2.037799153180457823e-06
7.141068360152545247e-06 2.141068360152546108e-06
7.058931639706032855e-06 2.058931639706033293e-06
7.162200846678121563e-06 2.162200846678122002e-06
7.104465819799983771e-06 2.104465819799984209e-06
7.174401693462309287e-06 2.174401693462309301e-06
7.142264972980441261e-06 2.142264972980441699e-06
7.200000000000000521e-06 2.200000000000000959e-06
7.200000000000002215e-06 2.200000000000002230e-06
7.257735026878139161e-06 2.257735026878139599e-06
7.242264973051153155e-06 2.242264973051153593e-06
7.299999999929291794e-06 2.299999999929291385e-06
7.299999999929290947e-06 2.299999999929290538e-06
7.357735026807428740e-06 2.357735026807428331e-06
7.342264972980443581e-06 2.342264972980442749e-06
7.400000000000001994e-06 2.400000000000000738e-06
7.400000000000001994e-06 2.400000000000000738e-06
7.457735026878138940e-06 2.457735026878138107e-06
7.258931639706034328e-06 2.258931639706034766e-06
7.362200846678123037e-06 2.362200846678122204e-06
7.304465819799986091e-06 2.304465819799985682e-06
7.374401693462310760e-06 2.374401693462309927e-06
7.225598306396271135e-06 2.225598306396271149e-06
7.295534180058595804e-06 2.295534180058595395e-06
7.237799153180458858e-06 2.237799153180458873e-06
7.341068360152547567e-06 2.341068360152546311e-06
7.384529946031594521e-06 2.384529946031593265e-06
7.499999999929289033e-06 2.499999999929289047e-06
7.499999999929287338e-06 2.499999999929286929e-06
7.615470053826988627e-06 2.615470053826988641e-06
7.584529946031590065e-06 2.584529946031590503e-06
7.699999999929292200e-06 2.699999999929290944e-06
7.699999999929292200e-06 2.699999999929290944e-06
7.800000000000001553e-06 2.800000000000000297e-06
7.784529946031595773e-06 2.784529946031594517e-06
7.800000000000001553e-06 2.800000000000000297e-06
7.800000000000001553e-06 2.800000000000000297e-06
7.800000000000001553e-06 2.800000000000000297e-06
7.800000000000001553e-06 2.800000000000000297e-06
7.800000000000001553e-06 2.800000000000000297e-06
7.800000000000001553e-06 2.800000000000000297e-06
7.800000000000001553e-06 2.800000000000000297e-06
7.800000000000001553e-06 2.800000000000000297e-06
7.800000000000001553e-06 2.800000000000000297e-06
7.800000000000001553e-06 2.800000000000000297e-06
7.800000000000001553e-06 2.800000000000000297e-06
7.800000000000001553e-06 2.800000000000000297e-06
7.800000000000001553e-06 2.800000000000000297e-06
7.800000000000001553e-06 2.800000000000000297e-06
8.415470053826992826e-06 3.815470053826994516e-06
-6.000000000000000152e-06 7.400000000000001994e-06
-8.400000000000000890e-06 8.600000000000000670e-06
-6.000000000000000152e-06 7.400000000000001994e-06
-6.000000000000000152e-06 7.400000000000001994e-06
-6.000000000000000152e-06 7.400000000000001994e-06
-6.000000000000000152e-06 7.400000000000001994e-06
-6.000000000000000152e-06 7.400000000000001994e-06
-6.000000000000000152e-06 7.400000000000001994e-06
-6.000000000000000152e-06 7.400000000000001994e-06
-6.000000000000000152e-06 7.400000000000001994e-06
-6.000000000000000152e-06 7.400000000000001994e-06
-6.000000000000000152e-06 7.400000000000001994e-06
-6.000000000000000152e-06 7.400000000000001994e-06
-6.000000000000000152e-06 7.400000000000001994e-06
-6.000000000000000152e-06 7.400000000000001994e-06
-6.000000000000000152e-06 7.400000000000001994e-06
-4.800000000000000630e-06 6.599999999999999490e-06
-6.000000000000000152e-06 7.400000000000001994e-06
-4.800000000000000630e-06 6.599999999999999490e-06
-4.800000000000000630e-06 6.599999999999999490e-06
-4.800000000000000630e-06 6.599999999999999490e-06
-4.800000000000000630e-06 6.599999999999999490e-06
-4.800000000000000630e-06 6.599999999999999490e-06
-4.800000000000000630e-06 6.599999999999999490e-06
-4.800000000000000630e-06 6.599999999999999490e-06
-4.800000000000000630e-06 6.599999999999999490e-06
-4.800000000000000630e-06 6.599999999999999490e-06
-4.800000000000000630e-06 6.599999999999999490e-06
-4.800000000000000630e-06 6.599999999999999490e-06
-4.800000000000000630e-06 6.599999999999999490e-06
-4.800000000000000630e-06 6.599999999999999490e-06
-4.800000000000000630e-06 6.599999999999999490e-06
-4.800000000000000630e-06 6.599999999999999490e-06
-4.800000000000000630e-06 6.599999999999999490e-06
-4.800000000000000630e-06 6.599999999999999490e-06
-4.800000000000000630e-06 6.599999999999999490e-06
-4.800000000000000630e-06 6.599999999999999490e-06
-4.800000000000000630e-06 6.599999999999999490e-06
-4.800000000000000630e-06 6.599999999999999490e-06
-4.800000000000000630e-06 6.599999999999999490e-06
-4.800000000000000630e-06 6.599999999999999490e-06
-4.800000000000000630e-06 6.599999999999999490e-06
-4.800000000000000630e-06 6.599999999999999490e-06
-4.800000000000000630e-06 6.599999999999999490e-06
-4.800000000000000630e-06 6.599999999999999490e-06
-4.800000000000000630e-06 6.599999999999999490e-06
-3.600000000000000261e-06 6.199999999999999931e-06
-3.600000000000000261e-06 6.199999999999999931e-06
-2.299999999929284186e-06 5.299999999929284685e-06
-3.600000000000000261e-06 6.199999999999999931e-06
-2.184529946031604920e-06 5.184529946031605420e-06
-2.299999999929284609e-06 5.299999999929284685e-06
-2.099999999929300924e-06 5.099999999929301847e-06
-2.215470053826981460e-06 5.215470053826981959e-06
-1.984529946031582695e-06 4.984529946031584465e-06
-2.099999999929299653e-06 5.099999999929300153e-06
-1.899999999929279333e-06 4.899999999929280045e-06
-2.015470053826995656e-06 5.015470053826997426e-06
-1.784529946031593503e-06 4.784529946031593156e-06
-1.899999999929280392e-06 4.899999999929281739e-06
-1.699999999929289930e-06 4.699999999929290430e-06
-1.815470053826977666e-06 4.815470053826978165e-06
-1.599999999999999928e-06 4.600000000000000004e-06
-1.699999999929289930e-06 4.699999999929290430e-06
-1.599999999999999928e-06 4.600000000000000004e-06
-1.615470053826986781e-06 4.615470053826986857e-06
-1.599999999999999928e-06 4.600000000000000004e-06
-1.599999999999999928e-06 4.600000000000000004e-06
-1.599999999999999928e-06 4.600000000000000004e-06
-1.599999999999999928e-06 4.600000000000000004e-06
-1.599999999999999928e-06 4.600000000000000004e-06
-1.599999999999999928e-06 4.600000000000000004e-06
-1.599999999999999928e-06 4.600000000000000004e-06
-1.599999999999999928e-06 4.600000000000000004e-06
-1.599999999999999928e-06 4.600000000000000004e-06
-1.599999999999999928e-06 4.600000000000000004e-06
-1.599999999999999928e-06 4.600000000000000004e-06
-1.599999999999999928e-06 4.600000000000000004e-06
-1.599999999999999928e-06 4.600000000000000004e-06
-1.599999999999999928e-06 4.600000000000000004e-06
1.999999999999997792e-07 2.400000000000000738e-06
-1.599999999999999928e-06 4.600000000000000004e-06
1.999999999999997792e-07 2.400000000000000738e-06
-1.599999999999999928e-06 4.600000000000000004e-06
1.999999999999997792e-07 2.400000000000000738e-06
1.999999999999997792e-07 2.800000000000000297e-06
1.999999999999997792e-07 2.400000000000000738e-06
1.999999999999997792e-07 2.800000000000000297e-06
1.999999999999997792e-07 2.400000000000000738e-06
1.999999999999997792e-07 2.800000000000000297e-06
1.999999999999997792e-07 2.400000000000000738e-06
1.999999999999997792e-07 2.800000000000000297e-06
1.999999999999997792e-07 2.400000000000000738e-06
1.999999999999997792e-07 2.800000000000000297e-06
1.999999999999997792e-07 2.400000000000000738e-06
1.999999999999997792e-07 2.800000000000000297e-06
1.999999999999997792e-07 2.400000000000000738e-06
1.999999999999997792e-07 2.800000000000000297e-06
1.999999999999997792e-07 2.400000000000000738e-06
1.999999999999997792e-07 2.800000000000000297e-06
1.999999999999997792e-07 2.400000000000000738e-06
1.999999999999997792e-07 2.400000000000000738e-06
1.999999999999997792e-07 2.400000000000000738e-06
2.577350268781375188e-07 2.457735026878138531e-06
1.999999999999997792e-07 2.800000000000000297e-06
1.999999999999997792e-07 2.800000000000000297e-06
2.577350270195587220e-07 2.742264972980441460e-06
1.999999999999997792e-07 2.800000000000000297e-06
2.255983063962698898e-07 2.425598306396270928e-06
2.955341800585948498e-07 2.495534180058595597e-06
2.377991531804572161e-07 2.437799153180458228e-06
3.410683601525452368e-07 2.541068360152546090e-06
2.955341802000160001e-07 2.704465819799983970e-06
2.255983065376910931e-07 2.774401693462309062e-06
3.410683602939663870e-07 2.658931639706033477e-06
2.377991533218784193e-07 2.762200846678121763e-06
2.589316397060329505e-07 2.458931639706034122e-06
3.622008466781209712e-07 2.562200846678121983e-06
3.044658197999833375e-07 2.504465819799984191e-06
3.744016934623082181e-07 2.574401693462309283e-06
3.622008468195421215e-07 2.637799153180458007e-06
2.589316398474541538e-07 2.741068360152545869e-06
3.744016936037294213e-07 2.625598306396270708e-06
3.044658199414045407e-07 2.695534180058595376e-06
3.999999999999995584e-07 2.600000000000000518e-06
3.422649731218618188e-07 2.657735026878138310e-06
4.577350270195585012e-07 2.542264972980441681e-06
3.999999999999995584e-07 2.600000000000000518e-06
5.999999999999993376e-07 2.400000000000000738e-06
5.422649731218618626e-07 2.457735026878138107e-06
5.999999999999993376e-07 2.400000000000000738e-06
5.999999999999993376e-07 2.400000000000000738e-06
5.000000000707101819e-07 2.499999999929289894e-06
4.422649731925726011e-07 2.557735026807427263e-06
5.577350269488482921e-07 2.442264973051151678e-06
5.000000000707108172e-07 2.499999999929289471e-06
4.955341802000157793e-07 2.504465819799984191e-06
4.255983065376908987e-07 2.574401693462309283e-06
5.410683602939661662e-07 2.458931639706033698e-06
4.377991533218781985e-07 2.562200846678121983e-06
5.622008468195419536e-07 2.437799153180458228e-06
4.589316398474539329e-07 2.541068360152546090e-06
5.744016936037292534e-07 2.425598306396270928e-06
5.044658199414042669e-07 2.495534180058595597e-06
5.999999999999993376e-07 2.400000000000000738e-06
5.845299461730139669e-07 2.415470053826986321e-06
5.999999999999993376e-07 2.400000000000000738e-06
5.999999999999993376e-07 2.400000000000000738e-06
1.284529946119810208e-06 1.799999999999999707e-06
5.999999999999993376e-07 2.400000000000000738e-06
1.515470053680190576e-06 1.799999999999999707e-06
1.515470053680190576e-06 1.799999999999999707e-06
1.599999999999999928e-06 1.799999999999999707e-06
1.599999999999999928e-06 1.799999999999999707e-06
1.599999999999999928e-06 1.799999999999999707e-06
1.599999999999999928e-06 1.799999999999999707e-06
1.599999999999999928e-06 1.799999999999999707e-06
1.599999999999999928e-06 1.799999999999999707e-06
1.615470053968406978e-06 1.784529946031592656e-06
1.599999999999999928e-06 1.799999999999999707e-06
1.700000000070710763e-06 1.699999999929288871e-06
1.599999999999999928e-06 1.799999999999999707e-06
1.815470053968407181e-06 1.584529946031592454e-06
1.700000000070710551e-06 1.699999999929289083e-06
1.900000000070710330e-06 1.499999999929289304e-06
1.784529946173013701e-06 1.615470053826985934e-06
3.115470053680190503e-06 1.000000000000000590e-06
3.115470053680190503e-06 1.000000000000000590e-06
3.284529946119810329e-06 1.000000000000000590e-06
3.284529946119810329e-06 1.000000000000000590e-06
3.515470053680191332e-06 1.000000000000000590e-06
3.515470053680191332e-06 1.000000000000000590e-06
3.684529946119811158e-06 1.000000000000000590e-06
3.684529946119811158e-06 1.000000000000000590e-06
3.915470053680190890e-06 1.000000000000000590e-06
3.915470053680190890e-06 1.000000000000000590e-06
4.000000000000000666e-06 1.000000000000000590e-06
4.000000000000000666e-06 1.000000000000000590e-06
4.000000000000000666e-06 1.000000000000000590e-06
4.000000000000000666e-06 1.000000000000000590e-06
4.000000000000000666e-06 1.000000000000000590e-06
4.000000000000000666e-06 1.000000000000000590e-06
4.000000000000000666e-06 1.000000000000000590e-06
4.000000000000000666e-06 1.000000000000000590e-06
4.000000000000000666e-06 1.000000000000000590e-06
4.884529946119809833e-06 4.600000000000000004e-06
4.000000000000000666e-06 1.000000000000000590e-06
5.115470053680190413e-06 4.600000000000000004e-06
6.999999999999999048e-06 1.999999999999999486e-06
6.999999999999999048e-06 1.999999999999999486e-06
6.999999999999999048e-06 1.999999999999999486e-06
6.999999999999999048e-06 1.999999999999999486e-06
6.999999999999999048e-06 1.999999999999999486e-06
6.999999999999999048e-06 1.999999999999999486e-06
6.999999999999999048e-06 1.999999999999999486e-06
6.999999999999999048e-06 1.999999999999999486e-06
6.999999999999999048e-06 1.999999999999999486e-06
6.999999999999999048e-06 1.999999999999999486e-06
6.999999999999999048e-06 1.999999999999999486e-06
7.015470053826986748e-06 2.015470053826987610e-06
6.999999999999999048e-06 1.999999999999999486e-06
7.099999999929290321e-06 2.099999999929290759e-06
7.099999999929290321e-06 2.099999999929290759e-06
7.215470053826984833e-06 2.215470053826985271e-06
7.184529946031593047e-06 2.184529946031593909e-06
7.299999999929289253e-06 2.299999999929288421e-06
7.299999999929290100e-06 2.299999999929289268e-06
7.415470053826988000e-06 2.415470053826987168e-06
7.342264972980441887e-06 2.342264972980441478e-06
7.399999999858579680e-06 2.399999999858578000e-06
7.400000000000001994e-06 2.400000000000000738e-06
7.457735026878139787e-06 2.457735026878138955e-06
7.442264973051153781e-06 2.442264973051152949e-06
7.499999999929291574e-06 2.499999999929290741e-06
7.499999999929291574e-06 2.499999999929291165e-06
7.557735026807429366e-06 2.557735026807428957e-06
7.542264972980442513e-06 2.542264972980442951e-06
7.600000000000000080e-06 2.600000000000000518e-06
7.600000000000000080e-06 2.600000000000000518e-06
7.657735026878137872e-06 2.657735026878137887e-06
7.425598306396272608e-06 2.425598306396271352e-06
7.495534180058597277e-06 2.495534180058596444e-06
7.437799153180459484e-06 2.437799153180458652e-06
7.541068360152546499e-06 2.541068360152546514e-06
7.458931639706034954e-06 2.458931639706034122e-06
7.562200846678121969e-06 2.562200846678121983e-06
7.504465819799984176e-06 2.504465819799983767e-06
7.574401693462308845e-06 2.574401693462308860e-06
7.542264972980440819e-06 2.542264972980441257e-06
7.600000000000000080e-06 2.600000000000000518e-06
7.600000000000000080e-06 2.600000000000000518e-06
7.657735026878139566e-06 2.657735026878139157e-06
7.642264973051154407e-06 2.642264973051153998e-06
7.699999999929292200e-06 2.699999999929290944e-06
7.699999999929292200e-06 2.699999999929291367e-06
7.757735026807429992e-06 2.757735026807428313e-06
7.742264972980443139e-06 2.742264972980442307e-06
7.800000000000001553e-06 2.800000000000000297e-06
7.800000000000001553e-06 2.800000000000000297e-06
7.800000000000001553e-06 2.800000000000000297e-06
7.658931639706034733e-06 2.658931639706033901e-06
7.762200846678123442e-06 2.762200846678121763e-06
7.704465819799985650e-06 2.704465819799984817e-06
7.774401693462310318e-06 2.774401693462309062e-06
7.625598306396269846e-06 2.625598306396270284e-06
7.695534180058595362e-06 2.695534180058594953e-06
7.637799153180457569e-06 2.637799153180458007e-06
7.741068360152546278e-06 2.741068360152545869e-06
7.784529946031594079e-06 2.784529946031593670e-06
7.800000000000001553e-06 2.800000000000000297e-06
7.800000000000001553e-06 2.800000000000000297e-06
7.800000000000001553e-06 2.800000000000000297e-06
7.800000000000001553e-06 2.800000000000000297e-06
7.800000000000001553e-06 2.800000000000000297e-06
7.800000000000001553e-06 2.800000000000000297e-06
7.800000000000001553e-06 2.800000000000000297e-06
7.800000000000001553e-06 2.800000000000000297e-06
7.800000000000001553e-06 2.800000000000000297e-06
7.800000000000001553e-06 2.800000000000000297e-06
8.215470053826984576e-06 3.615470053826984149e-06
7.800000000000001553e-06 2.800000000000000297e-06
8.299999999929286455e-06 3.699999999929286875e-06
8.299999999929284761e-06 3.699999999929286452e-06
8.415470053826991132e-06 3.815470053826992822e-06
8.384529946031586640e-06 3.784529946031589178e-06
8.499999999929294705e-06 3.899999999929296395e-06
8.499999999929296399e-06 3.899999999929297242e-06
8.615470053826992605e-06 4.015470053826991754e-06
-8.400000000000000890e-06 8.600000000000000670e-06
-8.400000000000000890e-06 8.600000000000000670e-06
-6.000000000000000152e-06 7.400000000000001994e-06
-8.400000000000000890e-06 8.600000000000000670e-06
-6.000000000000000152e-06 7.400000000000001994e-06
-6.000000000000000152e-06 7.400000000000001994e-06
-6.000000000000000152e-06 7.400000000000001994e-06
-6.000000000000000152e-06 7.400000000000001994e-06
-6.000000000000000152e-06 7.400000000000001994e-06
-6.000000000000000152e-06 7.400000000000001994e-06
-6.000000000000000152e-06 7.400000000000001994e-06
-6.000000000000000152e-06 7.400000000000001994e-06
-6.000000000000000152e-06 7.400000000000001994e-06
-6.000000000000000152e-06 7.400000000000001994e-06
-6.000000000000000152e-06 7.400000000000001994e-06
-6.000000000000000152e-06 7.400000000000001994e-06
-6.000000000000000152e-06 7.400000000000001994e-06
-6.000000000000000152e-06 7.400000000000001994e-06
-4.800000000000000630e-06 6.599999999999999490e-06
-6.000000000000000152e-06 7.400000000000001994e-06
-4.800000000000000630e-06 6.599999999999999490e-06
-4.800000000000000630e-06 6.599999999999999490e-06
-4.800000000000000630e-06 6.599999999999999490e-06
-4.800000000000000630e-06 6.599999999999999490e-06
-4.800000000000000630e-06 6.599999999999999490e-06
-4.800000000000000630e-06 6.599999999999999490e-06
-4.800000000000000630e-06 6.599999999999999490e-06
-4.800000000000000630e-06 6.599999999999999490e-06
-4.800000000000000630e-06 6.599999999999999490e-06
-4.800000000000000630e-06 6.599999999999999490e-06
-4.800000000000000630e-06 6.599999999999999490e-06
-4.800000000000000630e-06 6.599999999999999490e-06
-4.800000000000000630e-06 6.599999999999999490e-06
-4.800000000000000630e-06 6.599999999999999490e-06
-4.800000000000000630e-06 6.599999999999999490e-06
-4.800000000000000630e-06 6.599999999999999490e-06
-4.800000000000000630e-06 6.599999999999999490e-06
-4.800000000000000630e-06 6.599999999999999490e-06
-4.800000000000000630e-06 6.599999999999999490e-06
-4.800000000000000630e-06 6.599999999999999490e-06
-4.800000000000000630e-06 6.599999999999999490e-06
-4.800000000000000630e-06 6.599999999999999490e-06
-4.800000000000000630e-06 6.599999999999999490e-06
-4.800000000000000630e-06 6.599999999999999490e-06
-4.800000000000000630e-06 6.599999999999999490e-06
-4.800000000000000630e-06 6.599999999999999490e-06
-3.600000000000000261e-06 6.199999999999999931e-06
-3.600000000000000261e-06 6.199999999999999931e-06
-3.600000000000000261e-06 6.199999999999999931e-06
-3.600000000000000261e-06 6.199999999999999931e-06
-2.384529946031587759e-06 5.384529946031588258e-06
-3.600000000000000261e-06 6.199999999999999931e-06
-2.299999999929284609e-06 5.299999999929285532e-06
-2.415470053827001144e-06 5.415470053827002067e-06
-2.184529946031603226e-06 5.184529946031603726e-06
-2.299999999929285033e-06 5.299999999929285532e-06
-2.099999999929298806e-06 5.099999999929300153e-06
-2.215470053826981883e-06 5.215470053826981959e-06
-1.984529946031583542e-06 4.984529946031585312e-06
-2.099999999929297959e-06 5.099999999929298459e-06
-1.899999999929281239e-06 4.899999999929281739e-06
-2.015470053826993539e-06 5.015470053826994885e-06
-1.784529946031593080e-06 4.784529946031593156e-06
-1.899999999929281874e-06 4.899999999929282586e-06
-1.699999999929289930e-06 4.699999999929289583e-06
-1.815470053826979148e-06 4.815470053826979013e-06
-1.599999999999999928e-06 4.600000000000000004e-06
-1.699999999929289507e-06 4.699999999929289583e-06
-1.599999999999999928e-06 4.600000000000000004e-06
-1.615470053826986357e-06 4.615470053826986857e-06
-1.599999999999999928e-06 4.600000000000000004e-06
-1.599999999999999928e-06 4.600000000000000004e-06
-1.599999999999999928e-06 4.600000000000000004e-06
-1.599999999999999928e-06 4.600000000000000004e-06
-1.599999999999999928e-06 4.600000000000000004e-06
-1.599999999999999928e-06 4.600000000000000004e-06
-1.599999999999999928e-06 4.600000000000000004e-06
-1.599999999999999928e-06 4.600000000000000004e-06
-1.599999999999999928e-06 4.600000000000000004e-06
-1.599999999999999928e-06 4.600000000000000004e-06
-1.599999999999999928e-06 4.600000000000000004e-06
-1.599999999999999928e-06 4.600000000000000004e-06
-1.599999999999999928e-06 4.600000000000000004e-06
-1.599999999999999928e-06 4.600000000000000004e-06
-1.515470053880190513e-06 4.600000000000000004e-06
-1.515470053880190301e-06 4.600000000000000004e-06
1.999999999999997792e-07 2.884529946119810770e-06
-2.999999999292891466e-07 4.099999999929290245e-06
1.999999999999997792e-07 2.884529946119810770e-06
-2.154700538269861293e-07 4.015470053826986672e-06
1.999999999999997792e-07 2.884529946119810770e-06
1.999999999999997792e-07 3.115470053680190503e-06
1.999999999999997792e-07 2.884529946119810770e-06
1.999999999999997792e-07 3.115470053680190503e-06
1.999999999999997792e-07 2.884529946119810770e-06
1.999999999999997792e-07 3.115470053680190503e-06
1.999999999999997792e-07 2.884529946119810770e-06
1.999999999999997792e-07 3.115470053680190503e-06
1.999999999999997792e-07 2.884529946119810770e-06
1.999999999999997792e-07 3.115470053680190503e-06
1.999999999999997792e-07 2.842264973059905322e-06
1.999999999999997792e-07 2.957735026840095188e-06
1.999999999999997792e-07 2.842264973059905745e-06
1.999999999999997792e-07 2.957735026840095612e-06
1.999999999999997792e-07 2.842264973059905322e-06
1.999999999999997792e-07 2.957735026840095188e-06
2.577350270195585103e-07 2.742264972980441460e-06
1.999999999999997792e-07 2.957735026840095612e-06
1.999999999999997792e-07 3.042264972959905238e-06
1.999999999999997792e-07 3.157735026740095105e-06
1.999999999999997792e-07 3.042264972959905238e-06
1.999999999999997792e-07 3.157735026740095105e-06
1.999999999999997792e-07 3.042264972959905238e-06
1.999999999999997792e-07 3.157735026740095105e-06
1.999999999999997792e-07 3.042264972959905238e-06
1.999999999999997792e-07 3.157735026740095105e-06
3.000000000707102969e-07 2.699999999929289673e-06
1.999999999999997792e-07 3.115470053680190503e-06
4.154700539684075617e-07 2.584529946031592620e-06
1.999999999999997792e-07 3.115470053680190503e-06
5.000000000707107113e-07 2.499999999929289471e-06
1.999999999999997792e-07 3.115470053680190503e-06
5.999999999999993376e-07 2.400000000000000738e-06
5.000000000707109231e-07 2.499999999929289047e-06
5.999999999999993376e-07 2.400000000000000738e-06
5.845299461730139669e-07 2.415470053826986321e-06
5.999999999999993376e-07 2.400000000000000738e-06
5.999999999999993376e-07 2.400000000000000738e-06
1.599999999999999928e-06 1.799999999999999707e-06
5.999999999999993376e-07 2.400000000000000738e-06
1.599999999999999928e-06 1.799999999999999707e-06
1.599999999999999928e-06 1.799999999999999707e-06
1.599999999999999928e-06 1.799999999999999707e-06
1.599999999999999928e-06 1.799999999999999707e-06
1.599999999999999928e-06 1.799999999999999707e-06
1.599999999999999928e-06 1.799999999999999707e-06
1.599999999999999928e-06 1.799999999999999707e-06
1.599999999999999928e-06 1.799999999999999707e-06
1.615470053968407401e-06 1.784529946031592233e-06
1.599999999999999928e-06 1.799999999999999707e-06
1.700000000070710339e-06 1.699999999929289295e-06
1.599999999999999928e-06 1.799999999999999707e-06
1.815470053968407181e-06 1.584529946031592454e-06
3.600000000000001108e-06 5.000000000000001256e-06
3.284529946119810329e-06 1.000000000000000590e-06
4.400000000000000224e-06 4.600000000000000004e-06
3.515470053680191332e-06 1.000000000000000590e-06
4.400000000000000224e-06 4.600000000000000004e-06
4.400000000000000224e-06 4.600000000000000004e-06
4.400000000000000224e-06 4.600000000000000004e-06
4.400000000000000224e-06 4.600000000000000004e-06
4.400000000000000224e-06 4.600000000000000004e-06
4.400000000000000224e-06 4.600000000000000004e-06
4.400000000000000224e-06 4.600000000000000004e-06
4.400000000000000224e-06 4.600000000000000004e-06
4.400000000000000224e-06 4.600000000000000004e-06
4.484529946119810275e-06 4.600000000000000004e-06
4.484529946119810275e-06 4.600000000000000004e-06
4.715470053680190007e-06 4.600000000000000004e-06
4.715470053680190007e-06 4.600000000000000004e-06
4.884529946119809833e-06 4.600000000000000004e-06
4.884529946119809833e-06 4.600000000000000004e-06
5.115470053680191260e-06 4.600000000000000004e-06
5.115470053680190413e-06 4.600000000000000004e-06
5.284529946119811085e-06 4.600000000000000004e-06
5.284529946119810238e-06 4.600000000000000004e-06
5.515470053680189971e-06 4.600000000000000004e-06
5.515470053680189124e-06 4.600000000000000004e-06
6.999999999999999048e-06 1.999999999999999486e-06
5.684529946119808950e-06 4.600000000000000004e-06
6.999999999999999048e-06 1.999999999999999486e-06
6.800000000000000963e-06 4.200000000000000445e-06
6.999999999999999048e-06 1.999999999999999486e-06
6.800000000000000963e-06 4.200000000000000445e-06
7.099999999929290321e-06 2.099999999929290759e-06
6.800000000000000963e-06 4.200000000000000445e-06
7.184529946031593894e-06 2.184529946031593909e-06
6.800000000000000963e-06 4.200000000000000445e-06
7.299999999929288406e-06 2.299999999929287574e-06
7.415470053826990542e-06 2.415470053826989286e-06
7.384529946031591979e-06 2.384529946031590723e-06
7.499999999929293268e-06 2.499999999929292435e-06
7.499999999929291574e-06 2.499999999929291588e-06
7.800000000000001553e-06 3.115470053680190503e-06
7.584529946031594300e-06 2.584529946031594738e-06
7.800000000000001553e-06 3.115470053680190503e-06
7.699999999929288812e-06 2.699999999929288826e-06
7.800000000000001553e-06 3.115470053680190503e-06
7.742264972980441445e-06 2.742264972980440613e-06
7.800000000000001553e-06 2.957735026840095188e-06
7.800000000000001553e-06 2.842264973059905745e-06
7.800000000000001553e-06 2.957735026840095612e-06
7.800000000000001553e-06 2.842264973059905322e-06
7.800000000000001553e-06 2.957735026840095188e-06
7.800000000000001553e-06 2.842264973059905745e-06
7.800000000000001553e-06 2.957735026840095612e-06
7.800000000000001553e-06 3.042264972959905238e-06
7.800000000000001553e-06 3.157735026740095105e-06
7.800000000000001553e-06 3.042264972959905238e-06
7.857735026878139345e-06 3.257735026878137224e-06
7.800000000000001553e-06 3.042264972959905238e-06
7.800000000000001553e-06 3.157735026740095105e-06
7.800000000000001553e-06 3.042264972959905238e-06
7.800000000000001553e-06 3.157735026740095105e-06
7.800000000000001553e-06 2.884529946119810770e-06
7.899999999929288591e-06 3.299999999929288164e-06
7.800000000000001553e-06 2.884529946119810770e-06
8.015470053826986491e-06 3.415470053826986487e-06
7.800000000000001553e-06 2.884529946119810770e-06
8.099999999929290064e-06 3.499999999929290061e-06
8.099999999929290064e-06 3.499999999929290484e-06
8.215470053826984576e-06 3.615470053826984996e-06
8.184529946031593637e-06 3.584529946031594057e-06
8.299999999929288149e-06 3.699999999929288569e-06
8.299999999929288149e-06 3.699999999929288146e-06
8.415470053826989438e-06 3.815470053826991128e-06
8.384529946031590028e-06 3.784529946031591719e-06
8.499999999929293011e-06 3.899999999929294701e-06
8.499999999929294705e-06 3.899999999929295548e-06
8.615470053826990911e-06 4.015470053826990907e-06
8.584529946031598278e-06 3.984529946031598274e-06
8.699999999929294484e-06 4.099999999929293633e-06
9.915470053680192737e-06 4.600000000000000004e-06
9.915470053680191042e-06 4.600000000000000004e-06
-8.400000000000000890e-06 8.600000000000000670e-06
-8.400000000000000890e-06 8.600000000000000670e-06
-8.400000000000000890e-06 8.600000000000000670e-06
-8.400000000000000890e-06 8.600000000000000670e-06
-6.000000000000000152e-06 7.400000000000001994e-06
-8.400000000000000890e-06 8.600000000000000670e-06
-6.000000000000000152e-06 7.400000000000001994e-06
-6.000000000000000152e-06 7.400000000000001994e-06
-6.000000000000000152e-06 7.400000000000001994e-06
-6.000000000000000152e-06 7.400000000000001994e-06
-6.000000000000000152e-06 7.400000000000001994e-06
-6.000000000000000152e-06 7.400000000000001994e-06
-6.000000000000000152e-06 7.400000000000001994e-06
-6.000000000000000152e-06 7.400000000000001994e-06
-6.000000000000000152e-06 7.400000000000001994e-06
-6.000000000000000152e-06 7.400000000000001994e-06
-6.000000000000000152e-06 7.400000000000001994e-06
-6.000000000000000152e-06 7.400000000000001994e-06
-6.000000000000000152e-06 7.400000000000001994e-06
-6.000000000000000152e-06 7.400000000000001994e-06
-6.000000000000000152e-06 7.400000000000001994e-06
-6.000000000000000152e-06 7.400000000000001994e-06
-4.800000000000000630e-06 6.599999999999999490e-06
-4.800000000000000630e-06 6.599999999999999490e-06
-4.800000000000000630e-06 6.599999999999999490e-06
-4.800000000000000630e-06 6.599999999999999490e-06
-4.800000000000000630e-06 6.599999999999999490e-06
-4.800000000000000630e-06 6.599999999999999490e-06
-4.800000000000000630e-06 6.599999999999999490e-06
-4.800000000000000630e-06 6.599999999999999490e-06
-4.800000000000000630e-06 6.599999999999999490e-06
-4.800000000000000630e-06 6.599999999999999490e-06
-4.800000000000000630e-06 6.599999999999999490e-06
-4.800000000000000630e-06 6.599999999999999490e-06
-4.800000000000000630e-06 6.599999999999999490e-06
-4.800000000000000630e-06 6.599999999999999490e-06
-4.800000000000000630e-06 6.599999999999999490e-06
-4.800000000000000630e-06 6.599999999999999490e-06
-4.800000000000000630e-06 6.599999999999999490e-06
-4.800000000000000630e-06 6.599999999999999490e-06
-4.800000000000000630e-06 6.599999999999999490e-06
-4.800000000000000630e-06 6.599999999999999490e-06
-4.800000000000000630e-06 6.599999999999999490e-06
-4.800000000000000630e-06 6.599999999999999490e-06
-4.800000000000000630e-06 6.599999999999999490e-06
-4.800000000000000630e-06 6.599999999999999490e-06
-4.800000000000000630e-06 6.599999999999999490e-06
-4.800000000000000630e-06 6.599999999999999490e-06
-3.600000000000000261e-06 6.199999999999999931e-06
-3.600000000000000261e-06 6.199999999999999931e-06
-3.600000000000000261e-06 6.199999999999999931e-06
-3.600000000000000261e-06 6.199999999999999931e-06
-3.600000000000000261e-06 6.199999999999999931e-06
-3.600000000000000261e-06 6.199999999999999931e-06
-2.384529946031588606e-06 5.384529946031589105e-06
-2.499999999929302600e-06 5.499999999929302252e-06
-2.299999999929285456e-06 5.299999999929285532e-06
-2.415470053826998603e-06 5.415470053826999526e-06
-2.184529946031601109e-06 5.184529946031601185e-06
-2.299999999929286303e-06 5.299999999929286379e-06
-2.099999999929297112e-06 5.099999999929298459e-06
-2.215470053826983154e-06 5.215470053826982806e-06
-1.984529946031584812e-06 4.984529946031587006e-06
-2.099999999929296265e-06 5.099999999929296764e-06
-1.899999999929282510e-06 4.899999999929283433e-06
-2.015470053826992268e-06 5.015470053826994038e-06
-1.784529946031592656e-06 4.784529946031592309e-06
-1.899999999929283568e-06 4.899999999929284280e-06
-1.699999999929289507e-06 4.699999999929289583e-06
-1.815470053826981266e-06 4.815470053826981554e-06
-1.599999999999999928e-06 4.600000000000000004e-06
-1.699999999929289719e-06 4.699999999929289583e-06
-1.599999999999999928e-06 4.600000000000000004e-06
-1.615470053826986992e-06 4.615470053826986857e-06
-1.599999999999999928e-06 4.600000000000000004e-06
-1.599999999999999928e-06 4.600000000000000004e-06
-1.599999999999999928e-06 4.600000000000000004e-06
-1.599999999999999928e-06 4.600000000000000004e-06
-1.599999999999999928e-06 4.600000000000000004e-06
-1.599999999999999928e-06 4.600000000000000004e-06
-1.599999999999999928e-06 4.600000000000000004e-06
-1.599999999999999928e-06 4.600000000000000004e-06
-1.599999999999999928e-06 4.600000000000000004e-06
-1.599999999999999928e-06 4.600000000000000004e-06
-1.515470053880190513e-06 4.600000000000000004e-06
-1.515470053880190301e-06 4.600000000000000004e-06
-3.845299460315925080e-07 4.184529946031592971e-06
-1.284529946319810145e-06 4.600000000000000004e-06
-2.999999999292893584e-07 4.099999999929290245e-06
-4.154700538269865702e-07 4.215470053826987298e-06
-1.845299460315925171e-07 3.984529946031593192e-06
-2.999999999292895701e-07 4.099999999929290245e-06
-9.999999992928928799e-08 3.899999999929290466e-06
-2.154700538269865528e-07 4.015470053826987519e-06
1.999999999999997792e-07 3.284529946119810329e-06
-9.999999992928914241e-08 3.899999999929289619e-06
1.999999999999997792e-07 3.284529946119810329e-06
-1.547005382698605892e-08 3.815470053826986893e-06
1.999999999999997792e-07 3.284529946119810329e-06
1.000000000707108618e-07 3.699999999929289840e-06
1.999999999999997792e-07 3.242264973059904880e-06
1.999999999999997792e-07 3.357735026840094747e-06
1.999999999999997792e-07 3.242264973059904880e-06
1.999999999999997792e-07 3.357735026840094323e-06
1.999999999999997792e-07 3.242264973059904880e-06
1.999999999999997792e-07 3.357735026840094747e-06
1.999999999999997792e-07 3.242264973059904880e-06
1.999999999999997792e-07 3.357735026840094323e-06
1.999999999999997792e-07 3.442264972959904797e-06
1.999999999999997792e-07 3.557735026740095934e-06
1.999999999999997792e-07 3.442264972959904797e-06
1.999999999999997792e-07 3.557735026740095934e-06
1.999999999999997792e-07 3.442264972959904797e-06
1.422649731218622513e-07 3.657735026878138477e-06
1.999999999999997792e-07 3.442264972959904797e-06
1.999999999999997792e-07 3.557735026740095934e-06
1.999999999999997792e-07 3.284529946119810329e-06
1.999999999999997792e-07 3.515470053680191332e-06
1.999999999999997792e-07 3.284529946119810329e-06
1.999999999999997792e-07 3.515470053680190909e-06
1.999999999999997792e-07 3.284529946119810329e-06
1.999999999999997792e-07 3.515470053680191332e-06
1.999999999999997792e-07 3.284529946119810329e-06
1.999999999999997792e-07 3.515470053680190909e-06
1.999999999999997792e-07 3.284529946119810329e-06
1.999999999999997792e-07 3.515470053680191332e-06
5.999999999999993376e-07 2.400000000000000738e-06
5.999999999999993376e-07 4.400000000000000224e-06
5.999999999999993376e-07 2.400000000000000738e-06
5.999999999999993376e-07 4.400000000000000224e-06
1.599999999999999928e-06 1.799999999999999707e-06
5.999999999999993376e-07 4.400000000000000224e-06
1.599999999999999928e-06 1.799999999999999707e-06
5.999999999999993376e-07 4.400000000000000224e-06
1.599999999999999928e-06 1.799999999999999707e-06
1.599999999999999928e-06 1.799999999999999707e-06
1.599999999999999928e-06 1.799999999999999707e-06
3.600000000000001108e-06 5.000000000000001256e-06
1.599999999999999928e-06 1.799999999999999707e-06
3.600000000000001108e-06 5.000000000000001256e-06
3.600000000000001108e-06 5.000000000000001256e-06
3.600000000000001108e-06 5.000000000000001256e-06
3.600000000000001108e-06 5.000000000000001256e-06
3.600000000000001108e-06 5.000000000000001256e-06
4.400000000000000224e-06 4.600000000000000004e-06
3.600000000000001108e-06 5.000000000000001256e-06
4.400000000000000224e-06 4.600000000000000004e-06
4.400000000000000224e-06 4.600000000000000004e-06
4.400000000000000224e-06 4.600000000000000004e-06
4.400000000000000224e-06 4.600000000000000004e-06
4.400000000000000224e-06 4.600000000000000004e-06
4.400000000000000224e-06 4.600000000000000004e-06
4.400000000000000224e-06 4.600000000000000004e-06
4.400000000000000224e-06 4.600000000000000004e-06
4.400000000000000224e-06 4.600000000000000004e-06
4.400000000000000224e-06 4.600000000000000004e-06
4.484529946119810275e-06 4.600000000000000004e-06
4.484529946119810275e-06 4.600000000000000004e-06
4.715470053680190007e-06 4.600000000000000004e-06
4.715470053680190007e-06 4.600000000000000004e-06
4.884529946119809833e-06 4.600000000000000004e-06
4.884529946119809833e-06 4.600000000000000004e-06
5.115470053680191260e-06 4.600000000000000004e-06
5.115470053680190413e-06 4.600000000000000004e-06
5.284529946119811085e-06 4.600000000000000004e-06
5.284529946119810238e-06 4.600000000000000004e-06
5.515470053680189971e-06 4.600000000000000004e-06
5.515470053680189124e-06 4.600000000000000004e-06
5.684529946119809797e-06 4.600000000000000004e-06
5.684529946119808950e-06 4.600000000000000004e-06
6.800000000000000963e-06 4.200000000000000445e-06
5.915470053680191223e-06 4.600000000000000004e-06
6.800000000000000963e-06 4.200000000000000445e-06
6.784529946173012416e-06 4.215470053826988992e-06
6.800000000000000963e-06 4.200000000000000445e-06
6.800000000000000963e-06 4.200000000000000445e-06
6.800000000000000963e-06 4.200000000000000445e-06
6.800000000000000963e-06 4.200000000000000445e-06
6.800000000000000963e-06 4.200000000000000445e-06
6.800000000000000963e-06 4.200000000000000445e-06
6.884529946119811013e-06 4.200000000000000445e-06
6.884529946119811013e-06 4.200000000000000445e-06
7.800000000000001553e-06 3.199999999999999855e-06
7.115470053680189899e-06 4.200000000000000445e-06
7.800000000000001553e-06 3.199999999999999855e-06
7.800000000000001553e-06 3.199999999999999855e-06
7.800000000000001553e-06 3.199999999999999855e-06
7.815470053826988406e-06 3.215470053826987132e-06
7.800000000000001553e-06 3.199999999999999855e-06
7.800000000000001553e-06 3.199999999999999855e-06
7.800000000000001553e-06 3.199999999999999855e-06
7.857735026878139345e-06 3.257735026878138071e-06
7.842264973051152492e-06 3.242264973051151642e-06
7.899999999929291979e-06 3.299999999929290705e-06
7.899999999929290285e-06 3.299999999929290281e-06
7.957735026807429772e-06 3.357735026807428921e-06
7.942264972980442919e-06 3.342264972980442068e-06
7.999999999999999638e-06 3.399999999999999634e-06
7.999999999999999638e-06 3.399999999999999634e-06
8.057735026878139125e-06 3.457735026878138698e-06
7.825598306396272166e-06 3.225598306396270045e-06
7.895534180058596835e-06 3.295534180058595561e-06
7.837799153180459043e-06 3.237799153180457769e-06
7.941068360152546058e-06 3.341068360152545630e-06
7.858931639706034512e-06 3.258931639706033662e-06
7.962200846678121527e-06 3.362200846678121524e-06
7.904465819799983735e-06 3.304465819799982461e-06
7.974401693462308404e-06 3.374401693462307976e-06
7.942264972980441225e-06 3.342264972980441221e-06
7.999999999999999638e-06 3.399999999999999634e-06
7.999999999999999638e-06 3.399999999999999634e-06
8.057735026878137431e-06 3.457735026878137850e-06
8.042264973051152272e-06 3.442264973051152268e-06
8.099999999929290064e-06 3.499999999929290061e-06
8.099999999929290064e-06 3.499999999929289637e-06
8.157735026807427857e-06 3.557735026807427006e-06
8.142264972980441004e-06 3.542264972980441424e-06
8.200000000000001111e-06 3.600000000000001108e-06
8.199999999858578796e-06 3.599999999858578793e-06
8.257735026878137210e-06 3.657735026878138477e-06
8.058931639706034292e-06 3.458931639706033865e-06
8.162200846678121306e-06 3.562200846678122150e-06
8.104465819799983514e-06 3.504465819799983934e-06
8.174401693462309877e-06 3.574401693462309450e-06
8.025598306396270252e-06 3.425598306396270671e-06
8.095534180058594920e-06 3.495534180058595340e-06
8.037799153180457128e-06 3.437799153180457124e-06
8.141068360152545837e-06 3.541068360152546257e-06
8.184529946031591943e-06 3.584529946031592363e-06
8.299999999929289843e-06 3.699999999929290263e-06
8.299999999929288149e-06 3.699999999929288993e-06
8.415470053826987743e-06 3.815470053826989434e-06
8.384529946031591722e-06 3.784529946031592566e-06
8.499999999929293011e-06 3.899999999929293007e-06
8.499999999929293011e-06 3.899999999929293854e-06
8.615470053826990911e-06 4.015470053826990060e-06
8.584529946031598278e-06 3.984529946031597427e-06
8.699999999929294484e-06 4.099999999929292786e-06
8.699999999929294484e-06 4.099999999929293633e-06
8.815470053826985608e-06 4.215470053826983910e-06
8.784529946031598057e-06 4.184529946031596359e-06
9.684529946119811310e-06 4.600000000000000004e-06
9.915470053680192737e-06 4.600000000000000004e-06
9.915470053680191042e-06 4.600000000000000004e-06
-8.400000000000000890e-06 8.600000000000000670e-06
-8.400000000000000890e-06 8.600000000000000670e-06
-8.400000000000000890e-06 8.600000000000000670e-06
-8.400000000000000890e-06 8.600000000000000670e-06
-8.400000000000000890e-06 8.600000000000000670e-06
-8.400000000000000890e-06 8.600000000000000670e-06
-6.000000000000000152e-06 7.400000000000001994e-06
-7.200000000000000521e-06 8.200000000000001111e-06
-6.000000000000000152e-06 7.400000000000001994e-06
-6.000000000000000152e-06 7.400000000000001994e-06
-6.000000000000000152e-06 7.400000000000001994e-06
-6.000000000000000152e-06 7.400000000000001994e-06
-6.000000000000000152e-06 7.400000000000001994e-06
-6.000000000000000152e-06 7.400000000000001994e-06
-6.000000000000000152e-06 7.400000000000001994e-06
-6.000000000000000152e-06 7.400000000000001994e-06
-6.000000000000000152e-06 7.400000000000001994e-06
-6.000000000000000152e-06 7.400000000000001994e-06
-6.000000000000000152e-06 7.400000000000001994e-06
-6.000000000000000152e-06 7.400000000000001994e-06
-6.000000000000000152e-06 7.400000000000001994e-06
-6.000000000000000152e-06 7.400000000000001994e-06
-6.000000000000000152e-06 7.400000000000001994e-06
-6.000000000000000152e-06 7.400000000000001994e-06
-4.800000000000000630e-06 6.599999999999999490e-06
-6.000000000000000152e-06 7.400000000000001994e-06
-4.800000000000000630e-06 6.599999999999999490e-06
-4.800000000000000630e-06 6.599999999999999490e-06
-4.800000000000000630e-06 6.599999999999999490e-06
-4.800000000000000630e-06 6.599999999999999490e-06
-4.800000000000000630e-06 6.599999999999999490e-06
-4.800000000000000630e-06 6.599999999999999490e-06
-4.800000000000000630e-06 6.599999999999999490e-06
-4.800000000000000630e-06 6.599999999999999490e-06
-4.800000000000000630e-06 6.599999999999999490e-06
-4.800000000000000630e-06 6.599999999999999490e-06
-4.800000000000000630e-06 6.599999999999999490e-06
-4.800000000000000630e-06 6.599999999999999490e-06
-4.800000000000000630e-06 6.599999999999999490e-06
-4.800000000000000630e-06 6.599999999999999490e-06
-4.800000000000000630e-06 6.599999999999999490e-06
-4.800000000000000630e-06 6.599999999999999490e-06
-4.800000000000000630e-06 6.599999999999999490e-06
-4.800000000000000630e-06 6.599999999999999490e-06
-4.800000000000000630e-06 6.599999999999999490e-06
-4.800000000000000630e-06 6.599999999999999490e-06
-4.800000000000000630e-06 6.599999999999999490e-06
-4.800000000000000630e-06 6.599999999999999490e-06
-4.800000000000000630e-06 6.599999999999999490e-06
-4.800000000000000630e-06 6.599999999999999490e-06
-3.600000000000000261e-06 6.199999999999999931e-06
-3.600000000000000261e-06 6.199999999999999931e-06
-3.600000000000000261e-06 6.199999999999999931e-06
-3.600000000000000261e-06 6.199999999999999931e-06
-3.600000000000000261e-06 6.199999999999999931e-06
-3.600000000000000261e-06 6.199999999999999931e-06
-2.499999999929301753e-06 5.499999999929301405e-06
-3.600000000000000261e-06 6.199999999999999931e-06
-2.384529946031589453e-06 5.384529946031590799e-06
-2.499999999929300905e-06 5.499999999929300558e-06
-2.299999999929286727e-06 5.299999999929287226e-06
-2.415470053826996062e-06 5.415470053826996985e-06
-2.184529946031599838e-06 5.184529946031600338e-06
-2.299999999929287150e-06 5.299999999929287226e-06
-2.099999999929295841e-06 5.099999999929296764e-06
-2.215470053826984001e-06 5.215470053826984500e-06
-1.984529946031586930e-06 4.984529946031588700e-06
-2.099999999929294571e-06 5.099999999929295070e-06
-1.899999999929284416e-06 4.899999999929285127e-06
-2.015470053826990574e-06 5.015470053826992344e-06
-1.784529946031593080e-06 4.784529946031593156e-06
-1.899999999929285263e-06 4.899999999929285974e-06
-1.699999999929290142e-06 4.699999999929290430e-06
-1.815470053826983172e-06 4.815470053826983248e-06
-1.599999999999999928e-06 4.600000000000000004e-06
-1.699999999929289719e-06 4.699999999929289583e-06
-1.599999999999999928e-06 4.600000000000000004e-06
-1.615470053826986569e-06 4.615470053826986857e-06
-1.599999999999999928e-06 4.600000000000000004e-06
-1.599999999999999928e-06 4.600000000000000004e-06
-1.599999999999999928e-06 4.600000000000000004e-06
-1.599999999999999928e-06 4.600000000000000004e-06
-1.599999999999999928e-06 4.600000000000000004e-06
-1.599999999999999928e-06 4.600000000000000004e-06
-1.515470053880190513e-06 4.600000000000000004e-06
-1.515470053880190301e-06 4.600000000000000004e-06
-1.284529946319810568e-06 4.600000000000000004e-06
-1.284529946319810145e-06 4.600000000000000004e-06
-4.999999999292897728e-07 4.299999999929290871e-06
-1.115470053880190743e-06 4.600000000000000004e-06
-3.845299460315929315e-07 4.184529946031593818e-06
-4.999999999292897728e-07 4.299999999929290871e-06
-2.999999999292896760e-07 4.099999999929290245e-06
-4.154700538269865173e-07 4.215470053826987298e-06
-1.845299460315925171e-07 3.984529946031593192e-06
-2.999999999292893584e-07 4.099999999929290245e-06
-9.999999992928934093e-08 3.899999999929290466e-06
-1.577350268074271864e-07 3.957735026807428259e-06
-4.226497305115144910e-08 3.842264973051152673e-06
-9.999999992928947328e-08 3.899999999929290466e-06
-1.999999999999997792e-07 4.000000000000000666e-06
-2.577350268781373071e-07 4.057735026878138459e-06
-1.422649729804408364e-07 3.942264972980441406e-06
-1.999999998585782583e-07 3.999999999858579198e-06
-1.262177447461125743e-22 3.800000000000000887e-06
-5.773502687813794477e-08 3.857735026878138679e-06
5.773502701955912813e-08 3.742264972980441626e-06
-2.918785347253853017e-22 3.800000000000001310e-06
-1.044658197999835583e-07 3.904465819799984763e-06
-1.744016934623082800e-07 3.974401693462309432e-06
-5.893163970603319121e-08 3.858931639706033846e-06
-1.622008466781209538e-07 3.962200846678121708e-06
-3.779915318045743026e-08 3.837799153180458377e-06
-1.410683601525451929e-07 3.941068360152546239e-06
-2.559830639627012389e-08 3.825598306396270653e-06
-9.553418005859481917e-08 3.895534180058595322e-06
1.999999999999997792e-07 3.600000000000001108e-06
1.422649731218618278e-07 3.657735026878138900e-06
1.999999999999997792e-07 3.600000000000001108e-06
1.999999999999997792e-07 3.600000000000001108e-06
1.422649729804408364e-07 3.942264972980441406e-06
1.999999998585782583e-07 3.999999999858579198e-06
1.999999999999997792e-07 4.000000000000000666e-06
2.577350268781373071e-07 4.057735026878138459e-06
1.622008468195423423e-07 3.637799153180458597e-06
5.893163984745418928e-08 3.741068360152546883e-06
1.744016936037298803e-07 3.625598306396270874e-06
1.044658199414045497e-07 3.695534180058596390e-06
5.893163970603319121e-08 3.858931639706033846e-06
1.622008466781209538e-07 3.962200846678121708e-06
1.044658197999835583e-07 3.904465819799984763e-06
1.744016934623082800e-07 3.974401693462309432e-06
9.553418020001622090e-08 3.704465819799984560e-06
2.559830653769110210e-08 3.774401693462309652e-06
1.410683602939668196e-07 3.658931639706034067e-06
3.779915332187840186e-08 3.762200846678122353e-06
2.559830639627012389e-08 3.825598306396270653e-06
9.553418005859481917e-08 3.895534180058595322e-06
3.779915318045743026e-08 3.837799153180458377e-06
1.410683601525451929e-07 3.941068360152546239e-06
1.999999999999997792e-07 3.600000000000001108e-06
2.999999999292892525e-07 4.099999999929290245e-06
1.999999999999997792e-07 3.600000000000001108e-06
4.154700538269865702e-07 4.215470053826987298e-06
1.999999999999997792e-07 3.600000000000001108e-06
4.999999999292897728e-07 4.299999999929290871e-06
4.999999999292897728e-07 4.299999999929290871e-06
5.999999999999993376e-07 4.400000000000000224e-06
5.845299460315927107e-07 4.384529946031593598e-06
5.999999999999993376e-07 4.400000000000000224e-06
5.999999999999993376e-07 4.400000000000000224e-06
5.999999999999993376e-07 4.400000000000000224e-06
5.999999999999993376e-07 4.400000000000000224e-06
5.999999999999993376e-07 4.400000000000000224e-06
5.999999999999993376e-07 4.400000000000000224e-06
5.999999999999993376e-07 4.400000000000000224e-06
5.999999999999993376e-07 4.400000000000000224e-06
2.084529946119809960e-06 5.400000000000000814e-06
2.315470053680190539e-06 5.400000000000000814e-06
2.315470053680190963e-06 5.400000000000000814e-06
2.484529946119811212e-06 5.400000000000000814e-06
2.484529946119811212e-06 5.400000000000000814e-06
3.600000000000001108e-06 5.000000000000001256e-06
3.600000000000001108e-06 5.000000000000001256e-06
3.600000000000001108e-06 5.000000000000001256e-06
3.600000000000001108e-06 5.000000000000001256e-06
3.600000000000001108e-06 5.000000000000001256e-06
3.600000000000001108e-06 5.000000000000001256e-06
3.600000000000001108e-06 5.000000000000001256e-06
3.600000000000001108e-06 5.000000000000001256e-06
4.400000000000000224e-06 4.600000000000000004e-06
3.600000000000001108e-06 5.000000000000001256e-06
4.400000000000000224e-06 4.600000000000000004e-06
4.384529946173014218e-06 4.615470053826986010e-06
4.400000000000000224e-06 4.600000000000000004e-06
4.400000000000000224e-06 4.600000000000000004e-06
4.400000000000000224e-06 4.600000000000000004e-06
4.400000000000000224e-06 4.600000000000000004e-06
4.400000000000000224e-06 4.600000000000000004e-06
4.400000000000000224e-06 4.600000000000000004e-06
4.484529946119810275e-06 4.600000000000000004e-06
4.484529946119810275e-06 4.600000000000000004e-06
4.715470053680190007e-06 4.600000000000000004e-06
4.715470053680190007e-06 4.600000000000000004e-06
4.884529946119809833e-06 4.600000000000000004e-06
4.884529946119809833e-06 4.600000000000000004e-06
5.115470053680191260e-06 4.600000000000000004e-06
5.115470053680190413e-06 4.600000000000000004e-06
5.284529946119811085e-06 4.600000000000000004e-06
5.284529946119810238e-06 4.600000000000000004e-06
5.515470053680189971e-06 4.600000000000000004e-06
5.515470053680189124e-06 4.600000000000000004e-06
5.684529946119809797e-06 4.600000000000000004e-06
5.684529946119808950e-06 4.600000000000000004e-06
5.915470053680192071e-06 4.600000000000000004e-06
5.915470053680191223e-06 4.600000000000000004e-06
6.700000000070708843e-06 4.299999999929291718e-06
6.084529946119811896e-06 4.600000000000000004e-06
6.800000000000000963e-06 4.200000000000000445e-06
6.700000000070709690e-06 4.299999999929290871e-06
6.800000000000000963e-06 4.200000000000000445e-06
6.784529946173013263e-06 4.215470053826987298e-06
6.800000000000000963e-06 4.200000000000000445e-06
6.800000000000000963e-06 4.200000000000000445e-06
6.884529946119811013e-06 4.200000000000000445e-06
6.884529946119811013e-06 4.200000000000000445e-06
7.115470053680190746e-06 4.200000000000000445e-06
7.115470053680189899e-06 4.200000000000000445e-06
7.284529946119810571e-06 4.200000000000000445e-06
7.284529946119810571e-06 4.200000000000000445e-06
7.515470053680190304e-06 4.200000000000000445e-06
7.515470053680190304e-06 4.200000000000000445e-06
7.984529946031593858e-06 3.384529946031594278e-06
7.684529946119810130e-06 4.200000000000000445e-06
8.099999999929290064e-06 3.499999999929289637e-06
8.100000000070710685e-06 4.099999999929291092e-06
8.142264972980442698e-06 3.542264972980442271e-06
8.200000000000001111e-06 3.600000000000001108e-06
8.199999999858578796e-06 3.599999999858579640e-06
8.257735026878138904e-06 3.657735026878139747e-06
8.200000000141423426e-06 3.999999999858578351e-06
8.142264973121863319e-06 4.057735026878138459e-06
8.257735027019559525e-06 3.942264972980441406e-06
8.200000000000001111e-06 4.000000000000000666e-06
8.225598306396271725e-06 3.625598306396272145e-06
8.295534180058596394e-06 3.695534180058597237e-06
8.237799153180458601e-06 3.637799153180458597e-06
8.341068360152545616e-06 3.741068360152547306e-06
8.295534180200017015e-06 3.904465819799983916e-06
8.225598306537692346e-06 3.974401693462309432e-06
8.341068360293966237e-06 3.858931639706034693e-06
8.237799153321879222e-06 3.962200846678121708e-06
8.258931639706034071e-06 3.658931639706034914e-06
8.362200846678121086e-06 3.762200846678122353e-06
8.304465819799983293e-06 3.704465819799983713e-06
8.374401693462307962e-06 3.774401693462309652e-06
8.362200846819543401e-06 3.837799153180457530e-06
8.258931639847456386e-06 3.941068360152545391e-06
8.374401693603728583e-06 3.825598306396271500e-06
8.304465819941405608e-06 3.895534180058595322e-06
8.342264972980440783e-06 3.742264972980441626e-06
8.399999999999999196e-06 3.800000000000000887e-06
8.399999999858578575e-06 3.799999999858579419e-06
8.457735026878138683e-06 3.857735026878139526e-06
8.442264973051153524e-06 3.842264973051154367e-06
8.499999999929291317e-06 3.899999999929292160e-06
8.499999999929293011e-06 3.899999999929293007e-06
8.557735026807429109e-06 3.957735026807429953e-06
8.542264972980442256e-06 3.942264972980442253e-06
8.600000000000000670e-06 4.000000000000000666e-06
8.600000000000000670e-06 4.000000000000000666e-06
8.657735026878140156e-06 4.057735026878139306e-06
8.458931639706033850e-06 3.858931639706033846e-06
8.562200846678120865e-06 3.962200846678121708e-06
8.504465819799984766e-06 3.904465819799985610e-06
8.574401693462309435e-06 3.974401693462309432e-06
8.425598306396269810e-06 3.825598306396270653e-06
8.495534180058594479e-06 3.895534180058595322e-06
8.437799153180456686e-06 3.837799153180458377e-06
8.541068360152545395e-06 3.941068360152546239e-06
8.584529946031594890e-06 3.984529946031595733e-06
8.699999999929292790e-06 4.099999999929291092e-06
8.699999999929292790e-06 4.099999999929292786e-06
8.815470053826987302e-06 4.215470053826986451e-06
8.784529946031598057e-06 4.184529946031596359e-06
8.899999999929289181e-06 4.299999999929289177e-06
8.899999999929289181e-06 4.299999999929288330e-06
9.515470053680193178e-06 4.600000000000000004e-06
9.684529946119811310e-06 4.600000000000000004e-06
9.684529946119811310e-06 4.600000000000000004e-06
9.915470053680192737e-06 4.600000000000000004e-06
9.915470053680191042e-06 4.600000000000000004e-06
-8.400000000000000890e-06 8.600000000000000670e-06
-8.400000000000000890e-06 8.600000000000000670e-06
-8.400000000000000890e-06 8.600000000000000670e-06
-8.400000000000000890e-06 8.600000000000000670e-06
-8.400000000000000890e-06 8.600000000000000670e-06
-8.400000000000000890e-06 8.600000000000000670e-06
-8.400000000000000890e-06 8.600000000000000670e-06
-8.400000000000000890e-06 8.600000000000000670e-06
-7.200000000000000521e-06 8.200000000000001111e-06
-7.200000000000000521e-06 8.200000000000001111e-06
-6.000000000000000152e-06 7.400000000000001994e-06
-6.000000000000000152e-06 7.400000000000001994e-06
-6.000000000000000152e-06 7.400000000000001994e-06
-6.000000000000000152e-06 7.400000000000001994e-06
-6.000000000000000152e-06 7.400000000000001994e-06
-6.000000000000000152e-06 7.400000000000001994e-06
-6.000000000000000152e-06 7.400000000000001994e-06
-6.000000000000000152e-06 7.400000000000001994e-06
-6.000000000000000152e-06 7.400000000000001994e-06
-6.000000000000000152e-06 7.400000000000001994e-06
-6.000000000000000152e-06 7.400000000000001994e-06
-6.000000000000000152e-06 7.400000000000001994e-06
-6.000000000000000152e-06 7.400000000000001994e-06
-6.000000000000000152e-06 7.400000000000001994e-06
-6.000000000000000152e-06 7.400000000000001994e-06
-6.000000000000000152e-06 7.400000000000001994e-06
-4.800000000000000630e-06 6.599999999999999490e-06
-6.000000000000000152e-06 7.400000000000001994e-06
-4.800000000000000630e-06 6.599999999999999490e-06
-4.815470053826977318e-06 6.615470053826977025e-06
-4.800000000000000630e-06 6.599999999999999490e-06
-4.800000000000000630e-06 6.599999999999999490e-06
-4.800000000000000630e-06 6.599999999999999490e-06
-4.800000000000000630e-06 6.599999999999999490e-06
-4.800000000000000630e-06 6.599999999999999490e-06
-4.800000000000000630e-06 6.599999999999999490e-06
-4.800000000000000630e-06 6.599999999999999490e-06
-4.800000000000000630e-06 6.599999999999999490e-06
-4.800000000000000630e-06 6.599999999999999490e-06
-4.800000000000000630e-06 6.599999999999999490e-06
-4.800000000000000630e-06 6.599999999999999490e-06
-4.800000000000000630e-06 6.599999999999999490e-06
-4.800000000000000630e-06 6.599999999999999490e-06
-4.800000000000000630e-06 6.599999999999999490e-06
-4.800000000000000630e-06 6.599999999999999490e-06
-4.800000000000000630e-06 6.599999999999999490e-06
-4.800000000000000630e-06 6.599999999999999490e-06
-4.800000000000000630e-06 6.599999999999999490e-06
-4.800000000000000630e-06 6.599999999999999490e-06
-4.800000000000000630e-06 6.599999999999999490e-06
-3.600000000000000261e-06 6.199999999999999931e-06
-3.600000000000000261e-06 6.199999999999999931e-06
-3.600000000000000261e-06 6.199999999999999931e-06
-3.600000000000000261e-06 6.199999999999999931e-06
-3.600000000000000261e-06 6.199999999999999931e-06
-3.600000000000000261e-06 6.199999999999999931e-06
-3.600000000000000261e-06 6.199999999999999931e-06
-3.600000000000000261e-06 6.199999999999999931e-06
-2.584529946031604055e-06 5.584529946031602437e-06
-3.600000000000000261e-06 6.199999999999999931e-06
-2.499999999929299635e-06 5.499999999929298864e-06
-2.615470053826981865e-06 5.615470053826980670e-06
-2.384529946031590300e-06 5.384529946031590799e-06
-2.499999999929297517e-06 5.499999999929297170e-06
-2.299999999929287574e-06 5.299999999929288073e-06
-2.415470053826993097e-06 5.415470053826993597e-06
-2.184529946031597721e-06 5.184529946031597797e-06
-2.299999999929287574e-06 5.299999999929288073e-06
-2.099999999929293724e-06 5.099999999929295070e-06
-2.215470053826984424e-06 5.215470053826984500e-06
-1.984529946031588624e-06 4.984529946031590394e-06
-2.099999999929292453e-06 5.099999999929293376e-06
-1.899999999929286321e-06 4.899999999929286821e-06
-2.015470053826988880e-06 5.015470053826990650e-06
-1.784529946031593080e-06 4.784529946031593156e-06
-1.899999999929286745e-06 4.899999999929287668e-06
-1.699999999929289719e-06 4.699999999929289583e-06
-1.815470053826984230e-06 4.815470053826984095e-06
-1.599999999999999928e-06 4.600000000000000004e-06
-1.699999999929289295e-06 4.699999999929289583e-06
-1.599999999999999928e-06 4.600000000000000004e-06
-1.615470053826986357e-06 4.615470053826986857e-06
-1.599999999999999928e-06 4.600000000000000004e-06
-1.599999999999999928e-06 4.600000000000000004e-06
-1.515470053880190513e-06 4.600000000000000004e-06
-1.515470053880190301e-06 4.600000000000000004e-06
-1.284529946319810568e-06 4.600000000000000004e-06
-1.284529946319810145e-06 4.600000000000000004e-06
-1.115470053880190743e-06 4.600000000000000004e-06
-1.115470053880190743e-06 4.600000000000000004e-06
-5.845299460315929225e-07 4.384529946031593598e-06
-6.999999999292907167e-07 4.499999999929290651e-06
-4.999999999292895611e-07 4.299999999929290024e-06
-5.577350268074269301e-07 4.357735026807427817e-06
-4.422649730511518214e-07 4.242264973051153079e-06
-4.999999999292892434e-07 4.299999999929290024e-06
-5.999999999999993376e-07 4.400000000000000224e-06
-6.577350268781387183e-07 4.457735026878138864e-06
-5.422649729804406065e-07 4.342264972980441811e-06
-5.999999999999993376e-07 4.400000000000000224e-06
-3.999999999999997172e-07 4.200000000000000445e-06
-4.577350268781370863e-07 4.257735026878138238e-06
-3.422649729804410391e-07 4.142264972980442032e-06
-3.999999999999998760e-07 4.200000000000000445e-06
-5.044658197999832226e-07 4.304465819799984321e-06
-5.744016934623082090e-07 4.374401693462308990e-06
-4.589316397060327297e-07 4.258931639706033405e-06
-5.622008466781210151e-07 4.362200846678122114e-06
-4.377991531804569423e-07 4.237799153180457935e-06
-5.410683601525452277e-07 4.341068360152545797e-06
-4.255983063962696955e-07 4.225598306396270212e-06
-4.955341800585948408e-07 4.295534180058595728e-06
-3.999999999999997172e-07 4.200000000000000445e-06
-4.577350268781375627e-07 4.257735026878138238e-06
-3.422649729804406155e-07 4.142264972980441185e-06
-3.999999999999998760e-07 4.200000000000000445e-06
-1.999999999999997792e-07 4.000000000000000666e-06
-2.577350268781373071e-07 4.057735026878138459e-06
-1.422649729804412863e-07 3.942264972980442253e-06
-1.999999999999997792e-07 4.000000000000000666e-06
-2.999999999292890937e-07 4.099999999929290245e-06
-3.577350268074269392e-07 4.157735026807428038e-06
-2.422649730511514599e-07 4.042264973051152453e-06
-2.999999999292892525e-07 4.099999999929290245e-06
-3.044658197999833375e-07 4.104465819799984542e-06
-3.744016934623080592e-07 4.174401693462309211e-06
-2.589316397060334270e-07 4.058931639706034473e-06
-3.622008466781211830e-07 4.162200846678122335e-06
-2.377991531804572161e-07 4.037799153180458156e-06
-3.410683601525449721e-07 4.141068360152546018e-06
-2.255983063962703398e-07 4.025598306396271280e-06
-2.955341800585950616e-07 4.095534180058595948e-06
1.422649729804408364e-07 3.942264972980441406e-06
1.999999998585782583e-07 3.999999999858579198e-06
2.000000000000003351e-07 4.000000000000001513e-06
2.577350268781377306e-07 4.057735026878138459e-06
2.422649730511514599e-07 4.042264973051152453e-06
2.999999999292892525e-07 4.099999999929290245e-06
2.999999999292890937e-07 4.099999999929290245e-06
3.577350268074269392e-07 4.157735026807428038e-06
3.422649729804406155e-07 4.142264972980441185e-06
3.999999999999995584e-07 4.200000000000000445e-06
3.999999999999995584e-07 4.200000000000000445e-06
4.577350268781375627e-07 4.257735026878138238e-06
2.255983063962698898e-07 4.025598306396270433e-06
2.955341800585945851e-07 4.095534180058595101e-06
2.377991531804576131e-07 4.037799153180458156e-06
3.410683601525454485e-07 4.141068360152546018e-06
2.589316397060329505e-07 4.058931639706033626e-06
3.622008466781207065e-07 4.162200846678121487e-06
3.044658197999837610e-07 4.104465819799984542e-06
3.744016934623084298e-07 4.174401693462309211e-06
3.422649729804406155e-07 4.142264972980441185e-06
3.999999998585780375e-07 4.199999999858578977e-06
3.999999999999995584e-07 4.200000000000000445e-06
4.577350268781375627e-07 4.257735026878138238e-06
4.422649730511513979e-07 4.242264973051152232e-06
4.999999999292888199e-07 4.299999999929290024e-06
4.999999999292899846e-07 4.299999999929290871e-06
5.577350268074274595e-07 4.357735026807428664e-06
5.422649729804406065e-07 4.342264972980441811e-06
5.999999999999993376e-07 4.400000000000000224e-06
5.999999999999993376e-07 4.400000000000000224e-06
5.999999999999993376e-07 4.400000000000000224e-06
4.589316397060327297e-07 4.258931639706033405e-06
5.622008466781210151e-07 4.362200846678122114e-06
5.044658197999831167e-07 4.304465819799984321e-06
5.744016934623082090e-07 4.374401693462308990e-06
4.255983063962696955e-07 4.225598306396270212e-06
4.955341800585948408e-07 4.295534180058595728e-06
4.377991531804569423e-07 4.237799153180457935e-06
5.410683601525452277e-07 4.341068360152545797e-06
5.845299460315929225e-07 4.384529946031593598e-06
5.999999999999993376e-07 4.400000000000000224e-06
5.999999999999993376e-07 4.400000000000000224e-06
5.999999999999993376e-07 4.400000000000000224e-06
5.999999999999993376e-07 4.400000000000000224e-06
5.999999999999993376e-07 4.400000000000000224e-06
5.999999999999993376e-07 4.400000000000000224e-06
5.999999999999993376e-07 4.400000000000000224e-06
5.999999999999993376e-07 4.400000000000000224e-06
1.684529946119809766e-06 5.400000000000000814e-06
1.915470053680189710e-06 5.400000000000000814e-06
1.915470053680189710e-06 5.400000000000000814e-06
2.084529946119809960e-06 5.400000000000000814e-06
2.084529946119809960e-06 5.400000000000000814e-06
2.315470053680190539e-06 5.400000000000000814e-06
2.315470053680190963e-06 5.400000000000000814e-06
2.484529946119811212e-06 5.400000000000000814e-06
2.484529946119811212e-06 5.400000000000000814e-06
3.600000000000001108e-06 5.000000000000001256e-06
2.715470053680190945e-06 5.400000000000000814e-06
3.600000000000001108e-06 5.000000000000001256e-06
3.584529946173012137e-06 5.015470053826989803e-06
3.600000000000001108e-06 5.000000000000001256e-06
3.600000000000001108e-06 5.000000000000001256e-06
3.600000000000001108e-06 5.000000000000001256e-06
3.600000000000001108e-06 5.000000000000001256e-06
3.600000000000001108e-06 5.000000000000001256e-06
3.600000000000001108e-06 5.000000000000001256e-06
4.300000000070710645e-06 4.699999999929289583e-06
3.684529946119811158e-06 5.000000000000001256e-06
4.400000000000000224e-06 4.600000000000000004e-06
4.300000000070710645e-06 4.699999999929289583e-06
4.400000000000000224e-06 4.600000000000000004e-06
4.384529946173014218e-06 4.615470053826986010e-06
4.400000000000000224e-06 4.600000000000000004e-06
4.400000000000000224e-06 4.600000000000000004e-06
4.484529946119810275e-06 4.600000000000000004e-06
4.484529946119810275e-06 4.600000000000000004e-06
4.715470053680190007e-06 4.600000000000000004e-06
4.715470053680190007e-06 4.600000000000000004e-06
4.884529946119809833e-06 4.600000000000000004e-06
4.884529946119809833e-06 4.600000000000000004e-06
5.115470053680191260e-06 4.600000000000000004e-06
5.115470053680190413e-06 4.600000000000000004e-06
5.284529946119811085e-06 4.600000000000000004e-06
5.284529946119810238e-06 4.600000000000000004e-06
5.515470053680189971e-06 4.600000000000000004e-06
5.515470053680189124e-06 4.600000000000000004e-06
5.684529946119809797e-06 4.600000000000000004e-06
5.684529946119808950e-06 4.600000000000000004e-06
5.915470053680192071e-06 4.600000000000000004e-06
5.915470053680191223e-06 4.600000000000000004e-06
6.084529946119811896e-06 4.600000000000000004e-06
6.084529946119811896e-06 4.600000000000000004e-06
6.615470053968406116e-06 4.384529946031593598e-06
6.500000000070712452e-06 4.499999999929288110e-06
6.700000000070710537e-06 4.299999999929290024e-06
6.642264973192572744e-06 4.357735026807426970e-06
6.757735026948847482e-06 4.242264973051153926e-06
6.700000000070709690e-06 4.299999999929290871e-06
6.600000000141420957e-06 4.399999999858578757e-06
6.542264973121863391e-06 4.457735026878137170e-06
6.657735027019558750e-06 4.342264972980441811e-06
6.599999999999999490e-06 4.400000000000000224e-06
6.800000000000000116e-06 4.200000000000001292e-06
6.742264973121862323e-06 4.257735026878138238e-06
6.800000000000000963e-06 4.200000000000000445e-06
6.800000000000000116e-06 4.200000000000001292e-06
6.695534180200017087e-06 4.304465819799983474e-06
6.625598306537690724e-06 4.374401693462308990e-06
6.741068360293968003e-06 4.258931639706033405e-06
6.637799153321878447e-06 4.362200846678122114e-06
6.762200846819544320e-06 4.237799153180457088e-06
6.658931639847454764e-06 4.341068360152545797e-06
6.774401693603731196e-06 4.225598306396270212e-06
6.704465819941405680e-06 4.295534180058594881e-06
6.842264973059905988e-06 4.200000000000000445e-06
6.842264973059905988e-06 4.200000000000000445e-06
6.957735026840095007e-06 4.200000000000000445e-06
6.957735026840094160e-06 4.200000000000000445e-06
7.042264972959905057e-06 4.200000000000000445e-06
7.042264972959904210e-06 4.200000000000000445e-06
7.157735026740095771e-06 4.200000000000000445e-06
7.157735026740094924e-06 4.200000000000000445e-06
7.042264972959905057e-06 4.200000000000000445e-06
7.042264972959904210e-06 4.200000000000000445e-06
7.157735026740095771e-06 4.200000000000000445e-06
7.157735026740094924e-06 4.200000000000000445e-06
6.842264973059905988e-06 4.200000000000000445e-06
6.742264973121863170e-06 4.257735026878137391e-06
6.957735026840095007e-06 4.200000000000000445e-06
6.957735026840094160e-06 4.200000000000000445e-06
7.242264973059906393e-06 4.200000000000000445e-06
7.242264973059905546e-06 4.200000000000000445e-06
7.357735026840097954e-06 4.200000000000000445e-06
7.357735026840097107e-06 4.200000000000000445e-06
7.442264972959907157e-06 4.200000000000000445e-06
7.442264972959907157e-06 4.200000000000000445e-06
7.557735026740095329e-06 4.200000000000000445e-06
7.557735026740095329e-06 4.200000000000000445e-06
7.442264972959907157e-06 4.200000000000000445e-06
7.442264972959907157e-06 4.200000000000000445e-06
7.557735026740095329e-06 4.200000000000000445e-06
7.557735026740095329e-06 4.200000000000000445e-06
7.242264973059906393e-06 4.200000000000000445e-06
7.242264973059905546e-06 4.200000000000000445e-06
7.357735026840097954e-06 4.200000000000000445e-06
7.357735026840097107e-06 4.200000000000000445e-06
7.642264973059905952e-06 4.200000000000000445e-06
7.642264973059905952e-06 4.200000000000000445e-06
7.757735026840096665e-06 4.200000000000000445e-06
7.757735026840096665e-06 4.200000000000000445e-06
7.842264972959906715e-06 4.200000000000000445e-06
7.842264972959906715e-06 4.200000000000000445e-06
8.057735027019558051e-06 4.142264972980442032e-06
7.957735026740095735e-06 4.200000000000000445e-06
7.842264972959906715e-06 4.200000000000000445e-06
7.842264972959906715e-06 4.200000000000000445e-06
7.957735026740095735e-06 4.200000000000000445e-06
7.957735026740095735e-06 4.200000000000000445e-06
7.642264973059905952e-06 4.200000000000000445e-06
7.642264973059905952e-06 4.200000000000000445e-06
7.757735026840096665e-06 4.200000000000000445e-06
7.757735026840096665e-06 4.200000000000000445e-06
7.999999999999999638e-06 4.200000000000000445e-06
7.999999999999999638e-06 4.200000000000000445e-06
8.057735027019559745e-06 4.142264972980440338e-06
7.999999999999999638e-06 4.200000000000000445e-06
8.200000000000001111e-06 4.000000000000000666e-06
8.142264973121863319e-06 4.057735026878137612e-06
8.257735027019559525e-06 3.942264972980442253e-06
8.200000000000001111e-06 4.000000000000000666e-06
8.100000000070712379e-06 4.099999999929288551e-06
8.042264973192574587e-06 4.157735026807426344e-06
8.157735026948850172e-06 4.042264973051151606e-06
8.100000000070712379e-06 4.099999999929288551e-06
8.095534180200017235e-06 4.104465819799983695e-06
8.025598306537690872e-06 4.174401693462309211e-06
8.141068360293966458e-06 4.058931639706034473e-06
8.037799153321877749e-06 4.162200846678122335e-06
8.162200846819543621e-06 4.037799153180457309e-06
8.058931639847454913e-06 4.141068360152546018e-06
8.174401693603730498e-06 4.025598306396271280e-06
8.104465819941405829e-06 4.095534180058595101e-06
8.542264972980440562e-06 3.942264972980440559e-06
8.599999999858578355e-06 3.999999999858577504e-06
8.600000000000000670e-06 4.000000000000000666e-06
8.657735026878138462e-06 4.057735026878137612e-06
8.642264973051151609e-06 4.042264973051150759e-06
8.699999999929289402e-06 4.099999999929287704e-06
8.699999999929289402e-06 4.099999999929288551e-06
8.757735026807427194e-06 4.157735026807426344e-06
8.742264972980442035e-06 4.142264972980440338e-06
8.799999999858579828e-06 4.199999999858578977e-06
8.800000000000002143e-06 4.200000000000000445e-06
8.857735026878139935e-06 4.257735026878139085e-06
8.625598306396271283e-06 4.025598306396270433e-06
8.695534180058595952e-06 4.095534180058595101e-06
8.637799153180459854e-06 4.037799153180459003e-06
8.741068360152546868e-06 4.141068360152546018e-06
8.658931639706035323e-06 4.058931639706033626e-06
8.762200846678122338e-06 4.162200846678121487e-06
8.704465819799986240e-06 4.104465819799986236e-06
8.774401693462310908e-06 4.174401693462309211e-06
8.742264972980443729e-06 4.142264972980442032e-06
8.800000000000002143e-06 4.200000000000000445e-06
8.800000000000002143e-06 4.200000000000000445e-06
8.857735026878139935e-06 4.257735026878138238e-06
8.842264973051151388e-06 4.242264973051150538e-06
8.899999999929290875e-06 4.299999999929289177e-06
8.899999999929290875e-06 4.299999999929290024e-06
8.957735026807428668e-06 4.357735026807427817e-06
8.942264972980441815e-06 4.342264972980440964e-06
9.000000000000000228e-06 4.400000000000000224e-06
9.000000000000000228e-06 4.400000000000000224e-06
9.057735026878139715e-06 4.457735026878139711e-06
8.858931639706035102e-06 4.258931639706034252e-06
8.962200846678122117e-06 4.362200846678121267e-06
8.904465819799984325e-06 4.304465819799984321e-06
8.974401693462310688e-06 4.374401693462309837e-06
8.825598306396272756e-06 4.225598306396271059e-06
8.895534180058597425e-06 4.295534180058596575e-06
8.837799153180459633e-06 4.237799153180458782e-06
8.941068360152546648e-06 4.341068360152546644e-06
8.984529946031594448e-06 4.384529946031593598e-06
9.099999999929292348e-06 4.499999999929290651e-06
9.515470053680193178e-06 4.600000000000000004e-06
9.515470053680193178e-06 4.600000000000000004e-06
9.684529946119811310e-06 4.600000000000000004e-06
9.684529946119811310e-06 4.600000000000000004e-06
9.915470053680192737e-06 4.600000000000000004e-06
9.915470053680191042e-06 4.600000000000000004e-06
-8.400000000000000890e-06 8.600000000000000670e-06
-8.400000000000000890e-06 8.600000000000000670e-06
-8.400000000000000890e-06 8.600000000000000670e-06
-8.400000000000000890e-06 8.600000000000000670e-06
-8.400000000000000890e-06 8.600000000000000670e-06
-8.400000000000000890e-06 8.600000000000000670e-06
-8.400000000000000890e-06 8.600000000000000670e-06
-8.400000000000000890e-06 8.600000000000000670e-06
-8.400000000000000890e-06 8.600000000000000670e-06
-8.400000000000000890e-06 8.600000000000000670e-06
-7.200000000000000521e-06 8.200000000000001111e-06
-7.200000000000000521e-06 8.200000000000001111e-06
-6.000000000000000152e-06 7.400000000000001994e-06
-7.200000000000000521e-06 8.200000000000001111e-06
-6.000000000000000152e-06 7.400000000000001994e-06
-6.000000000000000152e-06 7.400000000000001994e-06
-6.000000000000000152e-06 7.400000000000001994e-06
-6.000000000000000152e-06 7.400000000000001994e-06
-6.000000000000000152e-06 7.400000000000001994e-06
-6.000000000000000152e-06 7.400000000000001994e-06
-6.000000000000000152e-06 7.400000000000001994e-06
-6.000000000000000152e-06 7.400000000000001994e-06
-6.000000000000000152e-06 7.400000000000001994e-06
-6.000000000000000152e-06 7.400000000000001994e-06
-6.000000000000000152e-06 7.400000000000001994e-06
-6.000000000000000152e-06 7.400000000000001994e-06
-6.000000000000000152e-06 7.400000000000001994e-06
-6.000000000000000152e-06 7.400000000000001994e-06
-6.000000000000000152e-06 7.400000000000001994e-06
-6.000000000000000152e-06 7.400000000000001994e-06
-4.800000000000000630e-06 6.599999999999999490e-06
-4.899999999929281739e-06 6.699999999929281445e-06
-4.800000000000000630e-06 6.599999999999999490e-06
-4.815470053826979013e-06 6.615470053826978719e-06
-4.800000000000000630e-06 6.599999999999999490e-06
-4.800000000000000630e-06 6.599999999999999490e-06
-4.800000000000000630e-06 6.599999999999999490e-06
-4.800000000000000630e-06 6.599999999999999490e-06
-4.800000000000000630e-06 6.599999999999999490e-06
-4.800000000000000630e-06 6.599999999999999490e-06
-4.800000000000000630e-06 6.599999999999999490e-06
-4.800000000000000630e-06 6.599999999999999490e-06
-4.800000000000000630e-06 6.599999999999999490e-06
-4.800000000000000630e-06 6.599999999999999490e-06
-4.800000000000000630e-06 6.599999999999999490e-06
-4.800000000000000630e-06 6.599999999999999490e-06
-4.800000000000000630e-06 6.599999999999999490e-06
-4.800000000000000630e-06 6.599999999999999490e-06
-4.800000000000000630e-06 6.599999999999999490e-06
-4.800000000000000630e-06 6.599999999999999490e-06
-4.800000000000000630e-06 6.599999999999999490e-06
-4.800000000000000630e-06 6.599999999999999490e-06
-3.600000000000000261e-06 6.199999999999999931e-06
-3.600000000000000261e-06 6.199999999999999931e-06
-3.600000000000000261e-06 6.199999999999999931e-06
-3.600000000000000261e-06 6.199999999999999931e-06
-3.600000000000000261e-06 6.199999999999999931e-06
-3.600000000000000261e-06 6.199999999999999931e-06
-3.600000000000000261e-06 6.199999999999999931e-06
-3.600000000000000261e-06 6.199999999999999931e-06
-2.699999999929285438e-06 5.699999999929285091e-06
-3.600000000000000261e-06 6.199999999999999931e-06
-2.584529946031600667e-06 5.584529946031599049e-06
-2.699999999929285862e-06 5.699999999929285091e-06
-2.499999999929296670e-06 5.499999999929296323e-06
-2.615470053826983135e-06 5.615470053826981517e-06
-2.384529946031590723e-06 5.384529946031591646e-06
-2.499999999929294553e-06 5.499999999929294629e-06
-2.299999999929287997e-06 5.299999999929288073e-06
-2.415470053826990556e-06 5.415470053826991056e-06
-2.184529946031596026e-06 5.184529946031596102e-06
-2.299999999929287997e-06 5.299999999929288920e-06
-2.099999999929292030e-06 5.099999999929293376e-06
-2.215470053826985271e-06 5.215470053826985347e-06
-1.984529946031589895e-06 4.984529946031592088e-06
-2.099999999929290759e-06 5.099999999929291682e-06
-1.899999999929287380e-06 4.899999999929288515e-06
-2.015470053826986763e-06 5.015470053826988109e-06
-1.784529946031592656e-06 4.784529946031593156e-06
-1.899999999929288015e-06 4.899999999929288515e-06
-1.699999999929289295e-06 4.699999999929289583e-06
-1.757735026807426664e-06 4.757735026807426528e-06
-1.642264973051151714e-06 4.642264973051151790e-06
-1.699999999929289083e-06 4.699999999929288736e-06
-1.799999999999999707e-06 4.799999999999999783e-06
-1.857735026878136652e-06 4.857735026878137575e-06
-1.742264972980441293e-06 4.742264972980441369e-06
-1.799999999999999707e-06 4.799999999999999783e-06
-1.600000000000000139e-06 4.600000000000000004e-06
-1.657735026878137508e-06 4.657735026878137796e-06
-1.599999999999999928e-06 4.600000000000000004e-06
-1.599999999999999928e-06 4.600000000000000004e-06
-1.704465819799983592e-06 4.704465819799983880e-06
-1.774401693462308261e-06 4.774401693462308548e-06
-1.658931639706033734e-06 4.658931639706033810e-06
-1.762200846678121384e-06 4.762200846678121672e-06
-1.637799153180457417e-06 4.637799153180457493e-06
-1.741068360152545068e-06 4.741068360152545355e-06
-1.625598306396270541e-06 4.625598306396270617e-06
-1.695534180058595210e-06 4.695534180058595286e-06
-1.557735026940095114e-06 4.600000000000000004e-06
-1.557735026940095114e-06 4.600000000000000004e-06
-1.442264973159905036e-06 4.600000000000000004e-06
-1.442264973159905036e-06 4.600000000000000004e-06
-1.357735027040095410e-06 4.600000000000000004e-06
-1.357735027040095410e-06 4.600000000000000004e-06
-1.242264973259905331e-06 4.600000000000000004e-06
-1.242264973259905331e-06 4.600000000000000004e-06
-1.357735027040095410e-06 4.600000000000000004e-06
-1.357735027040095410e-06 4.600000000000000004e-06
-1.242264973259905331e-06 4.600000000000000004e-06
-1.242264973259905331e-06 4.600000000000000004e-06
-1.557735026940095114e-06 4.600000000000000004e-06
-1.657735026878137508e-06 4.657735026878137796e-06
-1.442264973159905036e-06 4.600000000000000004e-06
-1.442264973159905036e-06 4.600000000000000004e-06
-1.157735026940095556e-06 4.600000000000000004e-06
-1.157735026940095556e-06 4.600000000000000004e-06
-1.042264973159905478e-06 4.600000000000000004e-06
-1.042264973159905478e-06 4.600000000000000004e-06
-9.577350270400956394e-07 4.600000000000000004e-06
-9.577350270400958512e-07 4.600000000000000004e-06
-7.422649729804420797e-07 4.542264972980441590e-06
-8.422649732599057731e-07 4.600000000000000004e-06
-9.577350270400956394e-07 4.600000000000000004e-06
-9.577350270400958512e-07 4.600000000000000004e-06
-8.422649732599056672e-07 4.600000000000000004e-06
-8.422649732599057731e-07 4.600000000000000004e-06
-1.157735026940095556e-06 4.600000000000000004e-06
-1.157735026940095556e-06 4.600000000000000004e-06
-1.042264973159905478e-06 4.600000000000000004e-06
-1.042264973159905478e-06 4.600000000000000004e-06
-8.000000000000008108e-07 4.600000000000000004e-06
-8.000000000000008108e-07 4.600000000000000004e-06
-7.422649729804410210e-07 4.542264972980440743e-06
-8.000000000000008108e-07 4.600000000000000004e-06
-5.999999999999993376e-07 4.400000000000000224e-06
-6.577350268781367066e-07 4.457735026878137170e-06
-5.422649729804403947e-07 4.342264972980440964e-06
-5.999999998585778697e-07 4.399999999858578757e-06
-6.999999999292884932e-07 4.499999999929288957e-06
-7.577350268074259681e-07 4.557735026807425055e-06
-6.422649730511508065e-07 4.442264973051151164e-06
-6.999999999292881756e-07 4.499999999929288110e-06
-7.044658197999843782e-07 4.504465819799984100e-06
-7.744016934623092587e-07 4.574401693462308769e-06
-6.589316397060331442e-07 4.458931639706033184e-06
-7.622008466781217472e-07 4.562200846678121046e-06
-6.377991531804570392e-07 4.437799153180457714e-06
-7.410683601525456422e-07 4.541068360152545576e-06
-6.255983063962695276e-07 4.425598306396269991e-06
-6.955341800585945141e-07 4.495534180058594660e-06
-4.999999999292890317e-07 4.299999999929290024e-06
-6.154700538269844965e-07 4.415470053826985383e-06
-3.845299460315922963e-07 4.184529946031592971e-06
-4.999999999292889258e-07 4.299999999929290024e-06
3.845299460315922963e-07 4.184529946031592971e-06
5.999999999999993376e-07 4.715470053680190007e-06
4.999999999292890317e-07 4.299999999929290024e-06
5.999999999999993376e-07 4.715470053680190007e-06
5.422649729804403947e-07 4.342264972980440964e-06
5.999999999999993376e-07 4.557735026840095116e-06
5.999999999999993376e-07 4.442264973059905249e-06
5.999999999999993376e-07 4.557735026840095116e-06
5.999999999999993376e-07 4.442264973059905249e-06
5.999999999999993376e-07 4.557735026840095116e-06
5.999999999999993376e-07 4.442264973059905249e-06
5.999999999999993376e-07 4.557735026840095116e-06
5.999999999999993376e-07 4.642264972959905166e-06
5.999999999999993376e-07 4.757735026740094185e-06
5.999999999999993376e-07 4.642264972959906013e-06
6.577350268781379772e-07 4.857735026878138422e-06
5.999999999999993376e-07 4.642264972959905166e-06
5.999999999999993376e-07 4.757735026740094185e-06
5.999999999999993376e-07 4.642264972959906013e-06
5.999999999999993376e-07 4.757735026740095032e-06
5.999999999999993376e-07 4.484529946119810275e-06
6.999999999292895520e-07 4.899999999929290209e-06
5.999999999999993376e-07 4.484529946119810275e-06
8.154700538269862874e-07 5.015470053826986415e-06
5.999999999999993376e-07 4.484529946119810275e-06
8.999999999292893312e-07 5.099999999929289988e-06
8.999999999292895430e-07 5.099999999929289988e-06
1.599999999999999928e-06 5.400000000000000814e-06
1.684529946119809766e-06 5.400000000000000814e-06
1.684529946119809766e-06 5.400000000000000814e-06
1.915470053680189710e-06 5.400000000000000814e-06
1.915470053680189710e-06 5.400000000000000814e-06
2.084529946119809960e-06 5.400000000000000814e-06
2.084529946119809960e-06 5.400000000000000814e-06
2.315470053680190539e-06 5.400000000000000814e-06
2.315470053680190963e-06 5.400000000000000814e-06
2.484529946119811212e-06 5.400000000000000814e-06
2.484529946119811212e-06 5.400000000000000814e-06
2.715470053680190945e-06 5.400000000000000814e-06
2.715470053680190945e-06 5.400000000000000814e-06
3.500000000070708564e-06 5.099999999929292529e-06
2.884529946119810770e-06 5.400000000000000814e-06
3.600000000000001108e-06 5.000000000000001256e-06
3.500000000070709834e-06 5.099999999929291682e-06
3.600000000000001108e-06 5.000000000000001256e-06
3.584529946173013831e-06 5.015470053826988109e-06
3.600000000000001108e-06 5.000000000000001256e-06
3.600000000000001108e-06 5.000000000000001256e-06
3.684529946119811158e-06 5.000000000000001256e-06
3.684529946119811158e-06 5.000000000000001256e-06
4.215470053968407919e-06 4.784529946031592309e-06
4.100000000070712560e-06 4.899999999929288515e-06
4.300000000070710645e-06 4.699999999929289583e-06
4.242264973192573700e-06 4.757735026807426528e-06
4.357735026948848438e-06 4.642264973051151790e-06
4.300000000070710645e-06 4.699999999929289583e-06
4.200000000000000445e-06 4.799999999999999783e-06
4.142264973121863500e-06 4.857735026878136728e-06
4.257735027019558859e-06 4.742264972980441369e-06
4.200000000000000445e-06 4.799999999999999783e-06
4.400000000000000224e-06 4.600000000000000004e-06
4.342264973121862432e-06 4.657735026878137796e-06
4.400000000000000224e-06 4.600000000000000004e-06
4.400000000000000224e-06 4.600000000000000004e-06
4.295534180200017196e-06 4.704465819799983032e-06
4.225598306537691680e-06 4.774401693462308548e-06
4.341068360293967265e-06 4.658931639706032963e-06
4.237799153321879403e-06 4.762200846678120825e-06
4.362200846819542735e-06 4.637799153180457493e-06
4.258931639847455720e-06 4.741068360152544508e-06
4.374401693603730458e-06 4.625598306396269770e-06
4.304465819941404942e-06 4.695534180058595286e-06
4.442264973059905249e-06 4.600000000000000004e-06
4.442264973059905249e-06 4.600000000000000004e-06
4.557735026840095963e-06 4.600000000000000004e-06
4.557735026840095963e-06 4.600000000000000004e-06
4.642264972959905166e-06 4.600000000000000004e-06
4.642264972959905166e-06 4.600000000000000004e-06
4.757735026740095032e-06 4.600000000000000004e-06
4.757735026740094185e-06 4.600000000000000004e-06
4.642264972959905166e-06 4.600000000000000004e-06
4.642264972959905166e-06 4.600000000000000004e-06
4.757735026740095032e-06 4.600000000000000004e-06
4.757735026740094185e-06 4.600000000000000004e-06
4.442264973059905249e-06 4.600000000000000004e-06
4.342264973121862432e-06 4.657735026878137796e-06
4.557735026840095963e-06 4.600000000000000004e-06
4.557735026840095963e-06 4.600000000000000004e-06
4.842264973059905655e-06 4.600000000000000004e-06
4.842264973059904808e-06 4.600000000000000004e-06
4.957735026840097215e-06 4.600000000000000004e-06
4.957735026840096368e-06 4.600000000000000004e-06
5.042264972959906418e-06 4.600000000000000004e-06
5.042264972959906418e-06 4.600000000000000004e-06
5.157735026740096285e-06 4.600000000000000004e-06
5.157735026740096285e-06 4.600000000000000004e-06
5.042264972959906418e-06 4.600000000000000004e-06
5.042264972959906418e-06 4.600000000000000004e-06
5.157735026740096285e-06 4.600000000000000004e-06
5.157735026740096285e-06 4.600000000000000004e-06
4.842264973059905655e-06 4.600000000000000004e-06
4.842264973059904808e-06 4.600000000000000004e-06
4.957735026840097215e-06 4.600000000000000004e-06
4.957735026840096368e-06 4.600000000000000004e-06
5.242264973059906060e-06 4.600000000000000004e-06
5.242264973059906060e-06 4.600000000000000004e-06
5.357735026840096774e-06 4.600000000000000004e-06
5.357735026840096774e-06 4.600000000000000004e-06
5.442264972959905977e-06 4.600000000000000004e-06
5.442264972959905977e-06 4.600000000000000004e-06
5.557735026740094996e-06 4.600000000000000004e-06
5.557735026740093302e-06 4.600000000000000004e-06
5.442264972959905977e-06 4.600000000000000004e-06
5.442264972959905977e-06 4.600000000000000004e-06
5.557735026740094996e-06 4.600000000000000004e-06
5.557735026740093302e-06 4.600000000000000004e-06
5.242264973059906060e-06 4.600000000000000004e-06
5.242264973059906060e-06 4.600000000000000004e-06
5.357735026840096774e-06 4.600000000000000004e-06
5.357735026840096774e-06 4.600000000000000004e-06
5.642264973059904772e-06 4.600000000000000004e-06
5.642264973059903925e-06 4.600000000000000004e-06
5.757735026840096332e-06 4.600000000000000004e-06
5.757735026840095485e-06 4.600000000000000004e-06
5.842264972959906382e-06 4.600000000000000004e-06
5.842264972959905535e-06 4.600000000000000004e-06
5.957735026740097943e-06 4.600000000000000004e-06
5.957735026740096249e-06 4.600000000000000004e-06
5.842264972959906382e-06 4.600000000000000004e-06
5.842264972959905535e-06 4.600000000000000004e-06
5.957735026740097943e-06 4.600000000000000004e-06
5.957735026740096249e-06 4.600000000000000004e-06
5.642264973059904772e-06 4.600000000000000004e-06
5.642264973059903925e-06 4.600000000000000004e-06
5.757735026840096332e-06 4.600000000000000004e-06
5.757735026840095485e-06 4.600000000000000004e-06
6.042264973059906871e-06 4.600000000000000004e-06
6.042264973059906871e-06 4.600000000000000004e-06
6.157735026840095890e-06 4.600000000000000004e-06
6.157735026840095890e-06 4.600000000000000004e-06
6.242264972959905094e-06 4.600000000000000004e-06
6.242264972959905094e-06 4.600000000000000004e-06
6.457735027019560665e-06 4.542264972980440743e-06
6.357735026740095807e-06 4.600000000000000004e-06
6.242264972959905094e-06 4.600000000000000004e-06
6.242264972959905094e-06 4.600000000000000004e-06
6.357735026740095807e-06 4.600000000000000004e-06
6.357735026740095807e-06 4.600000000000000004e-06
6.042264973059906871e-06 4.600000000000000004e-06
6.042264973059906871e-06 4.600000000000000004e-06
6.157735026840095890e-06 4.600000000000000004e-06
6.157735026840095890e-06 4.600000000000000004e-06
6.400000000000001404e-06 4.600000000000000004e-06
6.400000000000001404e-06 4.600000000000000004e-06
6.457735027019558971e-06 4.542264972980442437e-06
6.400000000000001404e-06 4.600000000000000004e-06
6.600000000141421805e-06 4.399999999858577909e-06
6.542264973121862544e-06 4.457735026878138017e-06
6.657735027019560444e-06 4.342264972980440117e-06
6.600000000141422652e-06 4.399999999858577062e-06
6.500000000070710757e-06 4.499999999929289804e-06
6.442264973192572965e-06 4.557735026807427596e-06
6.557735026948847703e-06 4.442264973051152011e-06
6.500000000070709910e-06 4.499999999929290651e-06
6.495534180200017308e-06 4.504465819799983253e-06
6.425598306537692639e-06 4.574401693462308769e-06
6.541068360293967377e-06 4.458931639706033184e-06
6.437799153321879515e-06 4.562200846678121046e-06
6.562200846819542847e-06 4.437799153180456867e-06
6.458931639847455832e-06 4.541068360152545576e-06
6.574401693603729723e-06 4.425598306396269991e-06
6.504465819941405054e-06 4.495534180058595507e-06
6.700000000070712231e-06 4.299999999929288330e-06
6.584529946173013484e-06 4.415470053826987077e-06
7.115470053680190746e-06 4.200000000000000445e-06
7.115470053680189899e-06 4.200000000000000445e-06
7.284529946119810571e-06 4.200000000000000445e-06
7.284529946119810571e-06 4.200000000000000445e-06
7.515470053680190304e-06 4.200000000000000445e-06
7.515470053680190304e-06 4.200000000000000445e-06
7.684529946119810130e-06 4.200000000000000445e-06
7.684529946119810130e-06 4.200000000000000445e-06
7.915470053680189862e-06 4.200000000000000445e-06
7.915470053680191556e-06 4.200000000000000445e-06
7.999999999999999638e-06 4.200000000000000445e-06
7.999999999999999638e-06 4.200000000000000445e-06
8.015470053968407112e-06 4.184529946031592124e-06
7.999999999999999638e-06 4.200000000000000445e-06
8.784529946031592975e-06 4.184529946031590430e-06
8.899999999929292569e-06 4.299999999929291718e-06
8.899999999929290875e-06 4.299999999929290871e-06
9.015470053826985387e-06 4.415470053826985383e-06
8.942264972980443509e-06 4.342264972980442658e-06
9.000000000000000228e-06 4.400000000000000224e-06
9.000000000000000228e-06 4.400000000000000224e-06
9.057735026878138021e-06 4.457735026878138017e-06
9.042264973051152862e-06 4.442264973051152011e-06
9.099999999929288960e-06 4.499999999929288957e-06
9.099999999929290654e-06 4.499999999929289804e-06
9.157735026807428447e-06 4.557735026807426749e-06
9.142264972980441594e-06 4.542264972980439896e-06
9.199999999858579386e-06 4.599999999858577689e-06
9.200000000000001701e-06 4.600000000000000004e-06
9.200000000000001701e-06 4.600000000000000004e-06
9.025598306396270842e-06 4.425598306396269991e-06
9.095534180058595510e-06 4.495534180058594660e-06
9.037799153180459412e-06 4.437799153180458561e-06
9.141068360152546427e-06 4.541068360152545576e-06
9.058931639706034882e-06 4.458931639706033184e-06
9.162200846678121897e-06 4.562200846678121046e-06
9.104465819799985798e-06 4.504465819799984947e-06
9.174401693462310467e-06 4.574401693462309616e-06
9.142264972980443288e-06 4.542264972980442437e-06
9.242264973059907573e-06 4.600000000000000004e-06
9.357735026840096593e-06 4.600000000000000004e-06
9.357735026840096593e-06 4.600000000000000004e-06
9.442264972959906643e-06 4.600000000000000004e-06
9.442264972959906643e-06 4.600000000000000004e-06
9.557735026740095662e-06 4.600000000000000004e-06
9.557735026740095662e-06 4.600000000000000004e-06
9.442264972959906643e-06 4.600000000000000004e-06
9.442264972959906643e-06 4.600000000000000004e-06
9.557735026740095662e-06 4.600000000000000004e-06
9.557735026740095662e-06 4.600000000000000004e-06
9.242264973059909267e-06 4.600000000000000004e-06
9.242264973059907573e-06 4.600000000000000004e-06
9.357735026840096593e-06 4.600000000000000004e-06
9.357735026840096593e-06 4.600000000000000004e-06
9.642264973059907132e-06 4.600000000000000004e-06
9.642264973059907132e-06 4.600000000000000004e-06
9.757735026840096151e-06 4.600000000000000004e-06
9.757735026840094457e-06 4.600000000000000004e-06
9.842264972959906201e-06 4.600000000000000004e-06
9.842264972959906201e-06 4.600000000000000004e-06
9.957735026740096915e-06 4.600000000000000004e-06
9.957735026740096915e-06 4.600000000000000004e-06
9.842264972959906201e-06 4.600000000000000004e-06
9.842264972959906201e-06 4.600000000000000004e-06
9.957735026740096915e-06 4.600000000000000004e-06
9.957735026740096915e-06 4.600000000000000004e-06
9.642264973059907132e-06 4.600000000000000004e-06
9.642264973059907132e-06 4.600000000000000004e-06
9.757735026840096151e-06 4.600000000000000004e-06
9.757735026840094457e-06 4.600000000000000004e-06
-8.400000000000000890e-06 8.600000000000000670e-06
-8.400000000000000890e-06 8.600000000000000670e-06
-8.400000000000000890e-06 8.600000000000000670e-06
-8.400000000000000890e-06 8.600000000000000670e-06
-8.400000000000000890e-06 8.600000000000000670e-06
-8.400000000000000890e-06 8.600000000000000670e-06
-8.400000000000000890e-06 8.600000000000000670e-06
-8.400000000000000890e-06 8.600000000000000670e-06
-8.400000000000000890e-06 8.600000000000000670e-06
-8.400000000000000890e-06 8.600000000000000670e-06
-7.200000000000000521e-06 8.200000000000001111e-06
-7.200000000000000521e-06 8.200000000000001111e-06
-7.200000000000000521e-06 8.200000000000001111e-06
-7.200000000000000521e-06 8.200000000000001111e-06
-6.000000000000000152e-06 7.400000000000001994e-06
-7.200000000000000521e-06 8.200000000000001111e-06
-6.000000000000000152e-06 7.400000000000001994e-06
-6.015470053826995475e-06 7.415470053826997318e-06
-6.000000000000000152e-06 7.400000000000001994e-06
-6.000000000000000152e-06 7.400000000000001994e-06
-6.000000000000000152e-06 7.400000000000001994e-06
-6.000000000000000152e-06 7.400000000000001994e-06
-6.000000000000000152e-06 7.400000000000001994e-06
-6.000000000000000152e-06 7.400000000000001994e-06
-6.000000000000000152e-06 7.400000000000001994e-06
-6.000000000000000152e-06 7.400000000000001994e-06
-6.000000000000000152e-06 7.400000000000001994e-06
-6.000000000000000152e-06 7.400000000000001994e-06
-6.000000000000000152e-06 7.400000000000001994e-06
-6.000000000000000152e-06 7.400000000000001994e-06
-6.000000000000000152e-06 7.400000000000001994e-06
-6.000000000000000152e-06 7.400000000000001994e-06
-4.899999999929283433e-06 6.699999999929283140e-06
-6.000000000000000152e-06 7.400000000000001994e-06
-4.800000000000000630e-06 6.599999999999999490e-06
-4.899999999929284280e-06 6.699999999929283987e-06
-4.800000000000000630e-06 6.599999999999999490e-06
-4.815470053826980707e-06 6.615470053826980413e-06
-4.800000000000000630e-06 6.599999999999999490e-06
-4.800000000000000630e-06 6.599999999999999490e-06
-4.800000000000000630e-06 6.599999999999999490e-06
-4.800000000000000630e-06 6.599999999999999490e-06
-4.800000000000000630e-06 6.599999999999999490e-06
-4.800000000000000630e-06 6.599999999999999490e-06
-4.800000000000000630e-06 6.599999999999999490e-06
-4.800000000000000630e-06 6.599999999999999490e-06
-4.800000000000000630e-06 6.599999999999999490e-06
-4.800000000000000630e-06 6.599999999999999490e-06
-4.800000000000000630e-06 6.599999999999999490e-06
-4.800000000000000630e-06 6.599999999999999490e-06
-4.800000000000000630e-06 6.599999999999999490e-06
-4.800000000000000630e-06 6.599999999999999490e-06
-4.715470053880191427e-06 6.599999999999999490e-06
-4.715470053880191427e-06 6.599999999999999490e-06
-3.600000000000000261e-06 6.199999999999999931e-06
-3.600000000000000261e-06 6.199999999999999931e-06
-3.600000000000000261e-06 6.199999999999999931e-06
-3.600000000000000261e-06 6.199999999999999931e-06
-3.600000000000000261e-06 6.199999999999999931e-06
-3.600000000000000261e-06 6.199999999999999931e-06
-3.600000000000000261e-06 6.199999999999999931e-06
-3.600000000000000261e-06 6.199999999999999931e-06
-2.784529946031589011e-06 5.784529946031589511e-06
-3.600000000000000261e-06 6.199999999999999931e-06
-2.699999999929286709e-06 5.699999999929285938e-06
-2.815470053826983338e-06 5.815470053826983838e-06
-2.584529946031597702e-06 5.584529946031596508e-06
-2.699999999929287979e-06 5.699999999929287632e-06
-2.499999999929293706e-06 5.499999999929292935e-06
-2.615470053826985253e-06 5.615470053826984059e-06
-2.384529946031591147e-06 5.384529946031591646e-06
-2.499999999929292859e-06 5.499999999929292088e-06
-2.299999999929288844e-06 5.299999999929288920e-06
-2.415470053826988438e-06 5.415470053826989362e-06
-2.184529946031593909e-06 5.184529946031594408e-06
-2.299999999929289268e-06 5.299999999929289767e-06
-2.099999999929289912e-06 5.099999999929290835e-06
-2.157735026807428552e-06 5.157735026807428628e-06
-2.042264973051152543e-06 5.042264973051153890e-06
-2.099999999929290336e-06 5.099999999929291682e-06
-2.200000000000000959e-06 5.200000000000001035e-06
-2.257735026878137905e-06 5.257735026878137981e-06
-2.142264972980442969e-06 5.142264972980443469e-06
-2.200000000000000959e-06 5.200000000000001035e-06
-2.000000000000000333e-06 5.000000000000002103e-06
-2.057735026878138549e-06 5.057735026878139896e-06
-1.942264972980440226e-06 4.942264972980441996e-06
-1.999999999999999486e-06 5.000000000000001256e-06
-2.104465819799985056e-06 5.104465819799985979e-06
-2.174401693462309301e-06 5.174401693462309801e-06
-2.058931639706033716e-06 5.058931639706035063e-06
-2.162200846678122425e-06 5.162200846678122925e-06
-2.037799153180457823e-06 5.037799153180458746e-06
-2.141068360152545685e-06 5.141068360152546608e-06
-2.025598306396270100e-06 5.025598306396271870e-06
-2.095534180058595192e-06 5.095534180058595691e-06
-1.999999999999999909e-06 5.000000000000002103e-06
-2.057735026878136855e-06 5.057735026878138202e-06
-1.942264972980441920e-06 4.942264972980442843e-06
-1.999999999999999486e-06 5.000000000000001256e-06
-1.799999999999999707e-06 4.799999999999999783e-06
-1.857735026878138346e-06 4.857735026878139269e-06
-1.742264972980441293e-06 4.742264972980441369e-06
-1.799999999999999707e-06 4.799999999999999783e-06
-1.899999999929290556e-06 4.899999999929291903e-06
-1.957735026807427502e-06 4.957735026807428849e-06
-1.842264973051153399e-06 4.842264973051154110e-06
-1.899999999929290768e-06 4.899999999929291903e-06
-1.904465819799982736e-06 4.904465819799983659e-06
-1.974401693462308252e-06 4.974401693462310022e-06
-1.858931639706033090e-06 4.858931639706033589e-06
-1.962200846678120952e-06 4.962200846678122298e-06
-1.837799153180456985e-06 4.837799153180457273e-06
-1.941068360152545482e-06 4.941068360152546829e-06
-1.825598306396270320e-06 4.825598306396270396e-06
-1.895534180058595201e-06 4.895534180058595912e-06
-1.699999999929289507e-06 4.699999999929289583e-06
-1.815470053826987619e-06 4.815470053826987483e-06
-1.284529946319810568e-06 4.600000000000000004e-06
-1.284529946319810145e-06 4.600000000000000004e-06
-1.115470053880190743e-06 4.600000000000000004e-06
-1.115470053880190743e-06 4.600000000000000004e-06
-8.845299463198105864e-07 4.600000000000000004e-06
-8.845299463198105864e-07 4.600000000000000004e-06
-8.000000000000008108e-07 4.600000000000000004e-06
-8.000000000000008108e-07 4.600000000000000004e-06
-7.845299460315916429e-07 4.584529946031590836e-06
-8.000000000000008108e-07 4.600000000000000004e-06
-6.999999999292876462e-07 4.499999999929287262e-06
-8.000000000000008108e-07 4.600000000000000004e-06
5.999999999999993376e-07 4.799999999999999783e-06
5.999999999999993376e-07 4.799999999999999783e-06
5.999999999999993376e-07 4.799999999999999783e-06
5.999999999999993376e-07 4.799999999999999783e-06
5.999999999999993376e-07 4.799999999999999783e-06
6.154700538269865082e-07 4.815470053826986636e-06
5.999999999999993376e-07 4.799999999999999783e-06
5.999999999999993376e-07 4.799999999999999783e-06
5.999999999999993376e-07 4.799999999999999783e-06
6.577350268781377654e-07 4.857735026878138422e-06
6.422649730511522888e-07 4.842264973051152416e-06
6.999999999292892344e-07 4.899999999929289362e-06
6.999999999292899755e-07 4.899999999929290209e-06
7.577350268074273446e-07 4.957735026807428002e-06
7.422649729804416562e-07 4.942264972980441996e-06
7.999999998585787077e-07 4.999999999858578941e-06
8.000000000000012343e-07 5.000000000000001256e-06
8.577350268781386034e-07 5.057735026878139049e-06
6.255983063962695276e-07 4.825598306396269549e-06
6.955341800585952552e-07 4.895534180058595912e-06
6.377991531804573568e-07 4.837799153180458120e-06
7.410683601525459598e-07 4.941068360152545982e-06
6.589316397060328266e-07 4.858931639706033589e-06
7.622008466781218531e-07 4.962200846678122298e-06
7.044658197999840605e-07 4.904465819799984506e-06
7.744016934623092587e-07 4.974401693462310022e-06
7.422649729804410210e-07 4.942264972980441149e-06
7.999999998585793429e-07 4.999999999858579788e-06
7.999999998585792370e-07 4.999999999858579788e-06
8.577350268781382858e-07 5.057735026878139049e-06
8.422649730511516445e-07 5.042264973051152196e-06
8.999999999292898606e-07 5.099999999929289988e-06
8.999999999292898606e-07 5.099999999929289988e-06
9.577350268074275473e-07 5.157735026807427781e-06
9.422649729804420707e-07 5.142264972980442622e-06
9.999999998585791221e-07 5.199999999858579567e-06
1.000000000000000590e-06 5.200000000000001035e-06
1.057735026878138594e-06 5.257735026878138828e-06
8.589316397060344057e-07 5.058931639706035063e-06
9.622008466781218441e-07 5.162200846678122078e-06
9.044658197999848985e-07 5.104465819799985132e-06
9.744016934623095673e-07 5.174401693462309801e-06
8.255983063962713185e-07 5.025598306396271870e-06
8.955341800585956697e-07 5.095534180058596538e-06
8.377991531804586183e-07 5.037799153180458746e-06
9.410683601525464802e-07 5.141068360152546608e-06
9.845299460315924809e-07 5.184529946031592714e-06
1.099999999929289534e-06 5.299999999929289767e-06
1.599999999999999928e-06 5.400000000000000814e-06
1.599999999999999928e-06 5.400000000000000814e-06
1.684529946119809766e-06 5.400000000000000814e-06
1.684529946119809766e-06 5.400000000000000814e-06
1.915470053680189710e-06 5.400000000000000814e-06
1.915470053680189710e-06 5.400000000000000814e-06
2.084529946119809960e-06 5.400000000000000814e-06
2.084529946119809960e-06 5.400000000000000814e-06
2.315470053680190539e-06 5.400000000000000814e-06
2.315470053680190963e-06 5.400000000000000814e-06
2.484529946119811212e-06 5.400000000000000814e-06
2.484529946119811212e-06 5.400000000000000814e-06
2.715470053680190945e-06 5.400000000000000814e-06
2.715470053680190945e-06 5.400000000000000814e-06
2.884529946119810347e-06 5.400000000000000814e-06
2.884529946119810770e-06 5.400000000000000814e-06
3.415470053968406685e-06 5.184529946031594408e-06
3.300000000070710479e-06 5.299999999929290614e-06
3.500000000070710258e-06 5.099999999929290835e-06
3.442264973192572042e-06 5.157735026807428628e-06
3.557735026948848051e-06 5.042264973051153890e-06
3.500000000070710258e-06 5.099999999929291682e-06
3.399999999999999634e-06 5.200000000000001035e-06
3.342264973121862265e-06 5.257735026878138828e-06
3.457735027019558048e-06 5.142264972980443469e-06
3.399999999999999634e-06 5.200000000000001035e-06
3.600000000000000261e-06 5.000000000000002103e-06
3.542264973121862045e-06 5.057735026878139896e-06
3.600000000000001108e-06 5.000000000000001256e-06
3.600000000000001108e-06 5.000000000000001256e-06
3.495534180200015538e-06 5.104465819799985979e-06
3.425598306537691292e-06 5.174401693462309801e-06
3.541068360293966877e-06 5.058931639706035063e-06
3.437799153321878169e-06 5.162200846678122925e-06
3.562200846819542771e-06 5.037799153180458746e-06
3.458931639847454909e-06 5.141068360152546608e-06
3.574401693603730494e-06 5.025598306396271870e-06
3.504465819941405402e-06 5.095534180058595691e-06
3.642264973059905709e-06 5.000000000000001256e-06
3.642264973059906133e-06 5.000000000000001256e-06
3.757735026840095999e-06 5.000000000000001256e-06
3.757735026840096423e-06 5.000000000000001256e-06
3.842264972959906049e-06 5.000000000000001256e-06
3.842264972959906049e-06 5.000000000000001256e-06
4.057735027019560774e-06 4.942264972980441149e-06
3.957735026740095916e-06 5.000000000000001256e-06
3.842264972959906049e-06 5.000000000000001256e-06
3.842264972959906049e-06 5.000000000000001256e-06
3.957735026740095916e-06 5.000000000000001256e-06
3.957735026740095916e-06 5.000000000000001256e-06
3.642264973059905709e-06 5.000000000000001256e-06
3.542264973121863739e-06 5.057735026878138202e-06
3.757735026840095999e-06 5.000000000000001256e-06
3.757735026840096423e-06 5.000000000000001256e-06
4.000000000000000666e-06 5.000000000000001256e-06
4.000000000000000666e-06 5.000000000000001256e-06
4.057735027019558232e-06 4.942264972980442843e-06
4.000000000000000666e-06 5.000000000000001256e-06
4.200000000000000445e-06 4.799999999999999783e-06
4.142264973121861806e-06 4.857735026878138422e-06
4.257735027019558859e-06 4.742264972980441369e-06
4.200000000000000445e-06 4.799999999999999783e-06
4.100000000070710019e-06 4.899999999929291056e-06
4.042264973192573073e-06 4.957735026807428849e-06
4.157735026948846965e-06 4.842264973051153263e-06
4.100000000070710019e-06 4.899999999929291056e-06
4.095534180200017416e-06 4.904465819799983659e-06
4.025598306537691900e-06 4.974401693462310022e-06
4.141068360293966639e-06 4.858931639706033589e-06
4.037799153321879624e-06 4.962200846678122298e-06
4.162200846819542955e-06 4.837799153180457273e-06
4.058931639847455094e-06 4.941068360152545982e-06
4.174401693603729832e-06 4.825598306396270396e-06
4.104465819941405163e-06 4.895534180058595912e-06
4.300000000070710645e-06 4.699999999929289583e-06
4.184529946173012745e-06 4.815470053826987483e-06
4.715470053680190007e-06 4.600000000000000004e-06
4.715470053680190007e-06 4.600000000000000004e-06
4.884529946119809833e-06 4.600000000000000004e-06
4.884529946119809833e-06 4.600000000000000004e-06
5.115470053680191260e-06 4.600000000000000004e-06
5.115470053680190413e-06 4.600000000000000004e-06
5.284529946119811085e-06 4.600000000000000004e-06
5.284529946119810238e-06 4.600000000000000004e-06
5.515470053680189971e-06 4.600000000000000004e-06
5.515470053680189124e-06 4.600000000000000004e-06
5.684529946119809797e-06 4.600000000000000004e-06
5.684529946119808950e-06 4.600000000000000004e-06
5.915470053680192071e-06 4.600000000000000004e-06
5.915470053680191223e-06 4.600000000000000004e-06
6.084529946119811896e-06 4.600000000000000004e-06
6.084529946119811896e-06 4.600000000000000004e-06
6.315470053680191629e-06 4.600000000000000004e-06
6.315470053680191629e-06 4.600000000000000004e-06
6.400000000000001404e-06 4.600000000000000004e-06
6.400000000000001404e-06 4.600000000000000004e-06
6.415470053968407184e-06 4.584529946031594224e-06
6.400000000000001404e-06 4.600000000000000004e-06
6.500000000070709910e-06 4.499999999929290651e-06
6.400000000000001404e-06 4.600000000000000004e-06
7.115470053680190746e-06 4.200000000000000445e-06
6.500000000070707369e-06 4.499999999929293192e-06
7.284529946119810571e-06 4.200000000000000445e-06
7.284529946119810571e-06 4.200000000000000445e-06
7.515470053680190304e-06 4.200000000000000445e-06
7.515470053680190304e-06 4.200000000000000445e-06
7.684529946119810130e-06 4.200000000000000445e-06
7.684529946119810130e-06 4.200000000000000445e-06
7.915470053680189862e-06 4.200000000000000445e-06
7.915470053680191556e-06 4.200000000000000445e-06
7.999999999999999638e-06 4.200000000000000445e-06
7.999999999999999638e-06 4.200000000000000445e-06
7.999999999999999638e-06 4.200000000000000445e-06
7.999999999999999638e-06 4.200000000000000445e-06
8.984529946031594448e-06 4.384529946031594445e-06
9.099999999929287266e-06 4.499999999929287262e-06
9.099999999929288960e-06 4.499999999929288110e-06
9.200000000000001701e-06 4.600000000000000004e-06
9.184529946031594227e-06 4.584529946031591683e-06
9.200000000000001701e-06 4.600000000000000004e-06
9.200000000000001701e-06 4.600000000000000004e-06
9.200000000000001701e-06 4.600000000000000004e-06
9.284529946119813445e-06 4.600000000000000004e-06
9.284529946119811751e-06 4.600000000000000004e-06
9.515470053680193178e-06 4.600000000000000004e-06
9.515470053680193178e-06 4.600000000000000004e-06
9.684529946119811310e-06 4.600000000000000004e-06
9.684529946119811310e-06 4.600000000000000004e-06
9.915470053680192737e-06 4.600000000000000004e-06
9.915470053680191042e-06 4.600000000000000004e-06
-8.400000000000000890e-06 8.600000000000000670e-06
-8.400000000000000890e-06 8.600000000000000670e-06
-8.400000000000000890e-06 8.600000000000000670e-06
-8.400000000000000890e-06 8.600000000000000670e-06
-8.400000000000000890e-06 8.600000000000000670e-06
-8.400000000000000890e-06 8.600000000000000670e-06
-8.400000000000000890e-06 8.600000000000000670e-06
-8.400000000000000890e-06 8.600000000000000670e-06
-8.400000000000000890e-06 8.600000000000000670e-06
-8.400000000000000890e-06 8.600000000000000670e-06
-8.400000000000000890e-06 8.600000000000000670e-06
-8.400000000000000890e-06 8.600000000000000670e-06
-7.200000000000000521e-06 8.200000000000001111e-06
-7.200000000000000521e-06 8.200000000000001111e-06
-7.200000000000000521e-06 8.200000000000001111e-06
-7.200000000000000521e-06 8.200000000000001111e-06
-7.200000000000000521e-06 8.200000000000001111e-06
-7.200000000000000521e-06 8.200000000000001111e-06
-6.000000000000000152e-06 7.400000000000001994e-06
-6.099999999929298201e-06 7.499999999929299197e-06
-6.000000000000000152e-06 7.400000000000001994e-06
-6.015470053826993781e-06 7.415470053826994777e-06
-6.000000000000000152e-06 7.400000000000001994e-06
-6.000000000000000152e-06 7.400000000000001994e-06
-6.000000000000000152e-06 7.400000000000001994e-06
-6.000000000000000152e-06 7.400000000000001994e-06
-6.000000000000000152e-06 7.400000000000001994e-06
-6.000000000000000152e-06 7.400000000000001994e-06
-6.000000000000000152e-06 7.400000000000001994e-06
-6.000000000000000152e-06 7.400000000000001994e-06
-6.000000000000000152e-06 7.400000000000001994e-06
-6.000000000000000152e-06 7.400000000000001994e-06
-6.000000000000000152e-06 7.400000000000001994e-06
-6.000000000000000152e-06 7.400000000000001994e-06
-4.984529946031587853e-06 6.784529946031588407e-06
-6.000000000000000152e-06 7.400000000000001994e-06
-4.899999999929285127e-06 6.699999999929284834e-06
-5.015470053826991497e-06 6.815470053826992051e-06
-4.800000000000000630e-06 6.599999999999999490e-06
-4.899999999929285127e-06 6.699999999929284834e-06
-4.800000000000000630e-06 6.599999999999999490e-06
-4.815470053826982401e-06 6.615470053826981260e-06
-4.800000000000000630e-06 6.599999999999999490e-06
-4.800000000000000630e-06 6.599999999999999490e-06
-4.800000000000000630e-06 6.599999999999999490e-06
-4.800000000000000630e-06 6.599999999999999490e-06
-4.800000000000000630e-06 6.599999999999999490e-06
-4.800000000000000630e-06 6.599999999999999490e-06
-4.800000000000000630e-06 6.599999999999999490e-06
-4.800000000000000630e-06 6.599999999999999490e-06
-4.800000000000000630e-06 6.599999999999999490e-06
-4.800000000000000630e-06 6.599999999999999490e-06
-4.715470053880191427e-06 6.599999999999999490e-06
-4.715470053880191427e-06 6.599999999999999490e-06
-3.600000000000000261e-06 6.199999999999999931e-06
-4.484529946319810847e-06 6.599999999999999490e-06
-3.600000000000000261e-06 6.199999999999999931e-06
-3.615470053826983302e-06 6.215470053826983396e-06
-3.600000000000000261e-06 6.199999999999999931e-06
-3.600000000000000261e-06 6.199999999999999931e-06
-3.600000000000000261e-06 6.199999999999999931e-06
-3.600000000000000261e-06 6.199999999999999931e-06
-3.600000000000000261e-06 6.199999999999999931e-06
-3.600000000000000261e-06 6.199999999999999931e-06
-2.899999999929287335e-06 5.899999999929288258e-06
-3.515470053880190210e-06 6.199999999999999931e-06
-2.784529946031591129e-06 5.784529946031591205e-06
-2.899999999929287335e-06 5.899999999929288258e-06
-2.699999999929288826e-06 5.699999999929287632e-06
-2.815470053826984609e-06 5.815470053826984685e-06
-2.584529946031596008e-06 5.584529946031594814e-06
-2.699999999929289250e-06 5.699999999929288479e-06
-2.499999999929292012e-06 5.499999999929291241e-06
-2.557735026807429804e-06 5.557735026807429033e-06
-2.442264973051154219e-06 5.442264973051154295e-06
-2.499999999929291165e-06 5.499999999929290394e-06
-2.600000000000000518e-06 5.599999999999998900e-06
-2.657735026878137887e-06 5.657735026878136692e-06
-2.542264972980443375e-06 5.542264972980442180e-06
-2.600000000000000518e-06 5.599999999999998900e-06
-2.400000000000001585e-06 5.400000000000002508e-06
-2.457735026878138955e-06 5.457735026878139454e-06
-2.342264972980441478e-06 5.342264972980442401e-06
-2.400000000000000315e-06 5.400000000000000814e-06
-2.504465819799985461e-06 5.504465819799984690e-06
-2.574401693462309283e-06 5.574401693462308512e-06
-2.458931639706034122e-06 5.458931639706034621e-06
-2.562200846678121983e-06 5.562200846678120789e-06
-2.437799153180458228e-06 5.437799153180458304e-06
-2.541068360152545667e-06 5.541068360152545319e-06
-2.425598306396270505e-06 5.425598306396271428e-06
-2.495534180058594750e-06 5.495534180058594403e-06
-2.400000000000000315e-06 5.400000000000000814e-06
-2.457735026878136837e-06 5.457735026878136913e-06
-2.342264972980442325e-06 5.342264972980443248e-06
-2.399999999999999891e-06 5.400000000000000814e-06
-2.199999999858579491e-06 5.199999999858579567e-06
-2.257735026878138752e-06 5.257735026878138828e-06
-2.142264972980441275e-06 5.142264972980441775e-06
-2.199999999858578221e-06 5.199999999858577873e-06
-2.299999999929290538e-06 5.299999999929291461e-06
-2.357735026807427060e-06 5.357735026807428407e-06
-2.242264973051152746e-06 5.242264973051152822e-06
-2.299999999929289268e-06 5.299999999929289767e-06
-2.304465819799983988e-06 5.304465819799984064e-06
-2.374401693462308657e-06 5.374401693462309580e-06
-2.258931639706034342e-06 5.258931639706034842e-06
-2.362200846678121357e-06 5.362200846678121857e-06
-2.237799153180458449e-06 5.237799153180458525e-06
-2.341068360152545887e-06 5.341068360152546387e-06
-2.225598306396271573e-06 5.225598306396271649e-06
-2.295534180058595818e-06 5.295534180058596318e-06
-2.099999999929288642e-06 5.099999999929289988e-06
-2.215470053826986118e-06 5.215470053826986194e-06
-1.984529946031593706e-06 4.984529946031595476e-06
-2.099999999929287371e-06 5.099999999929288294e-06
-1.899999999929291404e-06 4.899999999929291903e-06
-2.015470053826982951e-06 5.015470053826984721e-06
-1.284529946319810568e-06 4.600000000000000004e-06
-1.899999999929291827e-06 4.899999999929292750e-06
-1.115470053880190743e-06 4.600000000000000004e-06
-1.115470053880190743e-06 4.600000000000000004e-06
-8.845299463198105864e-07 4.600000000000000004e-06
-8.845299463198105864e-07 4.600000000000000004e-06
-8.000000000000008108e-07 4.600000000000000004e-06
-8.000000000000008108e-07 4.600000000000000004e-06
-8.000000000000008108e-07 4.600000000000000004e-06
-8.000000000000008108e-07 4.600000000000000004e-06
-8.000000000000008108e-07 4.600000000000000004e-06
-8.000000000000008108e-07 4.600000000000000004e-06
5.999999999999993376e-07 4.799999999999999783e-06
6.154700538269860847e-07 4.815470053826986636e-06
5.999999999999993376e-07 4.799999999999999783e-06
6.999999999292887050e-07 4.899999999929289362e-06
6.999999999292896579e-07 4.899999999929290209e-06
8.154700538269858639e-07 5.015470053826986415e-06
7.845299460315929134e-07 4.984529946031592935e-06
8.999999999292885900e-07 5.099999999929289141e-06
8.999999999292900724e-07 5.099999999929290835e-06
1.015470053826986384e-06 5.215470053826987041e-06
9.422649729804416472e-07 5.142264972980441775e-06
1.000000000000000590e-06 5.200000000000001035e-06
1.000000000000000590e-06 5.200000000000001035e-06
1.057735026878138171e-06 5.257735026878138828e-06
1.042264973051152588e-06 5.242264973051152822e-06
1.099999999929289322e-06 5.299999999929289767e-06
1.099999999929290381e-06 5.299999999929290614e-06
1.157735026807426903e-06 5.357735026807427560e-06
1.142264972980441956e-06 5.342264972980442401e-06
1.199999999858578478e-06 5.399999999858578499e-06
1.200000000000000369e-06 5.400000000000000814e-06
1.257735026878137315e-06 5.457735026878136913e-06
1.025598306396270780e-06 5.225598306396270802e-06
1.095534180058595872e-06 5.295534180058596318e-06
1.037799153180458503e-06 5.237799153180458525e-06
1.141068360152545730e-06 5.341068360152546387e-06
1.058931639706033761e-06 5.258931639706033995e-06
1.162200846678122047e-06 5.362200846678122704e-06
1.104465819799984678e-06 5.304465819799984911e-06
1.174401693462308923e-06 5.374401693462309580e-06
1.142264972980441532e-06 5.342264972980442401e-06
1.200000000000000369e-06 5.400000000000000814e-06
1.200000000000000369e-06 5.400000000000000814e-06
1.257735026878138585e-06 5.457735026878138607e-06
1.599999999999999081e-06 5.400000000000001661e-06
1.542264973121861500e-06 5.457735026878138607e-06
1.599999999999999928e-06 5.400000000000000814e-06
1.599999999999999928e-06 5.400000000000000814e-06
1.258931639706034388e-06 5.458931639706034621e-06
1.362200846678121614e-06 5.562200846678120789e-06
1.304465819799985092e-06 5.504465819799984690e-06
1.374401693462309126e-06 5.574401693462307665e-06
1.495534180200015205e-06 5.504465819799984690e-06
1.425598306537691171e-06 5.574401693462307665e-06
1.541068360293966121e-06 5.458931639706034621e-06
1.437799153321878683e-06 5.562200846678120789e-06
1.225598306396270983e-06 5.425598306396271428e-06
1.295534180058595016e-06 5.495534180058594403e-06
1.237799153180458494e-06 5.437799153180458304e-06
1.341068360152545721e-06 5.541068360152545319e-06
1.562200846819542014e-06 5.437799153180458304e-06
1.458931639847454788e-06 5.541068360152544472e-06
1.574401693603729526e-06 5.425598306396271428e-06
1.504465819941405492e-06 5.495534180058594403e-06
1.642264973059905164e-06 5.400000000000000814e-06
1.642264973059904953e-06 5.400000000000000814e-06
1.757735026840095243e-06 5.400000000000000814e-06
1.757735026840095031e-06 5.400000000000000814e-06
1.842264972959904869e-06 5.400000000000000814e-06
1.842264972959904869e-06 5.400000000000000814e-06
1.957735026740094312e-06 5.400000000000000814e-06
1.957735026740094735e-06 5.400000000000000814e-06
1.842264972959904869e-06 5.400000000000000814e-06
1.842264972959904869e-06 5.400000000000000814e-06
1.957735026740094312e-06 5.400000000000000814e-06
1.957735026740094735e-06 5.400000000000000814e-06
1.642264973059905164e-06 5.400000000000000814e-06
1.542264973121862982e-06 5.457735026878136913e-06
1.757735026840095243e-06 5.400000000000000814e-06
1.757735026840095031e-06 5.400000000000000814e-06
2.042264973059904511e-06 5.400000000000000814e-06
2.042264973059904511e-06 5.400000000000000814e-06
2.157735026840095648e-06 5.400000000000000814e-06
2.157735026840095648e-06 5.400000000000000814e-06
2.242264972959906122e-06 5.400000000000000814e-06
2.242264972959906122e-06 5.400000000000000814e-06
2.357735026740095988e-06 5.400000000000000814e-06
2.357735026740095988e-06 5.400000000000000814e-06
2.242264972959906122e-06 5.400000000000000814e-06
2.242264972959906122e-06 5.400000000000000814e-06
2.357735026740095988e-06 5.400000000000000814e-06
2.357735026740095988e-06 5.400000000000000814e-06
2.042264973059904511e-06 5.400000000000000814e-06
2.042264973059904511e-06 5.400000000000000814e-06
2.157735026840095648e-06 5.400000000000000814e-06
2.157735026840095648e-06 5.400000000000000814e-06
2.442264973059905763e-06 5.400000000000000814e-06
2.442264973059905763e-06 5.400000000000000814e-06
2.557735026840096053e-06 5.400000000000000814e-06
2.557735026840096053e-06 5.400000000000000814e-06
2.642264972959905680e-06 5.400000000000000814e-06
2.642264972959905680e-06 5.400000000000000814e-06
2.757735026740095546e-06 5.400000000000000814e-06
2.757735026740095546e-06 5.400000000000000814e-06
2.642264972959905680e-06 5.400000000000000814e-06
2.642264972959905680e-06 5.400000000000000814e-06
2.757735026740095546e-06 5.400000000000000814e-06
2.757735026740095546e-06 5.400000000000000814e-06
2.442264973059905763e-06 5.400000000000000814e-06
2.442264973059905763e-06 5.400000000000000814e-06
2.557735026840096053e-06 5.400000000000000814e-06
2.557735026840096053e-06 5.400000000000000814e-06
2.842264973059905322e-06 5.400000000000000814e-06
2.842264973059905322e-06 5.400000000000000814e-06
2.957735026840095188e-06 5.400000000000000814e-06
2.957735026840095188e-06 5.400000000000000814e-06
3.042264972959905238e-06 5.400000000000000814e-06
3.042264972959905238e-06 5.400000000000000814e-06
3.257735027019558692e-06 5.342264972980442401e-06
3.157735026740095528e-06 5.400000000000000814e-06
3.042264972959905238e-06 5.400000000000000814e-06
3.042264972959905238e-06 5.400000000000000814e-06
3.157735026740095528e-06 5.400000000000000814e-06
3.157735026740095528e-06 5.400000000000000814e-06
2.842264973059905322e-06 5.400000000000000814e-06
2.842264973059905322e-06 5.400000000000000814e-06
2.957735026840095188e-06 5.400000000000000814e-06
2.957735026840095188e-06 5.400000000000000814e-06
3.199999999999999855e-06 5.400000000000000814e-06
3.199999999999999855e-06 5.400000000000000814e-06
3.257735027019558269e-06 5.342264972980442401e-06
3.199999999999999855e-06 5.400000000000000814e-06
3.400000000141421102e-06 5.199999999858579567e-06
3.342264973121861842e-06 5.257735026878138828e-06
3.457735027019559318e-06 5.142264972980441775e-06
3.400000000141422373e-06 5.199999999858577873e-06
3.300000000070710055e-06 5.299999999929290614e-06
3.242264973192573533e-06 5.357735026807427560e-06
3.357735026948848271e-06 5.242264973051152822e-06
3.300000000070711749e-06 5.299999999929288920e-06
3.295534180200016182e-06 5.304465819799984064e-06
3.225598306537691090e-06 5.374401693462309580e-06
3.341068360293966251e-06 5.258931639706034842e-06
3.237799153321878813e-06 5.362200846678121857e-06
3.362200846819542145e-06 5.237799153180458525e-06
3.258931639847454283e-06 5.341068360152546387e-06
3.374401693603729021e-06 5.225598306396271649e-06
3.304465819941404776e-06 5.295534180058595471e-06
3.500000000070711952e-06 5.099999999929289141e-06
3.384529946173014899e-06 5.215470053826985347e-06
3.915470053680190890e-06 5.000000000000001256e-06
3.915470053680190890e-06 5.000000000000001256e-06
4.000000000000000666e-06 5.000000000000001256e-06
4.000000000000000666e-06 5.000000000000001256e-06
4.015470053968407293e-06 4.984529946031594629e-06
4.000000000000000666e-06 5.000000000000001256e-06
4.100000000070709172e-06 4.899999999929291903e-06
4.000000000000000666e-06 5.000000000000001256e-06
4.715470053680190007e-06 4.600000000000000004e-06
4.100000000070708325e-06 4.899999999929292750e-06
4.884529946119809833e-06 4.600000000000000004e-06
4.884529946119809833e-06 4.600000000000000004e-06
5.115470053680191260e-06 4.600000000000000004e-06
5.115470053680190413e-06 4.600000000000000004e-06
5.284529946119811085e-06 4.600000000000000004e-06
5.284529946119810238e-06 4.600000000000000004e-06
5.515470053680189971e-06 4.600000000000000004e-06
5.515470053680189124e-06 4.600000000000000004e-06
5.684529946119809797e-06 4.600000000000000004e-06
5.684529946119808950e-06 4.600000000000000004e-06
5.915470053680192071e-06 4.600000000000000004e-06
5.915470053680191223e-06 4.600000000000000004e-06
6.084529946119811896e-06 4.600000000000000004e-06
6.084529946119811896e-06 4.600000000000000004e-06
6.315470053680191629e-06 4.600000000000000004e-06
6.315470053680191629e-06 4.600000000000000004e-06
6.400000000000001404e-06 4.600000000000000004e-06
6.400000000000001404e-06 4.600000000000000004e-06
6.400000000000001404e-06 4.600000000000000004e-06
6.400000000000001404e-06 4.600000000000000004e-06
6.400000000000001404e-06 4.600000000000000004e-06
6.400000000000001404e-06 4.600000000000000004e-06
6.415470053968404643e-06 4.584529946031595918e-06
6.400000000000001404e-06 4.600000000000000004e-06
7.284529946119810571e-06 4.200000000000000445e-06
6.400000000000001404e-06 4.600000000000000004e-06
7.515470053680190304e-06 4.200000000000000445e-06
7.515470053680190304e-06 4.200000000000000445e-06
7.684529946119810130e-06 4.200000000000000445e-06
7.684529946119810130e-06 4.200000000000000445e-06
7.915470053680189862e-06 4.200000000000000445e-06
7.915470053680191556e-06 4.200000000000000445e-06
7.999999999999999638e-06 4.200000000000000445e-06
7.999999999999999638e-06 4.200000000000000445e-06
9.099999999929287266e-06 4.499999999929285568e-06
9.200000000000001701e-06 4.600000000000000004e-06
9.184529946031590839e-06 4.584529946031589142e-06
9.200000000000001701e-06 4.600000000000000004e-06
9.200000000000001701e-06 4.600000000000000004e-06
9.200000000000001701e-06 4.600000000000000004e-06
9.200000000000001701e-06 4.600000000000000004e-06
9.200000000000001701e-06 4.600000000000000004e-06
9.200000000000001701e-06 4.600000000000000004e-06
9.200000000000001701e-06 4.600000000000000004e-06
9.284529946119813445e-06 4.600000000000000004e-06
9.284529946119811751e-06 4.600000000000000004e-06
9.515470053680193178e-06 4.600000000000000004e-06
9.515470053680193178e-06 4.600000000000000004e-06
9.684529946119811310e-06 4.600000000000000004e-06
9.684529946119811310e-06 4.600000000000000004e-06
9.915470053680192737e-06 4.600000000000000004e-06
9.915470053680191042e-06 4.600000000000000004e-06
-8.400000000000000890e-06 8.600000000000000670e-06
-8.400000000000000890e-06 8.600000000000000670e-06
-8.400000000000000890e-06 8.600000000000000670e-06
-8.400000000000000890e-06 8.600000000000000670e-06
-8.400000000000000890e-06 8.600000000000000670e-06
-8.400000000000000890e-06 8.600000000000000670e-06
-8.400000000000000890e-06 8.600000000000000670e-06
-8.400000000000000890e-06 8.600000000000000670e-06
-8.400000000000000890e-06 8.600000000000000670e-06
-8.400000000000000890e-06 8.600000000000000670e-06
-8.400000000000000890e-06 8.600000000000000670e-06
-8.400000000000000890e-06 8.600000000000000670e-06
-8.400000000000000890e-06 8.600000000000000670e-06
-8.400000000000000890e-06 8.600000000000000670e-06
-7.200000000000000521e-06 8.200000000000001111e-06
-7.200000000000000521e-06 8.200000000000001111e-06
-7.200000000000000521e-06 8.200000000000001111e-06
-7.200000000000000521e-06 8.200000000000001111e-06
-7.200000000000000521e-06 8.200000000000001111e-06
-7.200000000000000521e-06 8.200000000000001111e-06
-6.099999999929297354e-06 7.499999999929298350e-06
-7.200000000000000521e-06 8.200000000000001111e-06
-6.000000000000000152e-06 7.400000000000001994e-06
-6.099999999929296507e-06 7.499999999929297503e-06
-6.000000000000000152e-06 7.400000000000001994e-06
-6.015470053826992934e-06 7.415470053826993930e-06
-6.000000000000000152e-06 7.400000000000001994e-06
-6.000000000000000152e-06 7.400000000000001994e-06
-6.000000000000000152e-06 7.400000000000001994e-06
-6.000000000000000152e-06 7.400000000000001994e-06
-6.000000000000000152e-06 7.400000000000001994e-06
-6.000000000000000152e-06 7.400000000000001994e-06
-6.000000000000000152e-06 7.400000000000001994e-06
-6.000000000000000152e-06 7.400000000000001994e-06
-6.000000000000000152e-06 7.400000000000001994e-06
-6.000000000000000152e-06 7.400000000000001994e-06
-5.099999999929295070e-06 6.899999999929294777e-06
-6.000000000000000152e-06 7.400000000000001994e-06
-4.984529946031588700e-06 6.784529946031589254e-06
-5.099999999929294223e-06 6.899999999929293930e-06
-4.899999999929285974e-06 6.699999999929285681e-06
-5.015470053826991497e-06 6.815470053826991204e-06
-4.800000000000000630e-06 6.599999999999999490e-06
-4.899999999929287668e-06 6.699999999929287375e-06
-4.800000000000000630e-06 6.599999999999999490e-06
-4.815470053826984942e-06 6.615470053826983801e-06
-4.800000000000000630e-06 6.599999999999999490e-06
-4.800000000000000630e-06 6.599999999999999490e-06
-4.800000000000000630e-06 6.599999999999999490e-06
-4.800000000000000630e-06 6.599999999999999490e-06
-4.800000000000000630e-06 6.599999999999999490e-06
-4.800000000000000630e-06 6.599999999999999490e-06
-4.715470053880191427e-06 6.599999999999999490e-06
-4.715470053880191427e-06 6.599999999999999490e-06
-4.484529946319811694e-06 6.599999999999999490e-06
-4.484529946319810847e-06 6.599999999999999490e-06
-3.699999999929286875e-06 6.299999999929286969e-06
-4.315470053880191021e-06 6.599999999999999490e-06
-3.600000000000000261e-06 6.199999999999999931e-06
-3.699999999929288569e-06 6.299999999929289510e-06
-3.600000000000000261e-06 6.199999999999999931e-06
-3.615470053826985843e-06 6.215470053826985937e-06
-3.600000000000000261e-06 6.199999999999999931e-06
-3.600000000000000261e-06 6.199999999999999931e-06
-3.515470053880190634e-06 6.199999999999999931e-06
-3.515470053880190210e-06 6.199999999999999931e-06
-2.984529946031590485e-06 5.984529946031592678e-06
-3.099999999929290502e-06 6.099999999929291425e-06
-2.899999999929288182e-06 5.899999999929289105e-06
-2.957735026807425551e-06 5.957735026807426898e-06
-2.842264973051150813e-06 5.842264973051151312e-06
-2.899999999929288605e-06 5.899999999929289105e-06
-2.999999999858578185e-06 5.999999999858579531e-06
-3.057735026878138292e-06 6.057735026878139639e-06
-2.942264972980440816e-06 5.942264972980442586e-06
-2.999999999858578608e-06 5.999999999858580378e-06
-2.800000000000000297e-06 5.800000000000000373e-06
-2.857735026878137666e-06 5.857735026878138165e-06
-2.742264972980441036e-06 5.742264972980440265e-06
-2.800000000000000297e-06 5.800000000000000373e-06
-2.904465819799983749e-06 5.904465819799985096e-06
-2.974401693462308842e-06 5.974401693462310612e-06
-2.858931639706033680e-06 5.858931639706034179e-06
-2.962200846678121542e-06 5.962200846678122888e-06
-2.837799153180458210e-06 5.837799153180458710e-06
-2.941068360152546072e-06 5.941068360152547419e-06
-2.825598306396270910e-06 5.825598306396270986e-06
-2.895534180058596003e-06 5.895534180058596502e-06
-2.800000000000001144e-06 5.800000000000001220e-06
-2.857735026878138936e-06 5.857735026878139859e-06
-2.742264972980442730e-06 5.742264972980441959e-06
-2.800000000000001991e-06 5.800000000000002067e-06
-2.600000000000000518e-06 5.599999999999998900e-06
-2.657735026878139157e-06 5.657735026878137539e-06
-2.542264972980440834e-06 5.542264972980439639e-06
-2.599999999858578626e-06 5.599999999858576585e-06
-2.699999999929291367e-06 5.699999999929291020e-06
-2.757735026807429160e-06 5.757735026807428812e-06
-2.642264973051153998e-06 5.642264973051152380e-06
-2.699999999929291791e-06 5.699999999929291020e-06
-2.704465819799983970e-06 5.704465819799982775e-06
-2.774401693462309062e-06 5.774401693462309138e-06
-2.658931639706033901e-06 5.658931639706032706e-06
-2.762200846678121763e-06 5.762200846678121415e-06
-2.637799153180458431e-06 5.637799153180457236e-06
-2.741068360152546293e-06 5.741068360152545945e-06
-2.625598306396271131e-06 5.625598306396269513e-06
-2.695534180058596224e-06 5.695534180058595029e-06
-2.499999999929288200e-06 5.499999999929287852e-06
-2.615470053826988641e-06 5.615470053826987447e-06
-2.384529946031592841e-06 5.384529946031593341e-06
-2.499999999929287353e-06 5.499999999929287005e-06
-2.299999999929289691e-06 5.299999999929290614e-06
-2.415470053826983356e-06 5.415470053826984279e-06
-2.184529946031590521e-06 5.184529946031590173e-06
-2.299999999929290962e-06 5.299999999929291461e-06
-2.099999999929286524e-06 5.099999999929287447e-06
-2.215470053826988236e-06 5.215470053826988735e-06
-1.984529946031594977e-06 4.984529946031596323e-06
-2.099999999929286524e-06 5.099999999929287447e-06
-1.115470053880190743e-06 4.600000000000000004e-06
-2.015470053826982527e-06 5.015470053826983874e-06
-8.845299463198105864e-07 4.600000000000000004e-06
-8.845299463198105864e-07 4.600000000000000004e-06
-8.000000000000008108e-07 4.600000000000000004e-06
-8.000000000000008108e-07 4.600000000000000004e-06
-8.000000000000008108e-07 4.600000000000000004e-06
-8.000000000000008108e-07 4.600000000000000004e-06
-8.000000000000008108e-07 4.600000000000000004e-06
-8.000000000000008108e-07 4.600000000000000004e-06
6.999999999292892344e-07 4.899999999929289362e-06
8.154700538269867109e-07 5.015470053826987262e-06
7.845299460315922782e-07 4.984529946031592935e-06
8.999999999292897547e-07 5.099999999929289988e-06
8.999999999292890136e-07 5.099999999929289141e-06
1.015470053826986384e-06 5.215470053826987041e-06
9.845299460315922691e-07 5.184529946031592714e-06
1.099999999929289746e-06 5.299999999929289767e-06
1.099999999929289534e-06 5.299999999929289767e-06
1.400000000000000148e-06 5.915470053680191223e-06
1.184529946031592684e-06 5.384529946031593341e-06
1.400000000000000148e-06 5.915470053680191223e-06
1.299999999929289101e-06 5.499999999929288700e-06
1.400000000000000148e-06 5.915470053680191223e-06
1.342264972980441100e-06 5.542264972980440486e-06
1.400000000000000148e-06 5.757735026840095485e-06
1.400000000000000148e-06 5.642264973059904772e-06
1.400000000000000148e-06 5.757735026840095485e-06
1.400000000000000148e-06 5.642264973059904772e-06
1.400000000000000148e-06 5.757735026840095485e-06
1.457735027019559409e-06 5.542264972980440486e-06
1.400000000000000148e-06 5.757735026840095485e-06
1.400000000000000148e-06 5.842264972959906382e-06
1.400000000000000148e-06 5.957735026740096249e-06
1.400000000000000148e-06 5.842264972959906382e-06
1.400000000000000148e-06 5.957735026740096249e-06
1.400000000000000148e-06 5.842264972959906382e-06
1.400000000000000148e-06 5.957735026740096249e-06
1.400000000000000148e-06 5.842264972959906382e-06
1.400000000000000148e-06 5.957735026740096249e-06
1.500000000070711195e-06 5.499999999929288700e-06
1.400000000000000148e-06 5.915470053680191223e-06
1.915470053680189710e-06 5.400000000000000814e-06
1.400000000000000148e-06 5.915470053680191223e-06
2.084529946119809960e-06 5.400000000000000814e-06
2.084529946119809960e-06 5.400000000000000814e-06
2.315470053680190539e-06 5.400000000000000814e-06
2.315470053680190963e-06 5.400000000000000814e-06
2.484529946119811212e-06 5.400000000000000814e-06
2.484529946119811212e-06 5.400000000000000814e-06
2.715470053680190945e-06 5.400000000000000814e-06
2.715470053680190945e-06 5.400000000000000814e-06
2.884529946119810347e-06 5.400000000000000814e-06
2.884529946119810770e-06 5.400000000000000814e-06
3.115470053680190503e-06 5.400000000000000814e-06
3.115470053680190503e-06 5.400000000000000814e-06
3.199999999999999855e-06 5.400000000000000814e-06
3.199999999999999855e-06 5.400000000000000814e-06
3.215470053968408176e-06 5.384529946031592494e-06
3.199999999999999855e-06 5.400000000000000814e-06
3.300000000070711749e-06 5.299999999929288920e-06
3.199999999999999855e-06 5.400000000000000814e-06
3.915470053680190890e-06 5.000000000000001256e-06
3.300000000070710902e-06 5.299999999929289767e-06
4.000000000000000666e-06 5.000000000000001256e-06
4.000000000000000666e-06 5.000000000000001256e-06
4.000000000000000666e-06 5.000000000000001256e-06
4.000000000000000666e-06 5.000000000000001256e-06
4.000000000000000666e-06 5.000000000000001256e-06
4.000000000000000666e-06 5.000000000000001256e-06
4.015470053968405599e-06 4.984529946031596323e-06
4.000000000000000666e-06 5.000000000000001256e-06
4.884529946119809833e-06 4.600000000000000004e-06
4.000000000000000666e-06 5.000000000000001256e-06
5.115470053680191260e-06 4.600000000000000004e-06
5.115470053680190413e-06 4.600000000000000004e-06
5.284529946119811085e-06 4.600000000000000004e-06
5.284529946119810238e-06 4.600000000000000004e-06
5.515470053680189971e-06 4.600000000000000004e-06
5.515470053680189124e-06 4.600000000000000004e-06
5.684529946119809797e-06 4.600000000000000004e-06
5.684529946119808950e-06 4.600000000000000004e-06
5.915470053680192071e-06 4.600000000000000004e-06
5.915470053680191223e-06 4.600000000000000004e-06
6.084529946119811896e-06 4.600000000000000004e-06
6.084529946119811896e-06 4.600000000000000004e-06
6.315470053680191629e-06 4.600000000000000004e-06
6.315470053680191629e-06 4.600000000000000004e-06
6.400000000000001404e-06 4.600000000000000004e-06
6.400000000000001404e-06 4.600000000000000004e-06
6.400000000000001404e-06 4.600000000000000004e-06
6.400000000000001404e-06 4.600000000000000004e-06
6.400000000000001404e-06 4.600000000000000004e-06
6.400000000000001404e-06 4.600000000000000004e-06
6.400000000000001404e-06 4.600000000000000004e-06
6.400000000000001404e-06 4.600000000000000004e-06
6.400000000000001404e-06 4.600000000000000004e-06
6.400000000000001404e-06 4.600000000000000004e-06
7.515470053680190304e-06 4.200000000000000445e-06
7.515470053680190304e-06 4.200000000000000445e-06
7.684529946119810130e-06 4.200000000000000445e-06
7.684529946119810130e-06 4.200000000000000445e-06
7.915470053680189862e-06 4.200000000000000445e-06
7.915470053680191556e-06 4.200000000000000445e-06
7.999999999999999638e-06 4.200000000000000445e-06
7.999999999999999638e-06 4.200000000000000445e-06
9.200000000000001701e-06 4.600000000000000004e-06
9.200000000000001701e-06 4.600000000000000004e-06
9.200000000000001701e-06 4.600000000000000004e-06
9.200000000000001701e-06 4.600000000000000004e-06
9.200000000000001701e-06 4.600000000000000004e-06
9.200000000000001701e-06 4.600000000000000004e-06
9.200000000000001701e-06 4.600000000000000004e-06
9.200000000000001701e-06 4.600000000000000004e-06
9.200000000000001701e-06 4.600000000000000004e-06
9.200000000000001701e-06 4.600000000000000004e-06
9.284529946119813445e-06 4.600000000000000004e-06
9.284529946119811751e-06 4.600000000000000004e-06
9.515470053680193178e-06 4.600000000000000004e-06
9.515470053680193178e-06 4.600000000000000004e-06
9.684529946119811310e-06 4.600000000000000004e-06
9.684529946119811310e-06 4.600000000000000004e-06
9.915470053680192737e-06 4.600000000000000004e-06
9.915470053680191042e-06 4.600000000000000004e-06
-8.400000000000000890e-06 8.600000000000000670e-06
-8.400000000000000890e-06 8.600000000000000670e-06
-8.400000000000000890e-06 8.600000000000000670e-06
-8.400000000000000890e-06 8.600000000000000670e-06
-8.400000000000000890e-06 8.600000000000000670e-06
-8.400000000000000890e-06 8.600000000000000670e-06
-8.400000000000000890e-06 8.600000000000000670e-06
-8.400000000000000890e-06 8.600000000000000670e-06
-8.400000000000000890e-06 8.600000000000000670e-06
-8.400000000000000890e-06 8.600000000000000670e-06
-8.400000000000000890e-06 8.600000000000000670e-06
-8.400000000000000890e-06 8.600000000000000670e-06
-8.400000000000000890e-06 8.600000000000000670e-06
-8.400000000000000890e-06 8.600000000000000670e-06
-7.200000000000000521e-06 8.200000000000001111e-06
-7.200000000000000521e-06 8.200000000000001111e-06
-7.200000000000000521e-06 8.200000000000001111e-06
-7.200000000000000521e-06 8.200000000000001111e-06
-7.200000000000000521e-06 8.200000000000001111e-06
-7.200000000000000521e-06 8.200000000000001111e-06
-7.200000000000000521e-06 8.200000000000001111e-06
-7.200000000000000521e-06 8.200000000000001111e-06
-6.184529946031600081e-06 7.584529946031600229e-06
-7.200000000000000521e-06 8.200000000000001111e-06
-6.099999999929296507e-06 7.499999999929297503e-06
-6.215470053826984243e-06 7.615470053826984392e-06
-6.000000000000000152e-06 7.400000000000001994e-06
-6.099999999929294813e-06 7.499999999929295809e-06
-6.000000000000000152e-06 7.400000000000001994e-06
-6.015470053826991240e-06 7.415470053826993083e-06
-6.000000000000000152e-06 7.400000000000001994e-06
-6.000000000000000152e-06 7.400000000000001994e-06
-6.000000000000000152e-06 7.400000000000001994e-06
-6.000000000000000152e-06 7.400000000000001994e-06
-6.000000000000000152e-06 7.400000000000001994e-06
-6.000000000000000152e-06 7.400000000000001994e-06
-6.000000000000000152e-06 7.400000000000001994e-06
-6.000000000000000152e-06 7.400000000000001994e-06
-5.184529946031598644e-06 6.984529946031597503e-06
-6.000000000000000152e-06 7.400000000000001994e-06
-5.099999999929295070e-06 6.899999999929294777e-06
-5.215470053826987041e-06 7.015470053826985901e-06
-4.984529946031591241e-06 6.784529946031591795e-06
-5.099999999929293376e-06 6.899999999929293083e-06
-4.899999999929288515e-06 6.699999999929288222e-06
-5.015470053826989803e-06 6.815470053826989510e-06
-4.800000000000000630e-06 6.599999999999999490e-06
-4.899999999929289362e-06 6.699999999929289069e-06
-4.800000000000000630e-06 6.599999999999999490e-06
-4.815470053826986636e-06 6.615470053826985496e-06
-4.800000000000000630e-06 6.599999999999999490e-06
-4.800000000000000630e-06 6.599999999999999490e-06
-4.715470053880191427e-06 6.599999999999999490e-06
-4.715470053880191427e-06 6.599999999999999490e-06
-4.484529946319811694e-06 6.599999999999999490e-06
-4.484529946319810847e-06 6.599999999999999490e-06
-4.315470053880191021e-06 6.599999999999999490e-06
-4.315470053880191021e-06 6.599999999999999490e-06
-3.784529946031592142e-06 6.384529946031593931e-06
-3.899999999929292160e-06 6.499999999929291831e-06
-3.699999999929289416e-06 6.299999999929289510e-06
-3.757735026807426362e-06 6.357735026807427303e-06
-3.642264973051152047e-06 6.242264973051151718e-06
-3.699999999929288993e-06 6.299999999929289510e-06
-3.799999999858577725e-06 6.399999999858579090e-06
-3.857735026878138679e-06 6.457735026878139197e-06
-3.742264972980440356e-06 6.342264972980441297e-06
-3.799999999858578572e-06 6.399999999858579937e-06
-3.600000000000000684e-06 6.199999999999999931e-06
-3.657735026878137630e-06 6.257735026878137724e-06
-3.600000000000000261e-06 6.199999999999999931e-06
-3.600000000000000261e-06 6.199999999999999931e-06
-3.704465819799983290e-06 6.304465819799983807e-06
-3.774401693462308805e-06 6.374401693462310170e-06
-3.658931639706033220e-06 6.258931639706033738e-06
-3.762200846678121506e-06 6.362200846678122447e-06
-3.637799153180457750e-06 6.237799153180457421e-06
-3.741068360152545612e-06 6.341068360152546977e-06
-3.625598306396270451e-06 6.225598306396270545e-06
-3.695534180058595543e-06 6.295534180058596061e-06
-3.557735026940095659e-06 6.199999999999999931e-06
-3.557735026940095659e-06 6.199999999999999931e-06
-3.442264973159906216e-06 6.199999999999999931e-06
-3.442264973159905793e-06 6.199999999999999931e-06
-3.357735027040096166e-06 6.199999999999999931e-06
-3.357735027040095743e-06 6.199999999999999931e-06
-3.142264972980442289e-06 6.142264972980442365e-06
-3.242264973259905029e-06 6.199999999999999931e-06
-3.357735027040096166e-06 6.199999999999999931e-06
-3.357735027040095743e-06 6.199999999999999931e-06
-3.242264973259905029e-06 6.199999999999999931e-06
-3.242264973259905029e-06 6.199999999999999931e-06
-3.557735026940095659e-06 6.199999999999999931e-06
-3.657735026878138900e-06 6.257735026878139418e-06
-3.442264973159906216e-06 6.199999999999999931e-06
-3.442264973159905793e-06 6.199999999999999931e-06
-3.199999999999999855e-06 6.199999999999999931e-06
-3.199999999999999855e-06 6.199999999999999931e-06
-3.142264972980440595e-06 6.142264972980441518e-06
-3.199999999999999855e-06 6.199999999999999931e-06
-3.000000000000000076e-06 6.000000000000001846e-06
-3.057735026878137445e-06 6.057735026878138792e-06
-2.942264972980442086e-06 5.942264972980443433e-06
-3.000000000000000076e-06 6.000000000000001846e-06
-3.099999999929288808e-06 6.099999999929289731e-06
-3.157735026807427024e-06 6.157735026807427524e-06
-3.042264973051150169e-06 6.042264973051151939e-06
-3.099999999929288808e-06 6.099999999929289731e-06
-3.104465819799984799e-06 6.104465819799985722e-06
-3.174401693462308621e-06 6.174401693462308697e-06
-3.058931639706033883e-06 6.058931639706034806e-06
-3.162200846678121321e-06 6.162200846678121821e-06
-3.037799153180457566e-06 6.037799153180459336e-06
-3.141068360152545428e-06 6.141068360152546351e-06
-3.025598306396270266e-06 6.025598306396271613e-06
-3.095534180058594935e-06 6.095534180058595434e-06
-2.899999999929291147e-06 5.899999999929291646e-06
-3.015470053826985235e-06 6.015470053826987005e-06
-2.784529946031594941e-06 5.784529946031595440e-06
-2.899999999929291570e-06 5.899999999929292493e-06
-2.699999999929292638e-06 5.699999999929291867e-06
-2.815470053826988844e-06 5.815470053826988920e-06
-2.584529946031590926e-06 5.584529946031589732e-06
-2.699999999929293061e-06 5.699999999929291867e-06
-2.499999999929286929e-06 5.499999999929286158e-06
-2.615470053826990759e-06 5.615470053826989141e-06
-2.384529946031594535e-06 5.384529946031595035e-06
-2.499999999929285235e-06 5.499999999929284464e-06
-2.299999999929292232e-06 5.299999999929292308e-06
-2.415470053826981239e-06 5.415470053826981738e-06
-2.184529946031590097e-06 5.184529946031590173e-06
-2.299999999929292232e-06 5.299999999929293155e-06
-2.099999999929286101e-06 5.099999999929287447e-06
-2.215470053826989506e-06 5.215470053826989582e-06
-8.845299463198105864e-07 4.600000000000000004e-06
-8.845299463198105864e-07 4.600000000000000004e-06
-8.000000000000008108e-07 4.600000000000000004e-06
-8.000000000000008108e-07 4.600000000000000004e-06
-8.000000000000008108e-07 4.600000000000000004e-06
-8.000000000000008108e-07 4.600000000000000004e-06
7.845299460315935487e-07 4.984529946031593782e-06
1.400000000000000148e-06 6.315470053680191629e-06
8.999999999292902841e-07 5.099999999929290835e-06
1.400000000000000148e-06 6.315470053680191629e-06
9.845299460315933279e-07 5.184529946031593561e-06
1.400000000000000148e-06 6.315470053680191629e-06
1.400000000000000148e-06 6.084529946119811896e-06
1.400000000000000148e-06 6.315470053680191629e-06
1.400000000000000148e-06 6.084529946119811896e-06
1.400000000000000148e-06 6.315470053680191629e-06
1.400000000000000148e-06 6.084529946119811896e-06
1.400000000000000148e-06 6.315470053680191629e-06
1.400000000000000148e-06 6.084529946119811896e-06
1.400000000000000148e-06 6.315470053680191629e-06
1.400000000000000148e-06 6.084529946119811896e-06
1.400000000000000148e-06 6.315470053680191629e-06
1.400000000000000148e-06 6.042264973059906871e-06
1.400000000000000148e-06 6.157735026840095890e-06
1.400000000000000148e-06 6.042264973059906871e-06
1.400000000000000148e-06 6.157735026840095890e-06
1.400000000000000148e-06 6.042264973059906871e-06
1.400000000000000148e-06 6.157735026840095890e-06
1.400000000000000148e-06 6.042264973059906871e-06
1.400000000000000148e-06 6.157735026840095890e-06
1.400000000000000148e-06 6.242264972959905094e-06
1.400000000000000148e-06 6.357735026740095807e-06
1.400000000000000148e-06 6.242264972959905094e-06
1.400000000000000148e-06 6.357735026740095807e-06
1.400000000000000148e-06 6.242264972959905094e-06
1.400000000000000148e-06 6.357735026740095807e-06
1.400000000000000148e-06 6.242264972959905094e-06
1.400000000000000148e-06 6.357735026740095807e-06
1.400000000000000148e-06 6.084529946119811896e-06
1.400000000000000148e-06 6.315470053680191629e-06
1.400000000000000148e-06 6.084529946119811896e-06
1.400000000000000148e-06 6.315470053680191629e-06
1.400000000000000148e-06 6.084529946119811896e-06
1.400000000000000148e-06 6.315470053680191629e-06
2.315470053680190539e-06 5.400000000000000814e-06
1.400000000000000148e-06 6.315470053680191629e-06
2.484529946119811212e-06 5.400000000000000814e-06
2.484529946119811212e-06 5.400000000000000814e-06
2.715470053680190945e-06 5.400000000000000814e-06
2.715470053680190945e-06 5.400000000000000814e-06
2.884529946119810347e-06 5.400000000000000814e-06
2.884529946119810770e-06 5.400000000000000814e-06
3.115470053680190503e-06 5.400000000000000814e-06
3.115470053680190503e-06 5.400000000000000814e-06
3.199999999999999855e-06 5.400000000000000814e-06
3.199999999999999855e-06 5.400000000000000814e-06
3.199999999999999855e-06 5.400000000000000814e-06
3.199999999999999855e-06 5.400000000000000814e-06
3.199999999999999855e-06 5.400000000000000814e-06
3.199999999999999855e-06 5.400000000000000814e-06
3.215470053968407329e-06 5.384529946031593341e-06
3.199999999999999855e-06 5.400000000000000814e-06
4.000000000000000666e-06 5.000000000000001256e-06
3.199999999999999855e-06 5.400000000000000814e-06
4.000000000000000666e-06 5.000000000000001256e-06
4.000000000000000666e-06 5.000000000000001256e-06
4.000000000000000666e-06 5.000000000000001256e-06
4.000000000000000666e-06 5.000000000000001256e-06
4.000000000000000666e-06 5.000000000000001256e-06
4.000000000000000666e-06 5.000000000000001256e-06
4.000000000000000666e-06 5.000000000000001256e-06
4.000000000000000666e-06 5.000000000000001256e-06
5.115470053680191260e-06 4.600000000000000004e-06
5.115470053680190413e-06 4.600000000000000004e-06
5.284529946119811085e-06 4.600000000000000004e-06
5.284529946119810238e-06 4.600000000000000004e-06
5.515470053680189971e-06 4.600000000000000004e-06
5.515470053680189124e-06 4.600000000000000004e-06
5.684529946119809797e-06 4.600000000000000004e-06
5.684529946119808950e-06 4.600000000000000004e-06
5.915470053680192071e-06 4.600000000000000004e-06
5.915470053680191223e-06 4.600000000000000004e-06
6.084529946119811896e-06 4.600000000000000004e-06
6.084529946119811896e-06 4.600000000000000004e-06
6.315470053680191629e-06 4.600000000000000004e-06
6.315470053680191629e-06 4.600000000000000004e-06
6.400000000000001404e-06 4.600000000000000004e-06
6.400000000000001404e-06 4.600000000000000004e-06
6.400000000000001404e-06 4.600000000000000004e-06
6.400000000000001404e-06 4.600000000000000004e-06
6.400000000000001404e-06 4.600000000000000004e-06
6.400000000000001404e-06 4.600000000000000004e-06
6.400000000000001404e-06 4.600000000000000004e-06
6.400000000000001404e-06 4.600000000000000004e-06
6.400000000000001404e-06 4.600000000000000004e-06
6.400000000000001404e-06 4.600000000000000004e-06
6.400000000000001404e-06 4.600000000000000004e-06
6.400000000000001404e-06 4.600000000000000004e-06
7.684529946119810130e-06 4.200000000000000445e-06
7.684529946119810130e-06 4.200000000000000445e-06
7.915470053680189862e-06 4.200000000000000445e-06
7.915470053680191556e-06 4.200000000000000445e-06
9.200000000000001701e-06 4.600000000000000004e-06
9.200000000000001701e-06 4.600000000000000004e-06
9.200000000000001701e-06 4.600000000000000004e-06
9.200000000000001701e-06 4.600000000000000004e-06
9.200000000000001701e-06 4.600000000000000004e-06
9.200000000000001701e-06 4.600000000000000004e-06
9.200000000000001701e-06 4.600000000000000004e-06
9.200000000000001701e-06 4.600000000000000004e-06
9.200000000000001701e-06 4.600000000000000004e-06
9.200000000000001701e-06 4.600000000000000004e-06
9.200000000000001701e-06 4.600000000000000004e-06
9.200000000000001701e-06 4.600000000000000004e-06
9.284529946119813445e-06 4.600000000000000004e-06
9.284529946119811751e-06 4.600000000000000004e-06
9.515470053680193178e-06 4.600000000000000004e-06
9.515470053680193178e-06 4.600000000000000004e-06
9.684529946119811310e-06 4.600000000000000004e-06
9.684529946119811310e-06 4.600000000000000004e-06
9.915470053680192737e-06 4.600000000000000004e-06
9.915470053680191042e-06 4.600000000000000004e-06
-8.400000000000000890e-06 8.600000000000000670e-06
-8.400000000000000890e-06 8.600000000000000670e-06
-8.400000000000000890e-06 8.600000000000000670e-06
-8.400000000000000890e-06 8.600000000000000670e-06
-8.400000000000000890e-06 8.600000000000000670e-06
-8.400000000000000890e-06 8.600000000000000670e-06
-8.400000000000000890e-06 8.600000000000000670e-06
-8.400000000000000890e-06 8.600000000000000670e-06
-8.400000000000000890e-06 8.600000000000000670e-06
-8.400000000000000890e-06 8.600000000000000670e-06
-8.400000000000000890e-06 8.600000000000000670e-06
-8.400000000000000890e-06 8.600000000000000670e-06
-8.400000000000000890e-06 8.600000000000000670e-06
-8.400000000000000890e-06 8.600000000000000670e-06
-8.400000000000000890e-06 8.600000000000000670e-06
-8.400000000000000890e-06 8.600000000000000670e-06
-7.200000000000000521e-06 8.200000000000001111e-06
-7.200000000000000521e-06 8.200000000000001111e-06
-7.200000000000000521e-06 8.200000000000001111e-06
-7.200000000000000521e-06 8.200000000000001111e-06
-7.200000000000000521e-06 8.200000000000001111e-06
-7.200000000000000521e-06 8.200000000000001111e-06
-7.200000000000000521e-06 8.200000000000001111e-06
-7.200000000000000521e-06 8.200000000000001111e-06
-6.299999999929287816e-06 7.699999999929288812e-06
-7.200000000000000521e-06 8.200000000000001111e-06
-6.184529946031597540e-06 7.584529946031598535e-06
-6.299999999929287816e-06 7.699999999929288812e-06
-6.099999999929294813e-06 7.499999999929295809e-06
-6.215470053826985937e-06 7.615470053826986086e-06
-6.000000000000000152e-06 7.400000000000001994e-06
-6.099999999929293966e-06 7.499999999929294962e-06
-6.000000000000000152e-06 7.400000000000001994e-06
-6.015470053826990393e-06 7.415470053826991389e-06
-6.000000000000000152e-06 7.400000000000001994e-06
-6.000000000000000152e-06 7.400000000000001994e-06
-6.000000000000000152e-06 7.400000000000001994e-06
-6.000000000000000152e-06 7.400000000000001994e-06
-6.000000000000000152e-06 7.400000000000001994e-06
-6.000000000000000152e-06 7.400000000000001994e-06
-5.299999999929289767e-06 7.099999999929289474e-06
-5.915470053880191796e-06 7.400000000000001994e-06
-5.184529946031596102e-06 6.984529946031594962e-06
-5.299999999929290614e-06 7.099999999929289474e-06
-5.099999999929292529e-06 6.899999999929292236e-06
-5.215470053826987888e-06 7.015470053826986748e-06
-4.984529946031592088e-06 6.784529946031592642e-06
-5.099999999929291682e-06 6.899999999929291389e-06
-4.899999999929289362e-06 6.699999999929289069e-06
-4.957735026807427155e-06 6.757735026807426861e-06
-4.842264973051152416e-06 6.642264973051151276e-06
-4.899999999929289362e-06 6.699999999929289069e-06
-4.999999999858578941e-06 6.799999999858579495e-06
-5.057735026878139049e-06 6.857735026878139602e-06
-4.942264972980441149e-06 6.742264972980441702e-06
-4.999999999858578941e-06 6.799999999858579495e-06
-4.800000000000001477e-06 6.600000000000000337e-06
-4.857735026878138422e-06 6.657735026878138129e-06
-4.800000000000000630e-06 6.599999999999999490e-06
-4.800000000000001477e-06 6.600000000000000337e-06
-4.904465819799984506e-06 6.704465819799984213e-06
-4.974401693462310022e-06 6.774401693462310575e-06
-4.858931639706034436e-06 6.658931639706033296e-06
-4.962200846678122298e-06 6.762200846678122005e-06
-4.837799153180458967e-06 6.637799153180457826e-06
-4.941068360152546829e-06 6.741068360152546535e-06
-4.825598306396271243e-06 6.625598306396270103e-06
-4.895534180058596759e-06 6.695534180058595619e-06
-4.757735026940095605e-06 6.599999999999999490e-06
-4.757735026940095605e-06 6.599999999999999490e-06
-4.642264973159904891e-06 6.599999999999999490e-06
-4.642264973159904891e-06 6.599999999999999490e-06
-4.557735027040095688e-06 6.599999999999999490e-06
-4.557735027040095688e-06 6.599999999999999490e-06
-4.442264973259905822e-06 6.599999999999999490e-06
-4.442264973259905822e-06 6.599999999999999490e-06
-4.557735027040095688e-06 6.599999999999999490e-06
-4.557735027040095688e-06 6.599999999999999490e-06
-4.442264973259905822e-06 6.599999999999999490e-06
-4.442264973259905822e-06 6.599999999999999490e-06
-4.757735026940095605e-06 6.599999999999999490e-06
-4.857735026878139269e-06 6.657735026878138976e-06
-4.642264973159904891e-06 6.599999999999999490e-06
-4.642264973159904891e-06 6.599999999999999490e-06
-4.357735026940096046e-06 6.599999999999999490e-06
-4.357735026940096046e-06 6.599999999999999490e-06
-4.242264973159905333e-06 6.599999999999999490e-06
-4.242264973159905333e-06 6.599999999999999490e-06
-4.157735027040096130e-06 6.599999999999999490e-06
-4.157735027040095283e-06 6.599999999999999490e-06
-3.942264972980442253e-06 6.542264972980441923e-06
-4.042264973259906264e-06 6.599999999999999490e-06
-4.157735027040096130e-06 6.599999999999999490e-06
-4.157735027040095283e-06 6.599999999999999490e-06
-4.042264973259906264e-06 6.599999999999999490e-06
-4.042264973259906264e-06 6.599999999999999490e-06
-4.357735026940096046e-06 6.599999999999999490e-06
-4.357735026940096046e-06 6.599999999999999490e-06
-4.242264973159905333e-06 6.599999999999999490e-06
-4.242264973159905333e-06 6.599999999999999490e-06
-4.000000000000000666e-06 6.599999999999999490e-06
-4.000000000000000666e-06 6.599999999999999490e-06
-3.942264972980440559e-06 6.542264972980440229e-06
-4.000000000000000666e-06 6.599999999999999490e-06
-3.800000000000000040e-06 6.400000000000001404e-06
-3.857735026878136985e-06 6.457735026878138350e-06
-3.742264972980441626e-06 6.342264972980442144e-06
-3.800000000000000040e-06 6.400000000000001404e-06
-3.899999999929288772e-06 6.499999999929289290e-06
-3.957735026807427412e-06 6.557735026807426235e-06
-3.842264973051150132e-06 6.442264973051151497e-06
-3.899999999929287925e-06 6.499999999929288443e-06
-3.904465819799984763e-06 6.504465819799985280e-06
-3.974401693462310279e-06 6.574401693462309102e-06
-3.858931639706033846e-06 6.458931639706034364e-06
-3.962200846678122555e-06 6.562200846678121379e-06
-3.837799153180457530e-06 6.437799153180458894e-06
-3.941068360152546239e-06 6.541068360152545909e-06
-3.825598306396269806e-06 6.425598306396271171e-06
-3.895534180058595322e-06 6.495534180058594993e-06
-3.699999999929291110e-06 6.299999999929291204e-06
-3.815470053826985199e-06 6.415470053826985716e-06
-3.284529946319810054e-06 6.199999999999999931e-06
-3.284529946319810054e-06 6.199999999999999931e-06
-3.199999999999999855e-06 6.199999999999999931e-06
-3.199999999999999855e-06 6.199999999999999931e-06
-3.184529946031591534e-06 6.184529946031591610e-06
-3.199999999999999855e-06 6.199999999999999931e-06
-3.099999999929288385e-06 6.099999999929289731e-06
-3.199999999999999855e-06 6.199999999999999931e-06
-2.984529946031594296e-06 5.984529946031596066e-06
-3.099999999929287114e-06 6.099999999929288037e-06
-2.899999999929291994e-06 5.899999999929293340e-06
-3.015470053826983541e-06 6.015470053826985311e-06
-2.784529946031595788e-06 5.784529946031596287e-06
-2.899999999929293264e-06 5.899999999929294187e-06
-2.699999999929293908e-06 5.699999999929292714e-06
-2.815470053826990961e-06 5.815470053826991461e-06
-2.584529946031587962e-06 5.584529946031586343e-06
-2.699999999929295179e-06 5.699999999929294408e-06
-2.499999999929284388e-06 5.499999999929283617e-06
-2.615470053826992876e-06 5.615470053826990835e-06
-2.384529946031595382e-06 5.384529946031595882e-06
-2.499999999929283118e-06 5.499999999929282770e-06
-2.299999999929292656e-06 5.299999999929293155e-06
-2.415470053826978698e-06 5.415470053826979197e-06
-2.184529946031587556e-06 5.184529946031587632e-06
-2.299999999929293503e-06 5.299999999929294003e-06
-8.000000000000008108e-07 4.600000000000000004e-06
1.400000000000000148e-06 6.715470053680192034e-06
1.400000000000000148e-06 6.484529946119810608e-06
1.400000000000000148e-06 6.715470053680192034e-06
1.400000000000000148e-06 6.484529946119811455e-06
1.400000000000000148e-06 6.715470053680192034e-06
1.400000000000000148e-06 6.484529946119810608e-06
1.400000000000000148e-06 6.715470053680192034e-06
1.400000000000000148e-06 6.484529946119811455e-06
1.400000000000000148e-06 6.715470053680192034e-06
1.400000000000000148e-06 6.484529946119810608e-06
1.400000000000000148e-06 6.715470053680192034e-06
1.400000000000000148e-06 6.484529946119811455e-06
1.400000000000000148e-06 6.715470053680192034e-06
1.400000000000000148e-06 6.484529946119810608e-06
1.400000000000000148e-06 6.715470053680192034e-06
1.400000000000000148e-06 6.484529946119811455e-06
1.400000000000000148e-06 6.715470053680192034e-06
1.400000000000000148e-06 6.484529946119810608e-06
1.400000000000000148e-06 6.715470053680192034e-06
1.400000000000000148e-06 6.442264973059906430e-06
1.400000000000000148e-06 6.557735026840096296e-06
1.400000000000000148e-06 6.442264973059905582e-06
1.400000000000000148e-06 6.557735026840096296e-06
1.400000000000000148e-06 6.442264973059906430e-06
1.400000000000000148e-06 6.557735026840096296e-06
1.400000000000000148e-06 6.442264973059905582e-06
1.400000000000000148e-06 6.557735026840096296e-06
1.400000000000000148e-06 6.642264972959906346e-06
1.400000000000000148e-06 6.757735026740096212e-06
1.400000000000000148e-06 6.642264972959905499e-06
1.400000000000000148e-06 6.757735026740095365e-06
1.400000000000000148e-06 6.642264972959906346e-06
1.400000000000000148e-06 6.757735026740096212e-06
1.400000000000000148e-06 6.642264972959905499e-06
1.400000000000000148e-06 6.757735026740095365e-06
1.400000000000000148e-06 6.484529946119811455e-06
1.400000000000000148e-06 6.715470053680192034e-06
1.400000000000000148e-06 6.484529946119810608e-06
1.400000000000000148e-06 6.715470053680192034e-06
1.400000000000000148e-06 6.484529946119811455e-06
1.400000000000000148e-06 6.715470053680192034e-06
1.400000000000000148e-06 6.484529946119810608e-06
1.400000000000000148e-06 6.715470053680192034e-06
2.484529946119811212e-06 5.400000000000000814e-06
1.400000000000000148e-06 6.715470053680192034e-06
2.715470053680190945e-06 5.400000000000000814e-06
1.400000000000000148e-06 6.715470053680192034e-06
2.884529946119810347e-06 5.400000000000000814e-06
2.884529946119810770e-06 5.400000000000000814e-06
3.115470053680190503e-06 5.400000000000000814e-06
3.115470053680190503e-06 5.400000000000000814e-06
3.199999999999999855e-06 5.400000000000000814e-06
3.199999999999999855e-06 5.400000000000000814e-06
3.199999999999999855e-06 5.400000000000000814e-06
3.199999999999999855e-06 5.400000000000000814e-06
3.199999999999999855e-06 5.400000000000000814e-06
3.199999999999999855e-06 5.400000000000000814e-06
3.199999999999999855e-06 5.400000000000000814e-06
3.199999999999999855e-06 5.400000000000000814e-06
3.199999999999999855e-06 5.400000000000000814e-06
3.199999999999999855e-06 5.400000000000000814e-06
4.000000000000000666e-06 5.000000000000001256e-06
3.199999999999999855e-06 5.400000000000000814e-06
4.000000000000000666e-06 5.000000000000001256e-06
4.000000000000000666e-06 5.000000000000001256e-06
4.000000000000000666e-06 5.000000000000001256e-06
4.000000000000000666e-06 5.000000000000001256e-06
4.000000000000000666e-06 5.000000000000001256e-06
4.000000000000000666e-06 5.000000000000001256e-06
4.000000000000000666e-06 5.000000000000001256e-06
4.000000000000000666e-06 5.000000000000001256e-06
5.284529946119811085e-06 4.600000000000000004e-06
5.284529946119810238e-06 4.600000000000000004e-06
5.515470053680189971e-06 4.600000000000000004e-06
5.515470053680189124e-06 4.600000000000000004e-06
5.684529946119809797e-06 4.600000000000000004e-06
5.684529946119808950e-06 4.600000000000000004e-06
5.915470053680192071e-06 4.600000000000000004e-06
5.915470053680191223e-06 4.600000000000000004e-06
6.084529946119811896e-06 4.600000000000000004e-06
6.084529946119811896e-06 4.600000000000000004e-06
6.315470053680191629e-06 4.600000000000000004e-06
6.315470053680191629e-06 4.600000000000000004e-06
6.400000000000001404e-06 4.600000000000000004e-06
6.400000000000001404e-06 4.600000000000000004e-06
6.400000000000001404e-06 4.600000000000000004e-06
6.400000000000001404e-06 4.600000000000000004e-06
6.400000000000001404e-06 4.600000000000000004e-06
6.400000000000001404e-06 4.600000000000000004e-06
6.400000000000001404e-06 4.600000000000000004e-06
6.400000000000001404e-06 4.600000000000000004e-06
6.400000000000001404e-06 4.600000000000000004e-06
6.400000000000001404e-06 4.600000000000000004e-06
6.400000000000001404e-06 4.600000000000000004e-06
6.400000000000001404e-06 4.600000000000000004e-06
6.400000000000001404e-06 4.600000000000000004e-06
6.400000000000001404e-06 4.600000000000000004e-06
9.200000000000001701e-06 4.600000000000000004e-06
9.200000000000001701e-06 4.600000000000000004e-06
9.200000000000001701e-06 4.600000000000000004e-06
9.200000000000001701e-06 4.600000000000000004e-06
9.200000000000001701e-06 4.600000000000000004e-06
9.200000000000001701e-06 4.600000000000000004e-06
9.200000000000001701e-06 4.600000000000000004e-06
9.200000000000001701e-06 4.600000000000000004e-06
9.200000000000001701e-06 4.600000000000000004e-06
9.200000000000001701e-06 4.600000000000000004e-06
9.200000000000001701e-06 4.600000000000000004e-06
9.200000000000001701e-06 4.600000000000000004e-06
9.200000000000001701e-06 4.600000000000000004e-06
9.200000000000001701e-06 4.600000000000000004e-06
9.284529946119813445e-06 4.600000000000000004e-06
9.284529946119811751e-06 4.600000000000000004e-06
9.515470053680193178e-06 4.600000000000000004e-06
9.515470053680193178e-06 4.600000000000000004e-06
9.684529946119811310e-06 4.600000000000000004e-06
9.684529946119811310e-06 4.600000000000000004e-06
9.915470053680192737e-06 4.600000000000000004e-06
9.915470053680191042e-06 4.600000000000000004e-06
-8.400000000000000890e-06 8.600000000000000670e-06
-8.415470053826980967e-06 8.615470053826980746e-06
-8.400000000000000890e-06 8.600000000000000670e-06
-8.400000000000000890e-06 8.600000000000000670e-06
-8.400000000000000890e-06 8.600000000000000670e-06
-8.400000000000000890e-06 8.600000000000000670e-06
-8.400000000000000890e-06 8.600000000000000670e-06
-8.400000000000000890e-06 8.600000000000000670e-06
-8.400000000000000890e-06 8.600000000000000670e-06
-8.400000000000000890e-06 8.600000000000000670e-06
-8.400000000000000890e-06 8.600000000000000670e-06
-8.400000000000000890e-06 8.600000000000000670e-06
-8.400000000000000890e-06 8.600000000000000670e-06
-8.400000000000000890e-06 8.600000000000000670e-06
-8.400000000000000890e-06 8.600000000000000670e-06
-8.400000000000000890e-06 8.600000000000000670e-06
-8.315470053880192534e-06 8.600000000000000670e-06
-8.315470053880190840e-06 8.600000000000000670e-06
-7.200000000000000521e-06 8.200000000000001111e-06
-7.200000000000000521e-06 8.200000000000001111e-06
-7.200000000000000521e-06 8.200000000000001111e-06
-7.200000000000000521e-06 8.200000000000001111e-06
-7.200000000000000521e-06 8.200000000000001111e-06
-7.200000000000000521e-06 8.200000000000001111e-06
-7.200000000000000521e-06 8.200000000000001111e-06
-7.200000000000000521e-06 8.200000000000001111e-06
-6.384529946031591389e-06 7.784529946031592385e-06
-7.200000000000000521e-06 8.200000000000001111e-06
-6.299999999929288663e-06 7.699999999929288812e-06
-6.415470053826989952e-06 7.815470053826990100e-06
-6.184529946031597540e-06 7.584529946031597688e-06
-6.299999999929289510e-06 7.699999999929290506e-06
-6.099999999929293966e-06 7.499999999929294962e-06
-6.215470053826985937e-06 7.615470053826986086e-06
-6.000000000000000152e-06 7.400000000000001994e-06
-6.099999999929292272e-06 7.499999999929293268e-06
-6.000000000000000152e-06 7.400000000000001994e-06
-6.015470053826987852e-06 7.415470053826988847e-06
-6.000000000000000152e-06 7.400000000000001994e-06
-6.000000000000000152e-06 7.400000000000001994e-06
-5.915470053880191796e-06 7.400000000000001994e-06
-5.915470053880191796e-06 7.400000000000001994e-06
-5.384529946031593341e-06 7.184529946031593047e-06
-5.499999999929289547e-06 7.299999999929290100e-06
-5.299999999929290614e-06 7.099999999929290321e-06
-5.357735026807426713e-06 7.157735026807426420e-06
-5.242264973051153669e-06 7.042264973051152529e-06
-5.299999999929289767e-06 7.099999999929289474e-06
-5.399999999858579347e-06 7.199999999858579053e-06
-5.457735026878137760e-06 7.257735026878137467e-06
-5.342264972980441554e-06 7.142264972980441261e-06
-5.400000000000000814e-06 7.200000000000000521e-06
-5.200000000000002729e-06 7.000000000000001589e-06
-5.257735026878137981e-06 7.057735026878136841e-06
-5.142264972980443469e-06 6.942264972980442329e-06
-5.200000000000001035e-06 6.999999999999999895e-06
-5.304465819799984911e-06 7.104465819799984618e-06
-5.374401693462309580e-06 7.174401693462309287e-06
-5.258931639706033995e-06 7.058931639706032855e-06
-5.362200846678121857e-06 7.162200846678121563e-06
-5.237799153180458525e-06 7.037799153180457385e-06
-5.341068360152546387e-06 7.141068360152546094e-06
-5.225598306396270802e-06 7.025598306396270509e-06
-5.295534180058596318e-06 7.095534180058596024e-06
-5.200000000000001035e-06 6.999999999999999895e-06
-5.257735026878138828e-06 7.057735026878137688e-06
-5.142264972980441775e-06 6.942264972980440635e-06
-5.200000000000001035e-06 6.999999999999999895e-06
-5.000000000000001256e-06 6.800000000000001810e-06
-5.057735026878137355e-06 6.857735026878137908e-06
-4.942264972980442843e-06 6.742264972980442549e-06
-5.000000000000000409e-06 6.800000000000000963e-06
-5.099999999929289141e-06 6.899999999929288848e-06
-5.157735026807426934e-06 6.957735026807426641e-06
-5.042264973051151349e-06 6.842264973051151055e-06
-5.099999999929289141e-06 6.899999999929288848e-06
-5.104465819799985132e-06 6.904465819799984839e-06
-5.174401693462309801e-06 6.974401693462308661e-06
-5.058931639706035063e-06 6.858931639706034769e-06
-5.162200846678122078e-06 6.962200846678121784e-06
-5.037799153180458746e-06 6.837799153180459300e-06
-5.141068360152545761e-06 6.941068360152545467e-06
-5.025598306396271023e-06 6.825598306396271576e-06
-5.095534180058595691e-06 6.895534180058595398e-06
-4.899999999929291903e-06 6.699999999929291610e-06
-5.015470053826985568e-06 6.815470053826986122e-06
-4.484529946319811694e-06 6.599999999999999490e-06
-4.484529946319810847e-06 6.599999999999999490e-06
-4.315470053880191021e-06 6.599999999999999490e-06
-4.315470053880191021e-06 6.599999999999999490e-06
-4.084529946319811289e-06 6.599999999999999490e-06
-4.084529946319811289e-06 6.599999999999999490e-06
-4.000000000000000666e-06 6.599999999999999490e-06
-4.000000000000000666e-06 6.599999999999999490e-06
-3.984529946031592345e-06 6.584529946031591169e-06
-4.000000000000000666e-06 6.599999999999999490e-06
-3.899999999929287925e-06 6.499999999929288443e-06
-4.000000000000000666e-06 6.599999999999999490e-06
-3.284529946319810054e-06 6.199999999999999931e-06
-3.899999999929286231e-06 6.499999999929286748e-06
-3.199999999999999855e-06 6.199999999999999931e-06
-3.199999999999999855e-06 6.199999999999999931e-06
-3.199999999999999855e-06 6.199999999999999931e-06
-3.199999999999999855e-06 6.199999999999999931e-06
-3.199999999999999855e-06 6.199999999999999931e-06
-3.199999999999999855e-06 6.199999999999999931e-06
-3.184529946031590687e-06 6.184529946031590763e-06
-3.199999999999999855e-06 6.199999999999999931e-06
-3.099999999929286691e-06 6.099999999929287190e-06
-3.199999999999999855e-06 6.199999999999999931e-06
-2.984529946031596414e-06 5.984529946031598607e-06
-3.099999999929284996e-06 6.099999999929286343e-06
-2.899999999929294111e-06 5.899999999929295034e-06
-3.015470053826981000e-06 6.015470053826982770e-06
-2.784529946031598329e-06 5.784529946031597981e-06
-2.899999999929294958e-06 5.899999999929295881e-06
-2.699999999929296026e-06 5.699999999929295255e-06
-2.815470053826992232e-06 5.815470053826992308e-06
-2.584529946031586267e-06 5.584529946031584649e-06
-2.699999999929296873e-06 5.699999999929296102e-06
-2.499999999929281847e-06 5.499999999929281923e-06
-2.615470053826994147e-06 5.615470053826992529e-06
-2.384529946031596653e-06 5.384529946031597576e-06
1.400000000000000148e-06 7.115470053680191593e-06
1.400000000000000148e-06 6.884529946119811860e-06
1.400000000000000148e-06 7.115470053680190746e-06
1.400000000000000148e-06 6.884529946119811860e-06
1.400000000000000148e-06 7.115470053680191593e-06
1.400000000000000148e-06 6.884529946119811860e-06
1.400000000000000148e-06 7.115470053680190746e-06
1.400000000000000148e-06 6.884529946119811860e-06
1.400000000000000148e-06 7.115470053680191593e-06
1.400000000000000148e-06 6.884529946119811860e-06
1.400000000000000148e-06 7.115470053680190746e-06
1.400000000000000148e-06 6.884529946119811860e-06
1.400000000000000148e-06 7.115470053680191593e-06
1.400000000000000148e-06 6.884529946119811860e-06
1.400000000000000148e-06 7.115470053680190746e-06
1.400000000000000148e-06 6.884529946119811860e-06
1.400000000000000148e-06 7.115470053680191593e-06
1.400000000000000148e-06 6.884529946119811860e-06
1.400000000000000148e-06 7.115470053680190746e-06
1.400000000000000148e-06 6.884529946119811860e-06
1.400000000000000148e-06 7.115470053680191593e-06
1.400000000000000148e-06 6.842264973059906835e-06
1.400000000000000148e-06 6.957735026840095007e-06
1.400000000000000148e-06 6.842264973059906835e-06
1.400000000000000148e-06 6.957735026840095854e-06
1.400000000000000148e-06 6.842264973059906835e-06
1.400000000000000148e-06 6.957735026840095007e-06
1.400000000000000148e-06 6.842264973059906835e-06
1.400000000000000148e-06 6.957735026840095854e-06
1.400000000000000148e-06 7.042264972959905057e-06
1.400000000000000148e-06 7.157735026740094924e-06
1.400000000000000148e-06 7.042264972959905057e-06
1.400000000000000148e-06 7.157735026740094924e-06
1.400000000000000148e-06 7.042264972959905057e-06
1.400000000000000148e-06 7.157735026740094924e-06
1.400000000000000148e-06 7.042264972959905057e-06
1.400000000000000148e-06 7.157735026740094924e-06
1.400000000000000148e-06 6.884529946119811860e-06
1.400000000000000148e-06 7.115470053680190746e-06
1.400000000000000148e-06 6.884529946119811860e-06
1.400000000000000148e-06 7.115470053680191593e-06
1.400000000000000148e-06 6.884529946119811860e-06
1.400000000000000148e-06 7.115470053680190746e-06
1.400000000000000148e-06 6.884529946119811860e-06
1.400000000000000148e-06 7.115470053680191593e-06
1.400000000000000148e-06 6.884529946119811860e-06
1.400000000000000148e-06 7.115470053680190746e-06
1.400000000000000148e-06 6.884529946119811860e-06
1.400000000000000148e-06 7.115470053680191593e-06
1.400000000000000148e-06 6.884529946119811860e-06
1.400000000000000148e-06 7.115470053680190746e-06
3.115470053680190503e-06 5.400000000000000814e-06
1.400000000000000148e-06 7.115470053680191593e-06
3.199999999999999855e-06 5.400000000000000814e-06
3.199999999999999855e-06 5.400000000000000814e-06
3.199999999999999855e-06 5.400000000000000814e-06
3.199999999999999855e-06 5.400000000000000814e-06
3.199999999999999855e-06 5.400000000000000814e-06
3.199999999999999855e-06 5.400000000000000814e-06
3.199999999999999855e-06 5.400000000000000814e-06
3.199999999999999855e-06 5.400000000000000814e-06
3.199999999999999855e-06 5.400000000000000814e-06
3.199999999999999855e-06 5.400000000000000814e-06
3.199999999999999855e-06 5.400000000000000814e-06
3.199999999999999855e-06 5.400000000000000814e-06
4.000000000000000666e-06 5.000000000000001256e-06
3.199999999999999855e-06 5.400000000000000814e-06
4.000000000000000666e-06 5.000000000000001256e-06
4.000000000000000666e-06 5.000000000000001256e-06
4.000000000000000666e-06 5.000000000000001256e-06
4.000000000000000666e-06 5.000000000000001256e-06
4.000000000000000666e-06 5.000000000000001256e-06
4.000000000000000666e-06 5.000000000000001256e-06
4.000000000000000666e-06 5.000000000000001256e-06
4.000000000000000666e-06 5.000000000000001256e-06
5.515470053680189971e-06 4.600000000000000004e-06
5.515470053680189124e-06 4.600000000000000004e-06
5.684529946119809797e-06 4.600000000000000004e-06
5.684529946119808950e-06 4.600000000000000004e-06
5.915470053680192071e-06 4.600000000000000004e-06
5.915470053680191223e-06 4.600000000000000004e-06
6.084529946119811896e-06 4.600000000000000004e-06
6.084529946119811896e-06 4.600000000000000004e-06
6.315470053680191629e-06 4.600000000000000004e-06
6.315470053680191629e-06 4.600000000000000004e-06
6.400000000000001404e-06 4.600000000000000004e-06
6.400000000000001404e-06 4.600000000000000004e-06
6.400000000000001404e-06 4.600000000000000004e-06
6.400000000000001404e-06 4.600000000000000004e-06
6.400000000000001404e-06 4.600000000000000004e-06
6.400000000000001404e-06 4.600000000000000004e-06
6.400000000000001404e-06 4.600000000000000004e-06
6.400000000000001404e-06 4.600000000000000004e-06
6.400000000000001404e-06 4.600000000000000004e-06
6.400000000000001404e-06 4.600000000000000004e-06
6.400000000000001404e-06 4.600000000000000004e-06
6.400000000000001404e-06 4.600000000000000004e-06
6.400000000000001404e-06 4.600000000000000004e-06
6.400000000000001404e-06 4.600000000000000004e-06
9.200000000000001701e-06 4.600000000000000004e-06
9.200000000000001701e-06 4.600000000000000004e-06
9.200000000000001701e-06 4.600000000000000004e-06
9.200000000000001701e-06 4.600000000000000004e-06
9.200000000000001701e-06 4.600000000000000004e-06
9.200000000000001701e-06 4.600000000000000004e-06
9.200000000000001701e-06 4.600000000000000004e-06
9.200000000000001701e-06 4.600000000000000004e-06
9.200000000000001701e-06 4.600000000000000004e-06
9.200000000000001701e-06 4.600000000000000004e-06
9.200000000000001701e-06 4.600000000000000004e-06
9.200000000000001701e-06 4.600000000000000004e-06
9.200000000000001701e-06 4.600000000000000004e-06
9.200000000000001701e-06 4.600000000000000004e-06
9.284529946119813445e-06 4.600000000000000004e-06
9.284529946119811751e-06 4.600000000000000004e-06
9.515470053680193178e-06 4.600000000000000004e-06
9.515470053680193178e-06 4.600000000000000004e-06
9.684529946119811310e-06 4.600000000000000004e-06
9.684529946119811310e-06 4.600000000000000004e-06
9.915470053680192737e-06 4.600000000000000004e-06
9.915470053680191042e-06 4.600000000000000004e-06
-8.499999999929284540e-06 8.699999999929284320e-06
-8.615470053826992605e-06 8.815470053826994078e-06
-8.400000000000000890e-06 8.600000000000000670e-06
-8.499999999929284540e-06 8.699999999929286014e-06
-8.400000000000000890e-06 8.600000000000000670e-06
-8.415470053826982661e-06 8.615470053826982440e-06
-8.400000000000000890e-06 8.600000000000000670e-06
-8.400000000000000890e-06 8.600000000000000670e-06
-8.400000000000000890e-06 8.600000000000000670e-06
-8.400000000000000890e-06 8.600000000000000670e-06
-8.400000000000000890e-06 8.600000000000000670e-06
-8.400000000000000890e-06 8.600000000000000670e-06
-8.400000000000000890e-06 8.600000000000000670e-06
-8.400000000000000890e-06 8.600000000000000670e-06
-8.400000000000000890e-06 8.600000000000000670e-06
-8.400000000000000890e-06 8.600000000000000670e-06
-8.315470053880192534e-06 8.600000000000000670e-06
-8.315470053880190840e-06 8.600000000000000670e-06
-7.200000000000000521e-06 8.200000000000001111e-06
-8.084529946319811108e-06 8.600000000000000670e-06
-7.200000000000000521e-06 8.200000000000001111e-06
-7.215470053826989915e-06 8.215470053826989658e-06
-7.200000000000000521e-06 8.200000000000001111e-06
-7.200000000000000521e-06 8.200000000000001111e-06
-7.200000000000000521e-06 8.200000000000001111e-06
-7.200000000000000521e-06 8.200000000000001111e-06
-7.200000000000000521e-06 8.200000000000001111e-06
-7.200000000000000521e-06 8.200000000000001111e-06
-6.499999999929292678e-06 7.899999999929293673e-06
-7.115470053880191318e-06 8.200000000000001111e-06
-6.384529946031592236e-06 7.784529946031594079e-06
-6.499999999929291831e-06 7.899999999929291979e-06
-6.299999999929289510e-06 7.699999999929290506e-06
-6.415470053826988257e-06 7.815470053826988406e-06
-6.184529946031594998e-06 7.584529946031595147e-06
-6.299999999929289510e-06 7.699999999929290506e-06
-6.099999999929291425e-06 7.499999999929292421e-06
-6.157735026807429218e-06 7.557735026807429366e-06
-6.042264973051152786e-06 7.442264973051153781e-06
-6.099999999929290578e-06 7.499999999929291574e-06
-6.199999999999999931e-06 7.600000000000000080e-06
-6.257735026878138571e-06 7.657735026878137872e-06
-6.142264972980442365e-06 7.542264972980442513e-06
-6.199999999999999931e-06 7.600000000000000080e-06
-6.000000000000000152e-06 7.400000000000001994e-06
-6.057735026878137945e-06 7.457735026878139787e-06
-6.000000000000000152e-06 7.400000000000001994e-06
-6.000000000000000152e-06 7.400000000000001994e-06
-6.104465819799984028e-06 7.504465819799985023e-06
-6.174401693462308697e-06 7.574401693462308845e-06
-6.058931639706033959e-06 7.458931639706034954e-06
-6.162200846678120973e-06 7.562200846678121969e-06
-6.037799153180457642e-06 7.437799153180459484e-06
-6.141068360152545504e-06 7.541068360152546499e-06
-6.025598306396270766e-06 7.425598306396272608e-06
-6.095534180058594587e-06 7.495534180058595583e-06
-5.957735026940096821e-06 7.400000000000001994e-06
-5.957735026940095974e-06 7.400000000000001994e-06
-5.842264973159906108e-06 7.400000000000001994e-06
-5.842264973159905261e-06 7.400000000000001994e-06
-5.757735027040096058e-06 7.400000000000001994e-06
-5.757735027040095210e-06 7.400000000000001994e-06
-5.542264972980441333e-06 7.342264972980441887e-06
-5.642264973259906191e-06 7.400000000000001994e-06
-5.757735027040096058e-06 7.400000000000001994e-06
-5.757735027040095210e-06 7.400000000000001994e-06
-5.642264973259906191e-06 7.400000000000001994e-06
-5.642264973259906191e-06 7.400000000000001994e-06
-5.957735026940096821e-06 7.400000000000001994e-06
-6.057735026878137098e-06 7.457735026878138940e-06
-5.842264973159906108e-06 7.400000000000001994e-06
-5.842264973159905261e-06 7.400000000000001994e-06
-5.600000000000000594e-06 7.400000000000001994e-06
-5.600000000000000594e-06 7.400000000000001994e-06
-5.542264972980443027e-06 7.342264972980443581e-06
-5.600000000000000594e-06 7.400000000000001994e-06
-5.400000000000000814e-06 7.200000000000000521e-06
-5.457735026878139454e-06 7.257735026878139161e-06
-5.342264972980442401e-06 7.142264972980442108e-06
-5.400000000000000814e-06 7.200000000000000521e-06
-5.499999999929292088e-06 7.299999999929292641e-06
-5.557735026807428186e-06 7.357735026807428740e-06
-5.442264973051154295e-06 7.242264973051154002e-06
-5.499999999929291241e-06 7.299999999929291794e-06
-5.504465819799984690e-06 7.304465819799985244e-06
-5.574401693462309359e-06 7.374401693462310760e-06
-5.458931639706034621e-06 7.258931639706034328e-06
-5.562200846678122483e-06 7.362200846678123037e-06
-5.437799153180459151e-06 7.237799153180458858e-06
-5.541068360152547013e-06 7.341068360152547567e-06
-5.425598306396271428e-06 7.225598306396271982e-06
-5.495534180058596097e-06 7.295534180058596651e-06
-5.299999999929291461e-06 7.099999999929290321e-06
-5.415470053826987667e-06 7.215470053826988221e-06
-5.184529946031592714e-06 6.984529946031591574e-06
-5.299999999929291461e-06 7.099999999929290321e-06
-5.099999999929289141e-06 6.899999999929288848e-06
-5.215470053826988735e-06 7.015470053826987595e-06
-4.484529946319811694e-06 6.599999999999999490e-06
-5.099999999929287447e-06 6.899999999929287154e-06
-4.315470053880191021e-06 6.599999999999999490e-06
-4.315470053880191021e-06 6.599999999999999490e-06
-4.084529946319811289e-06 6.599999999999999490e-06
-4.084529946319811289e-06 6.599999999999999490e-06
-4.000000000000000666e-06 6.599999999999999490e-06
-4.000000000000000666e-06 6.599999999999999490e-06
-4.000000000000000666e-06 6.599999999999999490e-06
-4.000000000000000666e-06 6.599999999999999490e-06
-4.000000000000000666e-06 6.599999999999999490e-06
-4.000000000000000666e-06 6.599999999999999490e-06
-3.984529946031588957e-06 6.584529946031587781e-06
-4.000000000000000666e-06 6.599999999999999490e-06
-3.199999999999999855e-06 6.199999999999999931e-06
-4.000000000000000666e-06 6.599999999999999490e-06
-3.199999999999999855e-06 6.199999999999999931e-06
-3.199999999999999855e-06 6.199999999999999931e-06
-3.199999999999999855e-06 6.199999999999999931e-06
-3.199999999999999855e-06 6.199999999999999931e-06
-3.199999999999999855e-06 6.199999999999999931e-06
-3.199999999999999855e-06 6.199999999999999931e-06
-3.199999999999999855e-06 6.199999999999999931e-06
-3.199999999999999855e-06 6.199999999999999931e-06
-3.184529946031588146e-06 6.184529946031588222e-06
-3.199999999999999855e-06 6.199999999999999931e-06
-3.099999999929284149e-06 6.099999999929285496e-06
-3.199999999999999855e-06 6.199999999999999931e-06
-2.984529946031597684e-06 5.984529946031599454e-06
-3.099999999929282879e-06 6.099999999929283802e-06
-2.899999999929295382e-06 5.899999999929295881e-06
-3.015470053826979306e-06 6.015470053826981076e-06
-2.784529946031599599e-06 5.784529946031599675e-06
-2.899999999929296229e-06 5.899999999929296728e-06
-2.699999999929297297e-06 5.699999999929296102e-06
-2.815470053826993926e-06 5.815470053826994002e-06
1.400000000000000148e-06 7.284529946119810571e-06
1.400000000000000148e-06 7.515470053680190304e-06
1.400000000000000148e-06 7.284529946119810571e-06
1.400000000000000148e-06 7.515470053680190304e-06
1.400000000000000148e-06 7.284529946119810571e-06
1.400000000000000148e-06 7.515470053680190304e-06
1.400000000000000148e-06 7.284529946119810571e-06
1.400000000000000148e-06 7.515470053680190304e-06
1.400000000000000148e-06 7.284529946119810571e-06
1.400000000000000148e-06 7.515470053680190304e-06
1.400000000000000148e-06 7.284529946119810571e-06
1.400000000000000148e-06 7.515470053680190304e-06
1.400000000000000148e-06 7.284529946119810571e-06
1.400000000000000148e-06 7.515470053680190304e-06
1.400000000000000148e-06 7.284529946119810571e-06
1.400000000000000148e-06 7.515470053680190304e-06
1.400000000000000148e-06 7.284529946119810571e-06
1.400000000000000148e-06 7.515470053680190304e-06
1.400000000000000148e-06 7.284529946119810571e-06
1.400000000000000148e-06 7.515470053680190304e-06
1.400000000000000148e-06 7.284529946119810571e-06
1.400000000000000148e-06 7.515470053680190304e-06
1.400000000000000148e-06 7.242264973059906393e-06
1.400000000000000148e-06 7.357735026840097107e-06
1.400000000000000148e-06 7.242264973059906393e-06
1.400000000000000148e-06 7.357735026840097107e-06
1.400000000000000148e-06 7.242264973059906393e-06
1.400000000000000148e-06 7.357735026840097107e-06
1.400000000000000148e-06 7.242264973059906393e-06
1.400000000000000148e-06 7.357735026840097107e-06
1.400000000000000148e-06 7.442264972959907157e-06
1.400000000000000148e-06 7.557735026740095329e-06
1.400000000000000148e-06 7.442264972959907157e-06
1.400000000000000148e-06 7.557735026740095329e-06
1.400000000000000148e-06 7.442264972959907157e-06
1.400000000000000148e-06 7.557735026740095329e-06
1.400000000000000148e-06 7.442264972959907157e-06
1.400000000000000148e-06 7.557735026740095329e-06
1.400000000000000148e-06 7.284529946119810571e-06
1.400000000000000148e-06 7.515470053680190304e-06
1.400000000000000148e-06 7.284529946119810571e-06
1.400000000000000148e-06 7.515470053680190304e-06
1.400000000000000148e-06 7.284529946119810571e-06
1.400000000000000148e-06 7.515470053680190304e-06
1.400000000000000148e-06 7.284529946119810571e-06
1.400000000000000148e-06 7.515470053680190304e-06
1.400000000000000148e-06 7.284529946119810571e-06
1.400000000000000148e-06 7.515470053680190304e-06
1.400000000000000148e-06 7.284529946119810571e-06
1.400000000000000148e-06 7.515470053680190304e-06
1.400000000000000148e-06 7.284529946119810571e-06
1.400000000000000148e-06 7.515470053680190304e-06
1.400000000000000148e-06 7.284529946119810571e-06
1.400000000000000148e-06 7.515470053680190304e-06
1.400000000000000148e-06 7.284529946119810571e-06
1.400000000000000148e-06 7.515470053680190304e-06
3.199999999999999855e-06 5.400000000000000814e-06
1.400000000000000148e-06 7.515470053680190304e-06
3.199999999999999855e-06 5.400000000000000814e-06
3.199999999999999855e-06 5.400000000000000814e-06
3.199999999999999855e-06 5.400000000000000814e-06
3.199999999999999855e-06 5.400000000000000814e-06
3.199999999999999855e-06 5.400000000000000814e-06
3.199999999999999855e-06 5.400000000000000814e-06
3.199999999999999855e-06 5.400000000000000814e-06
3.199999999999999855e-06 5.400000000000000814e-06
3.199999999999999855e-06 5.400000000000000814e-06
3.199999999999999855e-06 5.400000000000000814e-06
4.000000000000000666e-06 5.000000000000001256e-06
3.199999999999999855e-06 5.400000000000000814e-06
4.000000000000000666e-06 5.000000000000001256e-06
4.000000000000000666e-06 5.000000000000001256e-06
4.000000000000000666e-06 5.000000000000001256e-06
4.000000000000000666e-06 5.000000000000001256e-06
4.000000000000000666e-06 5.000000000000001256e-06
4.000000000000000666e-06 5.000000000000001256e-06
5.515470053680189971e-06 4.600000000000000004e-06
5.515470053680189124e-06 4.600000000000000004e-06
5.684529946119809797e-06 4.600000000000000004e-06
5.684529946119808950e-06 4.600000000000000004e-06
5.915470053680192071e-06 4.600000000000000004e-06
5.915470053680191223e-06 4.600000000000000004e-06
6.084529946119811896e-06 4.600000000000000004e-06
6.084529946119811896e-06 4.600000000000000004e-06
6.315470053680191629e-06 4.600000000000000004e-06
6.315470053680191629e-06 4.600000000000000004e-06
6.400000000000001404e-06 4.600000000000000004e-06
6.400000000000001404e-06 4.600000000000000004e-06
6.400000000000001404e-06 4.600000000000000004e-06
6.400000000000001404e-06 4.600000000000000004e-06
6.400000000000001404e-06 4.600000000000000004e-06
6.400000000000001404e-06 4.600000000000000004e-06
6.400000000000001404e-06 4.600000000000000004e-06
6.400000000000001404e-06 4.600000000000000004e-06
6.400000000000001404e-06 4.600000000000000004e-06
6.400000000000001404e-06 4.600000000000000004e-06
6.400000000000001404e-06 4.600000000000000004e-06
6.400000000000001404e-06 4.600000000000000004e-06
6.400000000000001404e-06 4.600000000000000004e-06
6.400000000000001404e-06 4.600000000000000004e-06
9.200000000000001701e-06 4.600000000000000004e-06
9.200000000000001701e-06 4.600000000000000004e-06
9.200000000000001701e-06 4.600000000000000004e-06
9.200000000000001701e-06 4.600000000000000004e-06
9.200000000000001701e-06 4.600000000000000004e-06
9.200000000000001701e-06 4.600000000000000004e-06
9.200000000000001701e-06 4.600000000000000004e-06
9.200000000000001701e-06 4.600000000000000004e-06
9.200000000000001701e-06 4.600000000000000004e-06
9.200000000000001701e-06 4.600000000000000004e-06
9.200000000000001701e-06 4.600000000000000004e-06
9.200000000000001701e-06 4.600000000000000004e-06
9.200000000000001701e-06 4.600000000000000004e-06
9.200000000000001701e-06 4.600000000000000004e-06
9.284529946119813445e-06 4.600000000000000004e-06
9.284529946119811751e-06 4.600000000000000004e-06
9.515470053680193178e-06 4.600000000000000004e-06
9.515470053680193178e-06 4.600000000000000004e-06
9.684529946119811310e-06 4.600000000000000004e-06
9.684529946119811310e-06 4.600000000000000004e-06
9.915470053680192737e-06 4.600000000000000004e-06
9.915470053680191042e-06 4.600000000000000004e-06
-8.699999999929296178e-06 8.899999999929295957e-06
-9.600000000000001260e-06 9.399999999999999786e-06
-8.584529946031588114e-06 8.784529946031589587e-06
-8.699999999929294484e-06 8.899999999929295957e-06
-8.499999999929286234e-06 8.699999999929286014e-06
-8.615470053826990911e-06 8.815470053826990690e-06
-8.400000000000000890e-06 8.600000000000000670e-06
-8.499999999929286234e-06 8.699999999929287708e-06
-8.400000000000000890e-06 8.600000000000000670e-06
-8.415470053826984355e-06 8.615470053826984135e-06
-8.400000000000000890e-06 8.600000000000000670e-06
-8.400000000000000890e-06 8.600000000000000670e-06
-8.400000000000000890e-06 8.600000000000000670e-06
-8.400000000000000890e-06 8.600000000000000670e-06
-8.400000000000000890e-06 8.600000000000000670e-06
-8.400000000000000890e-06 8.600000000000000670e-06
-8.315470053880192534e-06 8.600000000000000670e-06
-8.315470053880190840e-06 8.600000000000000670e-06
-8.084529946319811108e-06 8.600000000000000670e-06
-8.084529946319811108e-06 8.600000000000000670e-06
-7.299999999929292641e-06 8.299999999929293231e-06
-7.915470053880191282e-06 8.600000000000000670e-06
-7.200000000000000521e-06 8.200000000000001111e-06
-7.299999999929291794e-06 8.299999999929291537e-06
-7.200000000000000521e-06 8.200000000000001111e-06
-7.215470053826988221e-06 8.215470053826987964e-06
-7.200000000000000521e-06 8.200000000000001111e-06
-7.200000000000000521e-06 8.200000000000001111e-06
-7.115470053880191318e-06 8.200000000000001111e-06
-7.115470053880191318e-06 8.200000000000001111e-06
-6.584529946031594557e-06 7.984529946031593858e-06
-6.699999999929289916e-06 8.099999999929290064e-06
-6.499999999929291831e-06 7.899999999929291979e-06
-6.557735026807429623e-06 7.957735026807429772e-06
-6.442264973051153191e-06 7.842264973051154186e-06
-6.499999999929290137e-06 7.899999999929290285e-06
-6.600000000000000337e-06 7.999999999999999638e-06
-6.657735026878138976e-06 8.057735026878139125e-06
-6.542264972980441923e-06 7.942264972980441225e-06
-6.600000000000000337e-06 7.999999999999999638e-06
-6.400000000000000557e-06 7.800000000000001553e-06
-6.457735026878139197e-06 7.857735026878139345e-06
-6.342264972980441297e-06 7.742264972980441445e-06
-6.400000000000001404e-06 7.800000000000001553e-06
-6.504465819799985280e-06 7.904465819799985429e-06
-6.574401693462309949e-06 7.974401693462308404e-06
-6.458931639706033517e-06 7.858931639706034512e-06
-6.562200846678122226e-06 7.962200846678121527e-06
-6.437799153180458894e-06 7.837799153180459043e-06
-6.541068360152546756e-06 7.941068360152546058e-06
-6.425598306396270324e-06 7.825598306396270472e-06
-6.495534180058595840e-06 7.895534180058596835e-06
-6.400000000000000557e-06 7.800000000000001553e-06
-6.457735026878138350e-06 7.857735026878139345e-06
-6.342264972980440450e-06 7.742264972980441445e-06
-6.400000000000000557e-06 7.800000000000001553e-06
-6.199999999999999931e-06 7.600000000000000080e-06
-6.257735026878138571e-06 7.657735026878137872e-06
-6.142264972980440671e-06 7.542264972980441666e-06
-6.199999999999999931e-06 7.600000000000000080e-06
-6.299999999929290357e-06 7.699999999929290506e-06
-6.357735026807427303e-06 7.757735026807428298e-06
-6.242264973051152565e-06 7.642264973051152713e-06
-6.299999999929290357e-06 7.699999999929290506e-06
-6.304465819799983807e-06 7.704465819799983956e-06
-6.374401693462309323e-06 7.774401693462310318e-06
-6.258931639706032891e-06 7.658931639706033039e-06
-6.362200846678122447e-06 7.762200846678123442e-06
-6.237799153180457421e-06 7.637799153180457569e-06
-6.341068360152546130e-06 7.741068360152546278e-06
-6.225598306396269698e-06 7.625598306396270693e-06
-6.295534180058596061e-06 7.695534180058595362e-06
-6.099999999929288884e-06 7.499999999929289880e-06
-6.215470053826987631e-06 7.615470053826987780e-06
-5.684529946319811216e-06 7.400000000000001994e-06
-5.684529946319811216e-06 7.400000000000001994e-06
-5.600000000000000594e-06 7.400000000000001994e-06
-5.600000000000000594e-06 7.400000000000001994e-06
-5.584529946031593120e-06 7.384529946031594521e-06
-5.600000000000000594e-06 7.400000000000001994e-06
-5.499999999929291241e-06 7.299999999929292641e-06
-5.600000000000000594e-06 7.400000000000001994e-06
-5.384529946031593341e-06 7.184529946031593047e-06
-5.499999999929292935e-06 7.299999999929293489e-06
-5.299999999929291461e-06 7.099999999929291168e-06
-5.415470053826990209e-06 7.215470053826989915e-06
-5.184529946031590173e-06 6.984529946031589033e-06
-5.299999999929292308e-06 7.099999999929291168e-06
-4.315470053880191021e-06 6.599999999999999490e-06
-5.215470053826989582e-06 7.015470053826988442e-06
-4.084529946319811289e-06 6.599999999999999490e-06
-4.084529946319811289e-06 6.599999999999999490e-06
-4.000000000000000666e-06 6.599999999999999490e-06
-4.000000000000000666e-06 6.599999999999999490e-06
-4.000000000000000666e-06 6.599999999999999490e-06
-4.000000000000000666e-06 6.599999999999999490e-06
-4.000000000000000666e-06 6.599999999999999490e-06
-4.000000000000000666e-06 6.599999999999999490e-06
-4.000000000000000666e-06 6.599999999999999490e-06
-4.000000000000000666e-06 6.599999999999999490e-06
-4.000000000000000666e-06 6.599999999999999490e-06
-4.000000000000000666e-06 6.599999999999999490e-06
-3.199999999999999855e-06 6.199999999999999931e-06
-4.000000000000000666e-06 6.599999999999999490e-06
-3.199999999999999855e-06 6.199999999999999931e-06
-3.199999999999999855e-06 6.199999999999999931e-06
-3.199999999999999855e-06 6.199999999999999931e-06
-3.199999999999999855e-06 6.199999999999999931e-06
-3.199999999999999855e-06 6.199999999999999931e-06
-3.199999999999999855e-06 6.199999999999999931e-06
-3.199999999999999855e-06 6.199999999999999931e-06
-3.199999999999999855e-06 6.199999999999999931e-06
-3.199999999999999855e-06 6.199999999999999931e-06
-3.199999999999999855e-06 6.199999999999999931e-06
-3.184529946031585605e-06 6.184529946031585681e-06
-3.199999999999999855e-06 6.199999999999999931e-06
-3.099999999929282455e-06 6.099999999929283802e-06
-3.199999999999999855e-06 6.199999999999999931e-06
-2.984529946031598531e-06 5.984529946031600301e-06
-3.099999999929281608e-06 6.099999999929282955e-06
1.400000000000000148e-06 7.684529946119810130e-06
1.400000000000000148e-06 7.915470053680191556e-06
1.400000000000000148e-06 7.684529946119808436e-06
1.400000000000000148e-06 7.915470053680191556e-06
1.400000000000000148e-06 7.684529946119810130e-06
1.400000000000000148e-06 7.915470053680191556e-06
1.400000000000000148e-06 7.684529946119808436e-06
1.400000000000000148e-06 7.915470053680191556e-06
1.400000000000000148e-06 7.684529946119810130e-06
1.400000000000000148e-06 7.915470053680191556e-06
1.400000000000000148e-06 7.684529946119808436e-06
1.400000000000000148e-06 7.915470053680191556e-06
1.400000000000000148e-06 7.684529946119810130e-06
1.400000000000000148e-06 7.915470053680191556e-06
1.400000000000000148e-06 7.684529946119808436e-06
1.400000000000000148e-06 7.915470053680191556e-06
1.400000000000000148e-06 7.684529946119810130e-06
1.400000000000000148e-06 7.915470053680191556e-06
1.400000000000000148e-06 7.684529946119808436e-06
1.400000000000000148e-06 7.915470053680191556e-06
1.400000000000000148e-06 7.684529946119810130e-06
1.400000000000000148e-06 7.915470053680191556e-06
1.400000000000000148e-06 7.684529946119808436e-06
1.400000000000000148e-06 7.915470053680191556e-06
1.400000000000000148e-06 7.642264973059905952e-06
1.400000000000000148e-06 7.757735026840096665e-06
1.400000000000000148e-06 7.642264973059905952e-06
1.400000000000000148e-06 7.757735026840096665e-06
1.400000000000000148e-06 7.642264973059905952e-06
1.400000000000000148e-06 7.757735026840096665e-06
1.400000000000000148e-06 7.642264973059905952e-06
1.400000000000000148e-06 7.757735026840096665e-06
1.400000000000000148e-06 7.842264972959906715e-06
1.400000000000000148e-06 7.957735026740095735e-06
1.400000000000000148e-06 7.842264972959905021e-06
1.400000000000000148e-06 7.957735026740095735e-06
1.400000000000000148e-06 7.842264972959906715e-06
1.400000000000000148e-06 7.957735026740095735e-06
1.400000000000000148e-06 7.842264972959905021e-06
1.400000000000000148e-06 7.957735026740095735e-06
1.400000000000000148e-06 7.684529946119810130e-06
1.400000000000000148e-06 7.915470053680191556e-06
1.400000000000000148e-06 7.684529946119808436e-06
1.400000000000000148e-06 7.915470053680191556e-06
1.400000000000000148e-06 7.684529946119810130e-06
1.400000000000000148e-06 7.915470053680191556e-06
1.400000000000000148e-06 7.684529946119808436e-06
1.400000000000000148e-06 7.915470053680191556e-06
1.400000000000000148e-06 7.684529946119810130e-06
1.400000000000000148e-06 7.915470053680191556e-06
1.400000000000000148e-06 7.684529946119808436e-06
1.400000000000000148e-06 7.915470053680191556e-06
1.400000000000000148e-06 7.684529946119810130e-06
1.400000000000000148e-06 7.915470053680191556e-06
1.400000000000000148e-06 7.684529946119808436e-06
1.400000000000000148e-06 7.915470053680191556e-06
1.400000000000000148e-06 7.684529946119810130e-06
1.400000000000000148e-06 7.915470053680191556e-06
1.400000000000000148e-06 7.684529946119808436e-06
1.400000000000000148e-06 7.915470053680191556e-06
1.400000000000000148e-06 7.684529946119810130e-06
1.400000000000000148e-06 7.915470053680191556e-06
3.199999999999999855e-06 5.400000000000000814e-06
1.400000000000000148e-06 7.915470053680191556e-06
3.199999999999999855e-06 5.400000000000000814e-06
3.199999999999999855e-06 5.400000000000000814e-06
3.199999999999999855e-06 5.400000000000000814e-06
3.199999999999999855e-06 5.400000000000000814e-06
3.199999999999999855e-06 5.400000000000000814e-06
3.199999999999999855e-06 5.400000000000000814e-06
3.199999999999999855e-06 5.400000000000000814e-06
3.199999999999999855e-06 5.400000000000000814e-06
4.000000000000000666e-06 5.000000000000001256e-06
3.199999999999999855e-06 5.400000000000000814e-06
4.000000000000000666e-06 5.000000000000001256e-06
4.000000000000000666e-06 5.000000000000001256e-06
4.000000000000000666e-06 5.000000000000001256e-06
4.000000000000000666e-06 5.000000000000001256e-06
4.000000000000000666e-06 5.000000000000001256e-06
4.000000000000000666e-06 5.000000000000001256e-06
5.684529946119809797e-06 4.600000000000000004e-06
5.684529946119808950e-06 4.600000000000000004e-06
5.915470053680192071e-06 4.600000000000000004e-06
5.915470053680191223e-06 4.600000000000000004e-06
6.084529946119811896e-06 4.600000000000000004e-06
6.084529946119811896e-06 4.600000000000000004e-06
6.315470053680191629e-06 4.600000000000000004e-06
6.315470053680191629e-06 4.600000000000000004e-06
6.400000000000001404e-06 4.600000000000000004e-06
6.400000000000001404e-06 4.600000000000000004e-06
6.400000000000001404e-06 4.600000000000000004e-06
6.400000000000001404e-06 4.600000000000000004e-06
6.400000000000001404e-06 4.600000000000000004e-06
6.400000000000001404e-06 4.600000000000000004e-06
6.400000000000001404e-06 4.600000000000000004e-06
6.400000000000001404e-06 4.600000000000000004e-06
6.400000000000001404e-06 4.600000000000000004e-06
6.400000000000001404e-06 4.600000000000000004e-06
6.400000000000001404e-06 4.600000000000000004e-06
6.400000000000001404e-06 4.600000000000000004e-06
6.400000000000001404e-06 4.600000000000000004e-06
6.400000000000001404e-06 4.600000000000000004e-06
9.200000000000001701e-06 4.600000000000000004e-06
9.200000000000001701e-06 4.600000000000000004e-06
9.200000000000001701e-06 4.600000000000000004e-06
9.200000000000001701e-06 4.600000000000000004e-06
9.200000000000001701e-06 4.600000000000000004e-06
9.200000000000001701e-06 4.600000000000000004e-06
9.200000000000001701e-06 4.600000000000000004e-06
9.200000000000001701e-06 4.600000000000000004e-06
9.200000000000001701e-06 4.600000000000000004e-06
9.200000000000001701e-06 4.600000000000000004e-06
9.200000000000001701e-06 4.600000000000000004e-06
9.200000000000001701e-06 4.600000000000000004e-06
9.200000000000001701e-06 4.600000000000000004e-06
9.200000000000001701e-06 4.600000000000000004e-06
9.284529946119813445e-06 4.600000000000000004e-06
9.284529946119811751e-06 4.600000000000000004e-06
9.515470053680193178e-06 4.600000000000000004e-06
9.515470053680193178e-06 4.600000000000000004e-06
9.684529946119811310e-06 4.600000000000000004e-06
9.684529946119811310e-06 4.600000000000000004e-06
9.915470053680192737e-06 4.600000000000000004e-06
9.915470053680191042e-06 4.600000000000000004e-06
-9.600000000000001260e-06 9.399999999999999786e-06
-9.600000000000001260e-06 9.399999999999999786e-06
-8.784529946031596363e-06 8.984529946031597836e-06
-9.600000000000001260e-06 9.399999999999999786e-06
-8.699999999929292790e-06 8.899999999929294263e-06
-8.815470053826983914e-06 9.015470053826983693e-06
-8.584529946031589808e-06 8.784529946031589587e-06
-8.699999999929291096e-06 8.899999999929292569e-06
-8.499999999929286234e-06 8.699999999929287708e-06
-8.615470053826989217e-06 8.815470053826988996e-06
-8.400000000000000890e-06 8.600000000000000670e-06
-8.499999999929287928e-06 8.699999999929289402e-06
-8.400000000000000890e-06 8.600000000000000670e-06
-8.415470053826986049e-06 8.615470053826985829e-06
-8.400000000000000890e-06 8.600000000000000670e-06
-8.400000000000000890e-06 8.600000000000000670e-06
-8.315470053880192534e-06 8.600000000000000670e-06
-8.315470053880190840e-06 8.600000000000000670e-06
-8.084529946319811108e-06 8.600000000000000670e-06
-8.084529946319811108e-06 8.600000000000000670e-06
-7.915470053880191282e-06 8.600000000000000670e-06
-7.915470053880191282e-06 8.600000000000000670e-06
-7.384529946031594521e-06 8.384529946031593417e-06
-7.499999999929289033e-06 8.499999999929289623e-06
-7.299999999929290947e-06 8.299999999929291537e-06
-7.357735026807429587e-06 8.357735026807429330e-06
-7.242264973051154002e-06 8.242264973051153745e-06
-7.299999999929290947e-06 8.299999999929291537e-06
-7.400000000000000300e-06 8.399999999999999196e-06
-7.457735026878138093e-06 8.457735026878136989e-06
-7.342264972980442734e-06 8.342264972980442477e-06
-7.400000000000000300e-06 8.399999999999999196e-06
-7.200000000000002215e-06 8.200000000000002805e-06
-7.257735026878140008e-06 8.257735026878140598e-06
-7.200000000000000521e-06 8.200000000000001111e-06
-7.200000000000000521e-06 8.200000000000001111e-06
-7.304465819799985244e-06 8.304465819799984987e-06
-7.374401693462309913e-06 8.374401693462309656e-06
-7.258931639706034328e-06 8.258931639706034071e-06
-7.362200846678123037e-06 8.362200846678122780e-06
-7.237799153180458011e-06 8.237799153180458601e-06
-7.341068360152546720e-06 8.341068360152545616e-06
-7.225598306396271135e-06 8.225598306396271725e-06
-7.295534180058595804e-06 8.295534180058594700e-06
-7.157735026940096343e-06 8.200000000000001111e-06
-7.157735026940096343e-06 8.200000000000001111e-06
-7.042264973159905630e-06 8.200000000000001111e-06
-7.042264973159905630e-06 8.200000000000001111e-06
-6.957735027040096427e-06 8.200000000000001111e-06
-6.957735027040095580e-06 8.200000000000001111e-06
-6.742264972980442549e-06 8.142264972980442698e-06
-6.842264973259906560e-06 8.200000000000001111e-06
-6.957735027040096427e-06 8.200000000000001111e-06
-6.957735027040095580e-06 8.200000000000001111e-06
-6.842264973259906560e-06 8.200000000000001111e-06
-6.842264973259906560e-06 8.200000000000001111e-06
-7.157735026940096343e-06 8.200000000000001111e-06
-7.257735026878138314e-06 8.257735026878138904e-06
-7.042264973159905630e-06 8.200000000000001111e-06
-7.042264973159905630e-06 8.200000000000001111e-06
-6.800000000000000963e-06 8.200000000000001111e-06
-6.800000000000000963e-06 8.200000000000001111e-06
-6.742264972980442549e-06 8.142264972980442698e-06
-6.800000000000000963e-06 8.200000000000001111e-06
-6.600000000000000337e-06 7.999999999999999638e-06
-6.657735026878139823e-06 8.057735026878139125e-06
-6.542264972980441923e-06 7.942264972980441225e-06
-6.600000000000000337e-06 7.999999999999999638e-06
-6.699999999929290763e-06 8.099999999929290064e-06
-6.757735026807428555e-06 8.157735026807427857e-06
-6.642264973051153817e-06 8.042264973051153966e-06
-6.699999999929290763e-06 8.099999999929290064e-06
-6.704465819799985907e-06 8.104465819799985208e-06
-6.774401693462310575e-06 8.174401693462309877e-06
-6.658931639706034143e-06 8.058931639706034292e-06
-6.762200846678122005e-06 8.162200846678121306e-06
-6.637799153180458673e-06 8.037799153180458822e-06
-6.741068360152547382e-06 8.141068360152547531e-06
-6.625598306396271797e-06 8.025598306396271946e-06
-6.695534180058595619e-06 8.095534180058594920e-06
-6.499999999929289290e-06 7.899999999929288591e-06
-6.615470053826988037e-06 8.015470053826986491e-06
-6.384529946031593084e-06 7.784529946031594079e-06
-6.499999999929287595e-06 7.899999999929288591e-06
-6.299999999929290357e-06 7.699999999929290506e-06
-6.415470053826984869e-06 7.815470053826985018e-06
-5.684529946319811216e-06 7.400000000000001994e-06
-6.299999999929291204e-06 7.699999999929292200e-06
-5.600000000000000594e-06 7.400000000000001994e-06
-5.600000000000000594e-06 7.400000000000001994e-06
-5.600000000000000594e-06 7.400000000000001994e-06
-5.600000000000000594e-06 7.400000000000001994e-06
-5.600000000000000594e-06 7.400000000000001994e-06
-5.600000000000000594e-06 7.400000000000001994e-06
-5.584529946031595661e-06 7.384529946031596215e-06
-5.600000000000000594e-06 7.400000000000001994e-06
-5.499999999929292935e-06 7.299999999929293489e-06
-5.600000000000000594e-06 7.400000000000001994e-06
-5.384529946031595035e-06 7.184529946031594741e-06
-5.499999999929293782e-06 7.299999999929294336e-06
-5.299999999929292308e-06 7.099999999929291168e-06
-5.415470053826991056e-06 7.215470053826991609e-06
-4.084529946319811289e-06 6.599999999999999490e-06
-4.084529946319811289e-06 6.599999999999999490e-06
-4.000000000000000666e-06 6.599999999999999490e-06
-4.000000000000000666e-06 6.599999999999999490e-06
-4.000000000000000666e-06 6.599999999999999490e-06
-4.000000000000000666e-06 6.599999999999999490e-06
-4.000000000000000666e-06 6.599999999999999490e-06
-4.000000000000000666e-06 6.599999999999999490e-06
-4.000000000000000666e-06 6.599999999999999490e-06
-4.000000000000000666e-06 6.599999999999999490e-06
-4.000000000000000666e-06 6.599999999999999490e-06
-4.000000000000000666e-06 6.599999999999999490e-06
-4.000000000000000666e-06 6.599999999999999490e-06
-4.000000000000000666e-06 6.599999999999999490e-06
-3.199999999999999855e-06 6.199999999999999931e-06
-4.000000000000000666e-06 6.599999999999999490e-06
-3.199999999999999855e-06 6.199999999999999931e-06
-3.199999999999999855e-06 6.199999999999999931e-06
-3.199999999999999855e-06 6.199999999999999931e-06
-3.199999999999999855e-06 6.199999999999999931e-06
-3.199999999999999855e-06 6.199999999999999931e-06
-3.199999999999999855e-06 6.199999999999999931e-06
-3.199999999999999855e-06 6.199999999999999931e-06
-3.199999999999999855e-06 6.199999999999999931e-06
-3.199999999999999855e-06 6.199999999999999931e-06
-3.199999999999999855e-06 6.199999999999999931e-06
-3.199999999999999855e-06 6.199999999999999931e-06
-3.199999999999999855e-06 6.199999999999999931e-06
1.400000000000000148e-06 8.084529946119809688e-06
1.400000000000000148e-06 8.315470053680191115e-06
1.400000000000000148e-06 8.084529946119809688e-06
1.400000000000000148e-06 8.315470053680191115e-06
1.400000000000000148e-06 8.084529946119809688e-06
1.400000000000000148e-06 8.315470053680191115e-06
1.400000000000000148e-06 8.084529946119809688e-06
1.400000000000000148e-06 8.315470053680191115e-06
1.400000000000000148e-06 8.084529946119809688e-06
1.400000000000000148e-06 8.315470053680191115e-06
1.400000000000000148e-06 8.084529946119809688e-06
1.400000000000000148e-06 8.315470053680191115e-06
1.400000000000000148e-06 8.084529946119809688e-06
1.400000000000000148e-06 8.315470053680191115e-06
1.400000000000000148e-06 8.084529946119809688e-06
1.400000000000000148e-06 8.315470053680191115e-06
1.400000000000000148e-06 8.084529946119809688e-06
1.400000000000000148e-06 8.315470053680191115e-06
1.400000000000000148e-06 8.084529946119809688e-06
1.400000000000000148e-06 8.315470053680191115e-06
1.400000000000000148e-06 8.084529946119809688e-06
1.400000000000000148e-06 8.315470053680191115e-06
1.400000000000000148e-06 8.084529946119809688e-06
1.400000000000000148e-06 8.315470053680191115e-06
1.400000000000000148e-06 8.084529946119809688e-06
1.400000000000000148e-06 8.315470053680191115e-06
1.400000000000000148e-06 8.042264973059907204e-06
1.400000000000000148e-06 8.157735026840097918e-06
1.400000000000000148e-06 8.042264973059907204e-06
1.400000000000000148e-06 8.157735026840096223e-06
1.400000000000000148e-06 8.042264973059907204e-06
1.400000000000000148e-06 8.157735026840097918e-06
1.400000000000000148e-06 8.042264973059907204e-06
1.400000000000000148e-06 8.157735026840096223e-06
1.400000000000000148e-06 8.242264972959906274e-06
1.400000000000000148e-06 8.357735026740095293e-06
1.400000000000000148e-06 8.242264972959906274e-06
1.400000000000000148e-06 8.357735026740095293e-06
1.400000000000000148e-06 8.242264972959906274e-06
1.400000000000000148e-06 8.357735026740095293e-06
1.400000000000000148e-06 8.242264972959906274e-06
1.400000000000000148e-06 8.357735026740095293e-06
1.400000000000000148e-06 8.084529946119809688e-06
1.400000000000000148e-06 8.315470053680191115e-06
1.400000000000000148e-06 8.084529946119809688e-06
1.400000000000000148e-06 8.315470053680191115e-06
1.400000000000000148e-06 8.084529946119809688e-06
1.400000000000000148e-06 8.315470053680191115e-06
1.400000000000000148e-06 8.084529946119809688e-06
1.400000000000000148e-06 8.315470053680191115e-06
1.400000000000000148e-06 8.084529946119809688e-06
1.400000000000000148e-06 8.315470053680191115e-06
1.400000000000000148e-06 8.084529946119809688e-06
1.400000000000000148e-06 8.315470053680191115e-06
1.400000000000000148e-06 8.084529946119809688e-06
1.400000000000000148e-06 8.315470053680191115e-06
1.400000000000000148e-06 8.084529946119809688e-06
1.400000000000000148e-06 8.315470053680191115e-06
1.400000000000000148e-06 8.084529946119809688e-06
1.400000000000000148e-06 8.315470053680191115e-06
1.400000000000000148e-06 8.084529946119809688e-06
1.400000000000000148e-06 8.315470053680191115e-06
1.400000000000000148e-06 8.084529946119809688e-06
1.400000000000000148e-06 8.315470053680191115e-06
1.400000000000000148e-06 8.084529946119809688e-06
1.400000000000000148e-06 8.315470053680191115e-06
1.400000000000000148e-06 8.084529946119809688e-06
1.400000000000000148e-06 8.315470053680191115e-06
3.199999999999999855e-06 5.400000000000000814e-06
1.400000000000000148e-06 8.315470053680191115e-06
3.199999999999999855e-06 5.400000000000000814e-06
1.400000000000000148e-06 8.315470053680191115e-06
3.199999999999999855e-06 5.400000000000000814e-06
3.199999999999999855e-06 5.400000000000000814e-06
3.199999999999999855e-06 5.400000000000000814e-06
3.199999999999999855e-06 5.400000000000000814e-06
4.000000000000000666e-06 5.000000000000001256e-06
3.199999999999999855e-06 5.400000000000000814e-06
4.000000000000000666e-06 5.000000000000001256e-06
4.000000000000000666e-06 5.000000000000001256e-06
4.000000000000000666e-06 5.000000000000001256e-06
4.000000000000000666e-06 5.000000000000001256e-06
5.684529946119809797e-06 4.600000000000000004e-06
5.684529946119808950e-06 4.600000000000000004e-06
5.915470053680192071e-06 4.600000000000000004e-06
5.915470053680191223e-06 4.600000000000000004e-06
6.084529946119811896e-06 4.600000000000000004e-06
6.084529946119811896e-06 4.600000000000000004e-06
6.315470053680191629e-06 4.600000000000000004e-06
6.315470053680191629e-06 4.600000000000000004e-06
6.400000000000001404e-06 4.600000000000000004e-06
6.400000000000001404e-06 4.600000000000000004e-06
6.400000000000001404e-06 4.600000000000000004e-06
6.400000000000001404e-06 4.600000000000000004e-06
6.400000000000001404e-06 4.600000000000000004e-06
6.400000000000001404e-06 4.600000000000000004e-06
6.400000000000001404e-06 4.600000000000000004e-06
6.400000000000001404e-06 4.600000000000000004e-06
6.400000000000001404e-06 4.600000000000000004e-06
6.400000000000001404e-06 4.600000000000000004e-06
6.400000000000001404e-06 4.600000000000000004e-06
6.400000000000001404e-06 4.600000000000000004e-06
6.400000000000001404e-06 4.600000000000000004e-06
6.400000000000001404e-06 4.600000000000000004e-06
9.200000000000001701e-06 4.600000000000000004e-06
9.200000000000001701e-06 4.600000000000000004e-06
9.200000000000001701e-06 4.600000000000000004e-06
9.200000000000001701e-06 4.600000000000000004e-06
9.200000000000001701e-06 4.600000000000000004e-06
9.200000000000001701e-06 4.600000000000000004e-06
9.200000000000001701e-06 4.600000000000000004e-06
9.200000000000001701e-06 4.600000000000000004e-06
9.200000000000001701e-06 4.600000000000000004e-06
9.200000000000001701e-06 4.600000000000000004e-06
9.200000000000001701e-06 4.600000000000000004e-06
9.200000000000001701e-06 4.600000000000000004e-06
9.200000000000001701e-06 4.600000000000000004e-06
9.200000000000001701e-06 4.600000000000000004e-06
9.284529946119813445e-06 4.600000000000000004e-06
9.284529946119811751e-06 4.600000000000000004e-06
9.515470053680193178e-06 4.600000000000000004e-06
9.515470053680193178e-06 4.600000000000000004e-06
9.684529946119811310e-06 4.600000000000000004e-06
9.684529946119811310e-06 4.600000000000000004e-06
9.915470053680192737e-06 4.600000000000000004e-06
9.915470053680191042e-06 4.600000000000000004e-06
-9.600000000000001260e-06 9.399999999999999786e-06
-9.600000000000001260e-06 9.399999999999999786e-06
-9.600000000000001260e-06 9.399999999999999786e-06
-9.600000000000001260e-06 9.399999999999999786e-06
-8.899999999929285793e-06 9.099999999929287266e-06
-9.515470053880191210e-06 9.399999999999999786e-06
-8.784529946031594669e-06 8.984529946031596142e-06
-8.899999999929289181e-06 9.099999999929288960e-06
-8.699999999929291096e-06 8.899999999929292569e-06
-8.815470053826985608e-06 9.015470053826987081e-06
-8.584529946031593196e-06 8.784529946031594669e-06
-8.699999999929291096e-06 8.899999999929290875e-06
-8.499999999929287928e-06 8.699999999929289402e-06
-8.557735026807425721e-06 8.757735026807427194e-06
-8.442264973051151830e-06 8.642264973051153303e-06
-8.499999999929289623e-06 8.699999999929289402e-06
-8.599999999858578355e-06 8.799999999858579828e-06
-8.657735026878138462e-06 8.857735026878139935e-06
-8.542264972980442256e-06 8.742264972980443729e-06
-8.599999999858578355e-06 8.799999999858579828e-06
-8.400000000000000890e-06 8.600000000000000670e-06
-8.457735026878138683e-06 8.657735026878138462e-06
-8.400000000000000890e-06 8.600000000000000670e-06
-8.400000000000000890e-06 8.600000000000000670e-06
-8.504465819799983072e-06 8.704465819799984546e-06
-8.574401693462309435e-06 8.774401693462310908e-06
-8.458931639706035544e-06 8.658931639706035323e-06
-8.562200846678122559e-06 8.762200846678122338e-06
-8.437799153180458380e-06 8.637799153180458159e-06
-8.541068360152547089e-06 8.741068360152548562e-06
-8.425598306396273198e-06 8.625598306396272977e-06
-8.495534180058596173e-06 8.695534180058597646e-06
-8.357735026940096712e-06 8.600000000000000670e-06
-8.357735026940095018e-06 8.600000000000000670e-06
-8.242264973159907693e-06 8.600000000000000670e-06
-8.242264973159905999e-06 8.600000000000000670e-06
-8.157735027040097643e-06 8.600000000000000670e-06
-8.157735027040097643e-06 8.600000000000000670e-06
-8.042264973259906930e-06 8.600000000000000670e-06
-8.042264973259906930e-06 8.600000000000000670e-06
-8.157735027040097643e-06 8.600000000000000670e-06
-8.157735027040097643e-06 8.600000000000000670e-06
-8.042264973259906930e-06 8.600000000000000670e-06
-8.042264973259906930e-06 8.600000000000000670e-06
-8.357735026940096712e-06 8.600000000000000670e-06
-8.457735026878138683e-06 8.657735026878140156e-06
-8.242264973159907693e-06 8.600000000000000670e-06
-8.242264973159905999e-06 8.600000000000000670e-06
-7.957735026940095460e-06 8.600000000000000670e-06
-7.957735026940095460e-06 8.600000000000000670e-06
-7.842264973159904747e-06 8.600000000000000670e-06
-7.842264973159904747e-06 8.600000000000000670e-06
-7.757735027040094696e-06 8.600000000000000670e-06
-7.757735027040094696e-06 8.600000000000000670e-06
-7.542264972980440819e-06 8.542264972980440562e-06
-7.642264973259905677e-06 8.600000000000000670e-06
-7.757735027040094696e-06 8.600000000000000670e-06
-7.757735027040094696e-06 8.600000000000000670e-06
-7.642264973259905677e-06 8.600000000000000670e-06
-7.642264973259905677e-06 8.600000000000000670e-06
-7.957735026940095460e-06 8.600000000000000670e-06
-7.957735026940095460e-06 8.600000000000000670e-06
-7.842264973159904747e-06 8.600000000000000670e-06
-7.842264973159904747e-06 8.600000000000000670e-06
-7.600000000000000080e-06 8.600000000000000670e-06
-7.600000000000000080e-06 8.600000000000000670e-06
-7.542264972980443360e-06 8.542264972980443950e-06
-7.600000000000000080e-06 8.600000000000000670e-06
-7.400000000000000300e-06 8.399999999999999196e-06
-7.457735026878138940e-06 8.457735026878138683e-06
-7.342264972980441887e-06 8.342264972980440783e-06
-7.400000000000000300e-06 8.399999999999999196e-06
-7.499999999929291574e-06 8.499999999929291317e-06
-7.557735026807429366e-06 8.557735026807429109e-06
-7.442264973051154628e-06 8.442264973051153524e-06
-7.499999999929291574e-06 8.499999999929291317e-06
-7.504465819799983329e-06 8.504465819799983072e-06
-7.574401693462308845e-06 8.574401693462309435e-06
-7.458931639706034107e-06 8.458931639706033850e-06
-7.562200846678121969e-06 8.562200846678122559e-06
-7.437799153180457790e-06 8.437799153180456686e-06
-7.541068360152545652e-06 8.541068360152545395e-06
-7.425598306396271761e-06 8.425598306396271504e-06
-7.495534180058596430e-06 8.495534180058596173e-06
-7.299999999929289253e-06 8.299999999929288149e-06
-7.415470053826988847e-06 8.415470053826987743e-06
-6.884529946319812432e-06 8.200000000000001111e-06
-6.884529946319811585e-06 8.200000000000001111e-06
-6.800000000000000963e-06 8.200000000000001111e-06
-6.800000000000000963e-06 8.200000000000001111e-06
-6.784529946031594336e-06 8.184529946031595331e-06
-6.800000000000000963e-06 8.200000000000001111e-06
-6.699999999929290763e-06 8.099999999929290064e-06
-6.800000000000000963e-06 8.200000000000001111e-06
-6.584529946031592016e-06 7.984529946031592164e-06
-6.699999999929291610e-06 8.099999999929291758e-06
-6.499999999929287595e-06 7.899999999929286897e-06
-6.615470053826989731e-06 8.015470053826988185e-06
-6.384529946031594778e-06 7.784529946031595773e-06
-6.499999999929286748e-06 7.899999999929286897e-06
-5.600000000000000594e-06 7.400000000000001994e-06
-6.415470053826983175e-06 7.815470053826983324e-06
-5.600000000000000594e-06 7.400000000000001994e-06
-5.600000000000000594e-06 7.400000000000001994e-06
-5.600000000000000594e-06 7.400000000000001994e-06
-5.600000000000000594e-06 7.400000000000001994e-06
-5.600000000000000594e-06 7.400000000000001994e-06
-5.600000000000000594e-06 7.400000000000001994e-06
-5.600000000000000594e-06 7.400000000000001994e-06
-5.600000000000000594e-06 7.400000000000001994e-06
-5.584529946031598202e-06 7.384529946031599603e-06
-5.600000000000000594e-06 7.400000000000001994e-06
-5.499999999929293782e-06 7.299999999929294336e-06
-5.600000000000000594e-06 7.400000000000001994e-06
-5.384529946031596729e-06 7.184529946031596435e-06
-5.499999999929296323e-06 7.299999999929296877e-06
-4.000000000000000666e-06 6.599999999999999490e-06
-4.000000000000000666e-06 6.599999999999999490e-06
-4.000000000000000666e-06 6.599999999999999490e-06
-4.000000000000000666e-06 6.599999999999999490e-06
-4.000000000000000666e-06 6.599999999999999490e-06
-4.000000000000000666e-06 6.599999999999999490e-06
-4.000000000000000666e-06 6.599999999999999490e-06
-4.000000000000000666e-06 6.599999999999999490e-06
-4.000000000000000666e-06 6.599999999999999490e-06
-4.000000000000000666e-06 6.599999999999999490e-06
-4.000000000000000666e-06 6.599999999999999490e-06
-4.000000000000000666e-06 6.599999999999999490e-06
-4.000000000000000666e-06 6.599999999999999490e-06
-4.000000000000000666e-06 6.599999999999999490e-06
-3.199999999999999855e-06 6.199999999999999931e-06
-4.000000000000000666e-06 6.599999999999999490e-06
-3.199999999999999855e-06 6.199999999999999931e-06
-3.199999999999999855e-06 6.199999999999999931e-06
-3.199999999999999855e-06 6.199999999999999931e-06
-3.199999999999999855e-06 6.199999999999999931e-06
-3.199999999999999855e-06 6.199999999999999931e-06
-3.199999999999999855e-06 6.199999999999999931e-06
-3.199999999999999855e-06 6.199999999999999931e-06
-3.199999999999999855e-06 6.199999999999999931e-06
-3.199999999999999855e-06 6.199999999999999931e-06
1.400000000000000148e-06 8.715470053680192367e-06
1.400000000000000148e-06 8.484529946119810941e-06
1.400000000000000148e-06 8.715470053680192367e-06
1.400000000000000148e-06 8.484529946119809246e-06
1.400000000000000148e-06 8.715470053680192367e-06
1.400000000000000148e-06 8.484529946119810941e-06
1.400000000000000148e-06 8.715470053680192367e-06
1.400000000000000148e-06 8.484529946119809246e-06
1.400000000000000148e-06 8.715470053680192367e-06
1.400000000000000148e-06 8.484529946119810941e-06
1.400000000000000148e-06 8.715470053680192367e-06
1.400000000000000148e-06 8.484529946119809246e-06
1.400000000000000148e-06 8.715470053680192367e-06
1.400000000000000148e-06 8.484529946119810941e-06
1.400000000000000148e-06 8.715470053680192367e-06
1.400000000000000148e-06 8.484529946119809246e-06
1.400000000000000148e-06 8.715470053680192367e-06
1.400000000000000148e-06 8.484529946119810941e-06
1.400000000000000148e-06 8.715470053680192367e-06
1.400000000000000148e-06 8.484529946119809246e-06
1.400000000000000148e-06 8.715470053680192367e-06
1.400000000000000148e-06 8.484529946119810941e-06
1.400000000000000148e-06 8.715470053680192367e-06
1.400000000000000148e-06 8.484529946119809246e-06
1.400000000000000148e-06 8.715470053680192367e-06
1.400000000000000148e-06 8.484529946119810941e-06
1.400000000000000148e-06 8.715470053680192367e-06
1.400000000000000148e-06 8.442264973059905068e-06
1.400000000000000148e-06 8.557735026840095782e-06
1.400000000000000148e-06 8.442264973059906763e-06
1.400000000000000148e-06 8.557735026840095782e-06
1.400000000000000148e-06 8.442264973059905068e-06
1.400000000000000148e-06 8.557735026840095782e-06
1.400000000000000148e-06 8.442264973059906763e-06
1.400000000000000148e-06 8.557735026840095782e-06
1.400000000000000148e-06 8.642264972959905832e-06
1.400000000000000148e-06 8.757735026740096545e-06
1.400000000000000148e-06 8.642264972959907526e-06
1.400000000000000148e-06 8.757735026740096545e-06
1.400000000000000148e-06 8.642264972959905832e-06
1.400000000000000148e-06 8.757735026740096545e-06
1.400000000000000148e-06 8.642264972959907526e-06
1.400000000000000148e-06 8.757735026740096545e-06
1.400000000000000148e-06 8.484529946119809246e-06
1.400000000000000148e-06 8.715470053680192367e-06
1.400000000000000148e-06 8.484529946119810941e-06
1.400000000000000148e-06 8.715470053680192367e-06
1.400000000000000148e-06 8.484529946119809246e-06
1.400000000000000148e-06 8.715470053680192367e-06
1.400000000000000148e-06 8.484529946119810941e-06
1.400000000000000148e-06 8.715470053680192367e-06
1.400000000000000148e-06 8.484529946119809246e-06
1.400000000000000148e-06 8.715470053680192367e-06
1.400000000000000148e-06 8.484529946119810941e-06
1.400000000000000148e-06 8.715470053680192367e-06
1.400000000000000148e-06 8.484529946119809246e-06
1.400000000000000148e-06 8.715470053680192367e-06
1.400000000000000148e-06 8.484529946119810941e-06
1.400000000000000148e-06 8.715470053680192367e-06
1.400000000000000148e-06 8.484529946119809246e-06
1.400000000000000148e-06 8.715470053680192367e-06
1.400000000000000148e-06 8.484529946119810941e-06
1.400000000000000148e-06 8.715470053680192367e-06
1.400000000000000148e-06 8.484529946119809246e-06
1.400000000000000148e-06 8.715470053680192367e-06
1.400000000000000148e-06 8.484529946119810941e-06
1.400000000000000148e-06 8.715470053680192367e-06
1.400000000000000148e-06 8.484529946119809246e-06
1.400000000000000148e-06 8.715470053680192367e-06
1.400000000000000148e-06 8.484529946119810941e-06
1.400000000000000148e-06 8.715470053680192367e-06
1.400000000000000148e-06 8.484529946119809246e-06
1.400000000000000148e-06 8.715470053680192367e-06
1.400000000000000148e-06 8.484529946119810941e-06
1.400000000000000148e-06 8.715470053680192367e-06
1.400000000000000148e-06 8.484529946119809246e-06
1.400000000000000148e-06 8.715470053680192367e-06
3.199999999999999855e-06 5.400000000000000814e-06
1.400000000000000148e-06 8.715470053680192367e-06
4.000000000000000666e-06 5.000000000000001256e-06
1.400000000000000148e-06 8.715470053680192367e-06
4.000000000000000666e-06 5.000000000000001256e-06
4.000000000000000666e-06 5.000000000000001256e-06
4.000000000000000666e-06 5.000000000000001256e-06
4.000000000000000666e-06 5.000000000000001256e-06
5.915470053680192071e-06 4.600000000000000004e-06
5.915470053680191223e-06 4.600000000000000004e-06
6.084529946119811896e-06 4.600000000000000004e-06
6.084529946119811896e-06 4.600000000000000004e-06
6.315470053680191629e-06 4.600000000000000004e-06
6.315470053680191629e-06 4.600000000000000004e-06
6.400000000000001404e-06 4.600000000000000004e-06
6.400000000000001404e-06 4.600000000000000004e-06
6.400000000000001404e-06 4.600000000000000004e-06
6.400000000000001404e-06 4.600000000000000004e-06
6.400000000000001404e-06 4.600000000000000004e-06
6.400000000000001404e-06 4.600000000000000004e-06
6.400000000000001404e-06 4.600000000000000004e-06
6.400000000000001404e-06 4.600000000000000004e-06
6.400000000000001404e-06 4.600000000000000004e-06
6.400000000000001404e-06 4.600000000000000004e-06
6.400000000000001404e-06 4.600000000000000004e-06
6.400000000000001404e-06 4.600000000000000004e-06
6.400000000000001404e-06 4.600000000000000004e-06
6.400000000000001404e-06 4.600000000000000004e-06
9.200000000000001701e-06 4.600000000000000004e-06
9.200000000000001701e-06 4.600000000000000004e-06
9.200000000000001701e-06 4.600000000000000004e-06
9.200000000000001701e-06 4.600000000000000004e-06
9.200000000000001701e-06 4.600000000000000004e-06
9.200000000000001701e-06 4.600000000000000004e-06
9.200000000000001701e-06 4.600000000000000004e-06
9.200000000000001701e-06 4.600000000000000004e-06
9.200000000000001701e-06 4.600000000000000004e-06
9.200000000000001701e-06 4.600000000000000004e-06
9.200000000000001701e-06 4.600000000000000004e-06
9.200000000000001701e-06 4.600000000000000004e-06
9.200000000000001701e-06 4.600000000000000004e-06
9.200000000000001701e-06 4.600000000000000004e-06
9.284529946119813445e-06 4.600000000000000004e-06
9.284529946119811751e-06 4.600000000000000004e-06
9.515470053680193178e-06 4.600000000000000004e-06
9.515470053680193178e-06 4.600000000000000004e-06
9.684529946119811310e-06 4.600000000000000004e-06
9.684529946119811310e-06 4.600000000000000004e-06
9.915470053680192737e-06 4.600000000000000004e-06
9.915470053680191042e-06 4.600000000000000004e-06
-9.600000000000001260e-06 9.399999999999999786e-06
-9.615470053826988113e-06 9.415470053826986639e-06
-9.600000000000001260e-06 9.399999999999999786e-06
-9.600000000000001260e-06 9.399999999999999786e-06
-9.515470053880191210e-06 9.399999999999999786e-06
-9.515470053880191210e-06 9.399999999999999786e-06
-8.984529946031592754e-06 9.184529946031594227e-06
-9.099999999929290654e-06 9.299999999929292127e-06
-8.899999999929289181e-06 9.099999999929288960e-06
-8.957735026807426974e-06 9.157735026807426753e-06
-8.842264973051153082e-06 9.042264973051154556e-06
-8.899999999929289181e-06 9.099999999929290654e-06
-8.999999999858577913e-06 9.199999999858579386e-06
-9.057735026878138021e-06 9.257735026878139494e-06
-8.942264972980441815e-06 9.142264972980443288e-06
-8.999999999858577913e-06 9.199999999858579386e-06
-8.800000000000000449e-06 9.000000000000000228e-06
-8.857735026878138241e-06 9.057735026878139715e-06
-8.742264972980443729e-06 8.942264972980445203e-06
-8.800000000000002143e-06 9.000000000000001922e-06
-8.904465819799982631e-06 9.104465819799984104e-06
-8.974401693462308994e-06 9.174401693462310467e-06
-8.858931639706035102e-06 9.058931639706034882e-06
-8.962200846678122117e-06 9.162200846678123591e-06
-8.837799153180457939e-06 9.037799153180457718e-06
-8.941068360152544953e-06 9.141068360152546427e-06
-8.825598306396272756e-06 9.025598306396272536e-06
-8.895534180058597425e-06 9.095534180058597204e-06
-8.800000000000002143e-06 9.000000000000001922e-06
-8.857735026878138241e-06 9.057735026878139715e-06
-8.742264972980442035e-06 8.942264972980443509e-06
-8.800000000000002143e-06 9.000000000000001922e-06
-8.600000000000000670e-06 8.800000000000002143e-06
-8.657735026878138462e-06 8.857735026878139935e-06
-8.542264972980443950e-06 8.742264972980445424e-06
-8.600000000000000670e-06 8.800000000000002143e-06
-8.699999999929289402e-06 8.899999999929289181e-06
-8.757735026807427194e-06 8.957735026807428668e-06
-8.642264973051153303e-06 8.842264973051153082e-06
-8.699999999929289402e-06 8.899999999929289181e-06
-8.704465819799986240e-06 8.904465819799986019e-06
-8.774401693462310908e-06 8.974401693462310688e-06
-8.658931639706035323e-06 8.858931639706036797e-06
-8.762200846678122338e-06 8.962200846678123811e-06
-8.637799153180458159e-06 8.837799153180459633e-06
-8.741068360152546868e-06 8.941068360152546648e-06
-8.625598306396272977e-06 8.825598306396274451e-06
-8.695534180058595952e-06 8.895534180058595731e-06
-8.499999999929291317e-06 8.699999999929292790e-06
-8.615470053826985829e-06 8.815470053826987302e-06
-8.084529946319811108e-06 8.600000000000000670e-06
-8.084529946319811108e-06 8.600000000000000670e-06
-7.915470053880191282e-06 8.600000000000000670e-06
-7.915470053880191282e-06 8.600000000000000670e-06
-7.684529946319809855e-06 8.600000000000000670e-06
-7.684529946319809855e-06 8.600000000000000670e-06
-7.600000000000000080e-06 8.600000000000000670e-06
-7.600000000000000080e-06 8.600000000000000670e-06
-7.584529946031595994e-06 8.584529946031596584e-06
-7.600000000000000080e-06 8.600000000000000670e-06
-7.499999999929293268e-06 8.499999999929293011e-06
-7.600000000000000080e-06 8.600000000000000670e-06
-6.884529946319812432e-06 8.200000000000001111e-06
-7.499999999929294115e-06 8.499999999929294705e-06
-6.800000000000000963e-06 8.200000000000001111e-06
-6.800000000000000963e-06 8.200000000000001111e-06
-6.800000000000000963e-06 8.200000000000001111e-06
-6.800000000000000963e-06 8.200000000000001111e-06
-6.800000000000000963e-06 8.200000000000001111e-06
-6.800000000000000963e-06 8.200000000000001111e-06
-6.784529946031596877e-06 8.184529946031597025e-06
-6.800000000000000963e-06 8.200000000000001111e-06
-6.699999999929293304e-06 8.099999999929293452e-06
-6.800000000000000963e-06 8.200000000000001111e-06
-6.584529946031591169e-06 7.984529946031590470e-06
-6.699999999929293304e-06 8.099999999929293452e-06
-6.499999999929286748e-06 7.899999999929286897e-06
-6.615470053826990578e-06 8.015470053826989879e-06
-5.600000000000000594e-06 7.400000000000001994e-06
-6.499999999929285901e-06 7.899999999929285203e-06
-5.600000000000000594e-06 7.400000000000001994e-06
-5.600000000000000594e-06 7.400000000000001994e-06
-5.600000000000000594e-06 7.400000000000001994e-06
-5.600000000000000594e-06 7.400000000000001994e-06
-5.600000000000000594e-06 7.400000000000001994e-06
-5.600000000000000594e-06 7.400000000000001994e-06
-5.600000000000000594e-06 7.400000000000001994e-06
-5.600000000000000594e-06 7.400000000000001994e-06
-5.600000000000000594e-06 7.400000000000001994e-06
-5.600000000000000594e-06 7.400000000000001994e-06
-5.584529946031600743e-06 7.384529946031602144e-06
-5.600000000000000594e-06 7.400000000000001994e-06
-5.499999999929297170e-06 7.299999999929297724e-06
-5.600000000000000594e-06 7.400000000000001994e-06
-4.000000000000000666e-06 6.599999999999999490e-06
-4.000000000000000666e-06 6.599999999999999490e-06
-4.000000000000000666e-06 6.599999999999999490e-06
-4.000000000000000666e-06 6.599999999999999490e-06
-4.000000000000000666e-06 6.599999999999999490e-06
-4.000000000000000666e-06 6.599999999999999490e-06
-4.000000000000000666e-06 6.599999999999999490e-06
-4.000000000000000666e-06 6.599999999999999490e-06
-4.000000000000000666e-06 6.599999999999999490e-06
-4.000000000000000666e-06 6.599999999999999490e-06
-4.000000000000000666e-06 6.599999999999999490e-06
-4.000000000000000666e-06 6.599999999999999490e-06
-4.000000000000000666e-06 6.599999999999999490e-06
-4.000000000000000666e-06 6.599999999999999490e-06
-3.199999999999999855e-06 6.199999999999999931e-06
-4.000000000000000666e-06 6.599999999999999490e-06
-3.199999999999999855e-06 6.199999999999999931e-06
-3.199999999999999855e-06 6.199999999999999931e-06
-3.199999999999999855e-06 6.199999999999999931e-06
-3.199999999999999855e-06 6.199999999999999931e-06
-3.199999999999999855e-06 6.199999999999999931e-06
1.400000000000000148e-06 9.115470053680193620e-06
1.400000000000000148e-06 8.884529946119812193e-06
1.400000000000000148e-06 9.115470053680193620e-06
1.400000000000000148e-06 8.884529946119813887e-06
1.400000000000000148e-06 9.115470053680193620e-06
1.400000000000000148e-06 8.884529946119812193e-06
1.400000000000000148e-06 9.115470053680193620e-06
1.400000000000000148e-06 8.884529946119813887e-06
1.400000000000000148e-06 9.115470053680193620e-06
1.400000000000000148e-06 8.884529946119812193e-06
1.400000000000000148e-06 9.115470053680193620e-06
1.400000000000000148e-06 8.884529946119813887e-06
1.400000000000000148e-06 9.115470053680193620e-06
1.400000000000000148e-06 8.884529946119812193e-06
1.400000000000000148e-06 9.115470053680193620e-06
1.400000000000000148e-06 8.884529946119813887e-06
1.400000000000000148e-06 9.115470053680193620e-06
1.400000000000000148e-06 8.884529946119812193e-06
1.400000000000000148e-06 9.115470053680193620e-06
1.400000000000000148e-06 8.884529946119813887e-06
1.400000000000000148e-06 9.115470053680193620e-06
1.400000000000000148e-06 8.884529946119812193e-06
1.400000000000000148e-06 9.115470053680193620e-06
1.400000000000000148e-06 8.884529946119813887e-06
1.400000000000000148e-06 9.115470053680193620e-06
1.400000000000000148e-06 8.884529946119812193e-06
1.400000000000000148e-06 9.115470053680193620e-06
1.400000000000000148e-06 8.884529946119813887e-06
1.400000000000000148e-06 9.115470053680193620e-06
1.400000000000000148e-06 8.842264973059908015e-06
1.400000000000000148e-06 8.957735026840097034e-06
1.400000000000000148e-06 8.842264973059909709e-06
1.400000000000000148e-06 8.957735026840097034e-06
1.400000000000000148e-06 8.842264973059908015e-06
1.400000000000000148e-06 8.957735026840097034e-06
1.400000000000000148e-06 8.842264973059909709e-06
1.400000000000000148e-06 8.957735026840097034e-06
1.400000000000000148e-06 9.042264972959905390e-06
1.400000000000000148e-06 9.157735026740096104e-06
1.400000000000000148e-06 9.042264972959907084e-06
1.400000000000000148e-06 9.157735026740096104e-06
1.400000000000000148e-06 9.042264972959905390e-06
1.400000000000000148e-06 9.157735026740096104e-06
1.400000000000000148e-06 9.042264972959907084e-06
1.400000000000000148e-06 9.157735026740096104e-06
1.400000000000000148e-06 8.884529946119812193e-06
1.400000000000000148e-06 9.115470053680193620e-06
1.400000000000000148e-06 8.884529946119813887e-06
1.400000000000000148e-06 9.115470053680193620e-06
1.400000000000000148e-06 8.884529946119812193e-06
1.400000000000000148e-06 9.115470053680193620e-06
1.400000000000000148e-06 8.884529946119813887e-06
1.400000000000000148e-06 9.115470053680193620e-06
1.400000000000000148e-06 8.884529946119812193e-06
1.400000000000000148e-06 9.115470053680193620e-06
1.400000000000000148e-06 8.884529946119813887e-06
1.400000000000000148e-06 9.115470053680193620e-06
1.400000000000000148e-06 8.884529946119812193e-06
1.400000000000000148e-06 9.115470053680193620e-06
1.400000000000000148e-06 8.884529946119813887e-06
1.400000000000000148e-06 9.115470053680193620e-06
1.400000000000000148e-06 8.884529946119812193e-06
1.400000000000000148e-06 9.115470053680193620e-06
1.400000000000000148e-06 8.884529946119813887e-06
1.400000000000000148e-06 9.115470053680193620e-06
1.400000000000000148e-06 8.884529946119812193e-06
1.400000000000000148e-06 9.115470053680193620e-06
1.400000000000000148e-06 8.884529946119813887e-06
1.400000000000000148e-06 9.115470053680193620e-06
1.400000000000000148e-06 8.884529946119812193e-06
1.400000000000000148e-06 9.115470053680193620e-06
1.400000000000000148e-06 8.884529946119813887e-06
1.400000000000000148e-06 9.115470053680193620e-06
1.400000000000000148e-06 8.884529946119812193e-06
1.400000000000000148e-06 9.115470053680193620e-06
1.400000000000000148e-06 8.884529946119813887e-06
1.400000000000000148e-06 9.115470053680193620e-06
1.400000000000000148e-06 8.884529946119812193e-06
1.400000000000000148e-06 9.115470053680193620e-06
1.400000000000000148e-06 8.884529946119813887e-06
1.400000000000000148e-06 9.115470053680193620e-06
1.400000000000000148e-06 8.884529946119812193e-06
1.400000000000000148e-06 9.115470053680193620e-06
1.400000000000000148e-06 8.884529946119813887e-06
1.400000000000000148e-06 9.115470053680193620e-06
4.000000000000000666e-06 5.000000000000001256e-06
1.400000000000000148e-06 9.115470053680193620e-06
5.915470053680192071e-06 4.600000000000000004e-06
1.400000000000000148e-06 9.115470053680193620e-06
6.084529946119811896e-06 4.600000000000000004e-06
6.084529946119811896e-06 4.600000000000000004e-06
6.315470053680191629e-06 4.600000000000000004e-06
6.315470053680191629e-06 4.600000000000000004e-06
6.400000000000001404e-06 4.600000000000000004e-06
6.400000000000001404e-06 4.600000000000000004e-06
6.400000000000001404e-06 4.600000000000000004e-06
6.400000000000001404e-06 4.600000000000000004e-06
6.400000000000001404e-06 4.600000000000000004e-06
6.400000000000001404e-06 4.600000000000000004e-06
6.400000000000001404e-06 4.600000000000000004e-06
6.400000000000001404e-06 4.600000000000000004e-06
6.400000000000001404e-06 4.600000000000000004e-06
6.400000000000001404e-06 4.600000000000000004e-06
6.400000000000001404e-06 4.600000000000000004e-06
6.400000000000001404e-06 4.600000000000000004e-06
6.400000000000001404e-06 4.600000000000000004e-06
6.400000000000001404e-06 4.600000000000000004e-06
9.200000000000001701e-06 4.600000000000000004e-06
9.200000000000001701e-06 4.600000000000000004e-06
9.200000000000001701e-06 4.600000000000000004e-06
9.200000000000001701e-06 4.600000000000000004e-06
9.200000000000001701e-06 4.600000000000000004e-06
9.200000000000001701e-06 4.600000000000000004e-06
9.200000000000001701e-06 4.600000000000000004e-06
9.200000000000001701e-06 4.600000000000000004e-06
9.200000000000001701e-06 4.600000000000000004e-06
9.200000000000001701e-06 4.600000000000000004e-06
9.200000000000001701e-06 4.600000000000000004e-06
9.200000000000001701e-06 4.600000000000000004e-06
9.200000000000001701e-06 4.600000000000000004e-06
9.200000000000001701e-06 4.600000000000000004e-06
9.284529946119813445e-06 4.600000000000000004e-06
9.284529946119811751e-06 4.600000000000000004e-06
9.515470053680193178e-06 4.600000000000000004e-06
9.515470053680193178e-06 4.600000000000000004e-06
9.684529946119811310e-06 4.600000000000000004e-06
9.684529946119811310e-06 4.600000000000000004e-06
9.915470053680192737e-06 4.600000000000000004e-06
9.915470053680191042e-06 4.600000000000000004e-06
-9.699999999929289992e-06 9.499999999929290213e-06
-9.757735026807427784e-06 9.557735026807428005e-06
-9.642264973051153893e-06 9.442264973051152420e-06
-9.699999999929289992e-06 9.499999999929290213e-06
-9.800000000000001039e-06 9.600000000000001260e-06
-9.857735026878140525e-06 9.657735026878139052e-06
-9.742264972980442625e-06 9.542264972980442846e-06
-9.799999999858578724e-06 9.599999999858578945e-06
-9.600000000000002954e-06 9.400000000000001480e-06
-9.657735026878139052e-06 9.457735026878137579e-06
-9.600000000000001260e-06 9.399999999999999786e-06
-9.600000000000001260e-06 9.399999999999999786e-06
-9.704465819799985136e-06 9.504465819799985356e-06
-9.774401693462309804e-06 9.574401693462310025e-06
-9.658931639706035913e-06 9.458931639706034440e-06
-9.762200846678122928e-06 9.562200846678121455e-06
-9.637799153180458749e-06 9.437799153180458970e-06
-9.741068360152547458e-06 9.541068360152547679e-06
-9.625598306396271873e-06 9.425598306396270400e-06
-9.695534180058596542e-06 9.495534180058596763e-06
-9.557735026940095388e-06 9.399999999999999786e-06
-9.557735026940095388e-06 9.399999999999999786e-06
-9.442264973159906368e-06 9.399999999999999786e-06
-9.442264973159906368e-06 9.399999999999999786e-06
-9.357735027040096318e-06 9.399999999999999786e-06
-9.357735027040096318e-06 9.399999999999999786e-06
-9.142264972980443288e-06 9.342264972980443067e-06
-9.242264973259905605e-06 9.399999999999999786e-06
-9.357735027040096318e-06 9.399999999999999786e-06
-9.357735027040096318e-06 9.399999999999999786e-06
-9.242264973259907299e-06 9.399999999999999786e-06
-9.242264973259905605e-06 9.399999999999999786e-06
-9.557735026940095388e-06 9.399999999999999786e-06
-9.657735026878139052e-06 9.457735026878139273e-06
-9.442264973159906368e-06 9.399999999999999786e-06
-9.442264973159906368e-06 9.399999999999999786e-06
-9.200000000000000007e-06 9.399999999999999786e-06
-9.200000000000000007e-06 9.399999999999999786e-06
-9.142264972980441594e-06 9.342264972980443067e-06
-9.200000000000000007e-06 9.399999999999999786e-06
-9.000000000000000228e-06 9.200000000000001701e-06
-9.057735026878138021e-06 9.257735026878139494e-06
-8.942264972980443509e-06 9.142264972980443288e-06
-9.000000000000000228e-06 9.200000000000001701e-06
-9.099999999929288960e-06 9.299999999929290433e-06
-9.157735026807426753e-06 9.357735026807428226e-06
-9.042264973051152862e-06 9.242264973051152641e-06
-9.099999999929288960e-06 9.299999999929290433e-06
-9.104465819799984104e-06 9.304465819799985577e-06
-9.174401693462310467e-06 9.374401693462310246e-06
-9.058931639706033188e-06 9.258931639706034661e-06
-9.162200846678121897e-06 9.362200846678121676e-06
-9.037799153180457718e-06 9.237799153180459191e-06
-9.141068360152546427e-06 9.341068360152546206e-06
-9.025598306396270842e-06 9.225598306396272315e-06
-9.095534180058595510e-06 9.295534180058595290e-06
-8.899999999929290875e-06 9.099999999929292348e-06
-9.015470053826987081e-06 9.215470053826986860e-06
-8.784529946031592975e-06 8.984529946031592754e-06
-8.899999999929292569e-06 9.099999999929292348e-06
-8.699999999929289402e-06 8.899999999929290875e-06
-8.815470053826988996e-06 9.015470053826990469e-06
-8.084529946319811108e-06 8.600000000000000670e-06
-8.699999999929287708e-06 8.899999999929287487e-06
-7.915470053880191282e-06 8.600000000000000670e-06
-7.915470053880191282e-06 8.600000000000000670e-06
-7.684529946319809855e-06 8.600000000000000670e-06
-7.684529946319809855e-06 8.600000000000000670e-06
-7.600000000000000080e-06 8.600000000000000670e-06
-7.600000000000000080e-06 8.600000000000000670e-06
-7.600000000000000080e-06 8.600000000000000670e-06
-7.600000000000000080e-06 8.600000000000000670e-06
-7.600000000000000080e-06 8.600000000000000670e-06
-7.600000000000000080e-06 8.600000000000000670e-06
-7.584529946031597688e-06 8.584529946031598278e-06
-7.600000000000000080e-06 8.600000000000000670e-06
-6.800000000000000963e-06 8.200000000000001111e-06
-7.600000000000000080e-06 8.600000000000000670e-06
-6.800000000000000963e-06 8.200000000000001111e-06
-6.800000000000000963e-06 8.200000000000001111e-06
-6.800000000000000963e-06 8.200000000000001111e-06
-6.800000000000000963e-06 8.200000000000001111e-06
-6.800000000000000963e-06 8.200000000000001111e-06
-6.800000000000000963e-06 8.200000000000001111e-06
-6.800000000000000963e-06 8.200000000000001111e-06
-6.800000000000000963e-06 8.200000000000001111e-06
-6.784529946031596030e-06 8.184529946031597025e-06
-6.800000000000000963e-06 8.200000000000001111e-06
-6.699999999929293304e-06 8.099999999929293452e-06
-6.800000000000000963e-06 8.200000000000001111e-06
-6.584529946031589475e-06 7.984529946031588776e-06
-6.699999999929293304e-06 8.099999999929293452e-06
-5.600000000000000594e-06 7.400000000000001994e-06
-6.615470053826991425e-06 8.015470053826989879e-06
-5.600000000000000594e-06 7.400000000000001994e-06
-5.600000000000000594e-06 7.400000000000001994e-06
-5.600000000000000594e-06 7.400000000000001994e-06
-5.600000000000000594e-06 7.400000000000001994e-06
-5.600000000000000594e-06 7.400000000000001994e-06
-5.600000000000000594e-06 7.400000000000001994e-06
-5.600000000000000594e-06 7.400000000000001994e-06
-5.600000000000000594e-06 7.400000000000001994e-06
-5.600000000000000594e-06 7.400000000000001994e-06
-5.600000000000000594e-06 7.400000000000001994e-06
-5.600000000000000594e-06 7.400000000000001994e-06
-5.600000000000000594e-06 7.400000000000001994e-06
-5.584529946031601590e-06 7.384529946031602991e-06
-5.600000000000000594e-06 7.400000000000001994e-06
-4.000000000000000666e-06 6.599999999999999490e-06
-4.000000000000000666e-06 6.599999999999999490e-06
-4.000000000000000666e-06 6.599999999999999490e-06
-4.000000000000000666e-06 6.599999999999999490e-06
-4.000000000000000666e-06 6.599999999999999490e-06
-4.000000000000000666e-06 6.599999999999999490e-06
-4.000000000000000666e-06 6.599999999999999490e-06
-4.000000000000000666e-06 6.599999999999999490e-06
-4.000000000000000666e-06 6.599999999999999490e-06
-4.000000000000000666e-06 6.599999999999999490e-06
-4.000000000000000666e-06 6.599999999999999490e-06
-4.000000000000000666e-06 6.599999999999999490e-06
-4.000000000000000666e-06 6.599999999999999490e-06
-4.000000000000000666e-06 6.599999999999999490e-06
-3.199999999999999855e-06 6.199999999999999931e-06
1.400000000000000148e-06 9.515470053680191484e-06
1.400000000000000148e-06 9.284529946119811751e-06
1.400000000000000148e-06 9.515470053680193178e-06
1.400000000000000148e-06 9.284529946119811751e-06
1.400000000000000148e-06 9.515470053680191484e-06
1.400000000000000148e-06 9.284529946119811751e-06
1.400000000000000148e-06 9.515470053680193178e-06
1.400000000000000148e-06 9.284529946119811751e-06
1.400000000000000148e-06 9.515470053680191484e-06
1.400000000000000148e-06 9.284529946119811751e-06
1.400000000000000148e-06 9.515470053680193178e-06
1.400000000000000148e-06 9.284529946119811751e-06
1.400000000000000148e-06 9.515470053680191484e-06
1.400000000000000148e-06 9.284529946119811751e-06
1.400000000000000148e-06 9.515470053680193178e-06
1.400000000000000148e-06 9.284529946119811751e-06
1.400000000000000148e-06 9.515470053680191484e-06
1.400000000000000148e-06 9.284529946119811751e-06
1.400000000000000148e-06 9.515470053680193178e-06
1.400000000000000148e-06 9.284529946119811751e-06
1.400000000000000148e-06 9.515470053680191484e-06
1.400000000000000148e-06 9.284529946119811751e-06
1.400000000000000148e-06 9.515470053680193178e-06
1.400000000000000148e-06 9.284529946119811751e-06
1.400000000000000148e-06 9.515470053680191484e-06
1.400000000000000148e-06 9.284529946119811751e-06
1.400000000000000148e-06 9.515470053680193178e-06
1.400000000000000148e-06 9.284529946119811751e-06
1.400000000000000148e-06 9.515470053680191484e-06
1.400000000000000148e-06 9.284529946119811751e-06
1.400000000000000148e-06 9.515470053680193178e-06
1.400000000000000148e-06 9.284529946119811751e-06
1.400000000000000148e-06 9.515470053680191484e-06
1.400000000000000148e-06 9.242264973059907573e-06
1.400000000000000148e-06 9.357735026840096593e-06
1.400000000000000148e-06 9.242264973059907573e-06
1.400000000000000148e-06 9.357735026840096593e-06
1.400000000000000148e-06 9.242264973059907573e-06
1.400000000000000148e-06 9.357735026840096593e-06
1.400000000000000148e-06 9.242264973059907573e-06
1.400000000000000148e-06 9.357735026840096593e-06
1.400000000000000148e-06 9.442264972959906643e-06
1.400000000000000148e-06 9.557735026740095662e-06
1.400000000000000148e-06 9.442264972959906643e-06
1.400000000000000148e-06 9.557735026740095662e-06
1.400000000000000148e-06 9.442264972959906643e-06
1.400000000000000148e-06 9.557735026740095662e-06
1.400000000000000148e-06 9.442264972959906643e-06
1.400000000000000148e-06 9.557735026740095662e-06
1.400000000000000148e-06 9.284529946119811751e-06
1.400000000000000148e-06 9.515470053680193178e-06
1.400000000000000148e-06 9.284529946119811751e-06
1.400000000000000148e-06 9.515470053680191484e-06
1.400000000000000148e-06 9.284529946119811751e-06
1.400000000000000148e-06 9.515470053680193178e-06
1.400000000000000148e-06 9.284529946119811751e-06
1.400000000000000148e-06 9.515470053680191484e-06
1.400000000000000148e-06 9.284529946119811751e-06
1.400000000000000148e-06 9.515470053680193178e-06
1.400000000000000148e-06 9.284529946119811751e-06
1.400000000000000148e-06 9.515470053680191484e-06
1.400000000000000148e-06 9.284529946119811751e-06
1.400000000000000148e-06 9.515470053680193178e-06
1.400000000000000148e-06 9.284529946119811751e-06
1.400000000000000148e-06 9.515470053680191484e-06
1.400000000000000148e-06 9.284529946119811751e-06
1.400000000000000148e-06 9.515470053680193178e-06
1.400000000000000148e-06 9.284529946119811751e-06
1.400000000000000148e-06 9.515470053680191484e-06
1.400000000000000148e-06 9.284529946119811751e-06
1.400000000000000148e-06 9.515470053680193178e-06
1.400000000000000148e-06 9.284529946119811751e-06
1.400000000000000148e-06 9.515470053680191484e-06
1.400000000000000148e-06 9.284529946119811751e-06
1.400000000000000148e-06 9.515470053680193178e-06
1.400000000000000148e-06 9.284529946119811751e-06
1.400000000000000148e-06 9.515470053680191484e-06
1.400000000000000148e-06 9.284529946119811751e-06
1.400000000000000148e-06 9.515470053680193178e-06
1.400000000000000148e-06 9.284529946119811751e-06
1.400000000000000148e-06 9.515470053680191484e-06
1.400000000000000148e-06 9.284529946119811751e-06
1.400000000000000148e-06 9.515470053680193178e-06
1.400000000000000148e-06 9.284529946119811751e-06
1.400000000000000148e-06 9.515470053680191484e-06
1.400000000000000148e-06 9.284529946119811751e-06
1.400000000000000148e-06 9.515470053680193178e-06
1.400000000000000148e-06 9.284529946119811751e-06
1.400000000000000148e-06 9.515470053680191484e-06
1.400000000000000148e-06 9.284529946119811751e-06
1.400000000000000148e-06 9.515470053680193178e-06
1.400000000000000148e-06 9.284529946119811751e-06
1.400000000000000148e-06 9.515470053680191484e-06
6.084529946119811896e-06 4.600000000000000004e-06
1.400000000000000148e-06 9.515470053680193178e-06
6.315470053680191629e-06 4.600000000000000004e-06
6.315470053680191629e-06 4.600000000000000004e-06
6.400000000000001404e-06 4.600000000000000004e-06
6.400000000000001404e-06 4.600000000000000004e-06
6.400000000000001404e-06 4.600000000000000004e-06
6.400000000000001404e-06 4.600000000000000004e-06
6.400000000000001404e-06 4.600000000000000004e-06
6.400000000000001404e-06 4.600000000000000004e-06
6.400000000000001404e-06 4.600000000000000004e-06
6.400000000000001404e-06 4.600000000000000004e-06
6.400000000000001404e-06 4.600000000000000004e-06
6.400000000000001404e-06 4.600000000000000004e-06
6.400000000000001404e-06 4.600000000000000004e-06
6.400000000000001404e-06 4.600000000000000004e-06
6.400000000000001404e-06 4.600000000000000004e-06
6.400000000000001404e-06 4.600000000000000004e-06
9.200000000000001701e-06 4.600000000000000004e-06
9.200000000000001701e-06 4.600000000000000004e-06
9.200000000000001701e-06 4.600000000000000004e-06
9.200000000000001701e-06 4.600000000000000004e-06
9.200000000000001701e-06 4.600000000000000004e-06
9.200000000000001701e-06 4.600000000000000004e-06
9.200000000000001701e-06 4.600000000000000004e-06
9.200000000000001701e-06 4.600000000000000004e-06
9.200000000000001701e-06 4.600000000000000004e-06
9.200000000000001701e-06 4.600000000000000004e-06
9.200000000000001701e-06 4.600000000000000004e-06
9.200000000000001701e-06 4.600000000000000004e-06
9.200000000000001701e-06 4.600000000000000004e-06
9.200000000000001701e-06 4.600000000000000004e-06
9.284529946119813445e-06 4.600000000000000004e-06
9.284529946119811751e-06 4.600000000000000004e-06
9.515470053680193178e-06 4.600000000000000004e-06
9.515470053680193178e-06 4.600000000000000004e-06
9.684529946119811310e-06 4.600000000000000004e-06
9.684529946119811310e-06 4.600000000000000004e-06
9.915470053680192737e-06 4.600000000000000004e-06
9.915470053680191042e-06 4.600000000000000004e-06
-1.000000000000000082e-05 9.799999999999999345e-06
-1.000000000000000082e-05 9.799999999999999345e-06
-9.942264972980442405e-06 9.742264972980442625e-06
-1.000000000000000082e-05 9.799999999999999345e-06
-9.800000000000001039e-06 9.600000000000001260e-06
-9.857735026878138831e-06 9.657735026878137358e-06
-9.742264972980442625e-06 9.542264972980442846e-06
-9.800000000000001039e-06 9.600000000000001260e-06
-9.899999999929291465e-06 9.699999999929289992e-06
-9.957735026807427564e-06 9.757735026807427784e-06
-9.842264973051151978e-06 9.642264973051152199e-06
-9.899999999929289771e-06 9.699999999929288298e-06
-9.904465819799986609e-06 9.704465819799985136e-06
-9.974401693462309584e-06 9.774401693462308110e-06
-9.858931639706035693e-06 9.658931639706035913e-06
-9.962200846678122707e-06 9.762200846678122928e-06
-9.837799153180460223e-06 9.637799153180458749e-06
-9.941068360152547238e-06 9.741068360152545764e-06
-9.825598306396271652e-06 9.625598306396271873e-06
-9.895534180058596321e-06 9.695534180058594848e-06
-9.699999999929291686e-06 9.499999999929290213e-06
-9.815470053826986198e-06 9.615470053826986419e-06
-9.284529946319809783e-06 9.399999999999999786e-06
-9.284529946319809783e-06 9.399999999999999786e-06
-9.200000000000000007e-06 9.399999999999999786e-06
-9.200000000000000007e-06 9.399999999999999786e-06
-9.184529946031592533e-06 9.384529946031594007e-06
-9.200000000000000007e-06 9.399999999999999786e-06
-9.099999999929288960e-06 9.299999999929290433e-06
-9.200000000000000007e-06 9.399999999999999786e-06
-8.984529946031596142e-06 9.184529946031597616e-06
-9.099999999929287266e-06 9.299999999929288739e-06
-8.899999999929292569e-06 9.099999999929294042e-06
-9.015470053826983693e-06 9.215470053826985166e-06
-8.784529946031591281e-06 8.984529946031591060e-06
-8.899999999929294263e-06 9.099999999929295736e-06
-7.915470053880191282e-06 8.600000000000000670e-06
-8.815470053826990690e-06 9.015470053826992163e-06
-7.684529946319809855e-06 8.600000000000000670e-06
-7.684529946319809855e-06 8.600000000000000670e-06
-7.600000000000000080e-06 8.600000000000000670e-06
-7.600000000000000080e-06 8.600000000000000670e-06
-7.600000000000000080e-06 8.600000000000000670e-06
-7.600000000000000080e-06 8.600000000000000670e-06
-7.600000000000000080e-06 8.600000000000000670e-06
-7.600000000000000080e-06 8.600000000000000670e-06
-7.600000000000000080e-06 8.600000000000000670e-06
-7.600000000000000080e-06 8.600000000000000670e-06
-7.600000000000000080e-06 8.600000000000000670e-06
-7.600000000000000080e-06 8.600000000000000670e-06
-6.800000000000000963e-06 8.200000000000001111e-06
-7.600000000000000080e-06 8.600000000000000670e-06
-6.800000000000000963e-06 8.200000000000001111e-06
-6.800000000000000963e-06 8.200000000000001111e-06
-6.800000000000000963e-06 8.200000000000001111e-06
-6.800000000000000963e-06 8.200000000000001111e-06
-6.800000000000000963e-06 8.200000000000001111e-06
-6.800000000000000963e-06 8.200000000000001111e-06
-6.800000000000000963e-06 8.200000000000001111e-06
-6.800000000000000963e-06 8.200000000000001111e-06
-6.800000000000000963e-06 8.200000000000001111e-06
-6.800000000000000963e-06 8.200000000000001111e-06
-6.784529946031596877e-06 8.184529946031597025e-06
-6.800000000000000963e-06 8.200000000000001111e-06
-6.699999999929294151e-06 8.099999999929293452e-06
-6.800000000000000963e-06 8.200000000000001111e-06
-5.600000000000000594e-06 7.400000000000001994e-06
-6.699999999929294998e-06 8.099999999929295146e-06
-5.600000000000000594e-06 7.400000000000001994e-06
-5.600000000000000594e-06 7.400000000000001994e-06
-5.600000000000000594e-06 7.400000000000001994e-06
-5.600000000000000594e-06 7.400000000000001994e-06
-5.600000000000000594e-06 7.400000000000001994e-06
-5.600000000000000594e-06 7.400000000000001994e-06
-5.600000000000000594e-06 7.400000000000001994e-06
-5.600000000000000594e-06 7.400000000000001994e-06
-5.600000000000000594e-06 7.400000000000001994e-06
-5.600000000000000594e-06 7.400000000000001994e-06
-5.600000000000000594e-06 7.400000000000001994e-06
-5.600000000000000594e-06 7.400000000000001994e-06
-5.600000000000000594e-06 7.400000000000001994e-06
-5.600000000000000594e-06 7.400000000000001994e-06
-4.000000000000000666e-06 6.599999999999999490e-06
-4.000000000000000666e-06 6.599999999999999490e-06
-4.000000000000000666e-06 6.599999999999999490e-06
-4.000000000000000666e-06 6.599999999999999490e-06
-4.000000000000000666e-06 6.599999999999999490e-06
-4.000000000000000666e-06 6.599999999999999490e-06
-4.000000000000000666e-06 6.599999999999999490e-06
-4.000000000000000666e-06 6.599999999999999490e-06
-4.000000000000000666e-06 6.599999999999999490e-06
-4.000000000000000666e-06 6.599999999999999490e-06
-4.000000000000000666e-06 6.599999999999999490e-06
1.400000000000000148e-06 9.915470053680192737e-06
1.400000000000000148e-06 9.684529946119811310e-06
1.400000000000000148e-06 9.915470053680192737e-06
1.400000000000000148e-06 9.684529946119811310e-06
1.400000000000000148e-06 9.915470053680192737e-06
1.400000000000000148e-06 9.684529946119811310e-06
1.400000000000000148e-06 9.915470053680192737e-06
1.400000000000000148e-06 9.684529946119811310e-06
1.400000000000000148e-06 9.915470053680192737e-06
1.400000000000000148e-06 9.684529946119811310e-06
1.400000000000000148e-06 9.915470053680192737e-06
1.400000000000000148e-06 9.684529946119811310e-06
1.400000000000000148e-06 9.915470053680192737e-06
1.400000000000000148e-06 9.684529946119811310e-06
1.400000000000000148e-06 9.915470053680192737e-06
1.400000000000000148e-06 9.684529946119811310e-06
1.400000000000000148e-06 9.915470053680192737e-06
1.400000000000000148e-06 9.684529946119811310e-06
1.400000000000000148e-06 9.915470053680192737e-06
1.400000000000000148e-06 9.684529946119811310e-06
1.400000000000000148e-06 9.915470053680192737e-06
1.400000000000000148e-06 9.684529946119811310e-06
1.400000000000000148e-06 9.915470053680192737e-06
1.400000000000000148e-06 9.684529946119811310e-06
1.400000000000000148e-06 9.915470053680192737e-06
1.400000000000000148e-06 9.684529946119811310e-06
1.400000000000000148e-06 9.915470053680192737e-06
1.400000000000000148e-06 9.684529946119811310e-06
1.400000000000000148e-06 9.915470053680192737e-06
1.400000000000000148e-06 9.684529946119811310e-06
1.400000000000000148e-06 9.915470053680192737e-06
1.400000000000000148e-06 9.684529946119811310e-06
1.400000000000000148e-06 9.915470053680192737e-06
1.400000000000000148e-06 9.684529946119811310e-06
1.400000000000000148e-06 9.915470053680192737e-06
1.400000000000000148e-06 9.642264973059907132e-06
1.400000000000000148e-06 9.757735026840096151e-06
1.400000000000000148e-06 9.642264973059907132e-06
1.400000000000000148e-06 9.757735026840096151e-06
1.400000000000000148e-06 9.642264973059907132e-06
1.400000000000000148e-06 9.757735026840096151e-06
1.400000000000000148e-06 9.642264973059907132e-06
1.400000000000000148e-06 9.757735026840096151e-06
1.400000000000000148e-06 9.842264972959906201e-06
1.400000000000000148e-06 9.957735026740096915e-06
1.400000000000000148e-06 9.842264972959906201e-06
1.400000000000000148e-06 9.957735026740095220e-06
1.400000000000000148e-06 9.842264972959906201e-06
1.400000000000000148e-06 9.957735026740096915e-06
1.400000000000000148e-06 9.842264972959906201e-06
1.400000000000000148e-06 9.957735026740095220e-06
1.400000000000000148e-06 9.684529946119811310e-06
1.400000000000000148e-06 9.915470053680192737e-06
1.400000000000000148e-06 9.684529946119811310e-06
1.400000000000000148e-06 9.915470053680192737e-06
1.400000000000000148e-06 9.684529946119811310e-06
1.400000000000000148e-06 9.915470053680192737e-06
1.400000000000000148e-06 9.684529946119811310e-06
1.400000000000000148e-06 9.915470053680192737e-06
1.400000000000000148e-06 9.684529946119811310e-06
1.400000000000000148e-06 9.915470053680192737e-06
1.400000000000000148e-06 9.684529946119811310e-06
1.400000000000000148e-06 9.915470053680192737e-06
1.400000000000000148e-06 9.684529946119811310e-06
1.400000000000000148e-06 9.915470053680192737e-06
1.400000000000000148e-06 9.684529946119811310e-06
1.400000000000000148e-06 9.915470053680192737e-06
1.400000000000000148e-06 9.684529946119811310e-06
1.400000000000000148e-06 9.915470053680192737e-06
1.400000000000000148e-06 9.684529946119811310e-06
1.400000000000000148e-06 9.915470053680192737e-06
1.400000000000000148e-06 9.684529946119811310e-06
1.400000000000000148e-06 9.915470053680192737e-06
1.400000000000000148e-06 9.684529946119811310e-06
1.400000000000000148e-06 9.915470053680192737e-06
1.400000000000000148e-06 9.684529946119811310e-06
1.400000000000000148e-06 9.915470053680192737e-06
1.400000000000000148e-06 9.684529946119811310e-06
1.400000000000000148e-06 9.915470053680192737e-06
1.400000000000000148e-06 9.684529946119811310e-06
1.400000000000000148e-06 9.915470053680192737e-06
1.400000000000000148e-06 9.684529946119811310e-06
1.400000000000000148e-06 9.915470053680192737e-06
1.400000000000000148e-06 9.684529946119811310e-06
1.400000000000000148e-06 9.915470053680192737e-06
1.400000000000000148e-06 9.684529946119811310e-06
1.400000000000000148e-06 9.915470053680192737e-06
1.400000000000000148e-06 9.684529946119811310e-06
1.400000000000000148e-06 9.915470053680192737e-06
1.400000000000000148e-06 9.684529946119811310e-06
1.400000000000000148e-06 9.915470053680192737e-06
1.400000000000000148e-06 9.684529946119811310e-06
1.400000000000000148e-06 9.915470053680192737e-06
1.400000000000000148e-06 9.684529946119811310e-06
1.400000000000000148e-06 9.915470053680192737e-06
1.400000000000000148e-06 9.684529946119811310e-06
1.400000000000000148e-06 9.915470053680192737e-06
1.400000000000000148e-06 9.684529946119811310e-06
1.400000000000000148e-06 9.915470053680192737e-06
1.400000000000000148e-06 9.684529946119811310e-06
1.400000000000000148e-06 9.915470053680192737e-06
6.400000000000001404e-06 4.600000000000000004e-06
1.400000000000000148e-06 9.915470053680192737e-06
6.400000000000001404e-06 4.600000000000000004e-06
6.400000000000001404e-06 4.600000000000000004e-06
6.400000000000001404e-06 4.600000000000000004e-06
6.400000000000001404e-06 4.600000000000000004e-06
6.400000000000001404e-06 4.600000000000000004e-06
6.400000000000001404e-06 4.600000000000000004e-06
6.400000000000001404e-06 4.600000000000000004e-06
6.400000000000001404e-06 4.600000000000000004e-06
6.400000000000001404e-06 4.600000000000000004e-06
6.400000000000001404e-06 4.600000000000000004e-06
9.200000000000001701e-06 4.600000000000000004e-06
9.200000000000001701e-06 4.600000000000000004e-06
9.200000000000001701e-06 4.600000000000000004e-06
9.200000000000001701e-06 4.600000000000000004e-06
9.200000000000001701e-06 4.600000000000000004e-06
9.200000000000001701e-06 4.600000000000000004e-06
9.200000000000001701e-06 4.600000000000000004e-06
9.200000000000001701e-06 4.600000000000000004e-06
9.200000000000001701e-06 4.600000000000000004e-06
9.200000000000001701e-06 4.600000000000000004e-06
9.200000000000001701e-06 4.600000000000000004e-06
9.200000000000001701e-06 4.600000000000000004e-06
9.200000000000001701e-06 4.600000000000000004e-06
9.200000000000001701e-06 4.600000000000000004e-06
9.284529946119813445e-06 4.600000000000000004e-06
9.284529946119811751e-06 4.600000000000000004e-06
9.515470053680193178e-06 4.600000000000000004e-06
9.515470053680193178e-06 4.600000000000000004e-06
9.684529946119811310e-06 4.600000000000000004e-06
9.684529946119811310e-06 4.600000000000000004e-06
9.915470053680192737e-06 4.600000000000000004e-06
9.915470053680191042e-06 4.600000000000000004e-06
